--------- beginning of main
09-19 15:23:50.515  1012  1248 D ImsResolver: maybeAddedImsService, packageName: com.example.rune_nexus.godotpreview
09-19 15:23:50.515  1012  1248 V ImsResolver: searchForImsServices: package=com.example.rune_nexus.godotpreview, users=[UserHandle{0}]
09-19 15:23:50.516  1012  1248 V ImsResolver: searchForImsServices: package=com.example.rune_nexus.godotpreview, users=[UserHandle{0}]
09-19 15:23:50.526  1012  1012 W VvmPkgInstalledRcvr: carrierVvmPkgAdded: carrier vvm packages doesn't contain com.example.rune_nexus.godotpreview
09-19 15:23:50.529   645   645 W libbinder.IPCThreadState: Sending oneway calls to frozen process.
09-19 15:23:50.530   645   645 W libbinder.IPCThreadState: Sending oneway calls to frozen process.
09-19 15:23:50.530   645   645 W libbinder.IPCThreadState: Sending oneway calls to frozen process.
09-19 15:23:50.530   645   645 W libbinder.IPCThreadState: Sending oneway calls to frozen process.
09-19 15:23:50.531   645   645 W libbinder.IPCThreadState: Sending oneway calls to frozen process.
09-19 15:23:50.533   645  2248 W SignedPackage: Package doesn't have required signing certificate: com.google.android.apps.work.clouddpc
09-19 15:23:50.541   645   645 W libbinder.IPCThreadState: Sending oneway calls to frozen process.
09-19 15:23:50.542   645   645 W libbinder.IPCThreadState: Sending oneway calls to frozen process.
09-19 15:23:50.542   645   645 W libbinder.IPCThreadState: Sending oneway calls to frozen process.
09-19 15:23:50.542   645   645 W libbinder.IPCThreadState: Sending oneway calls to frozen process.
09-19 15:23:50.543   645   645 W libbinder.IPCThreadState: Sending oneway calls to frozen process.
--------- beginning of system
09-19 15:23:50.544   645   645 W AlarmManager: Package com.example.rune_nexus.godotpreview, uid 10231 lost permission to set exact alarms!
09-19 15:23:50.547  1012  1012 D SatelliteController: packageStateChanged: package:com.example.rune_nexus.godotpreview defaultSmsPackageName: com.google.android.apps.messaging satelliteGatewayServicePackageName: 
09-19 15:23:50.551   645   645 W libbinder.IPCThreadState: Sending oneway calls to frozen process.
09-19 15:23:50.552   645   645 W libbinder.IPCThreadState: Sending oneway calls to frozen process.
09-19 15:23:50.552   645   645 W libbinder.IPCThreadState: Sending oneway calls to frozen process.
09-19 15:23:50.552   645   645 W libbinder.IPCThreadState: Sending oneway calls to frozen process.
09-19 15:23:50.554   645   645 W libbinder.IPCThreadState: Sending oneway calls to frozen process.
09-19 15:23:50.554   645   645 W libbinder.IPCThreadState: Sending oneway calls to frozen process.
09-19 15:23:50.554   645   645 W libbinder.IPCThreadState: Sending oneway calls to frozen process.
09-19 15:23:50.554   645   645 W libbinder.IPCThreadState: Sending oneway calls to frozen process.
09-19 15:23:50.554   645   645 W libbinder.IPCThreadState: Sending oneway calls to frozen process.
09-19 15:23:50.554   645   645 W libbinder.IPCThreadState: Sending oneway calls to frozen process.
09-19 15:23:50.554   645   645 W Looper  : Drained
09-19 15:23:50.561   645   674 I AppBindingService: [Supervision app] feature disabled
09-19 15:23:50.564  1489 21434 I AiAiEcho: AppIndexer Package:[com.example.rune_nexus.godotpreview] UserProfile:[0] Enabled:[true].
09-19 15:23:50.564  1012  1012 D CarrierSvcBindHelper: onHandleForceStop: [com.example.rune_nexus.godotpreview]
09-19 15:23:50.564  1489 21434 I AiAiEcho: AppFetcherImplV2 updateApps package:[com.example.rune_nexus.godotpreview], userId:[0], reason:[package is updated.].
09-19 15:23:50.565  1012  1012 D CarrierSvcBindHelper: No carrier app for: 0
09-19 15:23:50.593 20885 20891 I mple.rune_nexus: NativeAlloc concurrent mark compact GC freed 122KB AllocSpace bytes, 0(0B) LOS objects, 49% free, 2280KB/4561KB, paused 450us,953us total 104.360ms
09-19 15:23:50.595   491   588 W skia    : AGTM parsing failed flags.readFromStream(s) at 159
09-19 15:23:50.595   491   588 W skia    : AGTM parsing failed flags.readFromStream(s) at 159
09-19 15:23:50.598  1306  3401 I PermissionControllerServiceImpl: Updating user sensitive for uid 10231
09-19 15:23:50.626   645  2248 I Role    : com.google.android.gms not qualified for android.app.role.SYSTEM_DEPENDENCY_INSTALLER due to missing RequiredComponent{mFlags='0', mIntentFilterData=IntentFilterData{mAction='android.content.pm.action.INSTALL_DEPENDENCY', mCategories='[]', mDataScheme='null', mDataType='null'}, mMetaData=[], mPermission='android.permission.BIND_DEPENDENCY_INSTALLER', mQueryFlags=0} Requirement{mFeatureFlag=null, mMinTargetSdkVersion=1}
09-19 15:23:50.626   645  2248 E RoleControllerServiceImpl: Default/fallback role holder package doesn't qualify for the role, package: com.google.android.gms, role: android.app.role.SYSTEM_DEPENDENCY_INSTALLER, user: 0
09-19 15:23:50.634 16828 16828 I adbd    : adbd service requested 'shell,v2,TERM=dumb:export ANDROID_LOG_TAGS=''; exec logcat '-v' 'threadtime''
09-19 15:23:50.635  1455  1455 W MediaProvider: WorkProfileOwnerApps cache is empty
09-19 15:23:50.648  1455  1455 D PickerSyncLockManager: Trying to acquire lock com.android.providers.media.photopicker.sync.CloseableReentrantLock@785d728[Unlocked]. Lock Name = CLOUD_PROVIDER_LOCK. Threads that may be waiting to acquire this lock = []
09-19 15:23:50.648  1455  1455 D CloseableReentrantLock: Successfully acquired lock com.android.providers.media.photopicker.sync.CloseableReentrantLock@785d728[Locked by thread main]. Lock Name = CLOUD_PROVIDER_LOCK. Threads that may be waiting to acquire this lock = []
09-19 15:23:50.648  1455  1455 D CloseableReentrantLock: Successfully released lock com.android.providers.media.photopicker.sync.CloseableReentrantLock@785d728[Unlocked]. Lock Name = CLOUD_PROVIDER_LOCK. Threads that may be waiting to acquire this lock = []
09-19 15:23:50.649 16828 16828 I adbd    : adbd service requested 'shell,v2,TERM=dumb,raw:am start -n com.example.rune_nexus.godotpreview/com.example.rune_nexus.GodotPreviewActivity'
--------- beginning of kernel
09-19 15:23:50.675   301   301 I logd    : logdr: UID=0 GID=0 PID=21436 b tail=0 logMask=99 pid=0 start=0ns deadline=0ns
09-19 15:23:50.686   645  2248 E RoleControllerServiceImpl: Default/fallback role holder package doesn't qualify for the role, package: com.google.android.gms, role: android.app.role.WALLET, user: 0
09-19 15:23:50.695   645  2005 D ActivityManager: sync unfroze 1428 com.google.android.apps.wellbeing for 7
09-19 15:23:50.695   491   588 W skia    : AGTM parsing failed flags.readFromStream(s) at 159
09-19 15:23:50.695   491   588 W skia    : AGTM parsing failed flags.readFromStream(s) at 159
09-19 15:23:50.700   645  2248 W SignedPackage: Cannot get ApplicationInfo for package: com.google.android.devicelockcontroller
09-19 15:23:50.712   645  2005 W ContentProviderHelper: Slow operation: 68ms so far, now at getContentProviderImpl: after updateOomAdj
09-19 15:23:50.713   645  2005 W ContentProviderHelper: Slow operation: 69ms so far, now at getContentProviderImpl: done!
09-19 15:23:50.720   645  2005 W ActivityTaskManager: callingPackage for (uid=0, pid=21441) has no WPC
09-19 15:23:50.728   645  2005 V GrammaticalInflectionUtils: AttributionSource: AttributionSource { uid = 10231, packageName = null, attributionTag = null, token = android.os.Binder@5e8b328, deviceId = 0, next = null } does not have READ_SYSTEM_GRAMMATICAL_GENDER permission.
09-19 15:23:50.747  1031  1031 D RecentsView: onTaskDisplayChanged: 145, new displayId = 0
09-19 15:23:50.770   491   555 I libbinder.BpBinder: onLastStrongRef automatically unlinking death recipients for binder (0xb400007a0cc82890) with descriptor: '(not cached)'
09-19 15:23:50.772   645  2005 D CorePackageUpdate: onRecentTaskRemoved Removing task: 143
09-19 15:23:50.776   645  2005 D CorePackageUpdate: Couldn't find a persistent state for task= 143
09-19 15:23:50.783   906   973 V WindowManagerShell: Transition requested (#517): android.os.BinderProxy@4bf1102 TransitionRequestInfo { type = OPEN, triggerTask = TaskInfo{userId=0 taskId=145 effectiveUid=10231 displayId=0 isRunning=true baseIntent=Intent { flg=0x10000000 cmp=com.example.rune_nexus.godotpreview/com.example.rune_nexus.GodotPreviewActivity } baseActivity=ComponentInfo{com.example.rune_nexus.godotpreview/com.example.rune_nexus.GodotPreviewActivity} topActivity=ComponentInfo{com.example.rune_nexus.godotpreview/com.example.rune_nexus.GodotPreviewActivity} origActivity=null realActivity=ComponentInfo{com.example.rune_nexus.godotpreview/com.example.rune_nexus.GodotPreviewActivity} realActivityIsAppLockEnabled=false numActivities=1 lastActiveTime=666614283 supportsMultiWindow=true supportsMultiWindowWithoutConstraints=true resizeMode=1 isResizeable=true minWidth=-1 minHeight=-1 defaultMinSize=220 token=WCT{android.os.BinderProxy@6150a13} topActivityType=1 pictureInPictureParams=null shouldDockBigOverlays=false launchIntoPipHostTaskId=-1 lastParentTaskIdBeforePip=-1 displayCutoutSafeInsets=Rect(0, 142 - 0, 0) topActivityInfo=ActivityInfo{db94450 com.example.rune_nexus.GodotPreviewActivity} launchCookies=[] positionInParent=Point(0, 0) parentTaskId=-1 isFocused=false isInteractive=false isVisible=false isVisibleRequested=false isTopActivityNoDisplay=false isSleeping=false locusId=null displayAreaFeatureId=1 isTopActivityTransparent=false isActivityStackTransparent=false lastNonFullscreenBounds=null leafTaskBoundsFromOptions= false capturedLink=null capturedLinkTimestamp=0 requestedVisibleTypes=503 topActivityRequestOpenInBrowserEducationTimestamp=0 appCompatTaskInfo=AppCompatTaskInfo { topActivityInSizeCompat=false isLeafTask= true eligibleForLetterboxEducation= false isLetterboxEducationEnabled= true isLetterboxDoubleTapEnabled= false eligibleForUserAspectRatioButton= false topActivityBoundsLetterboxed= false isFromLetterboxDoubleTap= false topActivityLetterboxVerticalPosition= -1 topActivityLetterboxHorizontalPosition= -1 topActivityLetterboxWidth=-1 topActivityLetterboxHeight=-1 topActivityAppBounds=Rect(0, 0 - 1080, 2424) isUserFullscreenOverrideEnabled=false isSystemFullscreenOverrideEnabled=false hasMinAspectRatioOverride=false topActivityLetterboxBounds=null topNonResizableActivityAspectRatio=-1.0} topActivityMainWindowFrame=null isAppBubble=false}, pipChange = null, remoteTransitionInfo = null, displayChanges = null, requestedLocation = null, userChange = null, windowingLayerChange = null, fullscreenRequestChange = null, flags = 0, debugId = 517 }
09-19 15:23:50.785   906   973 W DisconnectHandler: No disconnect change found in the transition, not handling request.
09-19 15:23:50.791   645  2009 D CompatChangeReporter: Compat change id reported: 377864165; UID 10231; state: ENABLED
09-19 15:23:50.796   645  2005 V ActivityTaskManager: TaskLaunchParamsModifier: phase=3 task=Task{9c53af3 #145 type=standard I=com.example.rune_nexus.godotpreview/com.example.rune_nexus.GodotPreviewActivity} activity=ActivityRecord{36962349 u0 com.example.rune_nexus.godotpreview/com.example.rune_nexus.GodotPreviewActivity t-1} display-from-task=0 display-id=0 task-display-area-windowing-mode=1 suggested-display-area=DefaultTaskDisplayArea@217058776 inherit-from-task=fullscreen non-freeform-task-display-area display-area=DefaultTaskDisplayArea@217058776 skip-bounds-fullscreen
09-19 15:23:50.801   645  2005 I ActivityTaskManager: START u0 {flg=0x10000000 xflg=0x4 cmp=com.example.rune_nexus.godotpreview/com.example.rune_nexus.GodotPreviewActivity} with LAUNCH_SINGLE_TOP from uid 0 (com.android.shell) (BAL_ALLOW_ALLOWLISTED_UID) result code=0
09-19 15:23:50.813   645   669 V GrammaticalInflectionUtils: AttributionSource: AttributionSource { uid = 10231, packageName = null, attributionTag = null, token = android.os.Binder@5e8b328, deviceId = 0, next = null } does not have READ_SYSTEM_GRAMMATICAL_GENDER permission.
09-19 15:23:50.817   906   973 V ShellDesktopMode: DesktopTasksController: skipping handleRequest reason=triggerTask's display doesn't support desktop mode
09-19 15:23:50.817   906   973 D ShellSplitScreen: logExit: no-op, mLoggerSessionId is null
09-19 15:23:50.826   645  2009 D CompatChangeReporter: Compat change id reported: 463899193; UID 10231; state: ENABLED
09-19 15:23:50.827   645  1514 I PackageManager: getInstalledPackages: callingUid=1000 flags=134217856 updatedFlags=135004288 userId=0
09-19 15:23:50.835   645   669 W ActivityManager: Slow operation: 62ms so far, now at startProcess: done starting proc!
09-19 15:23:50.838   645  2009 W InputChannel-JNI: Channel already disposed.
09-19 15:23:50.843  1031  1820 W libc    : Access denied finding property "vendor.mesa.virtgpu.kumquat"
09-19 15:23:50.847 20885 20885 V Godot   : OnPause: p0.e@87d7a53
09-19 15:23:50.854   645  2012 D ActivityManager: sync unfroze 1651 com.google.android.gms for 6
09-19 15:23:50.867   645  1685 W ProcessStats: Tracking association SourceState{87dfe0a com.google.android.apps.nexuslauncher/10190 BFgs #79620} whose proc state 4 is better than process ProcessState{28b6e6a com.google.android.apps.wellbeing/10149 pkg=com.google.android.apps.wellbeing} proc state 14 (2 skipped)
09-19 15:23:50.873   550   550 W libbinder.IPCThreadState: Sending oneway calls to frozen process.
09-19 15:23:50.873   550   550 W libbinder.IPCThreadState: Sending oneway calls to frozen process.
09-19 15:23:50.873   550   550 W libbinder.IPCThreadState: Sending oneway calls to frozen process.
09-19 15:23:50.875   906  1093 D SplashScreenView: Build android.window.SplashScreenView{a0e6180 V.E...... ......ID 0,0-0,0}
09-19 15:23:50.875   906  1093 D SplashScreenView: Icon: view: android.widget.ImageView{2d4b3b9 V.ED..... ......I. 0,0-0,0 #1020575 android:id/splashscreen_icon_view} drawable: com.android.wm.shell.startingsurface.SplashscreenIconDrawableFactory$ImmobileIconDrawable@d6913fe size: 420
09-19 15:23:50.875   906  1093 D SplashScreenView: Branding: view: android.view.View{e49175f G.ED..... ......I. 0,0-0,0 #1020574 android:id/splashscreen_branding_view} drawable: null size w: 0 h: 0
09-19 15:23:50.877  1031  1820 W HWUI    : Failed to choose config with EGL_SWAP_BEHAVIOR_PRESERVED, retrying without...
09-19 15:23:50.877  1031  1820 W HWUI    : Failed to initialize 101010-2 format, error = EGL_SUCCESS
09-19 15:23:50.881   645   659 D WindowManager: setClientSurface Surface(name=VRI-Splash Screen com.example.rune_nexus.godotpreview#6922)/@0x9a277a4 for b20e8c8 Splash Screen com.example.rune_nexus.godotpreview
09-19 15:23:50.885   645   835 I AppWidgetServiceImpl: Received broadcast: android.intent.action.PACKAGE_UNSTOPPED on user 0
09-19 15:23:50.885   645   835 I AppWidgetServiceImpl: Updating package stopped masked state for uid 10231 package com.example.rune_nexus.godotpreview isStopped false
09-19 15:23:50.911   487   531 D AudioFlinger: mixer(0xb400006ff95ca790) throttle end: throttle time(4)
09-19 15:23:50.913  1428  1428 W TimedProcessReaper: Current importance is: 125
09-19 15:23:50.914   906   973 W Looper  : Slow dispatch took 131ms wmshell.main app=com.android.systemui main=false group=TOP_APP h=android.os.Handler c=com.android.wm.shell.transition.Transitions$ShellTransitionImpl$$ExternalSyntheticLambda1@459a4d6 m=0
09-19 15:23:50.915   906   973 V RecentTasksController: Notify recent tasks changed
09-19 15:23:50.915   906   973 W Looper  : Slow delivery took 69ms wmshell.main app=com.android.systemui main=false group=TOP_APP h=android.os.Handler c=null m=17
09-19 15:23:50.915   906   973 D ShellDesktopMode: DesktopRepository(0): Removes freeform task: taskId=143
09-19 15:23:50.916   906   973 W ShellDesktopMode: DesktopRepository(0): No display id found for task: taskId=143
09-19 15:23:50.916  1031  1031 D RecentTasksList: invalidateLoadedTasks - previous requestLoadId: -1
09-19 15:23:50.916   906   973 V RecentTasksController: Notify recent tasks changed
09-19 15:23:50.916  1031  1031 D RecentTasksList: invalidateLoadedTasks - previous requestLoadId: -1
09-19 15:23:50.926  1043  1050 W id.ext.services: Reducing the number of considered missed Gc histogram windows from 364 to 100
09-19 15:23:50.928   906  1092 I Surface : Creating surface for consumer unnamed-906-241 with slotExpansion=1 for 64 slots
09-19 15:23:50.929   906  1092 I Surface : Creating surface for consumer VRI[godotpreview]#241(BLAST Consumer)241 with slotExpansion=1 for 64 slots
09-19 15:23:50.951   433   433 D Zygote  : Forked child process 21446
09-19 15:23:50.955   645   676 W ActivityManager: Slow operation: 142ms so far, now at startProcess: returned from zygote!
09-19 15:23:50.955   645   676 W ActivityManager: Slow operation: 142ms so far, now at startProcess: done updating battery stats
09-19 15:23:50.955   645   676 W ActivityManager: Slow operation: 142ms so far, now at startProcess: building log message
09-19 15:23:50.955   645   676 I ActivityManager: Start proc 21446:com.example.rune_nexus.godotpreview/u0a231 for next-top-activity {com.example.rune_nexus.godotpreview/com.example.rune_nexus.GodotPreviewActivity}
09-19 15:23:50.955   645   676 W ActivityManager: Slow operation: 142ms so far, now at startProcess: starting to update pids map
09-19 15:23:50.975   906   973 V RecentTasksController: generateList(getRecentTasks)
09-19 15:23:50.982   906   973 V RecentTasksController: initializeDesksMap - allDeskIds: []
09-19 15:23:50.983   906   973 V RecentTasksController: Task 145 is not an active desktop task
09-19 15:23:50.983   906   973 V RecentTasksController: Added fullscreen task: 145
09-19 15:23:50.983   906   973 V RecentTasksController: Task 144 is not an active desktop task
09-19 15:23:50.983   906   973 V RecentTasksController: Added fullscreen task: 144
09-19 15:23:50.983   906   973 V RecentTasksController: Task 120 is not an active desktop task
09-19 15:23:50.986   906   973 V RecentTasksController: Added fullscreen task: 120
09-19 15:23:50.986   906   973 V RecentTasksController: generateList - complete
09-19 15:23:50.986   906   973 W Looper  : Drained
09-19 15:23:50.987  1031  1121 D PreloadThumbnailUseCase: Preloading thumbnails for task ids: [[id=120 windowingMode=1 user=0 lastActiveTime=528830531] null, [id=144 windowingMode=1 user=0 lastActiveTime=666614273] null, [id=145 windowingMode=1 user=0 lastActiveTime=666614283] null]
09-19 15:23:50.988   906   973 V RecentTasksController: Notify recent tasks changed
09-19 15:23:50.990  1031  1031 D RecentTasksList: invalidateLoadedTasks - previous requestLoadId: -1
09-19 15:23:50.996 21446 21446 I libprocessgroup: Created cgroup /sys/fs/cgroup/apps/uid_10231/pid_21446
09-19 15:23:51.004   645   655 W system_server: Suspending all threads took: 68.770ms
09-19 15:23:51.025 21446 21446 I Zygote  : Process 21446 created for com.example.rune_nexus.godotpreview
09-19 15:23:51.025 21446 21446 I us.godotpreview: Using generational CollectorTypeCMC GC.
09-19 15:23:51.031 20885 20941 D mple.rune_nexus: PlayerBase::pause() from IPlayer
09-19 15:23:51.035 21446 21446 D nativeloader: Load libframework-connectivity-tiramisu-jni.so using APEX ns com_android_tethering for caller /apex/com.android.tethering/javalib/framework-connectivity-t.jar: ok
09-19 15:23:51.038  1031  1124 D AlphabeticIndexCompat: computeSectionName: cs: Rune Nexus Godot 테스트 sectionName: R
09-19 15:23:51.039  1031  1031 D AllAppsStore: setApps: apps.length=22
09-19 15:23:51.039  1031  1031 D AllAppsStore: notifyUpdate: notifying listeners
09-19 15:23:51.039  1031  1031 D AllAppsStore: setApps: apps.length=22
09-19 15:23:51.039  1031  1031 D AllAppsStore: notifyUpdate: notifying listeners
09-19 15:23:51.039  1031  1031 D ActivityAllAppsContainerView: onAppsUpdated; number of apps: 22
09-19 15:23:51.039  1031  1031 D ActivityAllAppsContainerView: rebindAdapters: force: false
09-19 15:23:51.041  1031  1031 D ActivityAllAppsContainerView: rebindAdapters: Not needed.
09-19 15:23:51.043  1031  1031 D StatsLog: LAUNCHER_ALLAPPS_COUNT
09-19 15:23:51.048  1031  1031 D AlphabeticalAppsList: Clearing FastScrollerSections.
09-19 15:23:51.048  1031  1031 D AlphabeticalAppsList: Adding apps with sections. HasPrivateApps: false
09-19 15:23:51.048  1031  1031 D AlphabeticalAppsList: addAppsWithSections: adding sectionName: C with appInfoTitle: Calendar
09-19 15:23:51.048  1031  1031 D AlphabeticalAppsList: addAppsWithSections: adding sectionName: D with appInfoTitle: Drive
09-19 15:23:51.048  1031  1031 D AlphabeticalAppsList: addAppsWithSections: adding sectionName: F with appInfoTitle: Files
09-19 15:23:51.048  1031  1031 D AlphabeticalAppsList: addAppsWithSections: adding sectionName: G with appInfoTitle: Gemini
09-19 15:23:51.048  1031  1031 D AlphabeticalAppsList: addAppsWithSections: adding sectionName: M with appInfoTitle: Maps
09-19 15:23:51.048  1031  1031 D AlphabeticalAppsList: addAppsWithSections: adding sectionName: P with appInfoTitle: Phone
09-19 15:23:51.048  1031  1031 D AlphabeticalAppsList: addAppsWithSections: adding sectionName: R with appInfoTitle: Rune Nexus Godot 테스트
09-19 15:23:51.048  1031  1031 D AlphabeticalAppsList: addAppsWithSections: adding sectionName: S with appInfoTitle: Safety
09-19 15:23:51.048  1031  1031 D AlphabeticalAppsList: addAppsWithSections: adding sectionName: T with appInfoTitle: TMoble
09-19 15:23:51.048  1031  1031 D AlphabeticalAppsList: addAppsWithSections: adding sectionName: Y with appInfoTitle: YouTube
09-19 15:23:51.048  1031  1031 D AlphabeticalAppsList: Adding FastScrollSection duplicate to scroll to the bottom.
09-19 15:23:51.048  1031  1031 D AlphabeticalAppsList: Clearing FastScrollerSections.
09-19 15:23:51.048  1031  1031 D AlphabeticalAppsList: Adding apps with sections. HasPrivateApps: false
09-19 15:23:51.048  1031  1031 D AlphabeticalAppsList: addAppsWithSections: adding sectionName: C with appInfoTitle: Calendar
09-19 15:23:51.048  1031  1031 D AlphabeticalAppsList: addAppsWithSections: adding sectionName: D with appInfoTitle: Drive
09-19 15:23:51.048  1031  1031 D AlphabeticalAppsList: addAppsWithSections: adding sectionName: F with appInfoTitle: Files
09-19 15:23:51.048  1031  1031 D AlphabeticalAppsList: addAppsWithSections: adding sectionName: G with appInfoTitle: Gemini
09-19 15:23:51.048  1031  1031 D AlphabeticalAppsList: addAppsWithSections: adding sectionName: M with appInfoTitle: Maps
09-19 15:23:51.048  1031  1031 D AlphabeticalAppsList: addAppsWithSections: adding sectionName: P with appInfoTitle: Phone
09-19 15:23:51.048  1031  1031 D AlphabeticalAppsList: addAppsWithSections: adding sectionName: R with appInfoTitle: Rune Nexus Godot 테스트
09-19 15:23:51.048  1031  1031 D AlphabeticalAppsList: addAppsWithSections: adding sectionName: S with appInfoTitle: Safety
09-19 15:23:51.048  1031  1031 D AlphabeticalAppsList: addAppsWithSections: adding sectionName: T with appInfoTitle: TMoble
09-19 15:23:51.048  1031  1031 D AlphabeticalAppsList: addAppsWithSections: adding sectionName: Y with appInfoTitle: YouTube
09-19 15:23:51.048  1031  1031 D AlphabeticalAppsList: Adding FastScrollSection duplicate to scroll to the bottom.
09-19 15:23:51.061 20885 20891 I mple.rune_nexus: NativeAlloc concurrent mark compact GC freed 161KB AllocSpace bytes, 0(0B) LOS objects, 49% free, 2171KB/4342KB, paused 182us,768us total 138.714ms
09-19 15:23:51.097   645  1153 E AppOps  : attributionTag  not declared in manifest of com.example.rune_nexus
09-19 15:23:51.098   645   988 E AppOps  : attributionTag  not declared in manifest of com.example.rune_nexus
09-19 15:23:51.100 20885 20941 V VkRenderer: Renderer paused
09-19 15:23:51.106  1009  1009 I bluetooth: system/btif/avrcp/avrcp_service.cc:533 SendMediaUpdate: track_changed=false :  play_state=true :  queue=false
09-19 15:23:51.107  1009  1009 E MediaControlProfile: onCurrentPlayerStateUpdated: base actions not supported, player actions= 0, expected at least= 7f
09-19 15:23:51.107  1009  1009 W MediaControlGattService: Feature PLAYBACK_SPEED support: true
09-19 15:23:51.107  1009  1009 W MediaControlGattService: Feature PLAYBACK_SPEED support: true
09-19 15:23:51.107  1009  1009 W MediaControlGattService: Feature PLAYBACK_SPEED support: true
09-19 15:23:51.107  1009  1009 W MediaControlGattService: Feature PLAYBACK_SPEED_NOTIFY support: true
09-19 15:23:51.120  1009  1009 W MediaControlGattService: Feature TRACK_POSITION support: true
09-19 15:23:51.120  1009  1009 W MediaControlGattService: Feature TRACK_POSITION_NOTIFY support: true
09-19 15:23:51.120  1009  1009 W MediaControlGattService: Feature MEDIA_STATE support: true
09-19 15:23:51.120  1009  1009 W MediaControlGattService: Feature MEDIA_STATE support: true
09-19 15:23:51.122  1009  1009 W MediaControlGattService: Feature MEDIA_CONTROL_POINT_OPCODES_SUPPORTED support: true
09-19 15:23:51.122  1009  1009 W MediaControlGattService: Feature MEDIA_STATE support: true
09-19 15:23:51.122  1009  1009 W MediaControlGattService: Feature MEDIA_STATE support: true
09-19 15:23:51.123  1009  1009 W MediaControlGattService: Feature MEDIA_STATE support: true
09-19 15:23:51.123  1009  1009 W MediaControlGattService: Feature SEEKING_SPEED support: true
09-19 15:23:51.124  1009  1009 W MediaControlGattService: Feature SEEKING_SPEED support: true
09-19 15:23:51.124  1009  1009 W MediaControlGattService: Feature SEEKING_SPEED support: true
09-19 15:23:51.124  1009  1009 W MediaControlProfile: MCS service state fields left unhandled: 
09-19 15:23:51.124  1009  1009 W MediaControlProfile:    > PLAYER_NAME
09-19 15:23:51.124  1009  1009 W MediaControlProfile:    > PLAYING_ORDER_SUPPORTED
09-19 15:23:51.146   645  1153 E AppOps  : attributionTag VCN not declared in manifest of android
09-19 15:23:51.155   906  1726 V WindowManagerShell: onTransitionReady(transaction=2770253952533)
09-19 15:23:51.156   906   973 V WindowManagerShell: onTransitionReady (#517) android.os.BinderProxy@4bf1102: {id=517 t=OPEN f=0x0 trk=0 r=[0@Point(0, 0)] c=[
09-19 15:23:51.156   906   973 V WindowManagerShell:         {m=OPEN f=MOVE_TO_TOP|FLAG_CHANGED_INTERACTIVE leash=Surface(name=Task=145#6919)/@0x72cfd29 sb=Rect(0, 0 - 1080, 2424) eb=Rect(0, 0 - 1080, 2424) epz=Point(1080, 2424) d=0 taskParent=-1 winMode=1 userId=0},
09-19 15:23:51.156   906   973 V WindowManagerShell:         {m=TO_BACK f=FLAG_CHANGED_INTERACTIVE leash=Surface(name=Task=144#6880)/@0xa0078ae sb=Rect(0, 0 - 1080, 2424) eb=Rect(0, 0 - 1080, 2424) epz=Point(1080, 2424) d=0 taskParent=-1 winMode=1 userId=0}
09-19 15:23:51.156   906   973 V WindowManagerShell:     ]}
09-19 15:23:51.163   906   973 V WindowManagerShell: Playing animation for (#517) android.os.BinderProxy@4bf1102@0
09-19 15:23:51.164   906   973 D ShellSplitScreen: startAnimation: transition=517 isSplitActive=false
09-19 15:23:51.164   906   973 V ShellRecents: RecentsTransitionHandler.startAnimation: no controller found
09-19 15:23:51.164   906   973 V ShellDesktopMode: DesktopMixedTransitionHandler: No pending desktop transition
09-19 15:23:51.165   906   973 V WindowManagerShell: Transition doesn't have explicit remote, search filters for match for {id=517 t=OPEN f=0x0 trk=0 r=[0@Point(0, 0)] c=[{m=OPEN f=MOVE_TO_TOP|FLAG_CHANGED_INTERACTIVE leash=Surface(name=Task=145#6919)/@0x72cfd29 sb=Rect(0, 0 - 1080, 2424) eb=Rect(0, 0 - 1080, 2424) epz=Point(1080, 2424) d=0 taskParent=-1 winMode=1 userId=0},{m=TO_BACK f=FLAG_CHANGED_INTERACTIVE leash=Surface(name=Task=144#6880)/@0xa0078ae sb=Rect(0, 0 - 1080, 2424) eb=Rect(0, 0 - 1080, 2424) epz=Point(1080, 2424) d=0 taskParent=-1 winMode=1 userId=0}]}
09-19 15:23:51.166   906   973 V WindowManagerShell:  Checking filter Pair{{types=[] flags=0x0 notFlags=0x0 checks=[{atype=undefined independent=true modes=[CLOSE,TO_BACK] flags=IN_TASK_WITH_EMBEDDED_ACTIVITY mustBeTask=false order=ANY topActivity=null launchCookie=null taskFragmentToken=android.os.BinderProxy@b58a295 windowingMode=undefined isCrossDisplayMove=false}]} RemoteTransition { remoteTransition = android.window.IRemoteTransition$Stub$Proxy@a84cfaa, appThread = android.app.IApplicationThread$Stub$Proxy@94e679b, debugName = overlayBackTransition, filter = {types=[] flags=0x0 notFlags=0x0 checks=[{atype=undefined independent=true modes=[CLOSE,TO_BACK] flags=IN_TASK_WITH_EMBEDDED_ACTIVITY mustBeTask=false order=ANY topActivity=null launchCookie=null taskFragmentToken=android.os.BinderProxy@b58a295 windowingMode=undefined isCrossDisplayMove=false}]} }}
09-19 15:23:51.166   906   973 V WindowManagerShell:  Checking filter Pair{{types=[] flags=0x0 notFlags=0x0 checks=[{atype=dream independent=true modes=[OPEN,TO_FRONT] flags=NONE mustBeTask=false order=ANY topActivity=null launchCookie=null windowingMode=undefined isCrossDisplayMove=false},{atype=home independent=true modes=[CLOSE,TO_BACK] flags=NONE mustBeTask=false order=ANY topActivity=null launchCookie=null windowingMode=undefined isCrossDisplayMove=false}]} RemoteTransition { remoteTransition = android.window.IRemoteTransition$Stub$Proxy@6d58738, appThread = android.app.IApplicationThread$Stub$Proxy@56dd311, debugName = LauncherToDream, filter = {types=[] flags=0x0 notFlags=0x0 checks=[{atype=dream independent=true modes=[OPEN,TO_FRONT] flags=NONE mustBeTask=false order=ANY topActivity=null launchCookie=null windowingMode=undefined isCrossDisplayMove=false},{atype=home independent=true modes=[CLOSE,TO_BACK] flags=NONE mustBeTask=false order=ANY topActivity=null launchCookie=null windowingMode=undefined isCrossDisplayMove=false}]} }}
09-19 15:23:51.166   906   973 V WindowManagerShell:  Checking filter Pair{{types=[] flags=0x0 notFlags=0x0 checks=[{atype=standard independent=false modes=[CHANGE] flags=NONE mustBeTask=true order=ANY topActivity=null launchCookie=null windowingMode=undefined isCrossDisplayMove=true}]} RemoteTransition { remoteTransition = android.window.IRemoteTransition$Stub$Proxy@6383c76, appThread = android.app.IApplicationThread$Stub$Proxy@1a1e277, debugName = QuickstepDisplayMove, filter = {types=[] flags=0x0 notFlags=0x0 checks=[{atype=standard independent=false modes=[CHANGE] flags=NONE mustBeTask=true order=ANY topActivity=null launchCookie=null windowingMode=undefined isCrossDisplayMove=true}]} }}
09-19 15:23:51.170   906   973 V WindowManagerShell:  Checking filter Pair{{types=[] flags=0x0 notFlags=0x100 checks=[{atype=home independent=true modes=[OPEN,TO_FRONT] flags=NONE mustBeTask=false order=ANY topActivity=ComponentInfo{com.google.android.apps.nexuslauncher/com.google.android.apps.nexuslauncher.NexusLauncherActivity} launchCookie=null windowingMode=undefined isCrossDisplayMove=false},{atype=standard independent=true modes=[CLOSE,TO_BACK] flags=NONE mustBeTask=false order=ANY topActivity=null launchCookie=null windowingMode=undefined isCrossDisplayMove=false},{NOT atype=undefined independent=true modes=[] flags=NONE mustBeTask=true order=ANY topActivity=null launchCookie=null customAnim=true windowingMode=undefined isCrossDisplayMove=false}]} RemoteTransition { remoteTransition = android.window.IRemoteTransition$Stub$Proxy@3f7dee4, appThread = android.app.IApplicationThread$Stub$Proxy@ecb8f4d, debugName = QuickstepLaunchHome, filter = {types=[] flags=0x0 notFlags=0x100 checks=[{atype=home independent=true modes=[OPEN,TO_FRONT] flags=NONE mustBeTask=false order=ANY topActivity=ComponentInfo{com.google.android.apps.nexuslauncher/com.google.android.apps.nexuslauncher.NexusLauncherActivity} launchCookie=null windowingMode=undefined isCrossDisplayMove=false},{atype=standard independent=true modes=[CLOSE,TO_BACK] flags=NONE mustBeTask=false order=ANY topActivity=null launchCookie=null windowingMode=undefined isCrossDisplayMove=false},{NOT atype=undefined independent=true modes=[] flags=NONE mustBeTask=true order=ANY topActivity=null launchCookie=null customAnim=true windowingMode=undefined isCrossDisplayMove=false}]} }}
09-19 15:23:51.171   906   973 V WindowManagerShell:  Checking filter Pair{{types=[OPEN,TO_FRONT] flags=0x0 notFlags=0x0 checks=[{atype=standard independent=true modes=[OPEN,TO_FRONT] flags=NONE mustBeTask=true order=ANY topActivity=null launchCookie=null windowingMode=freeform isCrossDisplayMove=false}]} RemoteTransition { remoteTransition = android.window.IRemoteTransition$Stub$Proxy@c0b5fa3, appThread = null, debugName = DesktopWindowLimitUnminimize, filter = {types=[OPEN,TO_FRONT] flags=0x0 notFlags=0x0 checks=[{atype=standard independent=true modes=[OPEN,TO_FRONT] flags=NONE mustBeTask=true order=ANY topActivity=null launchCookie=null windowingMode=freeform isCrossDisplayMove=false}]} }}
09-19 15:23:51.171   906   973 V WindowManagerShell:  Delegate animation for (#517) to null
09-19 15:23:51.171   906   973 V WindowManagerShell: start default transition animation, info = {id=517 t=OPEN f=0x0 trk=0 r=[0@Point(0, 0)] c=[{m=OPEN f=MOVE_TO_TOP|FLAG_CHANGED_INTERACTIVE leash=Surface(name=Task=145#6919)/@0x72cfd29 sb=Rect(0, 0 - 1080, 2424) eb=Rect(0, 0 - 1080, 2424) epz=Point(1080, 2424) d=0 taskParent=-1 winMode=1 userId=0},{m=TO_BACK f=FLAG_CHANGED_INTERACTIVE leash=Surface(name=Task=144#6880)/@0xa0078ae sb=Rect(0, 0 - 1080, 2424) eb=Rect(0, 0 - 1080, 2424) epz=Point(1080, 2424) d=0 taskParent=-1 winMode=1 userId=0}]}
09-19 15:23:51.171   491   588 W skia    : AGTM parsing failed flags.readFromStream(s) at 159
09-19 15:23:51.171   491   588 W skia    : AGTM parsing failed flags.readFromStream(s) at 159
09-19 15:23:51.171   491   588 W skia    : AGTM parsing failed flags.readFromStream(s) at 159
09-19 15:23:51.172   906   973 V WindowManagerShell: loadAnimation: anim=android.view.animation.AnimationSet@45f71ba animAttr=0x9 type=OPEN isEntrance=false
09-19 15:23:51.178   906   973 V WindowManagerShell: loadAnimation: anim=android.view.animation.AnimationSet@51f9fc8 animAttr=0x8 type=OPEN isEntrance=true
09-19 15:23:51.187   645   666 V WindowManager: Sent Transition (#517) createdAt=09-19 15:23:50.733 via request=TransitionRequestInfo { type = OPEN, triggerTask = TaskInfo{userId=0 taskId=145 effectiveUid=10231 displayId=0 isRunning=true baseIntent=Intent { flg=0x10000000 cmp=com.example.rune_nexus.godotpreview/com.example.rune_nexus.GodotPreviewActivity } baseActivity=ComponentInfo{com.example.rune_nexus.godotpreview/com.example.rune_nexus.GodotPreviewActivity} topActivity=ComponentInfo{com.example.rune_nexus.godotpreview/com.example.rune_nexus.GodotPreviewActivity} origActivity=null realActivity=ComponentInfo{com.example.rune_nexus.godotpreview/com.example.rune_nexus.GodotPreviewActivity} realActivityIsAppLockEnabled=false numActivities=1 lastActiveTime=666614283 supportsMultiWindow=true supportsMultiWindowWithoutConstraints=true resizeMode=1 isResizeable=true minWidth=-1 minHeight=-1 defaultMinSize=220 token=WCT{RemoteToken{3d09d88 Task{9c53af3 #145 type=standard I=com.example.rune_nexus.godotpreview/com.example.rune_nexus.GodotPreviewActivity}}} topActivityType=1 pictureInPictureParams=null shouldDockBigOverlays=false launchIntoPipHostTaskId=-1 lastParentTaskIdBeforePip=-1 displayCutoutSafeInsets=Rect(0, 142 - 0, 0) topActivityInfo=ActivityInfo{f02b321 com.example.rune_nexus.GodotPreviewActivity} launchCookies=[] positionInParent=Point(0, 0) parentTaskId=-1 isFocused=false isInteractive=false isVisible=false isVisibleRequested=false isTopActivityNoDisplay=false isSleeping=false locusId=null displayAreaFeatureId=1 isTopActivityTransparent=false isActivityStackTransparent=false lastNonFullscreenBounds=null leafTaskBoundsFromOptions= false capturedLink=null capturedLinkTimestamp=0 requestedVisibleTypes=503 topActivityRequestOpenInBrowserEducationTimestamp=0 appCompatTaskInfo=AppCompatTaskInfo { topActivityInSizeCompat=false isLeafTask= true eligibleForLetterboxEducation= false isLetterboxEducationEnabled= true isLetterboxDoubleTapEnabled= false eligibleForUserAspectRatioButton= false topActivityBoundsLetterboxed= false isFromLetterboxDoubleTap= false topActivityLetterboxVerticalPosition= -1 topActivityLetterboxHorizontalPosition= -1 topActivityLetterboxWidth=-1 topActivityLetterboxHeight=-1 topActivityAppBounds=Rect(0, 0 - 1080, 2424) isUserFullscreenOverrideEnabled=false isSystemFullscreenOverrideEnabled=false hasMinAspectRatioOverride=false topActivityLetterboxBounds=null topNonResizableActivityAspectRatio=-1.0} topActivityMainWindowFrame=null isAppBubble=false}, pipChange = null, remoteTransitionInfo = null, displayChanges = null, requestedLocation = null, userChange = null, windowingLayerChange = null, fullscreenRequestChange = null, flags = 0, debugId = 517 }
09-19 15:23:51.187   645   666 V WindowManager:     startWCT=WindowContainerTransaction { changes= {} hops= [] flags= 0 errorCallbackToken=null taskFragmentOrganizer=null }
09-19 15:23:51.188   645   666 V WindowManager:     info={id=517 t=OPEN f=0x0 trk=0 r=[0@Point(0, 0)] c=[
09-19 15:23:51.188   645   666 V WindowManager:         {WCT{RemoteToken{3d09d88 Task{9c53af3 #145 type=standard I=com.example.rune_nexus.godotpreview/com.example.rune_nexus.GodotPreviewActivity}}} m=OPEN f=MOVE_TO_TOP|FLAG_CHANGED_INTERACTIVE leash=Surface(name=Task=145#6919)/@0x844a1a5 sb=Rect(0, 0 - 1080, 2424) eb=Rect(0, 0 - 1080, 2424) epz=Point(1080, 2424) d=0 taskParent=-1 winMode=1 userId=0},
09-19 15:23:51.188   645   666 V WindowManager:         {WCT{RemoteToken{eab6571 Task{f6d091e #144 type=standard I=com.example.rune_nexus/.MainActivity}}} m=TO_BACK f=FLAG_CHANGED_INTERACTIVE leash=Surface(name=Task=144#6880)/@0xc376e7e sb=Rect(0, 0 - 1080, 2424) eb=Rect(0, 0 - 1080, 2424) epz=Point(1080, 2424) d=0 taskParent=-1 winMode=1 userId=0}
09-19 15:23:51.188   645   666 V WindowManager:     ]}
09-19 15:23:51.193   906   973 V WindowManagerShell:  animated by com.android.wm.shell.transition.DefaultTransitionHandler@7d13556
09-19 15:23:51.193   487   529 I APM_AudioPolicyManager: getNewOutputDevices io 13 recent device override {AUDIO_DEVICE_OUT_SPEAKER, @:}
09-19 15:23:51.200   906   973 W Looper  : Slow dispatch took 37ms wmshell.main app=com.android.systemui main=false group=TOP_APP h=android.os.Handler c=com.android.wm.shell.transition.Transitions$TransitionPlayerImpl$$ExternalSyntheticLambda1@82ef86 m=0
09-19 15:23:51.210   906   973 V ShellTaskOrganizer: Task appeared taskId=145 listener=FullscreenTaskListener
09-19 15:23:51.210   906   973 V ShellTaskOrganizer: Fullscreen Task Appeared: #145
09-19 15:23:51.210   906   973 D ShellPackageUpdate: PackageUpdateController: Setting handlePackageUpdate for task: 145
09-19 15:23:51.211   645  2004 E TransitionChain: Can't collect into a chain with no transition
09-19 15:23:51.212   906   973 V RecentTasksController: Notify recent tasks changed
09-19 15:23:51.213  1031  1031 D RecentTasksList: invalidateLoadedTasks - previous requestLoadId: -1
09-19 15:23:51.214   491   588 W skia    : AGTM parsing failed flags.readFromStream(s) at 159
09-19 15:23:51.214   491   588 W skia    : AGTM parsing failed flags.readFromStream(s) at 159
09-19 15:23:51.220   450   450 I RanchuHwc: logCompositionFallbackIfChanged: layer 1696 CompositionType fallback from 3 to 1
09-19 15:23:51.221   491   588 W skia    : AGTM parsing failed flags.readFromStream(s) at 159
09-19 15:23:51.222   491   588 W skia    : AGTM parsing failed flags.readFromStream(s) at 159
09-19 15:23:51.222   491   588 W skia    : AGTM parsing failed flags.readFromStream(s) at 159
09-19 15:23:51.222   491   588 W skia    : AGTM parsing failed flags.readFromStream(s) at 159
09-19 15:23:51.222   491   588 W skia    : AGTM parsing failed flags.readFromStream(s) at 159
09-19 15:23:51.222   491   588 W skia    : AGTM parsing failed flags.readFromStream(s) at 159
09-19 15:23:51.222   491   588 W skia    : AGTM parsing failed flags.readFromStream(s) at 159
09-19 15:23:51.240   491   588 W skia    : AGTM parsing failed flags.readFromStream(s) at 159
09-19 15:23:51.240  1489  1909 W AiAiBesties: providePipelineSetup: Error fetching APK Info for [com.google.android.apps.pixel.relationships].
09-19 15:23:51.240  1489  1909 W AiAiBesties: android.content.pm.PackageManager$NameNotFoundException: com.google.android.apps.pixel.relationships
09-19 15:23:51.240  1489  1909 W AiAiBesties: 	at android.app.ApplicationPackageManager.getPackageInfoAsUser(ApplicationPackageManager.java:293)
09-19 15:23:51.240  1489  1909 W AiAiBesties: 	at android.app.ApplicationPackageManager.getPackageInfo(ApplicationPackageManager.java:253)
09-19 15:23:51.240  1489  1909 W AiAiBesties: 	at android.app.ApplicationPackageManager.getPackageInfo(ApplicationPackageManager.java:247)
09-19 15:23:51.240  1489  1909 W AiAiBesties: 	at jls.a(PG:36)
09-19 15:23:51.240  1489  1909 W AiAiBesties: 	at web.a(PG:98)
09-19 15:23:51.240  1489  1909 W AiAiBesties: 	at wei.p(PG:80)
09-19 15:23:51.240  1489  1909 W AiAiBesties: 	at wei.e(PG:7)
09-19 15:23:51.240  1489  1909 W AiAiBesties: 	at wdh.run(PG:5)
09-19 15:23:51.240  1489  1909 W AiAiBesties: 	at java.util.concurrent.Executors$RunnableAdapter.call(Executors.java:520)
09-19 15:23:51.240  1489  1909 W AiAiBesties: 	at adyv.a(PG:3)
09-19 15:23:51.240  1489  1909 W AiAiBesties: 	at adxy.run(PG:19)
09-19 15:23:51.240  1489  1909 W AiAiBesties: 	at adyw.run(PG:5)
09-19 15:23:51.240  1489  1909 W AiAiBesties: 	at java.util.concurrent.Executors$RunnableAdapter.call(Executors.java:520)
09-19 15:23:51.240  1489  1909 W AiAiBesties: 	at java.util.concurrent.FutureTask.run(FutureTask.java:328)
09-19 15:23:51.240  1489  1909 W AiAiBesties: 	at java.util.concurrent.ScheduledThreadPoolExecutor$ScheduledFutureTask.run(ScheduledThreadPoolExecutor.java:323)
09-19 15:23:51.240  1489  1909 W AiAiBesties: 	at java.util.concurrent.ThreadPoolExecutor.runWorker(ThreadPoolExecutor.java:1100)
09-19 15:23:51.240  1489  1909 W AiAiBesties: 	at java.util.concurrent.ThreadPoolExecutor$Worker.run(ThreadPoolExecutor.java:624)
09-19 15:23:51.240  1489  1909 W AiAiBesties: 	at mtj.run(PG:221)
09-19 15:23:51.240  1489  1909 W AiAiBesties: 	at java.lang.Thread.run(Thread.java:1572)
09-19 15:23:51.240   491   588 W skia    : AGTM parsing failed flags.readFromStream(s) at 159
09-19 15:23:51.240   491   588 W skia    : AGTM parsing failed flags.readFromStream(s) at 159
09-19 15:23:51.240   491   588 W skia    : AGTM parsing failed flags.readFromStream(s) at 159
09-19 15:23:51.240   491   588 W skia    : AGTM parsing failed flags.readFromStream(s) at 159
09-19 15:23:51.240   491   588 W skia    : AGTM parsing failed flags.readFromStream(s) at 159
09-19 15:23:51.240   491   588 W skia    : AGTM parsing failed flags.readFromStream(s) at 159
09-19 15:23:51.259   645   676 W ActivityManager: Slow operation: 446ms so far, now at startProcess: done updating pids map
09-19 15:23:51.259   645   659 W system_server: Long monitor contention with owner ActivityManager:procStart (676) at void com.android.server.am.ProcessList.lambda$handleProcessStart$1(com.android.server.am.ProcessRecord, java.lang.String, int[], int, int, int, java.lang.String, java.lang.String, java.lang.String, long)(ProcessList.java:2221) waiters=0 in android.content.ComponentName com.android.server.am.ActivityManagerService.startService(android.app.IApplicationThread, android.content.Intent, java.lang.String, boolean, java.lang.String, java.lang.String, int, boolean, int, java.lang.String, java.lang.String) for 200ms
09-19 15:23:51.266  1489  1909 I AiAiVC  : Centralized allowlist: requested package com.google.android.googlequicksearchbox is in the allowlist
09-19 15:23:51.266  1489  1909 I AiAiVC  : Centralized allowlist: requested package com.google.android.apps.search.assistant.verticals.ambient.standalone is in the allowlist
09-19 15:23:51.266  1489  1909 I AiAiVC  : Centralized allowlist: requested package com.google.android.gms is in the allowlist
09-19 15:23:51.266  1489  1909 I AiAiVC  : Centralized allowlist: requested package com.google.android.deskclock is in the allowlist
09-19 15:23:51.266  1489  1909 I AiAiVC  : Centralized allowlist: requested package com.google.android.apps.wellbeing is in the allowlist
09-19 15:23:51.266  1489  1909 I AiAiVC  : Centralized allowlist: requested package com.google.android.apps.messaging is in the allowlist
09-19 15:23:51.266  1489  1909 I AiAiVC  : Centralized allowlist: requested package com.google.android.apps.maps is in the allowlist
09-19 15:23:51.266  1489  1909 I AiAiVC  : Centralized allowlist: requested package com.google.android.dialer is in the allowlist
09-19 15:23:51.266  1489  1909 I AiAiVC  : Centralized allowlist: requested package com.google.android.apps.recorder is in the allowlist
09-19 15:23:51.266  1489  1909 I AiAiVC  : Centralized allowlist: requested package com.google.android.inputmethod.latin is in the allowlist
09-19 15:23:51.266  1489  1909 I AiAiVC  : Centralized allowlist: requested package com.google.android.inputmethod.latin.dev is in the allowlist
09-19 15:23:51.266  1489  1909 I AiAiVC  : Centralized allowlist: requested package com.google.android.inputmethod.latin.canary is in the allowlist
09-19 15:23:51.266  1489  1909 I AiAiVC  : Centralized allowlist: requested package com.whatsapp is in the allowlist
09-19 15:23:51.266  1489  1909 I AiAiVC  : Centralized allowlist: requested package jp.naver.line.android is in the allowlist
09-19 15:23:51.266  1489  1909 I AiAiVC  : Centralized allowlist: requested package org.thoughtcrime.securesms is in the allowlist
09-19 15:23:51.266  1489  1909 I AiAiVC  : Centralized allowlist: requested package com.google.android.apps.miphone.aiai.autofill.testapps.autofillapp is in the allowlist
09-19 15:23:51.266  1489  1909 I AiAiVC  : Centralized allowlist: requested package com.google.android.apps.miphone.aiai.translate.testapps.chatapp is in the allowlist
09-19 15:23:51.267  1489  1909 I AiAiVC  : Centralized allowlist: requested component com.google.android.gm/com.google.android.gm.ConversationListActivityGmail is in the allowlist
09-19 15:23:51.267  1489  1909 I AiAiVC  : Centralized allowlist: requested component com.google.android.gm/com.google.android.gm.ComposeActivityGmail is in the allowlist
09-19 15:23:51.267  1489  1909 I AiAiVC  : Centralized allowlist: requested component com.android.chrome/com.google.android.apps.chrome.Main is in the allowlist
09-19 15:23:51.267  1489  1909 I AiAiVC  : Centralized allowlist: requested component com.google.android.apps.youtube.music/com.google.android.apps.youtube.music.activities.MusicActivity is in the allowlist
09-19 15:23:51.267  1489  1909 I AiAiVC  : Centralized allowlist: requested component com.google.android.youtube/com.google.android.apps.youtube.app.watchwhile.WatchWhileActivity is in the allowlist
09-19 15:23:51.274   491   588 W skia    : AGTM parsing failed flags.readFromStream(s) at 159
09-19 15:23:51.274   491   588 W skia    : AGTM parsing failed flags.readFromStream(s) at 159
09-19 15:23:51.274   491   588 W skia    : AGTM parsing failed flags.readFromStream(s) at 159
09-19 15:23:51.274   491   588 W skia    : AGTM parsing failed flags.readFromStream(s) at 159
09-19 15:23:51.274   491   588 W skia    : AGTM parsing failed flags.readFromStream(s) at 159
09-19 15:23:51.274   491   588 W skia    : AGTM parsing failed flags.readFromStream(s) at 159
09-19 15:23:51.274   491   588 W skia    : AGTM parsing failed flags.readFromStream(s) at 159
09-19 15:23:51.274   491   588 W skia    : AGTM parsing failed flags.readFromStream(s) at 159
09-19 15:23:51.287   491   588 W skia    : AGTM parsing failed flags.readFromStream(s) at 159
09-19 15:23:51.287   491   588 W skia    : AGTM parsing failed flags.readFromStream(s) at 159
09-19 15:23:51.287   491   588 W skia    : AGTM parsing failed flags.readFromStream(s) at 159
09-19 15:23:51.287   491   588 W skia    : AGTM parsing failed flags.readFromStream(s) at 159
09-19 15:23:51.287   491   588 W skia    : AGTM parsing failed flags.readFromStream(s) at 159
09-19 15:23:51.287   491   588 W skia    : AGTM parsing failed flags.readFromStream(s) at 159
09-19 15:23:51.287   491   588 W skia    : AGTM parsing failed flags.readFromStream(s) at 159
09-19 15:23:51.287   491   588 W skia    : AGTM parsing failed flags.readFromStream(s) at 159
09-19 15:23:51.303   491   588 W skia    : AGTM parsing failed flags.readFromStream(s) at 159
09-19 15:23:51.303   491   588 W skia    : AGTM parsing failed flags.readFromStream(s) at 159
09-19 15:23:51.304   491   588 W skia    : AGTM parsing failed flags.readFromStream(s) at 159
09-19 15:23:51.304   491   588 W skia    : AGTM parsing failed flags.readFromStream(s) at 159
09-19 15:23:51.304   491   588 W skia    : AGTM parsing failed flags.readFromStream(s) at 159
09-19 15:23:51.304   491   588 W skia    : AGTM parsing failed flags.readFromStream(s) at 159
09-19 15:23:51.304   491   588 W skia    : AGTM parsing failed flags.readFromStream(s) at 159
09-19 15:23:51.304   491   588 W skia    : AGTM parsing failed flags.readFromStream(s) at 159
09-19 15:23:51.315   491   588 W skia    : AGTM parsing failed flags.readFromStream(s) at 159
09-19 15:23:51.315   491   588 W skia    : AGTM parsing failed flags.readFromStream(s) at 159
09-19 15:23:51.315   491   588 W skia    : AGTM parsing failed flags.readFromStream(s) at 159
09-19 15:23:51.320   906  1005 W Looper  : Slow dispatch took 48ms wmshell.anim app=com.android.systemui main=false group=TOP_APP h=android.view.Choreographer$FrameHandler c=android.view.Choreographer$FrameDisplayEventReceiver@f673053 m=0
09-19 15:23:51.320   491   588 W skia    : AGTM parsing failed flags.readFromStream(s) at 159
09-19 15:23:51.320   491   588 W skia    : AGTM parsing failed flags.readFromStream(s) at 159
09-19 15:23:51.320   491   588 W skia    : AGTM parsing failed flags.readFromStream(s) at 159
09-19 15:23:51.320   491   588 W skia    : AGTM parsing failed flags.readFromStream(s) at 159
09-19 15:23:51.321   491   588 W skia    : AGTM parsing failed flags.readFromStream(s) at 159
09-19 15:23:51.321   491   588 W skia    : AGTM parsing failed flags.readFromStream(s) at 159
09-19 15:23:51.321   491   588 W skia    : AGTM parsing failed flags.readFromStream(s) at 159
09-19 15:23:51.321   491   588 W skia    : AGTM parsing failed flags.readFromStream(s) at 159
09-19 15:23:51.329   906  1005 W Looper  : Slow delivery took 35ms wmshell.anim app=com.android.systemui main=false group=TOP_APP h=android.view.Choreographer$FrameHandler c=android.view.Choreographer$FrameDisplayEventReceiver@f673053 m=0
09-19 15:23:51.338   491   588 W skia    : AGTM parsing failed flags.readFromStream(s) at 159
09-19 15:23:51.338   491   588 W skia    : AGTM parsing failed flags.readFromStream(s) at 159
09-19 15:23:51.338   491   588 W skia    : AGTM parsing failed flags.readFromStream(s) at 159
09-19 15:23:51.338   491   588 W skia    : AGTM parsing failed flags.readFromStream(s) at 159
09-19 15:23:51.338   491   588 W skia    : AGTM parsing failed flags.readFromStream(s) at 159
09-19 15:23:51.339   491   588 W skia    : AGTM parsing failed flags.readFromStream(s) at 159
09-19 15:23:51.339   491   588 W skia    : AGTM parsing failed flags.readFromStream(s) at 159
09-19 15:23:51.339   491   588 W skia    : AGTM parsing failed flags.readFromStream(s) at 159
09-19 15:23:51.339   906  1005 W Looper  : Drained
09-19 15:23:51.354   491   588 W skia    : AGTM parsing failed flags.readFromStream(s) at 159
09-19 15:23:51.354   491   588 W skia    : AGTM parsing failed flags.readFromStream(s) at 159
09-19 15:23:51.354   491   588 W skia    : AGTM parsing failed flags.readFromStream(s) at 159
09-19 15:23:51.354   491   588 W skia    : AGTM parsing failed flags.readFromStream(s) at 159
09-19 15:23:51.354   491   588 W skia    : AGTM parsing failed flags.readFromStream(s) at 159
09-19 15:23:51.354   491   588 W skia    : AGTM parsing failed flags.readFromStream(s) at 159
09-19 15:23:51.354   491   588 W skia    : AGTM parsing failed flags.readFromStream(s) at 159
09-19 15:23:51.354   491   588 W skia    : AGTM parsing failed flags.readFromStream(s) at 159
09-19 15:23:51.373   491   588 W skia    : AGTM parsing failed flags.readFromStream(s) at 159
09-19 15:23:51.373   491   588 W skia    : AGTM parsing failed flags.readFromStream(s) at 159
09-19 15:23:51.373   491   588 W skia    : AGTM parsing failed flags.readFromStream(s) at 159
09-19 15:23:51.373   491   588 W skia    : AGTM parsing failed flags.readFromStream(s) at 159
09-19 15:23:51.373   491   588 W skia    : AGTM parsing failed flags.readFromStream(s) at 159
09-19 15:23:51.373   491   588 W skia    : AGTM parsing failed flags.readFromStream(s) at 159
09-19 15:23:51.373   491   588 W skia    : AGTM parsing failed flags.readFromStream(s) at 159
09-19 15:23:51.373   491   588 W skia    : AGTM parsing failed flags.readFromStream(s) at 159
09-19 15:23:51.387   491   588 W skia    : AGTM parsing failed flags.readFromStream(s) at 159
09-19 15:23:51.387   491   588 W skia    : AGTM parsing failed flags.readFromStream(s) at 159
09-19 15:23:51.387   491   588 W skia    : AGTM parsing failed flags.readFromStream(s) at 159
09-19 15:23:51.387   491   588 W skia    : AGTM parsing failed flags.readFromStream(s) at 159
09-19 15:23:51.387   491   588 W skia    : AGTM parsing failed flags.readFromStream(s) at 159
09-19 15:23:51.387   491   588 W skia    : AGTM parsing failed flags.readFromStream(s) at 159
09-19 15:23:51.387   491   588 W skia    : AGTM parsing failed flags.readFromStream(s) at 159
09-19 15:23:51.387   491   588 W skia    : AGTM parsing failed flags.readFromStream(s) at 159
09-19 15:23:51.405   491   588 W skia    : AGTM parsing failed flags.readFromStream(s) at 159
09-19 15:23:51.405   491   588 W skia    : AGTM parsing failed flags.readFromStream(s) at 159
09-19 15:23:51.405   491   588 W skia    : AGTM parsing failed flags.readFromStream(s) at 159
09-19 15:23:51.405   491   588 W skia    : AGTM parsing failed flags.readFromStream(s) at 159
09-19 15:23:51.405   491   588 W skia    : AGTM parsing failed flags.readFromStream(s) at 159
09-19 15:23:51.405   491   588 W skia    : AGTM parsing failed flags.readFromStream(s) at 159
09-19 15:23:51.405   491   588 W skia    : AGTM parsing failed flags.readFromStream(s) at 159
09-19 15:23:51.405   491   588 W skia    : AGTM parsing failed flags.readFromStream(s) at 159
09-19 15:23:51.411  1651 21464 I GmscoreIpa: Starting mediastore instant index [CONTEXT service_id=255 ]
09-19 15:23:51.415   491   588 W skia    : AGTM parsing failed flags.readFromStream(s) at 159
09-19 15:23:51.420   491   588 W skia    : AGTM parsing failed flags.readFromStream(s) at 159
09-19 15:23:51.420   491   588 W skia    : AGTM parsing failed flags.readFromStream(s) at 159
09-19 15:23:51.420   491   588 W skia    : AGTM parsing failed flags.readFromStream(s) at 159
09-19 15:23:51.421   491   588 W skia    : AGTM parsing failed flags.readFromStream(s) at 159
09-19 15:23:51.421   491   588 W skia    : AGTM parsing failed flags.readFromStream(s) at 159
09-19 15:23:51.421   491   588 W skia    : AGTM parsing failed flags.readFromStream(s) at 159
09-19 15:23:51.421   491   588 W skia    : AGTM parsing failed flags.readFromStream(s) at 159
09-19 15:23:51.421   491   588 W skia    : AGTM parsing failed flags.readFromStream(s) at 159
09-19 15:23:51.423   645   655 I system_server: Background concurrent mark compact GC freed 29MB AllocSpace bytes, 197(4736KB) LOS objects, 37% free, 40MB/64MB, paused 121.010ms,8.649ms total 1.314s
09-19 15:23:51.436   491   588 W skia    : AGTM parsing failed flags.readFromStream(s) at 159
09-19 15:23:51.436   491   588 W skia    : AGTM parsing failed flags.readFromStream(s) at 159
09-19 15:23:51.436   491   588 W skia    : AGTM parsing failed flags.readFromStream(s) at 159
09-19 15:23:51.436   491   588 W skia    : AGTM parsing failed flags.readFromStream(s) at 159
09-19 15:23:51.436   491   588 W skia    : AGTM parsing failed flags.readFromStream(s) at 159
09-19 15:23:51.436   491   588 W skia    : AGTM parsing failed flags.readFromStream(s) at 159
09-19 15:23:51.436   491   588 W skia    : AGTM parsing failed flags.readFromStream(s) at 159
09-19 15:23:51.436   491   588 W skia    : AGTM parsing failed flags.readFromStream(s) at 159
09-19 15:23:51.454   491   588 W skia    : AGTM parsing failed flags.readFromStream(s) at 159
09-19 15:23:51.454   491   588 W skia    : AGTM parsing failed flags.readFromStream(s) at 159
09-19 15:23:51.454   491   588 W skia    : AGTM parsing failed flags.readFromStream(s) at 159
09-19 15:23:51.454   491   588 W skia    : AGTM parsing failed flags.readFromStream(s) at 159
09-19 15:23:51.454   491   588 W skia    : AGTM parsing failed flags.readFromStream(s) at 159
09-19 15:23:51.454   491   588 W skia    : AGTM parsing failed flags.readFromStream(s) at 159
09-19 15:23:51.454   491   588 W skia    : AGTM parsing failed flags.readFromStream(s) at 159
09-19 15:23:51.454   491   588 W skia    : AGTM parsing failed flags.readFromStream(s) at 159
09-19 15:23:51.474   491   588 W skia    : AGTM parsing failed flags.readFromStream(s) at 159
09-19 15:23:51.474   491   588 W skia    : AGTM parsing failed flags.readFromStream(s) at 159
09-19 15:23:51.474   491   588 W skia    : AGTM parsing failed flags.readFromStream(s) at 159
09-19 15:23:51.474   491   588 W skia    : AGTM parsing failed flags.readFromStream(s) at 159
09-19 15:23:51.474   491   588 W skia    : AGTM parsing failed flags.readFromStream(s) at 159
09-19 15:23:51.474   491   588 W skia    : AGTM parsing failed flags.readFromStream(s) at 159
09-19 15:23:51.474   491   588 W skia    : AGTM parsing failed flags.readFromStream(s) at 159
09-19 15:23:51.474   491   588 W skia    : AGTM parsing failed flags.readFromStream(s) at 159
09-19 15:23:51.489   491   588 W skia    : AGTM parsing failed flags.readFromStream(s) at 159
09-19 15:23:51.489   491   588 W skia    : AGTM parsing failed flags.readFromStream(s) at 159
09-19 15:23:51.489   491   588 W skia    : AGTM parsing failed flags.readFromStream(s) at 159
09-19 15:23:51.489   491   588 W skia    : AGTM parsing failed flags.readFromStream(s) at 159
09-19 15:23:51.489   491   588 W skia    : AGTM parsing failed flags.readFromStream(s) at 159
09-19 15:23:51.500 21446 21446 D ApplicationLoaders: Returning zygote-cached class loader: /system_ext/framework/androidx.window.extensions.jar
09-19 15:23:51.500 21446 21446 D ApplicationLoaders: Returning zygote-cached class loader: /system_ext/framework/androidx.window.sidecar.jar
09-19 15:23:51.504   491   588 W skia    : AGTM parsing failed flags.readFromStream(s) at 159
09-19 15:23:51.504   491   588 W skia    : AGTM parsing failed flags.readFromStream(s) at 159
09-19 15:23:51.504   491   588 W skia    : AGTM parsing failed flags.readFromStream(s) at 159
09-19 15:23:51.504   491   588 W skia    : AGTM parsing failed flags.readFromStream(s) at 159
09-19 15:23:51.504   491   588 W skia    : AGTM parsing failed flags.readFromStream(s) at 159
09-19 15:23:51.506  2432 21472 I ProximityAuth: [RecentAppsMediator] Package added: (user=UserHandle{0}) com.example.rune_nexus.godotpreview
09-19 15:23:51.514 21446 21446 D nativeloader: Configuring clns-9 for other apk /data/app/~~8NR8asiU6bulf9jCmEMiZg==/com.example.rune_nexus.godotpreview-zxfunmbrI_2x_4XcMTV9TQ==/base.apk. target_sdk_version=36, uses_libraries=, library_path=/data/app/~~8NR8asiU6bulf9jCmEMiZg==/com.example.rune_nexus.godotpreview-zxfunmbrI_2x_4XcMTV9TQ==/lib/arm64:/data/app/~~8NR8asiU6bulf9jCmEMiZg==/com.example.rune_nexus.godotpreview-zxfunmbrI_2x_4XcMTV9TQ==/base.apk!/lib/arm64-v8a, permitted_path=/data:/mnt/expand:/data/user/0/com.example.rune_nexus.godotpreview
09-19 15:23:51.519   491   588 W skia    : AGTM parsing failed flags.readFromStream(s) at 159
09-19 15:23:51.519   491   588 W skia    : AGTM parsing failed flags.readFromStream(s) at 159
09-19 15:23:51.519   491   588 W skia    : AGTM parsing failed flags.readFromStream(s) at 159
09-19 15:23:51.519   491   588 W skia    : AGTM parsing failed flags.readFromStream(s) at 159
09-19 15:23:51.519   491   588 W skia    : AGTM parsing failed flags.readFromStream(s) at 159
09-19 15:23:51.524   491   588 W skia    : AGTM parsing failed flags.readFromStream(s) at 159
09-19 15:23:51.528  2432 21471 I Fitness : FitCleanupIntentOperation received Intent android.intent.action.PACKAGE_REMOVED [CONTEXT service_id=17 ]
09-19 15:23:51.529  1489  1909 W AiAiBesties: providePipelineSetup: Error fetching APK Info for [com.google.android.apps.pixel.relationships].
09-19 15:23:51.529  1489  1909 W AiAiBesties: android.content.pm.PackageManager$NameNotFoundException: com.google.android.apps.pixel.relationships
09-19 15:23:51.529  1489  1909 W AiAiBesties: 	at android.app.ApplicationPackageManager.getPackageInfoAsUser(ApplicationPackageManager.java:293)
09-19 15:23:51.529  1489  1909 W AiAiBesties: 	at android.app.ApplicationPackageManager.getPackageInfo(ApplicationPackageManager.java:253)
09-19 15:23:51.529  1489  1909 W AiAiBesties: 	at android.app.ApplicationPackageManager.getPackageInfo(ApplicationPackageManager.java:247)
09-19 15:23:51.529  1489  1909 W AiAiBesties: 	at jls.a(PG:36)
09-19 15:23:51.529  1489  1909 W AiAiBesties: 	at web.a(PG:98)
09-19 15:23:51.529  1489  1909 W AiAiBesties: 	at wei.p(PG:80)
09-19 15:23:51.529  1489  1909 W AiAiBesties: 	at wei.e(PG:7)
09-19 15:23:51.529  1489  1909 W AiAiBesties: 	at wdh.run(PG:5)
09-19 15:23:51.529  1489  1909 W AiAiBesties: 	at java.util.concurrent.Executors$RunnableAdapter.call(Executors.java:520)
09-19 15:23:51.529  1489  1909 W AiAiBesties: 	at adyv.a(PG:3)
09-19 15:23:51.529  1489  1909 W AiAiBesties: 	at adxy.run(PG:19)
09-19 15:23:51.529  1489  1909 W AiAiBesties: 	at adyw.run(PG:5)
09-19 15:23:51.529  1489  1909 W AiAiBesties: 	at java.util.concurrent.Executors$RunnableAdapter.call(Executors.java:520)
09-19 15:23:51.529  1489  1909 W AiAiBesties: 	at java.util.concurrent.FutureTask.run(FutureTask.java:328)
09-19 15:23:51.529  1489  1909 W AiAiBesties: 	at java.util.concurrent.ScheduledThreadPoolExecutor$ScheduledFutureTask.run(ScheduledThreadPoolExecutor.java:323)
09-19 15:23:51.529  1489  1909 W AiAiBesties: 	at java.util.concurrent.ThreadPoolExecutor.runWorker(ThreadPoolExecutor.java:1100)
09-19 15:23:51.529  1489  1909 W AiAiBesties: 	at java.util.concurrent.ThreadPoolExecutor$Worker.run(ThreadPoolExecutor.java:624)
09-19 15:23:51.529  1489  1909 W AiAiBesties: 	at mtj.run(PG:221)
09-19 15:23:51.529  1489  1909 W AiAiBesties: 	at java.lang.Thread.run(Thread.java:1572)
09-19 15:23:51.537   491   588 W skia    : AGTM parsing failed flags.readFromStream(s) at 159
09-19 15:23:51.537   491   588 W skia    : AGTM parsing failed flags.readFromStream(s) at 159
09-19 15:23:51.537   491   588 W skia    : AGTM parsing failed flags.readFromStream(s) at 159
09-19 15:23:51.537   491   588 W skia    : AGTM parsing failed flags.readFromStream(s) at 159
09-19 15:23:51.537   491   588 W skia    : AGTM parsing failed flags.readFromStream(s) at 159
09-19 15:23:51.546 21446 21446 V GraphicsEnvironment: Currently set values for:
09-19 15:23:51.549 21446 21446 V GraphicsEnvironment:   angle_gl_driver_selection_pkgs=[]
09-19 15:23:51.549 21446 21446 V GraphicsEnvironment:   angle_gl_driver_selection_values=[]
09-19 15:23:51.549 21446 21446 V GraphicsEnvironment: com.example.rune_nexus.godotpreview is not listed in per-application setting
09-19 15:23:51.550 21446 21446 V GraphicsEnvironment: No special selections for ANGLE, returning default driver choice
09-19 15:23:51.553 21446 21446 V GraphicsEnvironment: Neither updatable production driver nor prerelease driver is supported.
09-19 15:23:51.567  1651 21466 I Auth    : [SupervisedAccountIntentOperation] onHandleIntent: android.intent.action.PACKAGE_ADDED [CONTEXT service_id=42 ]
09-19 15:23:51.569   491   588 W skia    : AGTM parsing failed flags.readFromStream(s) at 159
09-19 15:23:51.570   491   588 W skia    : AGTM parsing failed flags.readFromStream(s) at 159
09-19 15:23:51.570   491   588 W skia    : AGTM parsing failed flags.readFromStream(s) at 159
09-19 15:23:51.570   491   588 W skia    : AGTM parsing failed flags.readFromStream(s) at 159
09-19 15:23:51.570   491   588 W skia    : AGTM parsing failed flags.readFromStream(s) at 159
09-19 15:23:51.588   491   588 W skia    : AGTM parsing failed flags.readFromStream(s) at 159
09-19 15:23:51.588   491   588 W skia    : AGTM parsing failed flags.readFromStream(s) at 159
09-19 15:23:51.588   491   588 W skia    : AGTM parsing failed flags.readFromStream(s) at 159
09-19 15:23:51.588   491   588 W skia    : AGTM parsing failed flags.readFromStream(s) at 159
09-19 15:23:51.588   491   588 W skia    : AGTM parsing failed flags.readFromStream(s) at 159
09-19 15:23:51.592  1489  1909 I AiAiVC  : Centralized allowlist: requested package com.google.android.googlequicksearchbox is in the allowlist
09-19 15:23:51.592  1489  1909 I AiAiVC  : Centralized allowlist: requested package com.google.android.apps.search.assistant.verticals.ambient.standalone is in the allowlist
09-19 15:23:51.593  1489  1909 I AiAiVC  : Centralized allowlist: requested package com.google.android.gms is in the allowlist
09-19 15:23:51.593  1489  1909 I AiAiVC  : Centralized allowlist: requested package com.google.android.deskclock is in the allowlist
09-19 15:23:51.593  1489  1909 I AiAiVC  : Centralized allowlist: requested package com.google.android.apps.wellbeing is in the allowlist
09-19 15:23:51.593  1489  1909 I AiAiVC  : Centralized allowlist: requested package com.google.android.apps.messaging is in the allowlist
09-19 15:23:51.593  1489  1909 I AiAiVC  : Centralized allowlist: requested package com.google.android.apps.maps is in the allowlist
09-19 15:23:51.593  1489  1909 I AiAiVC  : Centralized allowlist: requested package com.google.android.dialer is in the allowlist
09-19 15:23:51.593  1489  1909 I AiAiVC  : Centralized allowlist: requested package com.google.android.apps.recorder is in the allowlist
09-19 15:23:51.593  1489  1909 I AiAiVC  : Centralized allowlist: requested package com.google.android.inputmethod.latin is in the allowlist
09-19 15:23:51.593  1489  1909 I AiAiVC  : Centralized allowlist: requested package com.google.android.inputmethod.latin.dev is in the allowlist
09-19 15:23:51.593  1489  1909 I AiAiVC  : Centralized allowlist: requested package com.google.android.inputmethod.latin.canary is in the allowlist
09-19 15:23:51.593  1489  1909 I AiAiVC  : Centralized allowlist: requested package com.whatsapp is in the allowlist
09-19 15:23:51.593  1489  1909 I AiAiVC  : Centralized allowlist: requested package jp.naver.line.android is in the allowlist
09-19 15:23:51.593  1489  1909 I AiAiVC  : Centralized allowlist: requested package org.thoughtcrime.securesms is in the allowlist
09-19 15:23:51.593  1489  1909 I AiAiVC  : Centralized allowlist: requested package com.google.android.apps.miphone.aiai.autofill.testapps.autofillapp is in the allowlist
09-19 15:23:51.593  1489  1909 I AiAiVC  : Centralized allowlist: requested package com.google.android.apps.miphone.aiai.translate.testapps.chatapp is in the allowlist
09-19 15:23:51.593  1489  1909 I AiAiVC  : Centralized allowlist: requested component com.google.android.gm/com.google.android.gm.ConversationListActivityGmail is in the allowlist
09-19 15:23:51.593  1489  1909 I AiAiVC  : Centralized allowlist: requested component com.google.android.gm/com.google.android.gm.ComposeActivityGmail is in the allowlist
09-19 15:23:51.593  1489  1909 I AiAiVC  : Centralized allowlist: requested component com.android.chrome/com.google.android.apps.chrome.Main is in the allowlist
09-19 15:23:51.593  1489  1909 I AiAiVC  : Centralized allowlist: requested component com.google.android.apps.youtube.music/com.google.android.apps.youtube.music.activities.MusicActivity is in the allowlist
09-19 15:23:51.593  1489  1909 I AiAiVC  : Centralized allowlist: requested component com.google.android.youtube/com.google.android.apps.youtube.app.watchwhile.WatchWhileActivity is in the allowlist
09-19 15:23:51.593  1489  1909 W AiAiBesties: providePipelineSetup: Error fetching APK Info for [com.google.android.apps.pixel.relationships].
09-19 15:23:51.593  1489  1909 W AiAiBesties: android.content.pm.PackageManager$NameNotFoundException: com.google.android.apps.pixel.relationships
09-19 15:23:51.593  1489  1909 W AiAiBesties: 	at android.app.ApplicationPackageManager.getPackageInfoAsUser(ApplicationPackageManager.java:293)
09-19 15:23:51.593  1489  1909 W AiAiBesties: 	at android.app.ApplicationPackageManager.getPackageInfo(ApplicationPackageManager.java:253)
09-19 15:23:51.593  1489  1909 W AiAiBesties: 	at android.app.ApplicationPackageManager.getPackageInfo(ApplicationPackageManager.java:247)
09-19 15:23:51.593  1489  1909 W AiAiBesties: 	at jls.a(PG:36)
09-19 15:23:51.593  1489  1909 W AiAiBesties: 	at web.a(PG:98)
09-19 15:23:51.593  1489  1909 W AiAiBesties: 	at wei.p(PG:80)
09-19 15:23:51.593  1489  1909 W AiAiBesties: 	at wei.e(PG:7)
09-19 15:23:51.593  1489  1909 W AiAiBesties: 	at wdh.run(PG:5)
09-19 15:23:51.593  1489  1909 W AiAiBesties: 	at java.util.concurrent.Executors$RunnableAdapter.call(Executors.java:520)
09-19 15:23:51.593  1489  1909 W AiAiBesties: 	at adyv.a(PG:3)
09-19 15:23:51.593  1489  1909 W AiAiBesties: 	at adxy.run(PG:19)
09-19 15:23:51.593  1489  1909 W AiAiBesties: 	at adyw.run(PG:5)
09-19 15:23:51.593  1489  1909 W AiAiBesties: 	at java.util.concurrent.Executors$RunnableAdapter.call(Executors.java:520)
09-19 15:23:51.593  1489  1909 W AiAiBesties: 	at java.util.concurrent.FutureTask.run(FutureTask.java:328)
09-19 15:23:51.593  1489  1909 W AiAiBesties: 	at java.util.concurrent.ScheduledThreadPoolExecutor$ScheduledFutureTask.run(ScheduledThreadPoolExecutor.java:323)
09-19 15:23:51.593  1489  1909 W AiAiBesties: 	at java.util.concurrent.ThreadPoolExecutor.runWorker(ThreadPoolExecutor.java:1100)
09-19 15:23:51.593  1489  1909 W AiAiBesties: 	at java.util.concurrent.ThreadPoolExecutor$Worker.run(ThreadPoolExecutor.java:624)
09-19 15:23:51.593  1489  1909 W AiAiBesties: 	at mtj.run(PG:221)
09-19 15:23:51.593  1489  1909 W AiAiBesties: 	at java.lang.Thread.run(Thread.java:1572)
09-19 15:23:51.595  1489  1909 I AiAiVC  : Centralized allowlist: requested package com.google.android.googlequicksearchbox is in the allowlist
09-19 15:23:51.595  1489  1909 I AiAiVC  : Centralized allowlist: requested package com.google.android.apps.search.assistant.verticals.ambient.standalone is in the allowlist
09-19 15:23:51.595  1489  1909 I AiAiVC  : Centralized allowlist: requested package com.google.android.gms is in the allowlist
09-19 15:23:51.595  1489  1909 I AiAiVC  : Centralized allowlist: requested package com.google.android.deskclock is in the allowlist
09-19 15:23:51.595  1489  1909 I AiAiVC  : Centralized allowlist: requested package com.google.android.apps.wellbeing is in the allowlist
09-19 15:23:51.595  1489  1909 I AiAiVC  : Centralized allowlist: requested package com.google.android.apps.messaging is in the allowlist
09-19 15:23:51.595  1489  1909 I AiAiVC  : Centralized allowlist: requested package com.google.android.apps.maps is in the allowlist
09-19 15:23:51.595  1489  1909 I AiAiVC  : Centralized allowlist: requested package com.google.android.dialer is in the allowlist
09-19 15:23:51.595  1489  1909 I AiAiVC  : Centralized allowlist: requested package com.google.android.apps.recorder is in the allowlist
09-19 15:23:51.595  1489  1909 I AiAiVC  : Centralized allowlist: requested package com.google.android.inputmethod.latin is in the allowlist
09-19 15:23:51.595  1489  1909 I AiAiVC  : Centralized allowlist: requested package com.google.android.inputmethod.latin.dev is in the allowlist
09-19 15:23:51.595  1489  1909 I AiAiVC  : Centralized allowlist: requested package com.google.android.inputmethod.latin.canary is in the allowlist
09-19 15:23:51.595  1489  1909 I AiAiVC  : Centralized allowlist: requested package com.whatsapp is in the allowlist
09-19 15:23:51.595  1489  1909 I AiAiVC  : Centralized allowlist: requested package jp.naver.line.android is in the allowlist
09-19 15:23:51.595  1489  1909 I AiAiVC  : Centralized allowlist: requested package org.thoughtcrime.securesms is in the allowlist
09-19 15:23:51.595  1489  1909 I AiAiVC  : Centralized allowlist: requested package com.google.android.apps.miphone.aiai.autofill.testapps.autofillapp is in the allowlist
09-19 15:23:51.595  1489  1909 I AiAiVC  : Centralized allowlist: requested package com.google.android.apps.miphone.aiai.translate.testapps.chatapp is in the allowlist
09-19 15:23:51.595  1489  1909 I AiAiVC  : Centralized allowlist: requested component com.google.android.gm/com.google.android.gm.ConversationListActivityGmail is in the allowlist
09-19 15:23:51.595  1489  1909 I AiAiVC  : Centralized allowlist: requested component com.google.android.gm/com.google.android.gm.ComposeActivityGmail is in the allowlist
09-19 15:23:51.595  1489  1909 I AiAiVC  : Centralized allowlist: requested component com.android.chrome/com.google.android.apps.chrome.Main is in the allowlist
09-19 15:23:51.595  1489  1909 I AiAiVC  : Centralized allowlist: requested component com.google.android.apps.youtube.music/com.google.android.apps.youtube.music.activities.MusicActivity is in the allowlist
09-19 15:23:51.595  1489  1909 I AiAiVC  : Centralized allowlist: requested component com.google.android.youtube/com.google.android.apps.youtube.app.watchwhile.WatchWhileActivity is in the allowlist
09-19 15:23:51.597  1489  1909 W AiAiBesties: providePipelineSetup: Error fetching APK Info for [com.google.android.apps.pixel.relationships].
09-19 15:23:51.597  1489  1909 W AiAiBesties: android.content.pm.PackageManager$NameNotFoundException: com.google.android.apps.pixel.relationships
09-19 15:23:51.597  1489  1909 W AiAiBesties: 	at android.app.ApplicationPackageManager.getPackageInfoAsUser(ApplicationPackageManager.java:293)
09-19 15:23:51.597  1489  1909 W AiAiBesties: 	at android.app.ApplicationPackageManager.getPackageInfo(ApplicationPackageManager.java:253)
09-19 15:23:51.597  1489  1909 W AiAiBesties: 	at android.app.ApplicationPackageManager.getPackageInfo(ApplicationPackageManager.java:247)
09-19 15:23:51.597  1489  1909 W AiAiBesties: 	at jls.a(PG:36)
09-19 15:23:51.597  1489  1909 W AiAiBesties: 	at web.a(PG:98)
09-19 15:23:51.597  1489  1909 W AiAiBesties: 	at wei.p(PG:80)
09-19 15:23:51.597  1489  1909 W AiAiBesties: 	at wei.e(PG:7)
09-19 15:23:51.597  1489  1909 W AiAiBesties: 	at wdh.run(PG:5)
09-19 15:23:51.597  1489  1909 W AiAiBesties: 	at java.util.concurrent.Executors$RunnableAdapter.call(Executors.java:520)
09-19 15:23:51.597  1489  1909 W AiAiBesties: 	at adyv.a(PG:3)
09-19 15:23:51.597  1489  1909 W AiAiBesties: 	at adxy.run(PG:19)
09-19 15:23:51.597  1489  1909 W AiAiBesties: 	at adyw.run(PG:5)
09-19 15:23:51.597  1489  1909 W AiAiBesties: 	at java.util.concurrent.Executors$RunnableAdapter.call(Executors.java:520)
09-19 15:23:51.597  1489  1909 W AiAiBesties: 	at java.util.concurrent.FutureTask.run(FutureTask.java:328)
09-19 15:23:51.597  1489  1909 W AiAiBesties: 	at java.util.concurrent.ScheduledThreadPoolExecutor$ScheduledFutureTask.run(ScheduledThreadPoolExecutor.java:323)
09-19 15:23:51.597  1489  1909 W AiAiBesties: 	at java.util.concurrent.ThreadPoolExecutor.runWorker(ThreadPoolExecutor.java:1100)
09-19 15:23:51.597  1489  1909 W AiAiBesties: 	at java.util.concurrent.ThreadPoolExecutor$Worker.run(ThreadPoolExecutor.java:624)
09-19 15:23:51.597  1489  1909 W AiAiBesties: 	at mtj.run(PG:221)
09-19 15:23:51.597  1489  1909 W AiAiBesties: 	at java.lang.Thread.run(Thread.java:1572)
09-19 15:23:51.599  1489  1909 I AiAiVC  : Centralized allowlist: requested package com.google.android.googlequicksearchbox is in the allowlist
09-19 15:23:51.599  1489  1909 I AiAiVC  : Centralized allowlist: requested package com.google.android.apps.search.assistant.verticals.ambient.standalone is in the allowlist
09-19 15:23:51.599  1489  1909 I AiAiVC  : Centralized allowlist: requested package com.google.android.gms is in the allowlist
09-19 15:23:51.599  1489  1909 I AiAiVC  : Centralized allowlist: requested package com.google.android.deskclock is in the allowlist
09-19 15:23:51.599  1489  1909 I AiAiVC  : Centralized allowlist: requested package com.google.android.apps.wellbeing is in the allowlist
09-19 15:23:51.599  1489  1909 I AiAiVC  : Centralized allowlist: requested package com.google.android.apps.messaging is in the allowlist
09-19 15:23:51.599  1489  1909 I AiAiVC  : Centralized allowlist: requested package com.google.android.apps.maps is in the allowlist
09-19 15:23:51.599  1489  1909 I AiAiVC  : Centralized allowlist: requested package com.google.android.dialer is in the allowlist
09-19 15:23:51.599  1489  1909 I AiAiVC  : Centralized allowlist: requested package com.google.android.apps.recorder is in the allowlist
09-19 15:23:51.599  1489  1909 I AiAiVC  : Centralized allowlist: requested package com.google.android.inputmethod.latin is in the allowlist
09-19 15:23:51.599  1489  1909 I AiAiVC  : Centralized allowlist: requested package com.google.android.inputmethod.latin.dev is in the allowlist
09-19 15:23:51.599  1489  1909 I AiAiVC  : Centralized allowlist: requested package com.google.android.inputmethod.latin.canary is in the allowlist
09-19 15:23:51.599  1489  1909 I AiAiVC  : Centralized allowlist: requested package com.whatsapp is in the allowlist
09-19 15:23:51.599  1489  1909 I AiAiVC  : Centralized allowlist: requested package jp.naver.line.android is in the allowlist
09-19 15:23:51.599  1489  1909 I AiAiVC  : Centralized allowlist: requested package org.thoughtcrime.securesms is in the allowlist
09-19 15:23:51.599  1489  1909 I AiAiVC  : Centralized allowlist: requested package com.google.android.apps.miphone.aiai.autofill.testapps.autofillapp is in the allowlist
09-19 15:23:51.599  1489  1909 I AiAiVC  : Centralized allowlist: requested package com.google.android.apps.miphone.aiai.translate.testapps.chatapp is in the allowlist
09-19 15:23:51.599  1489  1909 I AiAiVC  : Centralized allowlist: requested component com.google.android.gm/com.google.android.gm.ConversationListActivityGmail is in the allowlist
09-19 15:23:51.599  1489  1909 I AiAiVC  : Centralized allowlist: requested component com.google.android.gm/com.google.android.gm.ComposeActivityGmail is in the allowlist
09-19 15:23:51.599  1489  1909 I AiAiVC  : Centralized allowlist: requested component com.android.chrome/com.google.android.apps.chrome.Main is in the allowlist
09-19 15:23:51.599  1489  1909 I AiAiVC  : Centralized allowlist: requested component com.google.android.apps.youtube.music/com.google.android.apps.youtube.music.activities.MusicActivity is in the allowlist
09-19 15:23:51.599  1489  1909 I AiAiVC  : Centralized allowlist: requested component com.google.android.youtube/com.google.android.apps.youtube.app.watchwhile.WatchWhileActivity is in the allowlist
09-19 15:23:51.600  1489  1909 W AiAiBesties: providePipelineSetup: Error fetching APK Info for [com.google.android.apps.pixel.relationships].
09-19 15:23:51.600  1489  1909 W AiAiBesties: android.content.pm.PackageManager$NameNotFoundException: com.google.android.apps.pixel.relationships
09-19 15:23:51.600  1489  1909 W AiAiBesties: 	at android.app.ApplicationPackageManager.getPackageInfoAsUser(ApplicationPackageManager.java:293)
09-19 15:23:51.600  1489  1909 W AiAiBesties: 	at android.app.ApplicationPackageManager.getPackageInfo(ApplicationPackageManager.java:253)
09-19 15:23:51.600  1489  1909 W AiAiBesties: 	at android.app.ApplicationPackageManager.getPackageInfo(ApplicationPackageManager.java:247)
09-19 15:23:51.600  1489  1909 W AiAiBesties: 	at jls.a(PG:36)
09-19 15:23:51.600  1489  1909 W AiAiBesties: 	at web.a(PG:98)
09-19 15:23:51.600  1489  1909 W AiAiBesties: 	at wei.p(PG:80)
09-19 15:23:51.600  1489  1909 W AiAiBesties: 	at wei.e(PG:7)
09-19 15:23:51.600  1489  1909 W AiAiBesties: 	at wdh.run(PG:5)
09-19 15:23:51.600  1489  1909 W AiAiBesties: 	at java.util.concurrent.Executors$RunnableAdapter.call(Executors.java:520)
09-19 15:23:51.600  1489  1909 W AiAiBesties: 	at adyv.a(PG:3)
09-19 15:23:51.600  1489  1909 W AiAiBesties: 	at adxy.run(PG:19)
09-19 15:23:51.600  1489  1909 W AiAiBesties: 	at adyw.run(PG:5)
09-19 15:23:51.600  1489  1909 W AiAiBesties: 	at java.util.concurrent.Executors$RunnableAdapter.call(Executors.java:520)
09-19 15:23:51.600  1489  1909 W AiAiBesties: 	at java.util.concurrent.FutureTask.run(FutureTask.java:328)
09-19 15:23:51.600  1489  1909 W AiAiBesties: 	at java.util.concurrent.ScheduledThreadPoolExecutor$ScheduledFutureTask.run(ScheduledThreadPoolExecutor.java:323)
09-19 15:23:51.600  1489  1909 W AiAiBesties: 	at java.util.concurrent.ThreadPoolExecutor.runWorker(ThreadPoolExecutor.java:1100)
09-19 15:23:51.600  1489  1909 W AiAiBesties: 	at java.util.concurrent.ThreadPoolExecutor$Worker.run(ThreadPoolExecutor.java:624)
09-19 15:23:51.600  1489  1909 W AiAiBesties: 	at mtj.run(PG:221)
09-19 15:23:51.600  1489  1909 W AiAiBesties: 	at java.lang.Thread.run(Thread.java:1572)
09-19 15:23:51.600  1651  1651 D BoundBrokerSvc: onBind: Intent { act=com.google.android.gms.common.BIND_SHARED_PREFS xflg=0x4 pkg=com.google.android.gms }
09-19 15:23:51.601  1651  1651 D BoundBrokerSvc: Loading bound service for intent: Intent { act=com.google.android.gms.common.BIND_SHARED_PREFS xflg=0x4 pkg=com.google.android.gms }
09-19 15:23:51.601  1489  1909 I AiAiVC  : Centralized allowlist: requested package com.google.android.googlequicksearchbox is in the allowlist
09-19 15:23:51.601  1489  1909 I AiAiVC  : Centralized allowlist: requested package com.google.android.apps.search.assistant.verticals.ambient.standalone is in the allowlist
09-19 15:23:51.601  1489  1909 I AiAiVC  : Centralized allowlist: requested package com.google.android.gms is in the allowlist
09-19 15:23:51.601  1489  1909 I AiAiVC  : Centralized allowlist: requested package com.google.android.deskclock is in the allowlist
09-19 15:23:51.601  1489  1909 I AiAiVC  : Centralized allowlist: requested package com.google.android.apps.wellbeing is in the allowlist
09-19 15:23:51.601  1489  1909 I AiAiVC  : Centralized allowlist: requested package com.google.android.apps.messaging is in the allowlist
09-19 15:23:51.601  1489  1909 I AiAiVC  : Centralized allowlist: requested package com.google.android.apps.maps is in the allowlist
09-19 15:23:51.601  1489  1909 I AiAiVC  : Centralized allowlist: requested package com.google.android.dialer is in the allowlist
09-19 15:23:51.601  1489  1909 I AiAiVC  : Centralized allowlist: requested package com.google.android.apps.recorder is in the allowlist
09-19 15:23:51.601  1489  1909 I AiAiVC  : Centralized allowlist: requested package com.google.android.inputmethod.latin is in the allowlist
09-19 15:23:51.601  1489  1909 I AiAiVC  : Centralized allowlist: requested package com.google.android.inputmethod.latin.dev is in the allowlist
09-19 15:23:51.601  1489  1909 I AiAiVC  : Centralized allowlist: requested package com.google.android.inputmethod.latin.canary is in the allowlist
09-19 15:23:51.601  1489  1909 I AiAiVC  : Centralized allowlist: requested package com.whatsapp is in the allowlist
09-19 15:23:51.601  1489  1909 I AiAiVC  : Centralized allowlist: requested package jp.naver.line.android is in the allowlist
09-19 15:23:51.601  1489  1909 I AiAiVC  : Centralized allowlist: requested package org.thoughtcrime.securesms is in the allowlist
09-19 15:23:51.601  1489  1909 I AiAiVC  : Centralized allowlist: requested package com.google.android.apps.miphone.aiai.autofill.testapps.autofillapp is in the allowlist
09-19 15:23:51.601  1489  1909 I AiAiVC  : Centralized allowlist: requested package com.google.android.apps.miphone.aiai.translate.testapps.chatapp is in the allowlist
09-19 15:23:51.601  1489  1909 I AiAiVC  : Centralized allowlist: requested component com.google.android.gm/com.google.android.gm.ConversationListActivityGmail is in the allowlist
09-19 15:23:51.601  1489  1909 I AiAiVC  : Centralized allowlist: requested component com.google.android.gm/com.google.android.gm.ComposeActivityGmail is in the allowlist
09-19 15:23:51.601  1489  1909 I AiAiVC  : Centralized allowlist: requested component com.android.chrome/com.google.android.apps.chrome.Main is in the allowlist
09-19 15:23:51.601  1489  1909 I AiAiVC  : Centralized allowlist: requested component com.google.android.apps.youtube.music/com.google.android.apps.youtube.music.activities.MusicActivity is in the allowlist
09-19 15:23:51.601  1489  1909 I AiAiVC  : Centralized allowlist: requested component com.google.android.youtube/com.google.android.apps.youtube.app.watchwhile.WatchWhileActivity is in the allowlist
09-19 15:23:51.602  1489  1909 W AiAiBesties: providePipelineSetup: Error fetching APK Info for [com.google.android.apps.pixel.relationships].
09-19 15:23:51.602  1489  1909 W AiAiBesties: android.content.pm.PackageManager$NameNotFoundException: com.google.android.apps.pixel.relationships
09-19 15:23:51.602  1489  1909 W AiAiBesties: 	at android.app.ApplicationPackageManager.getPackageInfoAsUser(ApplicationPackageManager.java:293)
09-19 15:23:51.602  1489  1909 W AiAiBesties: 	at android.app.ApplicationPackageManager.getPackageInfo(ApplicationPackageManager.java:253)
09-19 15:23:51.602  1489  1909 W AiAiBesties: 	at android.app.ApplicationPackageManager.getPackageInfo(ApplicationPackageManager.java:247)
09-19 15:23:51.602  1489  1909 W AiAiBesties: 	at jls.a(PG:36)
09-19 15:23:51.602  1489  1909 W AiAiBesties: 	at web.a(PG:98)
09-19 15:23:51.602  1489  1909 W AiAiBesties: 	at wei.p(PG:80)
09-19 15:23:51.602  1489  1909 W AiAiBesties: 	at wei.e(PG:7)
09-19 15:23:51.602  1489  1909 W AiAiBesties: 	at wdh.run(PG:5)
09-19 15:23:51.602  1489  1909 W AiAiBesties: 	at java.util.concurrent.Executors$RunnableAdapter.call(Executors.java:520)
09-19 15:23:51.602  1489  1909 W AiAiBesties: 	at adyv.a(PG:3)
09-19 15:23:51.602  1489  1909 W AiAiBesties: 	at adxy.run(PG:19)
09-19 15:23:51.602  1489  1909 W AiAiBesties: 	at adyw.run(PG:5)
09-19 15:23:51.602  1489  1909 W AiAiBesties: 	at java.util.concurrent.Executors$RunnableAdapter.call(Executors.java:520)
09-19 15:23:51.602  1489  1909 W AiAiBesties: 	at java.util.concurrent.FutureTask.run(FutureTask.java:328)
09-19 15:23:51.602  1489  1909 W AiAiBesties: 	at java.util.concurrent.ScheduledThreadPoolExecutor$ScheduledFutureTask.run(ScheduledThreadPoolExecutor.java:323)
09-19 15:23:51.602  1489  1909 W AiAiBesties: 	at java.util.concurrent.ThreadPoolExecutor.runWorker(ThreadPoolExecutor.java:1100)
09-19 15:23:51.602  1489  1909 W AiAiBesties: 	at java.util.concurrent.ThreadPoolExecutor$Worker.run(ThreadPoolExecutor.java:624)
09-19 15:23:51.602  1489  1909 W AiAiBesties: 	at mtj.run(PG:221)
09-19 15:23:51.602  1489  1909 W AiAiBesties: 	at java.lang.Thread.run(Thread.java:1572)
09-19 15:23:51.604   491   588 W skia    : AGTM parsing failed flags.readFromStream(s) at 159
09-19 15:23:51.604   491   588 W skia    : AGTM parsing failed flags.readFromStream(s) at 159
09-19 15:23:51.604   491   588 W skia    : AGTM parsing failed flags.readFromStream(s) at 159
09-19 15:23:51.604   491   588 W skia    : AGTM parsing failed flags.readFromStream(s) at 159
09-19 15:23:51.604   491   588 W skia    : AGTM parsing failed flags.readFromStream(s) at 159
09-19 15:23:51.606   645  2004 D CorePackageUpdate: Couldn't find a persistent state for task= 145
09-19 15:23:51.609  1489  1909 I AiAiVC  : Centralized allowlist: requested package com.google.android.googlequicksearchbox is in the allowlist
09-19 15:23:51.610  1489  1909 I AiAiVC  : Centralized allowlist: requested package com.google.android.apps.search.assistant.verticals.ambient.standalone is in the allowlist
09-19 15:23:51.610  1489  1909 I AiAiVC  : Centralized allowlist: requested package com.google.android.gms is in the allowlist
09-19 15:23:51.610  1489  1909 I AiAiVC  : Centralized allowlist: requested package com.google.android.deskclock is in the allowlist
09-19 15:23:51.610  1489  1909 I AiAiVC  : Centralized allowlist: requested package com.google.android.apps.wellbeing is in the allowlist
09-19 15:23:51.610  1489  1909 I AiAiVC  : Centralized allowlist: requested package com.google.android.apps.messaging is in the allowlist
09-19 15:23:51.610  1489  1909 I AiAiVC  : Centralized allowlist: requested package com.google.android.apps.maps is in the allowlist
09-19 15:23:51.610  1489  1909 I AiAiVC  : Centralized allowlist: requested package com.google.android.dialer is in the allowlist
09-19 15:23:51.610  1489  1909 I AiAiVC  : Centralized allowlist: requested package com.google.android.apps.recorder is in the allowlist
09-19 15:23:51.610  1489  1909 I AiAiVC  : Centralized allowlist: requested package com.google.android.inputmethod.latin is in the allowlist
09-19 15:23:51.610  1489  1909 I AiAiVC  : Centralized allowlist: requested package com.google.android.inputmethod.latin.dev is in the allowlist
09-19 15:23:51.610  1489  1909 I AiAiVC  : Centralized allowlist: requested package com.google.android.inputmethod.latin.canary is in the allowlist
09-19 15:23:51.610  1489  1909 I AiAiVC  : Centralized allowlist: requested package com.whatsapp is in the allowlist
09-19 15:23:51.610  1489  1909 I AiAiVC  : Centralized allowlist: requested package jp.naver.line.android is in the allowlist
09-19 15:23:51.610  1489  1909 I AiAiVC  : Centralized allowlist: requested package org.thoughtcrime.securesms is in the allowlist
09-19 15:23:51.610  1489  1909 I AiAiVC  : Centralized allowlist: requested package com.google.android.apps.miphone.aiai.autofill.testapps.autofillapp is in the allowlist
09-19 15:23:51.610  1489  1909 I AiAiVC  : Centralized allowlist: requested package com.google.android.apps.miphone.aiai.translate.testapps.chatapp is in the allowlist
09-19 15:23:51.610  1489  1909 I AiAiVC  : Centralized allowlist: requested component com.google.android.gm/com.google.android.gm.ConversationListActivityGmail is in the allowlist
09-19 15:23:51.610  1489  1909 I AiAiVC  : Centralized allowlist: requested component com.google.android.gm/com.google.android.gm.ComposeActivityGmail is in the allowlist
09-19 15:23:51.610  1489  1909 I AiAiVC  : Centralized allowlist: requested component com.android.chrome/com.google.android.apps.chrome.Main is in the allowlist
09-19 15:23:51.610  1489  1909 I AiAiVC  : Centralized allowlist: requested component com.google.android.apps.youtube.music/com.google.android.apps.youtube.music.activities.MusicActivity is in the allowlist
09-19 15:23:51.610  1489  1909 I AiAiVC  : Centralized allowlist: requested component com.google.android.youtube/com.google.android.apps.youtube.app.watchwhile.WatchWhileActivity is in the allowlist
09-19 15:23:51.610  1651 21465 W SQLiteLog: (28) double-quoted string literal: "com.example.rune_nexus.godotpreview"
09-19 15:23:51.611  1489  1909 W AiAiBesties: providePipelineSetup: Error fetching APK Info for [com.google.android.apps.pixel.relationships].
09-19 15:23:51.611  1489  1909 W AiAiBesties: android.content.pm.PackageManager$NameNotFoundException: com.google.android.apps.pixel.relationships
09-19 15:23:51.611  1489  1909 W AiAiBesties: 	at android.app.ApplicationPackageManager.getPackageInfoAsUser(ApplicationPackageManager.java:293)
09-19 15:23:51.611  1489  1909 W AiAiBesties: 	at android.app.ApplicationPackageManager.getPackageInfo(ApplicationPackageManager.java:253)
09-19 15:23:51.611  1489  1909 W AiAiBesties: 	at android.app.ApplicationPackageManager.getPackageInfo(ApplicationPackageManager.java:247)
09-19 15:23:51.611  1489  1909 W AiAiBesties: 	at jls.a(PG:36)
09-19 15:23:51.611  1489  1909 W AiAiBesties: 	at web.a(PG:98)
09-19 15:23:51.611  1489  1909 W AiAiBesties: 	at wei.p(PG:80)
09-19 15:23:51.611  1489  1909 W AiAiBesties: 	at wei.e(PG:7)
09-19 15:23:51.611  1489  1909 W AiAiBesties: 	at wdh.run(PG:5)
09-19 15:23:51.611  1489  1909 W AiAiBesties: 	at java.util.concurrent.Executors$RunnableAdapter.call(Executors.java:520)
09-19 15:23:51.611  1489  1909 W AiAiBesties: 	at adyv.a(PG:3)
09-19 15:23:51.611  1489  1909 W AiAiBesties: 	at adxy.run(PG:19)
09-19 15:23:51.611  1489  1909 W AiAiBesties: 	at adyw.run(PG:5)
09-19 15:23:51.611  1489  1909 W AiAiBesties: 	at java.util.concurrent.Executors$RunnableAdapter.call(Executors.java:520)
09-19 15:23:51.611  1489  1909 W AiAiBesties: 	at java.util.concurrent.FutureTask.run(FutureTask.java:328)
09-19 15:23:51.611  1489  1909 W AiAiBesties: 	at java.util.concurrent.ScheduledThreadPoolExecutor$ScheduledFutureTask.run(ScheduledThreadPoolExecutor.java:323)
09-19 15:23:51.611  1489  1909 W AiAiBesties: 	at java.util.concurrent.ThreadPoolExecutor.runWorker(ThreadPoolExecutor.java:1100)
09-19 15:23:51.611  1489  1909 W AiAiBesties: 	at java.util.concurrent.ThreadPoolExecutor$Worker.run(ThreadPoolExecutor.java:624)
09-19 15:23:51.611  1489  1909 W AiAiBesties: 	at mtj.run(PG:221)
09-19 15:23:51.611  1489  1909 W AiAiBesties: 	at java.lang.Thread.run(Thread.java:1572)
09-19 15:23:51.613  1489  1909 I AiAiVC  : Centralized allowlist: requested package com.google.android.googlequicksearchbox is in the allowlist
09-19 15:23:51.613  1489  1909 I AiAiVC  : Centralized allowlist: requested package com.google.android.apps.search.assistant.verticals.ambient.standalone is in the allowlist
09-19 15:23:51.613  1489  1909 I AiAiVC  : Centralized allowlist: requested package com.google.android.gms is in the allowlist
09-19 15:23:51.613  1489  1909 I AiAiVC  : Centralized allowlist: requested package com.google.android.deskclock is in the allowlist
09-19 15:23:51.613  1489  1909 I AiAiVC  : Centralized allowlist: requested package com.google.android.apps.wellbeing is in the allowlist
09-19 15:23:51.613  1489  1909 I AiAiVC  : Centralized allowlist: requested package com.google.android.apps.messaging is in the allowlist
09-19 15:23:51.614  1489  1909 I AiAiVC  : Centralized allowlist: requested package com.google.android.apps.maps is in the allowlist
09-19 15:23:51.614  1489  1909 I AiAiVC  : Centralized allowlist: requested package com.google.android.dialer is in the allowlist
09-19 15:23:51.614  1489  1909 I AiAiVC  : Centralized allowlist: requested package com.google.android.apps.recorder is in the allowlist
09-19 15:23:51.614  1489  1909 I AiAiVC  : Centralized allowlist: requested package com.google.android.inputmethod.latin is in the allowlist
09-19 15:23:51.614  1489  1909 I AiAiVC  : Centralized allowlist: requested package com.google.android.inputmethod.latin.dev is in the allowlist
09-19 15:23:51.614  1489  1909 I AiAiVC  : Centralized allowlist: requested package com.google.android.inputmethod.latin.canary is in the allowlist
09-19 15:23:51.614  1489  1909 I AiAiVC  : Centralized allowlist: requested package com.whatsapp is in the allowlist
09-19 15:23:51.614  1489  1909 I AiAiVC  : Centralized allowlist: requested package jp.naver.line.android is in the allowlist
09-19 15:23:51.614  1489  1909 I AiAiVC  : Centralized allowlist: requested package org.thoughtcrime.securesms is in the allowlist
09-19 15:23:51.614  1489  1909 I AiAiVC  : Centralized allowlist: requested package com.google.android.apps.miphone.aiai.autofill.testapps.autofillapp is in the allowlist
09-19 15:23:51.614  1489  1909 I AiAiVC  : Centralized allowlist: requested package com.google.android.apps.miphone.aiai.translate.testapps.chatapp is in the allowlist
09-19 15:23:51.614  1489  1909 I AiAiVC  : Centralized allowlist: requested component com.google.android.gm/com.google.android.gm.ConversationListActivityGmail is in the allowlist
09-19 15:23:51.614  1489  1909 I AiAiVC  : Centralized allowlist: requested component com.google.android.gm/com.google.android.gm.ComposeActivityGmail is in the allowlist
09-19 15:23:51.614  1489  1909 I AiAiVC  : Centralized allowlist: requested component com.android.chrome/com.google.android.apps.chrome.Main is in the allowlist
09-19 15:23:51.614  1489  1909 I AiAiVC  : Centralized allowlist: requested component com.google.android.apps.youtube.music/com.google.android.apps.youtube.music.activities.MusicActivity is in the allowlist
09-19 15:23:51.614  1489  1909 I AiAiVC  : Centralized allowlist: requested component com.google.android.youtube/com.google.android.apps.youtube.app.watchwhile.WatchWhileActivity is in the allowlist
09-19 15:23:51.622  1489  1909 W AiAiBesties: providePipelineSetup: Error fetching APK Info for [com.google.android.apps.pixel.relationships].
09-19 15:23:51.622  1489  1909 W AiAiBesties: android.content.pm.PackageManager$NameNotFoundException: com.google.android.apps.pixel.relationships
09-19 15:23:51.622  1489  1909 W AiAiBesties: 	at android.app.ApplicationPackageManager.getPackageInfoAsUser(ApplicationPackageManager.java:293)
09-19 15:23:51.622  1489  1909 W AiAiBesties: 	at android.app.ApplicationPackageManager.getPackageInfo(ApplicationPackageManager.java:253)
09-19 15:23:51.622  1489  1909 W AiAiBesties: 	at android.app.ApplicationPackageManager.getPackageInfo(ApplicationPackageManager.java:247)
09-19 15:23:51.622  1489  1909 W AiAiBesties: 	at jls.a(PG:36)
09-19 15:23:51.622  1489  1909 W AiAiBesties: 	at web.a(PG:98)
09-19 15:23:51.622  1489  1909 W AiAiBesties: 	at wei.p(PG:80)
09-19 15:23:51.622  1489  1909 W AiAiBesties: 	at wei.e(PG:7)
09-19 15:23:51.622  1489  1909 W AiAiBesties: 	at wdh.run(PG:5)
09-19 15:23:51.622  1489  1909 W AiAiBesties: 	at java.util.concurrent.Executors$RunnableAdapter.call(Executors.java:520)
09-19 15:23:51.622  1489  1909 W AiAiBesties: 	at adyv.a(PG:3)
09-19 15:23:51.622  1489  1909 W AiAiBesties: 	at adxy.run(PG:19)
09-19 15:23:51.622  1489  1909 W AiAiBesties: 	at adyw.run(PG:5)
09-19 15:23:51.622  1489  1909 W AiAiBesties: 	at java.util.concurrent.Executors$RunnableAdapter.call(Executors.java:520)
09-19 15:23:51.622  1489  1909 W AiAiBesties: 	at java.util.concurrent.FutureTask.run(FutureTask.java:328)
09-19 15:23:51.622  1489  1909 W AiAiBesties: 	at java.util.concurrent.ScheduledThreadPoolExecutor$ScheduledFutureTask.run(ScheduledThreadPoolExecutor.java:323)
09-19 15:23:51.622  1489  1909 W AiAiBesties: 	at java.util.concurrent.ThreadPoolExecutor.runWorker(ThreadPoolExecutor.java:1100)
09-19 15:23:51.622  1489  1909 W AiAiBesties: 	at java.util.concurrent.ThreadPoolExecutor$Worker.run(ThreadPoolExecutor.java:624)
09-19 15:23:51.622  1489  1909 W AiAiBesties: 	at mtj.run(PG:221)
09-19 15:23:51.622  1489  1909 W AiAiBesties: 	at java.lang.Thread.run(Thread.java:1572)
09-19 15:23:51.629   491   588 W skia    : AGTM parsing failed flags.readFromStream(s) at 159
09-19 15:23:51.651  1651 21464 I NearbyDiscovery: processGrantSlicePermission: com.example.rune_nexus.godotpreview [CONTEXT service_id=265 ]
09-19 15:23:51.656  1489  1496 W ogle.android.as: Reducing the number of considered missed Gc histogram windows from 137 to 100
09-19 15:23:51.662   645  1153 I PackageManager: getInstalledPackages: callingUid=10222 flags=0 updatedFlags=786432 userId=0
09-19 15:23:51.663  1489  1909 I AiAiVC  : Centralized allowlist: requested package com.google.android.googlequicksearchbox is in the allowlist
09-19 15:23:51.663  1489  1909 I AiAiVC  : Centralized allowlist: requested package com.google.android.apps.search.assistant.verticals.ambient.standalone is in the allowlist
09-19 15:23:51.663  1489  1909 I AiAiVC  : Centralized allowlist: requested package com.google.android.gms is in the allowlist
09-19 15:23:51.663  1489  1909 I AiAiVC  : Centralized allowlist: requested package com.google.android.deskclock is in the allowlist
09-19 15:23:51.663  1489  1909 I AiAiVC  : Centralized allowlist: requested package com.google.android.apps.wellbeing is in the allowlist
09-19 15:23:51.663  1489  1909 I AiAiVC  : Centralized allowlist: requested package com.google.android.apps.messaging is in the allowlist
09-19 15:23:51.664  1489  1909 I AiAiVC  : Centralized allowlist: requested package com.google.android.apps.maps is in the allowlist
09-19 15:23:51.664  1489  1909 I AiAiVC  : Centralized allowlist: requested package com.google.android.dialer is in the allowlist
09-19 15:23:51.664  1489  1909 I AiAiVC  : Centralized allowlist: requested package com.google.android.apps.recorder is in the allowlist
09-19 15:23:51.664  1489  1909 I AiAiVC  : Centralized allowlist: requested package com.google.android.inputmethod.latin is in the allowlist
09-19 15:23:51.664  1489  1909 I AiAiVC  : Centralized allowlist: requested package com.google.android.inputmethod.latin.dev is in the allowlist
09-19 15:23:51.664  1489  1909 I AiAiVC  : Centralized allowlist: requested package com.google.android.inputmethod.latin.canary is in the allowlist
09-19 15:23:51.664  1489  1909 I AiAiVC  : Centralized allowlist: requested package com.whatsapp is in the allowlist
09-19 15:23:51.664  1489  1909 I AiAiVC  : Centralized allowlist: requested package jp.naver.line.android is in the allowlist
09-19 15:23:51.664  1489  1909 I AiAiVC  : Centralized allowlist: requested package org.thoughtcrime.securesms is in the allowlist
09-19 15:23:51.664  1489  1909 I AiAiVC  : Centralized allowlist: requested package com.google.android.apps.miphone.aiai.autofill.testapps.autofillapp is in the allowlist
09-19 15:23:51.664  1489  1909 I AiAiVC  : Centralized allowlist: requested package com.google.android.apps.miphone.aiai.translate.testapps.chatapp is in the allowlist
09-19 15:23:51.664  1489  1909 I AiAiVC  : Centralized allowlist: requested component com.google.android.gm/com.google.android.gm.ConversationListActivityGmail is in the allowlist
09-19 15:23:51.664  1489  1909 I AiAiVC  : Centralized allowlist: requested component com.google.android.gm/com.google.android.gm.ComposeActivityGmail is in the allowlist
09-19 15:23:51.664  1489  1909 I AiAiVC  : Centralized allowlist: requested component com.android.chrome/com.google.android.apps.chrome.Main is in the allowlist
09-19 15:23:51.664  1489  1909 I AiAiVC  : Centralized allowlist: requested component com.google.android.apps.youtube.music/com.google.android.apps.youtube.music.activities.MusicActivity is in the allowlist
09-19 15:23:51.664  1489  1909 I AiAiVC  : Centralized allowlist: requested component com.google.android.youtube/com.google.android.apps.youtube.app.watchwhile.WatchWhileActivity is in the allowlist
09-19 15:23:51.665  1489  1909 W AiAiBesties: providePipelineSetup: Error fetching APK Info for [com.google.android.apps.pixel.relationships].
09-19 15:23:51.665  1489  1909 W AiAiBesties: android.content.pm.PackageManager$NameNotFoundException: com.google.android.apps.pixel.relationships
09-19 15:23:51.665  1489  1909 W AiAiBesties: 	at android.app.ApplicationPackageManager.getPackageInfoAsUser(ApplicationPackageManager.java:293)
09-19 15:23:51.665  1489  1909 W AiAiBesties: 	at android.app.ApplicationPackageManager.getPackageInfo(ApplicationPackageManager.java:253)
09-19 15:23:51.665  1489  1909 W AiAiBesties: 	at android.app.ApplicationPackageManager.getPackageInfo(ApplicationPackageManager.java:247)
09-19 15:23:51.665  1489  1909 W AiAiBesties: 	at jls.a(PG:36)
09-19 15:23:51.665  1489  1909 W AiAiBesties: 	at web.a(PG:98)
09-19 15:23:51.665  1489  1909 W AiAiBesties: 	at wei.p(PG:80)
09-19 15:23:51.665  1489  1909 W AiAiBesties: 	at wei.e(PG:7)
09-19 15:23:51.665  1489  1909 W AiAiBesties: 	at wdh.run(PG:5)
09-19 15:23:51.665  1489  1909 W AiAiBesties: 	at java.util.concurrent.Executors$RunnableAdapter.call(Executors.java:520)
09-19 15:23:51.665  1489  1909 W AiAiBesties: 	at adyv.a(PG:3)
09-19 15:23:51.665  1489  1909 W AiAiBesties: 	at adxy.run(PG:19)
09-19 15:23:51.665  1489  1909 W AiAiBesties: 	at adyw.run(PG:5)
09-19 15:23:51.665  1489  1909 W AiAiBesties: 	at java.util.concurrent.Executors$RunnableAdapter.call(Executors.java:520)
09-19 15:23:51.665  1489  1909 W AiAiBesties: 	at java.util.concurrent.FutureTask.run(FutureTask.java:328)
09-19 15:23:51.665  1489  1909 W AiAiBesties: 	at java.util.concurrent.ScheduledThreadPoolExecutor$ScheduledFutureTask.run(ScheduledThreadPoolExecutor.java:323)
09-19 15:23:51.665  1489  1909 W AiAiBesties: 	at java.util.concurrent.ThreadPoolExecutor.runWorker(ThreadPoolExecutor.java:1100)
09-19 15:23:51.665  1489  1909 W AiAiBesties: 	at java.util.concurrent.ThreadPoolExecutor$Worker.run(ThreadPoolExecutor.java:624)
09-19 15:23:51.665  1489  1909 W AiAiBesties: 	at mtj.run(PG:221)
09-19 15:23:51.665  1489  1909 W AiAiBesties: 	at java.lang.Thread.run(Thread.java:1572)
09-19 15:23:51.668  1489  1909 I AiAiVC  : Centralized allowlist: requested package com.google.android.googlequicksearchbox is in the allowlist
09-19 15:23:51.668  1489  1909 I AiAiVC  : Centralized allowlist: requested package com.google.android.apps.search.assistant.verticals.ambient.standalone is in the allowlist
09-19 15:23:51.668  1489  1909 I AiAiVC  : Centralized allowlist: requested package com.google.android.gms is in the allowlist
09-19 15:23:51.668  1489  1909 I AiAiVC  : Centralized allowlist: requested package com.google.android.deskclock is in the allowlist
09-19 15:23:51.669  1489  1909 I AiAiVC  : Centralized allowlist: requested package com.google.android.apps.wellbeing is in the allowlist
09-19 15:23:51.669  1489  1909 I AiAiVC  : Centralized allowlist: requested package com.google.android.apps.messaging is in the allowlist
09-19 15:23:51.672  1489  1909 I AiAiVC  : Centralized allowlist: requested package com.google.android.apps.maps is in the allowlist
09-19 15:23:51.672  1489  1909 I AiAiVC  : Centralized allowlist: requested package com.google.android.dialer is in the allowlist
09-19 15:23:51.672  1489  1909 I AiAiVC  : Centralized allowlist: requested package com.google.android.apps.recorder is in the allowlist
09-19 15:23:51.672  1489  1909 I AiAiVC  : Centralized allowlist: requested package com.google.android.inputmethod.latin is in the allowlist
09-19 15:23:51.672  1489  1909 I AiAiVC  : Centralized allowlist: requested package com.google.android.inputmethod.latin.dev is in the allowlist
09-19 15:23:51.672  1489  1909 I AiAiVC  : Centralized allowlist: requested package com.google.android.inputmethod.latin.canary is in the allowlist
09-19 15:23:51.672  1489  1909 I AiAiVC  : Centralized allowlist: requested package com.whatsapp is in the allowlist
09-19 15:23:51.672  1489  1909 I AiAiVC  : Centralized allowlist: requested package jp.naver.line.android is in the allowlist
09-19 15:23:51.672  1489  1909 I AiAiVC  : Centralized allowlist: requested package org.thoughtcrime.securesms is in the allowlist
09-19 15:23:51.672  1489  1909 I AiAiVC  : Centralized allowlist: requested package com.google.android.apps.miphone.aiai.autofill.testapps.autofillapp is in the allowlist
09-19 15:23:51.672  1489  1909 I AiAiVC  : Centralized allowlist: requested package com.google.android.apps.miphone.aiai.translate.testapps.chatapp is in the allowlist
09-19 15:23:51.672  1489  1909 I AiAiVC  : Centralized allowlist: requested component com.google.android.gm/com.google.android.gm.ConversationListActivityGmail is in the allowlist
09-19 15:23:51.672  1489  1909 I AiAiVC  : Centralized allowlist: requested component com.google.android.gm/com.google.android.gm.ComposeActivityGmail is in the allowlist
09-19 15:23:51.672  1489  1909 I AiAiVC  : Centralized allowlist: requested component com.android.chrome/com.google.android.apps.chrome.Main is in the allowlist
09-19 15:23:51.672  1489  1909 I AiAiVC  : Centralized allowlist: requested component com.google.android.apps.youtube.music/com.google.android.apps.youtube.music.activities.MusicActivity is in the allowlist
09-19 15:23:51.672  1489  1909 I AiAiVC  : Centralized allowlist: requested component com.google.android.youtube/com.google.android.apps.youtube.app.watchwhile.WatchWhileActivity is in the allowlist
09-19 15:23:51.705   491   588 W skia    : AGTM parsing failed flags.readFromStream(s) at 159
09-19 15:23:51.705   491   588 W skia    : AGTM parsing failed flags.readFromStream(s) at 159
09-19 15:23:51.705   491   588 W skia    : AGTM parsing failed flags.readFromStream(s) at 159
09-19 15:23:51.705   491   588 W skia    : AGTM parsing failed flags.readFromStream(s) at 159
09-19 15:23:51.705   491   588 W skia    : AGTM parsing failed flags.readFromStream(s) at 159
09-19 15:23:51.709  1031  1039 W s.nexuslauncher: Reducing the number of considered missed Gc histogram windows from 135 to 100
09-19 15:23:51.729   645  2005 I PackageManager: getInstalledPackages: callingUid=10222 flags=0 updatedFlags=786432 userId=0
09-19 15:23:51.731   645  1153 W ActivityManager: Skipping manifest association check for null package. SourceUid: 10222, SourcePkg: null, TargetUid: 10222, TargetPkg: com.google.android.gms
09-19 15:23:51.737   491   588 W skia    : AGTM parsing failed flags.readFromStream(s) at 159
09-19 15:23:51.754   906  1005 W Looper  : Slow dispatch took 235ms wmshell.anim app=com.android.systemui main=false group=TOP_APP h=android.view.Choreographer$FrameHandler c=android.view.Choreographer$FrameDisplayEventReceiver@f673053 m=0
09-19 15:23:51.755  1651  1651 D BoundBrokerSvc: onBind: Intent { act=com.google.android.gms.feedback.internal.IFeedbackService dat=chimera-action:/... xflg=0x4 cmp=com.google.android.gms/.chimera.GmsBoundBrokerService }
09-19 15:23:51.755  1651  1651 D BoundBrokerSvc: Loading bound service for intent: Intent { act=com.google.android.gms.feedback.internal.IFeedbackService dat=chimera-action:/... xflg=0x4 cmp=com.google.android.gms/.chimera.GmsBoundBrokerService }
09-19 15:23:51.755   906  1005 W Looper  : Slow delivery took 219ms wmshell.anim app=com.android.systemui main=false group=TOP_APP h=android.view.Choreographer$FrameHandler c=android.view.Choreographer$FrameDisplayEventReceiver@f673053 m=0
09-19 15:23:51.760   645  1228 W ActivityManager: Skipping manifest association check for null package. SourceUid: 10222, SourcePkg: null, TargetUid: 10222, TargetPkg: com.google.android.gms
09-19 15:23:51.771   906  1005 W Looper  : Drained
09-19 15:23:51.772 21446 21486 I DisplayManager: Choreographer implicitly registered for the refresh rate.
09-19 15:23:51.772   491   588 W skia    : AGTM parsing failed flags.readFromStream(s) at 159
09-19 15:23:51.772   491   588 W skia    : AGTM parsing failed flags.readFromStream(s) at 159
09-19 15:23:51.772   491   588 W skia    : AGTM parsing failed flags.readFromStream(s) at 159
09-19 15:23:51.772   491   588 W skia    : AGTM parsing failed flags.readFromStream(s) at 159
09-19 15:23:51.772   491   588 W skia    : AGTM parsing failed flags.readFromStream(s) at 159
09-19 15:23:51.773   906   973 V WindowManagerShell: Transition animation finished (aborted=false), notifying core (#517) android.os.BinderProxy@4bf1102@0
09-19 15:23:51.824  1428  1434 W .apps.wellbeing: Reducing the number of considered missed Gc histogram windows from 136 to 100
09-19 15:23:51.845   491   588 W skia    : AGTM parsing failed flags.readFromStream(s) at 159
09-19 15:23:51.858   645   666 V WindowManager: Finish Transition (#517): created at 09-19 15:23:50.733 collect-started=0.078ms request-sent=48.865ms started=179.751ms ready=407.148ms sent=412.801ms commit=42.238ms finished=1124.874ms
09-19 15:23:51.869   906   973 V WindowManagerShell: Track 0 became idle
09-19 15:23:51.869   906   973 V WindowManagerShell: All active transition animations finished
09-19 15:23:51.869   906   973 W Looper  : Slow dispatch took 96ms wmshell.main app=com.android.systemui main=false group=TOP_APP h=android.os.Handler c=com.android.wm.shell.transition.WindowAnimation$1$$ExternalSyntheticLambda0@787da0c m=0
09-19 15:23:51.894   645   882 I Surface : Creating surface for consumer unnamed-645-125 with slotExpansion=1 for 64 slots
09-19 15:23:51.894   645   882 I Surface : Creating surface for consumer ImageReader-864x1939f1m1-645-125 with slotExpansion=1 for 64 slots
09-19 15:23:51.894   645   882 W ImageReader_JNI: Unable to acquire a buffer item, very likely client tried to acquire more than maxImages buffers
09-19 15:23:51.922 20885 20885 D VRI[MainActivity]: visibilityChanged oldVisibility=true newVisibility=false
09-19 15:23:51.927   645   882 E ConsumerBase: [ImageReader-864x1939f1m1-645-125] abandonLocked: ConsumerBase is abandoned!
09-19 15:23:51.928   645  1228 W ActivityManager: Skipping manifest association check for null package. SourceUid: 10222, SourcePkg: null, TargetUid: 10222, TargetPkg: com.google.android.gms
09-19 15:23:51.945   491   588 W skia    : AGTM parsing failed flags.readFromStream(s) at 159
09-19 15:23:51.976 20885 20885 V VkSurfaceView: On surface destroyed
09-19 15:23:51.976 20885 20885 E Surface : [6299f97 SurfaceView[com.example.rune_nexus/com.example.rune_nexus.MainActivity]#3(BLAST Consumer)3](id:519500000006) clearBuffersForDisconnectLocked: 1 buffers were freed while being dequeued!
09-19 15:23:51.998 21446 21489 D nativeloader: Load /data/app/~~8NR8asiU6bulf9jCmEMiZg==/com.example.rune_nexus.godotpreview-zxfunmbrI_2x_4XcMTV9TQ==/base.apk!/lib/arm64-v8a/libflutter.so using class loader ns clns-9 (caller=/data/app/~~8NR8asiU6bulf9jCmEMiZg==/com.example.rune_nexus.godotpreview-zxfunmbrI_2x_4XcMTV9TQ==/base.apk): ok
09-19 15:23:52.004   645  1228 D FileUtils: Rounded bytes from 4105830400 to 8000000000
09-19 15:23:52.032 21446 21490 D skia    : [SkFontMgr Android Parser] '/product/etc/fonts_customization.xml' could not be opened
09-19 15:23:52.034 20885 20941 E Surface : [6299f97 SurfaceView[com.example.rune_nexus/com.example.rune_nexus.MainActivity]#3(BLAST Consumer)3-DISCONNECTED](id:0) Surface::queueBuffer given a leaked buffer! Deleting extra held reference.
09-19 15:23:52.041 21446 21486 I GFXSTREAM: [eglDisplay.cpp(297)] Opening libGLESv1_CM_emulation.so
09-19 15:23:52.042 21446 21486 I GFXSTREAM: [eglDisplay.cpp(297)] Opening libGLESv2_emulation.so
09-19 15:23:52.042 21446 21486 W libc    : Access denied finding property "vendor.mesa.virtgpu.kumquat"
09-19 15:23:52.046   491   588 W skia    : AGTM parsing failed flags.readFromStream(s) at 159
09-19 15:23:52.047 21446 21446 W us.godotpreview: type=1400 audit(0.0:1217): avc:  denied  { read } for  name="max_map_count" dev="proc" ino=44528 scontext=u:r:untrusted_app_34:s0:c231,c256,c512,c768 tcontext=u:object_r:proc_max_map_count:s0 tclass=file permissive=0 app=com.example.rune_nexus.godotpreview
09-19 15:23:52.056 21446 21486 W HWUI    : Failed to choose config with EGL_SWAP_BEHAVIOR_PRESERVED, retrying without...
09-19 15:23:52.056 21446 21486 W HWUI    : Failed to initialize 101010-2 format, error = EGL_SUCCESS
09-19 15:23:52.076 21446 21446 I flutter : [IMPORTANT:flutter/shell/common/shell.cc(528)] [Action Required]: Impeller opt-out deprecated.
09-19 15:23:52.076 21446 21446 I flutter :     The application opted out of Impeller by either using the
09-19 15:23:52.076 21446 21446 I flutter :     `--no-enable-impeller` flag or the
09-19 15:23:52.076 21446 21446 I flutter :     `io.flutter.embedding.android.EnableImpeller` `AndroidManifest.xml` entry.
09-19 15:23:52.076 21446 21446 I flutter :     These options are going to go away in an upcoming Flutter release. Remove
09-19 15:23:52.076 21446 21446 I flutter :     the explicit opt-out. If you need to opt-out, please report a bug describing
09-19 15:23:52.076 21446 21446 I flutter :     the issue.
09-19 15:23:52.076 21446 21446 I flutter : 
09-19 15:23:52.076 21446 21446 I flutter :     https://github.com/flutter/flutter/issues/new?template=02_bug.yml
09-19 15:23:52.076 21446 21446 I flutter : 
09-19 15:23:52.080 21446 21446 W libc    : Access denied finding property "vendor.mesa.virtgpu.kumquat"
09-19 15:23:52.097 21446 21492 W libc    : Access denied finding property "vendor.mesa.virtgpu.kumquat"
09-19 15:23:52.107  1428  3992 W libbinder.Binder: Binder transaction to android.content.IContentProvider, function: UNKNOWN_FUNCTION_NAME, code: 21, took 1392ms. Data bytes: 512 Reply bytes: 464 Flags: 18
09-19 15:23:52.136 21446 21446 D nativeloader: Load /data/app/~~8NR8asiU6bulf9jCmEMiZg==/com.example.rune_nexus.godotpreview-zxfunmbrI_2x_4XcMTV9TQ==/base.apk!/lib/arm64-v8a/libdartjni.so using class loader ns clns-9 (caller=/data/app/~~8NR8asiU6bulf9jCmEMiZg==/com.example.rune_nexus.godotpreview-zxfunmbrI_2x_4XcMTV9TQ==/base.apk): ok
09-19 15:23:52.161 21446 21446 D CompatChangeReporter: Compat change id reported: 377864165; UID 10231; state: ENABLED
09-19 15:23:52.167 21446 21446 W HWUI    : Unknown dataspace 0
09-19 15:23:52.169   285   285 I servicemanager: Caller(pid=21446,uid=10231,sid=u:r:untrusted_app_34:s0:c231,c256,c512,c768) Found android.hardware.graphics.allocator.IAllocator/default in device VINTF manifest.
09-19 15:23:52.175   645  1228 W InputChannel-JNI: Channel already disposed.
09-19 15:23:52.173   285   285 I servicemanager: Caller(pid=21446,uid=10231,sid=u:r:untrusted_app_34:s0:c231,c256,c512,c768) Found android.hardware.graphics.allocator.IAllocator/default in device VINTF manifest.
09-19 15:23:52.174   285   285 I servicemanager: Caller(pid=21446,uid=10231,sid=u:r:untrusted_app_34:s0:c231,c256,c512,c768) Found mapper/ranchu in device VINTF manifest.
09-19 15:23:52.179 21446 21498 W libc    : Access denied finding property "vendor.mesa.virtgpu.kumquat"
09-19 15:23:52.203   491   588 W skia    : AGTM parsing failed flags.readFromStream(s) at 159
09-19 15:23:52.268 21446 21446 D WindowOnBackDispatcher: setTopOnBackInvokedCallback (unwrapped): android.app.Activity$$ExternalSyntheticLambda0@9efb4ef
09-19 15:23:52.269   645  1228 D CoreBackPreview: Window{2db7f84 u0 com.example.rune_nexus.godotpreview/com.example.rune_nexus.GodotPreviewActivity}: Setting back callback OnBackInvokedCallbackInfo{mCallback=android.window.IOnBackInvokedCallback$Stub$Proxy@363ffee, mPriority=-1, mIsAnimationCallback=false, mOverrideBehavior=0}
09-19 15:23:52.272 21446 21446 I WindowExtensionsImpl: Initializing Window Extensions, vendor API level=10, activity embedding enabled=true
09-19 15:23:52.279 21446 21446 W UiContextUtils: Requested context is a non-UI Context. Creating a UI-Context with display: 0. Context: Context=android.app.Application@c7afc41, of which baseContext=android.app.ContextImpl@d43c673
09-19 15:23:52.425   491   588 W skia    : AGTM parsing failed flags.readFromStream(s) at 159
09-19 15:23:52.426 21446 21446 D VRI[GodotPreviewActivity]: WindowInsets changed: 1080x2424 statusBars:[0,142,0,0] navigationBars:[0,0,0,63] mandatorySystemGestures:[0,174,0,84] 
09-19 15:23:52.430   645  1228 D WindowManager: setClientSurface Surface(name=VRI-com.example.rune_nexus.godotpreview/com.example.rune_nexus.GodotPreviewActivity#6929)/@0xb2782ab for 2db7f84 com.example.rune_nexus.godotpreview/com.example.rune_nexus.GodotPreviewActivity
09-19 15:23:52.487 21446 21446 I Surface : Creating surface for consumer unnamed-21446-0 with slotExpansion=1 for 64 slots
09-19 15:23:52.509 21446 21446 I Surface : Creating surface for consumer VRI[GodotPreviewActivity]#0(BLAST Consumer)0 with slotExpansion=1 for 64 slots
09-19 15:23:52.521 21446 21446 I Surface : Creating surface for consumer unnamed-21446-1 with slotExpansion=1 for 64 slots
09-19 15:23:52.521 21446 21446 I Surface : Creating surface for consumer 5503765 SurfaceView[com.example.rune_nexus.godotpreview/com.example.rune_nexus.GodotPreviewActivity]#1(BLAST Consumer)1 with slotExpansion=1 for 64 slots
09-19 15:23:52.526   645   685 I WifiService: isFeatureSupported uid=1000 returns [WIFI_FEATURE_INFRA, WIFI_FEATURE_P2P, WIFI_FEATURE_MOBILE_HOTSPOT, WIFI_FEATURE_WPA3_SAE, WIFI_FEATURE_WPA3_SUITE_B, WIFI_FEATURE_OWE, WIFI_FEATURE_DPP, WIFI_FEATURE_AP_RAND_MAC, WIFI_FEATURE_MBO, WIFI_FEATURE_FILS_SHA256, WIFI_FEATURE_FILS_SHA384, WIFI_FEATURE_SAE_PK, WIFI_FEATURE_DPP_ENROLLEE_RESPONDER, WIFI_FEATURE_PASSPOINT_TERMS_AND_CONDITIONS, WIFI_FEATURE_WFD_R2, WIFI_FEATURE_DECORATED_IDENTITY, WIFI_FEATURE_TRUST_ON_FIRST_USE, WIFI_FEATURE_SET_TLS_MINIMUM_VERSION, WIFI_FEATURE_TLS_V1_3, WIFI_FEATURE_WEP, WIFI_FEATURE_WPA_PERSONAL]
09-19 15:23:52.526   892   892 D wpa_supplicant: nl80211: Drv Event 64 (NL80211_CMD_NOTIFY_CQM) received for wlan0
09-19 15:23:52.526   892   892 D wpa_supplicant: nl80211: Beacon loss event
09-19 15:23:52.526   892   892 D wpa_supplicant: wlan0: Event BEACON_LOSS (53) received
09-19 15:23:52.526   892   892 I wpa_supplicant: wlan0: CTRL-EVENT-BEACON-LOSS 
09-19 15:23:52.526 21446 21491 W libc    : Access denied finding property "vendor.mesa.virtgpu.kumquat"
09-19 15:23:52.530   491   588 W skia    : AGTM parsing failed flags.readFromStream(s) at 159
09-19 15:23:52.583   645   800 D WifiClientModeImpl[3810:wlan0]: updateLinkLayerStatsRssiSpeedFrequencyCapabilities rssi=-50 TxLinkspeed=1 freq=2447 RxLinkSpeed=2
09-19 15:23:52.583   645   800 D WifiDataStall: tx tput in kbps: 11000
09-19 15:23:52.583   645   800 D WifiDataStall: rx tput in kbps: 11000
09-19 15:23:52.583   645   800 V WifiConfigManager: Updating scan detail cache freq=2447 BSSID=00:13:10:85:fe:01 RSSI=-50 for "AndroidWifi"NONE
09-19 15:23:52.583   645   800 D WifiThroughputPredictor:  utilization (LLS) 80 isBluetoothConnected: false final utilization: 80
09-19 15:23:52.583   645   800 D WifiThroughputPredictor:  BW: 0 RSSI: -50 Nss: 1 Mode: 1 symDur: 4000 snrDb 30 bitPerTone: 4500 rate: 54 throughput: 11
09-19 15:23:52.583   645   800 D WifiThroughputPredictor:  utilization (LLS) 80 isBluetoothConnected: false final utilization: 80
09-19 15:23:52.583   645   800 D WifiThroughputPredictor:  BW: 0 RSSI: -50 Nss: 1 Mode: 1 symDur: 4000 snrDb 30 bitPerTone: 4500 rate: 54 throughput: 11
09-19 15:23:52.584   645   800 D WifiThroughputPredictor:  utilization (LLS) 80 isBluetoothConnected: false final utilization: 80
09-19 15:23:52.584   645   800 D WifiThroughputPredictor:  BW: 0 RSSI: -50 Nss: 1 Mode: 1 symDur: 4000 snrDb 30 bitPerTone: 4500 rate: 54 throughput: 11
09-19 15:23:52.584   645   800 D WifiThroughputPredictor:  utilization (LLS) 80 isBluetoothConnected: false final utilization: 80
09-19 15:23:52.584   645   800 D WifiThroughputPredictor:  BW: 0 RSSI: -50 Nss: 1 Mode: 1 symDur: 4000 snrDb 30 bitPerTone: 4500 rate: 54 throughput: 11
09-19 15:23:52.585   645   800 I HalDevMgr: bestIfaceCreationProposal is null, requestIface=STA, existingIface=[name=wlan0 type=STA]
09-19 15:23:52.587   645   800 D WifiScoreCard: BSSID update SIGNAL_POLL ID: 760286919 SSID: "AndroidWifi", BSSID: 00:13:10:85:fe:01, MAC: 02:15:b2:00:00:00, IP: /10.0.2.16, Security type: 0, Supplicant state: COMPLETED, Wi-Fi standard: legacy, RSSI: -50, Link speed: 1Mbps, Tx Link speed: 1Mbps, Max Supported Tx Link speed: 11Mbps, Calculated Tx : 0Mbps, Rx Link speed: 2Mbps, Max Supported Rx Link speed: 11Mbps, Calculated Rx : 0Mbps, Frequency: 2447MHz, Net ID: 0, Metered hint: false, score: 100, isUsable: true, CarrierMerged: false, SubscriptionId: -1, IsPrimary: 1, Trusted: true, Restricted: false, Ephemeral: false, OEM paid: false, OEM private: false, OSU AP: false, FQDN: <none>, Provider friendly name: <none>, Requesting package name: <none>"AndroidWifi"openMLO Information: , Is TID-To-Link negotiation supported by the AP: false, AP MLD Address: <none>, AP MLO Link Id: <none>, AP MLO Affiliated links: <none>, Vendor Data: <none>
09-19 15:23:52.587   645   800 D WifiScoreCard: txRate: 1 txSpeed: 1
09-19 15:23:52.587   645   800 D WifiScoreCard: network update SIGNAL_POLL "AndroidWifi" ID: 673433585 RSSI -50 txSpeed -1
09-19 15:23:52.587   645   800 D WifiClientModeImpl[3810:wlan0]:  ClientModeImpl$L2ConnectedState screen=on 26 0 "AndroidWifi" 00:13:10:85:fe:01 rssi=-50 f=2447 sc=100 link=1 tx=0.0, 0.0, 0.0 rx=0.0 bcn=0 [on:0 tx:0 rx:0 period:3004] from screen [on:0 period:-1202329845] score=100
09-19 15:23:52.610 21446 21446 D WindowLayoutComponentImpl: Register WindowLayoutInfoListener on Context=com.example.rune_nexus.GodotPreviewActivity@aff90eb, of which baseContext=android.app.ContextImpl@9c450c7
09-19 15:23:52.632   491   588 W skia    : AGTM parsing failed flags.readFromStream(s) at 159
09-19 15:23:53.276   491   588 W skia    : AGTM parsing failed flags.readFromStream(s) at 159
09-19 15:23:53.361   645   666 I ActivityTaskManager: Displayed com.example.rune_nexus.godotpreview/com.example.rune_nexus.GodotPreviewActivity for user 0: +2s644ms
09-19 15:23:53.363   645   666 I ActivityTaskManager: Fully drawn com.example.rune_nexus.godotpreview/com.example.rune_nexus.GodotPreviewActivity: +2s644ms
09-19 15:23:53.380   491   588 W skia    : AGTM parsing failed flags.readFromStream(s) at 159
09-19 15:23:53.402   645   761 I ImeTracker: com.example.rune_nexus.godotpreview:910f0c7f: onRequestHide at ORIGIN_SERVER reason HIDE_UNSPECIFIED_WINDOW fromUser false userId 0 displayId 0
09-19 15:23:53.408   431   475 I netd    : tetherGetStats() -> {[]} <1.25ms>
09-19 15:23:53.410 21446 21446 D InsetsController: hide(ime())
09-19 15:23:53.410 21446 21446 I ImeTracker: com.example.rune_nexus.godotpreview:910f0c7f: onCancelled at PHASE_CLIENT_ALREADY_HIDDEN
09-19 15:23:53.426  1375  1375 I GoogleInputMethodService: GoogleInputMethodService.onFinishInput():2259 
09-19 15:23:53.428  1375  1375 I Module  : DeviceLockedStatusModuleProvider$Module.updateDeviceLockedStatus():103 repeatCheckTimes = 0, locked = false
09-19 15:23:53.430  1375  1375 I GoogleInputMethodService: GoogleInputMethodService.onStartInput():1446 onStartInput(EditorInfo{EditorInfo{packageName=com.example.rune_nexus.godotpreview, inputType=0, inputTypeString=NULL, enableLearning=false, autoCorrection=false, autoComplete=false, imeOptions=0, privateImeOptions=null, actionName=UNSPECIFIED, actionLabel=null, initialSelStart=-1, initialSelEnd=-1, initialCapsMode=0, label=null, fieldId=0, fieldName=null, extras=null, hintText=null, hintLocales=[]}}, false)
09-19 15:23:53.431  1375  1375 W AndroidIME: LatinIMEBase.updateInputViewCoverNavigation():327 Null input view, cannot update padding!
09-19 15:23:53.433  1375  1375 I Module  : DeviceLockedStatusModuleProvider$Module.updateDeviceLockedStatus():103 repeatCheckTimes = 1, locked = false
09-19 15:23:53.437   645  1228 D InputMethodManagerService: Attach new input but force hide
09-19 15:23:53.438   645  1228 I ImeTracker: com.example.rune_nexus.godotpreview:becbb618: onRequestHide at ORIGIN_SERVER reason HIDE_SOFT_INPUT fromUser false userId 0 displayId 0
09-19 15:23:53.438   645  1228 I ImeTracker: com.example.rune_nexus.godotpreview:becbb618: onCancelled at PHASE_SERVER_SHOULD_HIDE
09-19 15:23:53.441   645  1228 W InputChannel-JNI: Channel already disposed.
09-19 15:23:53.448   645   659 I ImeTracker: system_server:987c06a: onRequestHide at ORIGIN_SERVER reason IME_REQUESTED_CHANGED_LISTENER fromUser false displayId 0
09-19 15:23:53.450   645   669 I ImeTracker: system_server:987c06a: onCancelled at PHASE_SERVER_SHOULD_HIDE
09-19 15:23:53.451   645  1228 W PackageConfigPersister: App-specific configuration not found for packageName: com.example.rune_nexus.godotpreview and userId: 0
09-19 15:23:53.483   491   588 W skia    : AGTM parsing failed flags.readFromStream(s) at 159
09-19 15:23:53.483   491   588 W skia    : AGTM parsing failed flags.readFromStream(s) at 159
09-19 15:23:53.483   491   588 W skia    : AGTM parsing failed flags.readFromStream(s) at 159
09-19 15:23:53.545 20885 20885 V Godot   : OnStop: p0.e@87d7a53
09-19 15:23:53.599   491   588 W skia    : AGTM parsing failed flags.readFromStream(s) at 159
09-19 15:23:53.599   491   588 W skia    : AGTM parsing failed flags.readFromStream(s) at 159
09-19 15:23:53.599   491   588 W skia    : AGTM parsing failed flags.readFromStream(s) at 159
09-19 15:23:53.718   491   588 W skia    : AGTM parsing failed flags.readFromStream(s) at 159
09-19 15:23:53.718   491   588 W skia    : AGTM parsing failed flags.readFromStream(s) at 159
09-19 15:23:53.718   491   588 W skia    : AGTM parsing failed flags.readFromStream(s) at 159
09-19 15:23:53.763   550   594 W libbinder.IPCThreadState: Sending oneway calls to frozen process.
09-19 15:23:53.763   550   594 W libbinder.IPCThreadState: Sending oneway calls to frozen process.
09-19 15:23:53.763   550   594 W libbinder.IPCThreadState: Sending oneway calls to frozen process.
09-19 15:23:53.816   491   588 W skia    : AGTM parsing failed flags.readFromStream(s) at 159
09-19 15:23:53.817   491   588 W skia    : AGTM parsing failed flags.readFromStream(s) at 159
09-19 15:23:53.817   491   588 W skia    : AGTM parsing failed flags.readFromStream(s) at 159
09-19 15:23:53.900 21446 21446 I Surface : Creating surface for consumer unnamed-21446-2 with slotExpansion=1 for 64 slots
09-19 15:23:53.901 21446 21446 I Surface : Creating surface for consumer ImageReader-1080x2424f1m3-21446-0 with slotExpansion=1 for 64 slots
09-19 15:23:53.925 21446 21446 V Godot   : Initializing Godot plugin registry
09-19 15:23:53.928 21446 21446 I GodotPluginRegistry: Registering runtime plugin AndroidRuntime
09-19 15:23:53.928   491   588 W skia    : AGTM parsing failed flags.readFromStream(s) at 159
09-19 15:23:53.928   491   588 W skia    : AGTM parsing failed flags.readFromStream(s) at 159
09-19 15:23:53.928   491   588 W skia    : AGTM parsing failed flags.readFromStream(s) at 159
09-19 15:23:53.928 21446 21446 I GodotPluginRegistry: Registering runtime plugin RuneNexusPreview
09-19 15:23:53.928 21446 21446 V Godot   : InitEngine with params: [--main-pack, res://rune_nexus.pck, --rendering-method, mobile, --disable_godot_splash]
09-19 15:23:53.954 21446 21446 D nativeloader: Load /data/app/~~8NR8asiU6bulf9jCmEMiZg==/com.example.rune_nexus.godotpreview-zxfunmbrI_2x_4XcMTV9TQ==/base.apk!/lib/arm64-v8a/libgodot_android.so using class loader ns clns-9 (caller=/data/app/~~8NR8asiU6bulf9jCmEMiZg==/com.example.rune_nexus.godotpreview-zxfunmbrI_2x_4XcMTV9TQ==/base.apk): ok
09-19 15:23:53.960 21446 21446 V Godot   : Godot native layer initialization completed: true
09-19 15:23:53.960 21446 21446 V Godot   : Setting up native layer with params: [--main-pack, res://rune_nexus.pck, --rendering-method, mobile]
09-19 15:23:54.014 21446 21446 V Godot   : Godot native layer setup completed
09-19 15:23:54.015 21446 21446 V Godot   : OnInitRenderView: f0.d@35a77ea
09-19 15:23:54.029   491   588 W skia    : AGTM parsing failed flags.readFromStream(s) at 159
09-19 15:23:54.029   491   588 W skia    : AGTM parsing failed flags.readFromStream(s) at 159
09-19 15:23:54.030 21446 21446 D AutofillManager: Fill dialog is enabled:false, hints=[]
09-19 15:23:54.032 21446 21446 D Godot   : Render view should be transparent: false
09-19 15:23:54.037 21446 21446 W libc    : Access denied finding property "vendor.mesa.virtgpu.kumquat"
09-19 15:23:54.037 21446 21446 W libc    : Access denied finding property "vendor.mesa.log"
09-19 15:23:54.037 21446 21446 W libc    : Access denied finding property "vendor.mesa.log.level"
09-19 15:23:54.037 21446 21446 W libc    : Access denied finding property "vendor.mesa.log.prefix"
09-19 15:23:54.037 21446 21446 W libc    : Access denied finding property "vendor.mesa.gallium.print.options"
09-19 15:23:54.037 21446 21446 W libc    : Access denied finding property "vendor.mesa.log.file.auto"
09-19 15:23:54.037 21446 21446 W libc    : Access denied finding property "vendor.mesa.log.file"
09-19 15:23:54.038 21446 21446 E MESA    : Failed to open rendernode: No such file or directory
09-19 15:23:54.038 21446 21446 W libc    : Access denied finding property "vendor.mesa.virtgpu.kumquat"
09-19 15:23:54.038 21446 21446 E MESA    : Failed to open rendernode: No such file or directory
09-19 15:23:54.038 21446 21446 W libc    : Access denied finding property "vendor.mesa.virtgpu.kumquat"
09-19 15:23:54.042 21446 21446 W libc    : Access denied finding property "vendor.mesa.virtgpu.kumquat"
09-19 15:23:54.042 21446 21446 E MESA    : Failed to open rendernode: No such file or directory
09-19 15:23:54.060   439  3496 D android.hardware.audio@7.1-impl.ranchu: threadLoop: entering standby, frames: 21329202048
09-19 15:23:54.060   439  3496 D android.hardware.audio@7.1-impl.ranchu: ~TinyalsaSink: joining consumeThread
09-19 15:23:54.060   439 20933 D android.hardware.audio@7.1-impl.ranchu: consumeThread: exiting
09-19 15:23:54.061   439  3496 D android.hardware.audio@7.1-impl.ranchu: ~TinyalsaSink: stopping PCM stream
09-19 15:23:54.061 21446 21446 D vulkan  : searching for layers in '/data/app/~~8NR8asiU6bulf9jCmEMiZg==/com.example.rune_nexus.godotpreview-zxfunmbrI_2x_4XcMTV9TQ==/lib/arm64'
09-19 15:23:54.062 21446 21446 D vulkan  : searching for layers in '/data/app/~~8NR8asiU6bulf9jCmEMiZg==/com.example.rune_nexus.godotpreview-zxfunmbrI_2x_4XcMTV9TQ==/base.apk!/lib/arm64-v8a'
09-19 15:23:54.062 21446 21446 W libc    : Access denied finding property "vendor.mesa.virtgpu.kumquat"
09-19 15:23:54.062 21446 21446 E MESA    : Failed to open rendernode: No such file or directory
09-19 15:23:54.062 21446 21446 W libc    : Access denied finding property "vendor.mesa.virtgpu.kumquat"
09-19 15:23:54.062 21446 21446 E MESA    : Failed to open rendernode: No such file or directory
09-19 15:23:54.063 21446 21446 W libc    : Access denied finding property "vendor.mesa.virtgpu.kumquat"
09-19 15:23:54.063 21446 21446 E MESA    : Failed to open rendernode: No such file or directory
09-19 15:23:54.063 21446 21446 W libc    : Access denied finding property "vendor.mesa.virtgpu.kumquat"
09-19 15:23:54.063 21446 21446 E MESA    : Failed to open rendernode: No such file or directory
09-19 15:23:54.063 21446 21446 W libc    : Access denied finding property "vendor.mesa.virtgpu.kumquat"
09-19 15:23:54.063 21446 21446 E MESA    : Failed to open rendernode: No such file or directory
09-19 15:23:54.063 21446 21446 W libc    : Access denied finding property "vendor.mesa.virtgpu.kumquat"
09-19 15:23:54.063 21446 21446 E MESA    : Failed to open rendernode: No such file or directory
09-19 15:23:54.064 21446 21446 W libc    : Access denied finding property "vendor.mesa.vk.trace"
09-19 15:23:54.064 21446 21446 W libc    : Access denied finding property "vendor.mesa.vk.trace.per.submit"
09-19 15:23:54.064 21446 21446 W libc    : Access denied finding property "vendor.mesa.vk.trace.frame"
09-19 15:23:54.064 21446 21446 W libc    : Access denied finding property "vendor.mesa.vk.trace.trigger"
09-19 15:23:54.080 21446 21446 W libc    : Access denied finding property "vendor.mesa.vk.wsi.debug"
09-19 15:23:54.080 21446 21446 W libc    : Access denied finding property "vendor.mesa.virtgpu.kumquat"
09-19 15:23:54.080 21446 21446 E MESA    : Failed to open rendernode: No such file or directory
09-19 15:23:54.081 21446 21446 W libc    : Access denied finding property "vendor.mesa.virtgpu.kumquat"
09-19 15:23:54.081 21446 21446 E MESA    : Failed to open rendernode: No such file or directory
09-19 15:23:54.084 21446 21446 W libc    : Access denied finding property "vendor.mesa.vk.wsi.present.mode"
09-19 15:23:54.084 21446 21446 W libc    : Access denied finding property "vendor.mesa.vk.wsi.headless.swapchain"
09-19 15:23:54.084 21446 21446 W libc    : Access denied finding property "vendor.mesa.virtgpu.kumquat"
09-19 15:23:54.085 21446 21446 E MESA    : Failed to open rendernode: No such file or directory
09-19 15:23:54.087 21446 21446 E godot   : WARNING: Property not found: 'xr/shaders/enabled'.
09-19 15:23:54.087 21446 21446 E godot   :    at: get_setting_with_override (core/config/project_settings.cpp:435)
09-19 15:23:54.087 21446 21446 D Godot   : renderingDevice: vulkan (ProjectSettings)
09-19 15:23:54.087 21446 21446 D Godot   : 			renderer: mobile (Default)
09-19 15:23:54.089 21446 21446 V Godot   : OnStart: f0.d@35a77ea
09-19 15:23:54.092 21446 21446 V Godot   : OnResume: f0.d@35a77ea
09-19 15:23:54.105 21446 21513 V VkRenderer: Renderer resumed
09-19 15:23:54.113 21446 21446 I Surface : Creating surface for consumer unnamed-21446-3 with slotExpansion=1 for 64 slots
09-19 15:23:54.113 21446 21446 I Surface : Creating surface for consumer ImageReader-1080x2424f1m3-21446-1 with slotExpansion=1 for 64 slots
09-19 15:23:54.132   491   588 W skia    : AGTM parsing failed flags.readFromStream(s) at 159
09-19 15:23:54.132   491   588 W skia    : AGTM parsing failed flags.readFromStream(s) at 159
09-19 15:23:54.186 21446 21446 I HWUI    : Using FreeType backend (prop=Auto)
09-19 15:23:54.194 21446 21446 I Surface : Creating surface for consumer unnamed-21446-4 with slotExpansion=1 for 64 slots
09-19 15:23:54.195 21446 21446 I Surface : Creating surface for consumer d76d0b5 SurfaceView[com.example.rune_nexus.godotpreview/com.example.rune_nexus.GodotPreviewActivity]#2(BLAST Consumer)2 with slotExpansion=1 for 64 slots
09-19 15:23:54.195 21446 21446 V VkSurfaceView: On surface created
09-19 15:23:54.195 21446 21446 V VkSurfaceView: On surface changed [4]: 1079 x 2424
09-19 15:23:54.196 21446 21513 V VkRenderer: Initializing renderer...
09-19 15:23:54.197 21446 21513 I godot   : Godot Engine v4.7.2.stable.official.ed1daf0bf - https://godotengine.org
09-19 15:23:54.214   906   917 W ndroid.systemui: Reducing the number of considered missed Gc histogram windows from 136 to 100
09-19 15:23:54.235   491   588 W skia    : AGTM parsing failed flags.readFromStream(s) at 159
09-19 15:23:54.235   491   588 W skia    : AGTM parsing failed flags.readFromStream(s) at 159
09-19 15:23:54.276 21446 21513 W libc    : Access denied finding property "vendor.mesa.virtgpu.kumquat"
09-19 15:23:54.277 21446 21513 E MESA    : Failed to open rendernode: No such file or directory
09-19 15:23:54.277 21446 21513 W libc    : Access denied finding property "vendor.mesa.virtgpu.kumquat"
09-19 15:23:54.277 21446 21513 E MESA    : Failed to open rendernode: No such file or directory
09-19 15:23:54.282 21446 21513 W libc    : Access denied finding property "vendor.mesa.virtgpu.kumquat"
09-19 15:23:54.282 21446 21513 E MESA    : Failed to open rendernode: No such file or directory
09-19 15:23:54.282 21446 21513 W libc    : Access denied finding property "vendor.mesa.virtgpu.kumquat"
09-19 15:23:54.283 21446 21513 E MESA    : Failed to open rendernode: No such file or directory
09-19 15:23:54.283 21446 21513 W libc    : Access denied finding property "vendor.mesa.virtgpu.kumquat"
09-19 15:23:54.284 21446 21513 E MESA    : Failed to open rendernode: No such file or directory
09-19 15:23:54.285   645  1526 E TaskPersister: File error accessing recents directory (directory doesn't exist?).
09-19 15:23:54.286 21446 21513 W libc    : Access denied finding property "vendor.mesa.virtgpu.kumquat"
09-19 15:23:54.286 21446 21513 E MESA    : Failed to open rendernode: No such file or directory
09-19 15:23:54.287 21446 21513 W libc    : Access denied finding property "vendor.mesa.virtgpu.kumquat"
09-19 15:23:54.287 21446 21513 E MESA    : Failed to open rendernode: No such file or directory
09-19 15:23:54.288 21446 21513 W libc    : Access denied finding property "vendor.mesa.virtgpu.kumquat"
09-19 15:23:54.288 21446 21513 E MESA    : Failed to open rendernode: No such file or directory
09-19 15:23:54.289 21446 21513 W libc    : Access denied finding property "vendor.mesa.virtgpu.kumquat"
09-19 15:23:54.289 21446 21513 E MESA    : Failed to open rendernode: No such file or directory
09-19 15:23:54.290 21446 21513 W libc    : Access denied finding property "vendor.mesa.virtgpu.kumquat"
09-19 15:23:54.291 21446 21513 E MESA    : Failed to open rendernode: No such file or directory
09-19 15:23:54.295 21446 21513 W libc    : Access denied finding property "vendor.mesa.virtgpu.kumquat"
09-19 15:23:54.295 21446 21513 E MESA    : Failed to open rendernode: No such file or directory
09-19 15:23:54.296 21446 21513 W libc    : Access denied finding property "vendor.mesa.virtgpu.kumquat"
09-19 15:23:54.297 21446 21513 E MESA    : Failed to open rendernode: No such file or directory
09-19 15:23:54.298 21446 21513 W libc    : Access denied finding property "vendor.mesa.virtgpu.kumquat"
09-19 15:23:54.299 21446 21513 E MESA    : Failed to open rendernode: No such file or directory
09-19 15:23:54.299 21446 21513 W libc    : Access denied finding property "vendor.mesa.virtgpu.kumquat"
09-19 15:23:54.299 21446 21513 E MESA    : Failed to open rendernode: No such file or directory
09-19 15:23:54.301 21446 21513 W libc    : Access denied finding property "vendor.mesa.virtgpu.kumquat"
09-19 15:23:54.301 21446 21513 E MESA    : Failed to open rendernode: No such file or directory
09-19 15:23:54.304 21446 21513 W libc    : Access denied finding property "vendor.mesa.virtgpu.kumquat"
09-19 15:23:54.304 21446 21513 E MESA    : Failed to open rendernode: No such file or directory
09-19 15:23:54.304 21446 21513 W libc    : Access denied finding property "vendor.mesa.virtgpu.kumquat"
09-19 15:23:54.304 21446 21513 E MESA    : Failed to open rendernode: No such file or directory
09-19 15:23:54.304 21446 21513 W libc    : Access denied finding property "vendor.mesa.virtgpu.kumquat"
09-19 15:23:54.304 21446 21513 E MESA    : Failed to open rendernode: No such file or directory
09-19 15:23:54.305 21446 21513 W libc    : Access denied finding property "vendor.mesa.virtgpu.kumquat"
09-19 15:23:54.305 21446 21513 E MESA    : Failed to open rendernode: No such file or directory
09-19 15:23:54.306 21446 21513 W libc    : Access denied finding property "vendor.mesa.virtgpu.kumquat"
09-19 15:23:54.306 21446 21513 E MESA    : Failed to open rendernode: No such file or directory
09-19 15:23:54.314 21446 21513 W libc    : Access denied finding property "vendor.mesa.virtgpu.kumquat"
09-19 15:23:54.314 21446 21513 E MESA    : Failed to open rendernode: No such file or directory
09-19 15:23:54.315 21446 21513 I godot   : Vulkan 1.3.0 - Forward Mobile - Using Device #0: Apple - Goldfish GFXStream (Apple M4)
09-19 15:23:54.336   491   588 W skia    : AGTM parsing failed flags.readFromStream(s) at 159
09-19 15:23:54.336   491   588 W skia    : AGTM parsing failed flags.readFromStream(s) at 159
09-19 15:23:54.352   645   761 W InputChannel-JNI: Channel already disposed.
09-19 15:23:54.352  1375  1375 I GoogleInputMethodService: GoogleInputMethodService.onFinishInput():2259 
09-19 15:23:54.353  1375  1375 I Module  : DeviceLockedStatusModuleProvider$Module.updateDeviceLockedStatus():103 repeatCheckTimes = 0, locked = false
09-19 15:23:54.355  1375  1375 I GoogleInputMethodService: GoogleInputMethodService.onStartInput():1446 onStartInput(EditorInfo{EditorInfo{packageName=com.example.rune_nexus.godotpreview, inputType=0, inputTypeString=NULL, enableLearning=false, autoCorrection=false, autoComplete=false, imeOptions=0, privateImeOptions=null, actionName=UNSPECIFIED, actionLabel=null, initialSelStart=-1, initialSelEnd=-1, initialCapsMode=0, label=null, fieldId=0, fieldName=null, extras=null, hintText=null, hintLocales=[]}}, false)
09-19 15:23:54.355  1375  1375 W AndroidIME: LatinIMEBase.updateInputViewCoverNavigation():327 Null input view, cannot update padding!
09-19 15:23:54.356  1375  1375 I Module  : DeviceLockedStatusModuleProvider$Module.updateDeviceLockedStatus():103 repeatCheckTimes = 1, locked = false
09-19 15:23:54.360   645   659 W PackageConfigPersister: App-specific configuration not found for packageName: com.example.rune_nexus.godotpreview and userId: 0
09-19 15:23:54.438   491   588 W skia    : AGTM parsing failed flags.readFromStream(s) at 159
09-19 15:23:54.439   491   588 W skia    : AGTM parsing failed flags.readFromStream(s) at 159
09-19 15:23:54.541   491   588 W skia    : AGTM parsing failed flags.readFromStream(s) at 159
09-19 15:23:54.541   491   588 W skia    : AGTM parsing failed flags.readFromStream(s) at 159
09-19 15:23:54.640   491   588 W skia    : AGTM parsing failed flags.readFromStream(s) at 159
09-19 15:23:54.640   491   588 W skia    : AGTM parsing failed flags.readFromStream(s) at 159
09-19 15:23:54.649 21446 21509 W libc    : Access denied finding property "vendor.mesa.virtgpu.kumquat"
09-19 15:23:54.649 21446 21509 E MESA    : Failed to open rendernode: No such file or directory
09-19 15:23:54.676 21446 21512 W libc    : Access denied finding property "vendor.mesa.virtgpu.kumquat"
09-19 15:23:54.676 21446 21512 E MESA    : Failed to open rendernode: No such file or directory
09-19 15:23:54.678 21446 21511 W libc    : Access denied finding property "vendor.mesa.virtgpu.kumquat"
09-19 15:23:54.679 21446 21511 E MESA    : Failed to open rendernode: No such file or directory
09-19 15:23:54.692 21446 21510 W libc    : Access denied finding property "vendor.mesa.virtgpu.kumquat"
09-19 15:23:54.693 21446 21510 E MESA    : Failed to open rendernode: No such file or directory
09-19 15:23:54.742   491   588 W skia    : AGTM parsing failed flags.readFromStream(s) at 159
09-19 15:23:54.742   491   588 W skia    : AGTM parsing failed flags.readFromStream(s) at 159
09-19 15:23:54.845   491   588 W skia    : AGTM parsing failed flags.readFromStream(s) at 159
09-19 15:23:54.845   491   588 W skia    : AGTM parsing failed flags.readFromStream(s) at 159
09-19 15:23:54.947   491   588 W skia    : AGTM parsing failed flags.readFromStream(s) at 159
09-19 15:23:54.947   491   588 W skia    : AGTM parsing failed flags.readFromStream(s) at 159
09-19 15:23:55.047   491   588 W skia    : AGTM parsing failed flags.readFromStream(s) at 159
09-19 15:23:55.047   491   588 W skia    : AGTM parsing failed flags.readFromStream(s) at 159
09-19 15:23:55.159   491   588 W skia    : AGTM parsing failed flags.readFromStream(s) at 159
09-19 15:23:55.159   491   588 W skia    : AGTM parsing failed flags.readFromStream(s) at 159
09-19 15:23:55.195 21446 21513 D AudioSystem: onNewServiceWithAdapter: media.audio_flinger service obtained 0xb400007ece589e30
09-19 15:23:55.198   487   521 D AudioFlinger: onStateChanged: pid:21446  uid:10231  state:unfrozen - no freeze activity
09-19 15:23:55.198 21446 21513 D AudioSystem: getService: IAudioFlingerService retrieved: 0xb400007dde4e0730  IAudioFlinger cached: 0xb400007ece589e30
09-19 15:23:55.202 21446 21513 D us.godotpreview: PlayerBase::PlayerBase()
09-19 15:23:55.203 21446 21513 D us.godotpreview: TrackPlayerBase::TrackPlayerBase()
09-19 15:23:55.204 21446 21513 I libOpenSLES: Emulating old channel mask behavior (ignoring positional mask 0x3, using default mask 0x3 based on channel count of 2)
09-19 15:23:55.208   487  3415 W AudioFlinger: createTrack_l(): mismatch between requested flags (00000104) and output flags (00000002)
09-19 15:23:55.209   487  3415 D AudioFlinger: Client defaulted notificationFrames to 882 for frameCount 4012
09-19 15:23:55.211   487  3415 I AF::AfPlaybackCommon: AfPlaybackCommon: creating track with enforcement level 1 reason TARGET_SDK shouldHarden 1
09-19 15:23:55.220   439 21518 D android.hardware.audio@7.1-impl.ranchu: 544 frames of silence written
09-19 15:23:55.220   439 21518 D android.hardware.audio@7.1-impl.ranchu: 544 frames of silence written
09-19 15:23:55.221   439 21518 D android.hardware.audio@7.1-impl.ranchu: 544 frames of silence written
09-19 15:23:55.222   439 21518 D android.hardware.audio@7.1-impl.ranchu: 544 frames of silence written
09-19 15:23:55.228   645  2005 E AppOps  : attributionTag  not declared in manifest of com.example.rune_nexus.godotpreview
09-19 15:23:55.229  1009  1009 I bluetooth: system/btif/avrcp/avrcp_service.cc:533 SendMediaUpdate: track_changed=false :  play_state=true :  queue=false
09-19 15:23:55.232  1009  1009 E MediaControlProfile: onCurrentPlayerStateUpdated: base actions not supported, player actions= 0, expected at least= 7f
09-19 15:23:55.232  1009  1009 W MediaControlGattService: Feature PLAYBACK_SPEED support: true
09-19 15:23:55.234  1009  1009 W MediaControlGattService: Feature PLAYBACK_SPEED support: true
09-19 15:23:55.234  1009  1009 W MediaControlGattService: Feature PLAYBACK_SPEED support: true
09-19 15:23:55.236   645  2012 E AppOps  : attributionTag  not declared in manifest of com.example.rune_nexus.godotpreview
09-19 15:23:55.237  1009  1009 W MediaControlGattService: Feature PLAYBACK_SPEED_NOTIFY support: true
09-19 15:23:55.242 21446 21513 I godot   : 
09-19 15:23:55.244  1009  1009 W MediaControlGattService: Feature TRACK_POSITION support: true
09-19 15:23:55.244  1009  1009 W MediaControlGattService: Feature TRACK_POSITION_NOTIFY support: true
09-19 15:23:55.244  1009  1009 W MediaControlGattService: Feature MEDIA_STATE support: true
09-19 15:23:55.247  1009  1009 W MediaControlGattService: Feature MEDIA_CONTROL_POINT_OPCODES_SUPPORTED support: true
09-19 15:23:55.247  1009  1009 W MediaControlGattService: Feature MEDIA_STATE support: true
09-19 15:23:55.247  1009  1009 W MediaControlGattService: Feature MEDIA_STATE support: true
09-19 15:23:55.251  1009  1009 W MediaControlGattService: Feature MEDIA_STATE support: true
09-19 15:23:55.251  1009  1009 W MediaControlGattService: Feature SEEKING_SPEED support: true
09-19 15:23:55.251  1009  1009 W MediaControlGattService: Feature SEEKING_SPEED support: true
09-19 15:23:55.251  1009  1009 W MediaControlGattService: Feature SEEKING_SPEED support: true
09-19 15:23:55.251  1009  1009 W MediaControlProfile: MCS service state fields left unhandled: 
09-19 15:23:55.252  1009  1009 W MediaControlProfile:    > PLAYER_NAME
09-19 15:23:55.252  1009  1009 W MediaControlProfile:    > PLAYING_ORDER_SUPPORTED
09-19 15:23:55.256   439 21518 D android.hardware.audio@7.1-impl.ranchu: 544 frames of silence written
09-19 15:23:55.260   491   588 W skia    : AGTM parsing failed flags.readFromStream(s) at 159
09-19 15:23:55.260   491   588 W skia    : AGTM parsing failed flags.readFromStream(s) at 159
09-19 15:23:55.328   487   531 D AudioFlinger: mixer(0xb400006ff95ca790) throttle end: throttle time(34)
09-19 15:23:55.365   491   588 W skia    : AGTM parsing failed flags.readFromStream(s) at 159
09-19 15:23:55.366   491   588 W skia    : AGTM parsing failed flags.readFromStream(s) at 159
09-19 15:23:55.465   491   588 W skia    : AGTM parsing failed flags.readFromStream(s) at 159
09-19 15:23:55.465   491   588 W skia    : AGTM parsing failed flags.readFromStream(s) at 159
09-19 15:23:55.469 21446 21513 W libc    : Access denied finding property "vendor.mesa.virtgpu.kumquat"
09-19 15:23:55.469 21446 21513 E MESA    : Failed to open rendernode: No such file or directory
09-19 15:23:55.470 21446 21513 W libc    : Access denied finding property "vendor.mesa.virtgpu.kumquat"
09-19 15:23:55.470 21446 21513 E MESA    : Failed to open rendernode: No such file or directory
09-19 15:23:55.494 21446 21513 I SwappyDisplayManager: Using internal com/google/androidgamesdk/SwappyDisplayManager class from dex bytes.
09-19 15:23:55.497 21446 21524 I SwappyDisplayManager: Starting looper thread
09-19 15:23:55.548 21446 21525 W libc    : Access denied finding property "vendor.mesa.virtgpu.kumquat"
09-19 15:23:55.549 21446 21525 E MESA    : Failed to open rendernode: No such file or directory
09-19 15:23:55.566   491   588 W skia    : AGTM parsing failed flags.readFromStream(s) at 159
09-19 15:23:55.566   491   588 W skia    : AGTM parsing failed flags.readFromStream(s) at 159
09-19 15:23:55.591   645   800 D WifiClientModeImpl[3810:wlan0]: updateLinkLayerStatsRssiSpeedFrequencyCapabilities rssi=-50 TxLinkspeed=1 freq=2447 RxLinkSpeed=2
09-19 15:23:55.591   645   800 D WifiDataStall: tx tput in kbps: 11000
09-19 15:23:55.592   645   800 D WifiDataStall: rx tput in kbps: 11000
09-19 15:23:55.592   645   800 V WifiConfigManager: Updating scan detail cache freq=2447 BSSID=00:13:10:85:fe:01 RSSI=-50 for "AndroidWifi"NONE
09-19 15:23:55.592   645   800 D WifiThroughputPredictor:  utilization (LLS) 80 isBluetoothConnected: false final utilization: 80
09-19 15:23:55.592   645   800 D WifiThroughputPredictor:  BW: 0 RSSI: -50 Nss: 1 Mode: 1 symDur: 4000 snrDb 30 bitPerTone: 4500 rate: 54 throughput: 11
09-19 15:23:55.592   645   800 D WifiThroughputPredictor:  utilization (LLS) 80 isBluetoothConnected: false final utilization: 80
09-19 15:23:55.592   645   800 D WifiThroughputPredictor:  BW: 0 RSSI: -50 Nss: 1 Mode: 1 symDur: 4000 snrDb 30 bitPerTone: 4500 rate: 54 throughput: 11
09-19 15:23:55.593   645   800 D WifiThroughputPredictor:  utilization (LLS) 80 isBluetoothConnected: false final utilization: 80
09-19 15:23:55.593   645   800 D WifiThroughputPredictor:  BW: 0 RSSI: -50 Nss: 1 Mode: 1 symDur: 4000 snrDb 30 bitPerTone: 4500 rate: 54 throughput: 11
09-19 15:23:55.593   645   800 D WifiThroughputPredictor:  utilization (LLS) 80 isBluetoothConnected: false final utilization: 80
09-19 15:23:55.593   645   800 D WifiThroughputPredictor:  BW: 0 RSSI: -50 Nss: 1 Mode: 1 symDur: 4000 snrDb 30 bitPerTone: 4500 rate: 54 throughput: 11
09-19 15:23:55.595   645   800 I HalDevMgr: bestIfaceCreationProposal is null, requestIface=STA, existingIface=[name=wlan0 type=STA]
09-19 15:23:55.596   645   800 D WifiScoreCard: BSSID update SIGNAL_POLL ID: 760286919 SSID: "AndroidWifi", BSSID: 00:13:10:85:fe:01, MAC: 02:15:b2:00:00:00, IP: /10.0.2.16, Security type: 0, Supplicant state: COMPLETED, Wi-Fi standard: legacy, RSSI: -50, Link speed: 1Mbps, Tx Link speed: 1Mbps, Max Supported Tx Link speed: 11Mbps, Calculated Tx : 0Mbps, Rx Link speed: 2Mbps, Max Supported Rx Link speed: 11Mbps, Calculated Rx : 0Mbps, Frequency: 2447MHz, Net ID: 0, Metered hint: false, score: 100, isUsable: true, CarrierMerged: false, SubscriptionId: -1, IsPrimary: 1, Trusted: true, Restricted: false, Ephemeral: false, OEM paid: false, OEM private: false, OSU AP: false, FQDN: <none>, Provider friendly name: <none>, Requesting package name: <none>"AndroidWifi"openMLO Information: , Is TID-To-Link negotiation supported by the AP: false, AP MLD Address: <none>, AP MLO Link Id: <none>, AP MLO Affiliated links: <none>, Vendor Data: <none>
09-19 15:23:55.596   645   800 D WifiScoreCard: txRate: 1 txSpeed: 1
09-19 15:23:55.596   645   800 D WifiScoreCard: network update SIGNAL_POLL "AndroidWifi" ID: 673433585 RSSI -50 txSpeed -1
09-19 15:23:55.596   645   800 D WifiClientModeImpl[3810:wlan0]:  ClientModeImpl$L2ConnectedState screen=on 26 0 "AndroidWifi" 00:13:10:85:fe:01 rssi=-50 f=2447 sc=100 link=1 tx=0.0, 0.0, 0.0 rx=0.0 bcn=0 [on:0 tx:0 rx:0 period:3009] from screen [on:0 period:-1202326836] score=100
09-19 15:23:55.669   491   588 W skia    : AGTM parsing failed flags.readFromStream(s) at 159
09-19 15:23:55.669   491   588 W skia    : AGTM parsing failed flags.readFromStream(s) at 159
09-19 15:23:55.714 21446 21513 V Godot   : OnGodotSetupCompleted
09-19 15:23:55.716 21446 21513 V Godot   : OnGodotMainLoopStarted
09-19 15:23:55.777   491   588 W skia    : AGTM parsing failed flags.readFromStream(s) at 159
09-19 15:23:55.777   491   588 W skia    : AGTM parsing failed flags.readFromStream(s) at 159
09-19 15:23:55.879   491   588 W skia    : AGTM parsing failed flags.readFromStream(s) at 159
09-19 15:23:55.879   491   588 W skia    : AGTM parsing failed flags.readFromStream(s) at 159
09-19 15:23:55.980   491   588 W skia    : AGTM parsing failed flags.readFromStream(s) at 159
09-19 15:23:55.980   491   588 W skia    : AGTM parsing failed flags.readFromStream(s) at 159
09-19 15:23:56.081   491   588 W skia    : AGTM parsing failed flags.readFromStream(s) at 159
09-19 15:23:56.081   491   588 W skia    : AGTM parsing failed flags.readFromStream(s) at 159
09-19 15:23:56.184   491   588 W skia    : AGTM parsing failed flags.readFromStream(s) at 159
09-19 15:23:56.184   491   588 W skia    : AGTM parsing failed flags.readFromStream(s) at 159
09-19 15:23:56.283   491   588 W skia    : AGTM parsing failed flags.readFromStream(s) at 159
09-19 15:23:56.283   491   588 W skia    : AGTM parsing failed flags.readFromStream(s) at 159
09-19 15:23:56.372  1012  1174 D SatelliteController: isInCarrierRoamingNbIotNtn: satellite is disabled
09-19 15:23:56.372  1012  1174 D SatelliteController: getCarrierRoamingNtnConnectType: Checking connect type from PLMN config for subId: 1
09-19 15:23:56.372  1012  1174 D TelephonyConfigUpdateInstallReceiver: getConfigParser: domain=satellite
09-19 15:23:56.372  1012  1174 V SatelliteController: satelliteConfigParser is not ready
09-19 15:23:56.372  1012  1174 D SatelliteController: isSatelliteAttachSupportedViaConfigupdater: return null (satelliteConfig is null)
09-19 15:23:56.376  1012  1174 D SatelliteController: getSatellitePerPlmnConfiguration: invalid subId or not supported via carrier.
09-19 15:23:56.376  1012  1174 D SatelliteController: getCarrierRoamingNtnConnectType: config: null
09-19 15:23:56.376  1012  1174 D TelephonyConfigUpdateInstallReceiver: getConfigParser: domain=satellite
09-19 15:23:56.376  1012  1174 V SatelliteController: satelliteConfigParser is not ready
09-19 15:23:56.376  1012  1174 D SatelliteController: getCarrierRoamingNtnConnectTypeViaConfigUpdater: return null (satelliteConfig is null)
09-19 15:23:56.376  1012  1174 D SatelliteController: getCarrierRoamingNtnConnectType: Falling back to global carrier config connect type: 0
09-19 15:23:56.376  1012  1174 D TelephonyConfigUpdateInstallReceiver: getConfigParser: domain=satellite
09-19 15:23:56.376  1012  1174 V SatelliteController: satelliteConfigParser is not ready
09-19 15:23:56.376  1012  1174 D SatelliteController: isSatelliteAttachSupportedViaConfigupdater: return null (satelliteConfig is null)
09-19 15:23:56.377  1012  1174 D SatelliteController: getCarrierRoamingNtnConnectType: Checking connect type from PLMN config for subId: 1
09-19 15:23:56.377  1012  1174 D TelephonyConfigUpdateInstallReceiver: getConfigParser: domain=satellite
09-19 15:23:56.377  1012  1174 V SatelliteController: satelliteConfigParser is not ready
09-19 15:23:56.377  1012  1174 D SatelliteController: isSatelliteAttachSupportedViaConfigupdater: return null (satelliteConfig is null)
09-19 15:23:56.377  1012  1174 D SatelliteController: getSatellitePerPlmnConfiguration: invalid subId or not supported via carrier.
09-19 15:23:56.377  1012  1174 D SatelliteController: getCarrierRoamingNtnConnectType: config: null
09-19 15:23:56.377  1012  1174 D TelephonyConfigUpdateInstallReceiver: getConfigParser: domain=satellite
09-19 15:23:56.377  1012  1174 V SatelliteController: satelliteConfigParser is not ready
09-19 15:23:56.377  1012  1174 D SatelliteController: getCarrierRoamingNtnConnectTypeViaConfigUpdater: return null (satelliteConfig is null)
09-19 15:23:56.377  1012  1174 D SatelliteController: getCarrierRoamingNtnConnectType: Falling back to global carrier config connect type: 0
09-19 15:23:56.377  1012  1174 D TelephonyConfigUpdateInstallReceiver: getConfigParser: domain=satellite
09-19 15:23:56.377  1012  1174 V SatelliteController: satelliteConfigParser is not ready
09-19 15:23:56.377  1012  1174 D SatelliteController: isSatelliteAttachSupportedViaConfigupdater: return null (satelliteConfig is null)
09-19 15:23:56.386   491   588 W skia    : AGTM parsing failed flags.readFromStream(s) at 159
09-19 15:23:56.386   491   588 W skia    : AGTM parsing failed flags.readFromStream(s) at 159
09-19 15:23:56.492   491   588 W skia    : AGTM parsing failed flags.readFromStream(s) at 159
09-19 15:23:56.492   491   588 W skia    : AGTM parsing failed flags.readFromStream(s) at 159
09-19 15:23:56.595   491   588 W skia    : AGTM parsing failed flags.readFromStream(s) at 159
09-19 15:23:56.595   491   588 W skia    : AGTM parsing failed flags.readFromStream(s) at 159
09-19 15:23:56.697   491   588 W skia    : AGTM parsing failed flags.readFromStream(s) at 159
09-19 15:23:56.697   491   588 W skia    : AGTM parsing failed flags.readFromStream(s) at 159
09-19 15:23:56.796   491   588 W skia    : AGTM parsing failed flags.readFromStream(s) at 159
09-19 15:23:56.796   491   588 W skia    : AGTM parsing failed flags.readFromStream(s) at 159
09-19 15:23:56.897   491   588 W skia    : AGTM parsing failed flags.readFromStream(s) at 159
09-19 15:23:56.897   491   588 W skia    : AGTM parsing failed flags.readFromStream(s) at 159
09-19 15:23:56.996   491   588 W skia    : AGTM parsing failed flags.readFromStream(s) at 159
09-19 15:23:56.997   491   588 W skia    : AGTM parsing failed flags.readFromStream(s) at 159
09-19 15:23:57.097   491   588 W skia    : AGTM parsing failed flags.readFromStream(s) at 159
09-19 15:23:57.097   491   588 W skia    : AGTM parsing failed flags.readFromStream(s) at 159
09-19 15:23:57.198   491   588 W skia    : AGTM parsing failed flags.readFromStream(s) at 159
09-19 15:23:57.198   491   588 W skia    : AGTM parsing failed flags.readFromStream(s) at 159
09-19 15:23:57.299   491   588 W skia    : AGTM parsing failed flags.readFromStream(s) at 159
09-19 15:23:57.299   491   588 W skia    : AGTM parsing failed flags.readFromStream(s) at 159
09-19 15:23:57.409   491   588 W skia    : AGTM parsing failed flags.readFromStream(s) at 159
09-19 15:23:57.409   491   588 W skia    : AGTM parsing failed flags.readFromStream(s) at 159
09-19 15:23:57.510   491   588 W skia    : AGTM parsing failed flags.readFromStream(s) at 159
09-19 15:23:57.510   491   588 W skia    : AGTM parsing failed flags.readFromStream(s) at 159
09-19 15:23:57.611   491   588 W skia    : AGTM parsing failed flags.readFromStream(s) at 159
09-19 15:23:57.611   491   588 W skia    : AGTM parsing failed flags.readFromStream(s) at 159
09-19 15:23:57.619 21446 21527 D ProfileInstaller: Installing profile for com.example.rune_nexus.godotpreview
09-19 15:23:57.713   491   588 W skia    : AGTM parsing failed flags.readFromStream(s) at 159
09-19 15:23:57.713   491   588 W skia    : AGTM parsing failed flags.readFromStream(s) at 159
09-19 15:23:57.814   491   588 W skia    : AGTM parsing failed flags.readFromStream(s) at 159
09-19 15:23:57.814   491   588 W skia    : AGTM parsing failed flags.readFromStream(s) at 159
09-19 15:23:57.914   491   588 W skia    : AGTM parsing failed flags.readFromStream(s) at 159
09-19 15:23:57.914   491   588 W skia    : AGTM parsing failed flags.readFromStream(s) at 159
09-19 15:23:58.015   491   588 W skia    : AGTM parsing failed flags.readFromStream(s) at 159
09-19 15:23:58.015   491   588 W skia    : AGTM parsing failed flags.readFromStream(s) at 159
09-19 15:23:58.118   491   588 W skia    : AGTM parsing failed flags.readFromStream(s) at 159
09-19 15:23:58.118   491   588 W skia    : AGTM parsing failed flags.readFromStream(s) at 159
09-19 15:23:58.154   431   475 I netd    : tetherGetStats() -> {[]} <5.82ms>
09-19 15:23:58.227   491   588 W skia    : AGTM parsing failed flags.readFromStream(s) at 159
09-19 15:23:58.227   491   588 W skia    : AGTM parsing failed flags.readFromStream(s) at 159
09-19 15:23:58.328   491   588 W skia    : AGTM parsing failed flags.readFromStream(s) at 159
09-19 15:23:58.328   491   588 W skia    : AGTM parsing failed flags.readFromStream(s) at 159
09-19 15:23:58.404   645   806 D InetDiagMessage: Destroyed 0 sockets, proto=IPPROTO_TCP, family=AF_INET, states=14
09-19 15:23:58.407   645   806 D InetDiagMessage: Destroyed 0 sockets, proto=IPPROTO_TCP, family=AF_INET6, states=14
09-19 15:23:58.408   645   806 D InetDiagMessage: Destroyed live tcp sockets for uids={10232} in 5ms
09-19 15:23:58.409   645   806 D InetDiagMessage: Destroyed 0 sockets, proto=IPPROTO_TCP, family=AF_INET, states=14
09-19 15:23:58.409   645   806 D InetDiagMessage: Destroyed 0 sockets, proto=IPPROTO_TCP, family=AF_INET6, states=14
09-19 15:23:58.410   645   806 D InetDiagMessage: Destroyed live tcp sockets for uids={20232} in 2ms
09-19 15:23:58.429   491   588 W skia    : AGTM parsing failed flags.readFromStream(s) at 159
09-19 15:23:58.429   491   588 W skia    : AGTM parsing failed flags.readFromStream(s) at 159
09-19 15:23:58.531   491   588 W skia    : AGTM parsing failed flags.readFromStream(s) at 159
09-19 15:23:58.531   491   588 W skia    : AGTM parsing failed flags.readFromStream(s) at 159
09-19 15:23:58.598   645   800 D WifiClientModeImpl[3810:wlan0]: updateLinkLayerStatsRssiSpeedFrequencyCapabilities rssi=-50 TxLinkspeed=1 freq=2447 RxLinkSpeed=2
09-19 15:23:58.599   645   800 D WifiDataStall: tx tput in kbps: 11000
09-19 15:23:58.599   645   800 D WifiDataStall: rx tput in kbps: 11000
09-19 15:23:58.599   645   800 V WifiConfigManager: Updating scan detail cache freq=2447 BSSID=00:13:10:85:fe:01 RSSI=-50 for "AndroidWifi"NONE
09-19 15:23:58.599   645   800 D WifiThroughputPredictor:  utilization (LLS) 80 isBluetoothConnected: false final utilization: 80
09-19 15:23:58.600   645   800 D WifiThroughputPredictor:  BW: 0 RSSI: -50 Nss: 1 Mode: 1 symDur: 4000 snrDb 30 bitPerTone: 4500 rate: 54 throughput: 11
09-19 15:23:58.600   645   800 D WifiThroughputPredictor:  utilization (LLS) 80 isBluetoothConnected: false final utilization: 80
09-19 15:23:58.600   645   800 D WifiThroughputPredictor:  BW: 0 RSSI: -50 Nss: 1 Mode: 1 symDur: 4000 snrDb 30 bitPerTone: 4500 rate: 54 throughput: 11
09-19 15:23:58.602   645   800 D WifiThroughputPredictor:  utilization (LLS) 80 isBluetoothConnected: false final utilization: 80
09-19 15:23:58.603   645   800 D WifiThroughputPredictor:  BW: 0 RSSI: -50 Nss: 1 Mode: 1 symDur: 4000 snrDb 30 bitPerTone: 4500 rate: 54 throughput: 11
09-19 15:23:58.603   645   800 D WifiThroughputPredictor:  utilization (LLS) 80 isBluetoothConnected: false final utilization: 80
09-19 15:23:58.603   645   800 D WifiThroughputPredictor:  BW: 0 RSSI: -50 Nss: 1 Mode: 1 symDur: 4000 snrDb 30 bitPerTone: 4500 rate: 54 throughput: 11
09-19 15:23:58.605   645   800 I HalDevMgr: bestIfaceCreationProposal is null, requestIface=STA, existingIface=[name=wlan0 type=STA]
09-19 15:23:58.606   645   800 D WifiScoreCard: BSSID update SIGNAL_POLL ID: 760286919 SSID: "AndroidWifi", BSSID: 00:13:10:85:fe:01, MAC: 02:15:b2:00:00:00, IP: /10.0.2.16, Security type: 0, Supplicant state: COMPLETED, Wi-Fi standard: legacy, RSSI: -50, Link speed: 1Mbps, Tx Link speed: 1Mbps, Max Supported Tx Link speed: 11Mbps, Calculated Tx : 0Mbps, Rx Link speed: 2Mbps, Max Supported Rx Link speed: 11Mbps, Calculated Rx : 0Mbps, Frequency: 2447MHz, Net ID: 0, Metered hint: false, score: 100, isUsable: true, CarrierMerged: false, SubscriptionId: -1, IsPrimary: 1, Trusted: true, Restricted: false, Ephemeral: false, OEM paid: false, OEM private: false, OSU AP: false, FQDN: <none>, Provider friendly name: <none>, Requesting package name: <none>"AndroidWifi"openMLO Information: , Is TID-To-Link negotiation supported by the AP: false, AP MLD Address: <none>, AP MLO Link Id: <none>, AP MLO Affiliated links: <none>, Vendor Data: <none>
09-19 15:23:58.607   645   800 D WifiScoreCard: txRate: 1 txSpeed: 1
09-19 15:23:58.607   645   800 D WifiScoreCard: network update SIGNAL_POLL "AndroidWifi" ID: 673433585 RSSI -50 txSpeed -1
09-19 15:23:58.607   645   800 D WifiClientModeImpl[3810:wlan0]:  ClientModeImpl$L2ConnectedState screen=on 26 0 "AndroidWifi" 00:13:10:85:fe:01 rssi=-50 f=2447 sc=100 link=1 tx=0.0, 0.0, 0.0 rx=0.0 bcn=0 [on:0 tx:0 rx:0 period:3011] from screen [on:0 period:-1202323825] score=100
09-19 15:23:58.632   491   588 W skia    : AGTM parsing failed flags.readFromStream(s) at 159
09-19 15:23:58.632   491   588 W skia    : AGTM parsing failed flags.readFromStream(s) at 159
09-19 15:23:58.734   491   588 W skia    : AGTM parsing failed flags.readFromStream(s) at 159
09-19 15:23:58.734   491   588 W skia    : AGTM parsing failed flags.readFromStream(s) at 159
09-19 15:23:58.833   491   588 W skia    : AGTM parsing failed flags.readFromStream(s) at 159
09-19 15:23:58.833   491   588 W skia    : AGTM parsing failed flags.readFromStream(s) at 159
09-19 15:23:58.935   491   588 W skia    : AGTM parsing failed flags.readFromStream(s) at 159
09-19 15:23:58.935   491   588 W skia    : AGTM parsing failed flags.readFromStream(s) at 159
09-19 15:23:59.036   491   588 W skia    : AGTM parsing failed flags.readFromStream(s) at 159
09-19 15:23:59.037   491   588 W skia    : AGTM parsing failed flags.readFromStream(s) at 159
09-19 15:23:59.137   491   588 W skia    : AGTM parsing failed flags.readFromStream(s) at 159
09-19 15:23:59.137   491   588 W skia    : AGTM parsing failed flags.readFromStream(s) at 159
09-19 15:23:59.240   491   588 W skia    : AGTM parsing failed flags.readFromStream(s) at 159
09-19 15:23:59.240   491   588 W skia    : AGTM parsing failed flags.readFromStream(s) at 159
09-19 15:23:59.344   491   588 W skia    : AGTM parsing failed flags.readFromStream(s) at 159
09-19 15:23:59.344   491   588 W skia    : AGTM parsing failed flags.readFromStream(s) at 159
09-19 15:23:59.445   491   588 W skia    : AGTM parsing failed flags.readFromStream(s) at 159
09-19 15:23:59.446   491   588 W skia    : AGTM parsing failed flags.readFromStream(s) at 159
09-19 15:23:59.546   491   588 W skia    : AGTM parsing failed flags.readFromStream(s) at 159
09-19 15:23:59.546   491   588 W skia    : AGTM parsing failed flags.readFromStream(s) at 159
09-19 15:23:59.646   491   588 W skia    : AGTM parsing failed flags.readFromStream(s) at 159
09-19 15:23:59.646   491   588 W skia    : AGTM parsing failed flags.readFromStream(s) at 159
09-19 15:23:59.747   491   588 W skia    : AGTM parsing failed flags.readFromStream(s) at 159
09-19 15:23:59.747   491   588 W skia    : AGTM parsing failed flags.readFromStream(s) at 159
09-19 15:23:59.848   491   588 W skia    : AGTM parsing failed flags.readFromStream(s) at 159
09-19 15:23:59.848   491   588 W skia    : AGTM parsing failed flags.readFromStream(s) at 159
09-19 15:23:59.921   645  1153 W ActivityManager: stopServiceToken startId 14 is last, but have 1 remaining args
09-19 15:23:59.948   491   588 W skia    : AGTM parsing failed flags.readFromStream(s) at 159
09-19 15:23:59.948   491   588 W skia    : AGTM parsing failed flags.readFromStream(s) at 159
09-19 15:24:00.049   491   588 W skia    : AGTM parsing failed flags.readFromStream(s) at 159
09-19 15:24:00.049   491   588 W skia    : AGTM parsing failed flags.readFromStream(s) at 159
09-19 15:24:00.165   491   588 W skia    : AGTM parsing failed flags.readFromStream(s) at 159
09-19 15:24:00.165   491   588 W skia    : AGTM parsing failed flags.readFromStream(s) at 159
09-19 15:24:00.267   491   588 W skia    : AGTM parsing failed flags.readFromStream(s) at 159
09-19 15:24:00.267   491   588 W skia    : AGTM parsing failed flags.readFromStream(s) at 159
09-19 15:24:00.367   491   588 W skia    : AGTM parsing failed flags.readFromStream(s) at 159
09-19 15:24:00.367   491   588 W skia    : AGTM parsing failed flags.readFromStream(s) at 159
09-19 15:24:00.462   892   892 D wpa_supplicant: nl80211: Drv Event 64 (NL80211_CMD_NOTIFY_CQM) received for wlan0
09-19 15:24:00.462   892   892 D wpa_supplicant: nl80211: Beacon loss event
09-19 15:24:00.462   892   892 D wpa_supplicant: wlan0: Event BEACON_LOSS (53) received
09-19 15:24:00.462   892   892 I wpa_supplicant: wlan0: CTRL-EVENT-BEACON-LOSS 
09-19 15:24:00.475   491   588 W skia    : AGTM parsing failed flags.readFromStream(s) at 159
09-19 15:24:00.475   491   588 W skia    : AGTM parsing failed flags.readFromStream(s) at 159
09-19 15:24:00.576   491   588 W skia    : AGTM parsing failed flags.readFromStream(s) at 159
09-19 15:24:00.576   491   588 W skia    : AGTM parsing failed flags.readFromStream(s) at 159
09-19 15:24:00.681   491   588 W skia    : AGTM parsing failed flags.readFromStream(s) at 159
09-19 15:24:00.681   491   588 W skia    : AGTM parsing failed flags.readFromStream(s) at 159
09-19 15:24:00.782   491   588 W skia    : AGTM parsing failed flags.readFromStream(s) at 159
09-19 15:24:00.782   491   588 W skia    : AGTM parsing failed flags.readFromStream(s) at 159
09-19 15:24:00.882   491   588 W skia    : AGTM parsing failed flags.readFromStream(s) at 159
09-19 15:24:00.882   491   588 W skia    : AGTM parsing failed flags.readFromStream(s) at 159
09-19 15:24:00.931   431   475 I netd    : tetherGetStats() -> {[]} <0.50ms>
09-19 15:24:00.985   491   588 W skia    : AGTM parsing failed flags.readFromStream(s) at 159
09-19 15:24:00.985   491   588 W skia    : AGTM parsing failed flags.readFromStream(s) at 159
09-19 15:24:00.992  1306  1310 W ssioncontroller: Reducing the number of considered missed Gc histogram windows from 1726 to 100
09-19 15:24:01.088   491   588 W skia    : AGTM parsing failed flags.readFromStream(s) at 159
09-19 15:24:01.088   491   588 W skia    : AGTM parsing failed flags.readFromStream(s) at 159
09-19 15:24:01.191   491   588 W skia    : AGTM parsing failed flags.readFromStream(s) at 159
09-19 15:24:01.191   491   588 W skia    : AGTM parsing failed flags.readFromStream(s) at 159
09-19 15:24:01.290   491   588 W skia    : AGTM parsing failed flags.readFromStream(s) at 159
09-19 15:24:01.291   491   588 W skia    : AGTM parsing failed flags.readFromStream(s) at 159
09-19 15:24:01.394   491   588 W skia    : AGTM parsing failed flags.readFromStream(s) at 159
09-19 15:24:01.394   491   588 W skia    : AGTM parsing failed flags.readFromStream(s) at 159
09-19 15:24:01.495   491   588 W skia    : AGTM parsing failed flags.readFromStream(s) at 159
09-19 15:24:01.495   491   588 W skia    : AGTM parsing failed flags.readFromStream(s) at 159
09-19 15:24:01.595   491   588 W skia    : AGTM parsing failed flags.readFromStream(s) at 159
09-19 15:24:01.595   491   588 W skia    : AGTM parsing failed flags.readFromStream(s) at 159
09-19 15:24:01.609   645   800 D WifiClientModeImpl[3810:wlan0]: updateLinkLayerStatsRssiSpeedFrequencyCapabilities rssi=-50 TxLinkspeed=1 freq=2447 RxLinkSpeed=2
09-19 15:24:01.609   645   800 D WifiDataStall: tx tput in kbps: 11000
09-19 15:24:01.609   645   800 D WifiDataStall: rx tput in kbps: 11000
09-19 15:24:01.609   645   800 V WifiConfigManager: Updating scan detail cache freq=2447 BSSID=00:13:10:85:fe:01 RSSI=-50 for "AndroidWifi"NONE
09-19 15:24:01.609   645   800 D WifiThroughputPredictor:  utilization (LLS) 80 isBluetoothConnected: false final utilization: 80
09-19 15:24:01.609   645   800 D WifiThroughputPredictor:  BW: 0 RSSI: -50 Nss: 1 Mode: 1 symDur: 4000 snrDb 30 bitPerTone: 4500 rate: 54 throughput: 11
09-19 15:24:01.609   645   800 D WifiThroughputPredictor:  utilization (LLS) 80 isBluetoothConnected: false final utilization: 80
09-19 15:24:01.609   645   800 D WifiThroughputPredictor:  BW: 0 RSSI: -50 Nss: 1 Mode: 1 symDur: 4000 snrDb 30 bitPerTone: 4500 rate: 54 throughput: 11
09-19 15:24:01.610   645   800 D WifiThroughputPredictor:  utilization (LLS) 80 isBluetoothConnected: false final utilization: 80
09-19 15:24:01.610   645   800 D WifiThroughputPredictor:  BW: 0 RSSI: -50 Nss: 1 Mode: 1 symDur: 4000 snrDb 30 bitPerTone: 4500 rate: 54 throughput: 11
09-19 15:24:01.611   645   800 D WifiThroughputPredictor:  utilization (LLS) 80 isBluetoothConnected: false final utilization: 80
09-19 15:24:01.611   645   800 D WifiThroughputPredictor:  BW: 0 RSSI: -50 Nss: 1 Mode: 1 symDur: 4000 snrDb 30 bitPerTone: 4500 rate: 54 throughput: 11
09-19 15:24:01.612   645   800 I HalDevMgr: bestIfaceCreationProposal is null, requestIface=STA, existingIface=[name=wlan0 type=STA]
09-19 15:24:01.612   645   800 D WifiScoreCard: BSSID update SIGNAL_POLL ID: 760286919 SSID: "AndroidWifi", BSSID: 00:13:10:85:fe:01, MAC: 02:15:b2:00:00:00, IP: /10.0.2.16, Security type: 0, Supplicant state: COMPLETED, Wi-Fi standard: legacy, RSSI: -50, Link speed: 1Mbps, Tx Link speed: 1Mbps, Max Supported Tx Link speed: 11Mbps, Calculated Tx : 0Mbps, Rx Link speed: 2Mbps, Max Supported Rx Link speed: 11Mbps, Calculated Rx : 0Mbps, Frequency: 2447MHz, Net ID: 0, Metered hint: false, score: 100, isUsable: true, CarrierMerged: false, SubscriptionId: -1, IsPrimary: 1, Trusted: true, Restricted: false, Ephemeral: false, OEM paid: false, OEM private: false, OSU AP: false, FQDN: <none>, Provider friendly name: <none>, Requesting package name: <none>"AndroidWifi"openMLO Information: , Is TID-To-Link negotiation supported by the AP: false, AP MLD Address: <none>, AP MLO Link Id: <none>, AP MLO Affiliated links: <none>, Vendor Data: <none>
09-19 15:24:01.613   645   800 D WifiScoreCard: txRate: 1 txSpeed: 1
09-19 15:24:01.613   645   800 D WifiScoreCard: network update SIGNAL_POLL "AndroidWifi" ID: 673433585 RSSI -50 txSpeed -1
09-19 15:24:01.613   645   800 D WifiClientModeImpl[3810:wlan0]:  ClientModeImpl$L2ConnectedState screen=on 26 0 "AndroidWifi" 00:13:10:85:fe:01 rssi=-50 f=2447 sc=100 link=1 tx=0.0, 0.0, 0.0 rx=0.0 bcn=0 [on:0 tx:0 rx:0 period:3004] from screen [on:0 period:-1202320819] score=100
09-19 15:24:01.699   491   588 W skia    : AGTM parsing failed flags.readFromStream(s) at 159
09-19 15:24:01.699   491   588 W skia    : AGTM parsing failed flags.readFromStream(s) at 159
09-19 15:24:01.802   491   588 W skia    : AGTM parsing failed flags.readFromStream(s) at 159
09-19 15:24:01.802   491   588 W skia    : AGTM parsing failed flags.readFromStream(s) at 159
09-19 15:24:01.930   491   588 W skia    : AGTM parsing failed flags.readFromStream(s) at 159
09-19 15:24:01.930   491   588 W skia    : AGTM parsing failed flags.readFromStream(s) at 159
09-19 15:24:02.031   491   588 W skia    : AGTM parsing failed flags.readFromStream(s) at 159
09-19 15:24:02.031   491   588 W skia    : AGTM parsing failed flags.readFromStream(s) at 159
09-19 15:24:02.108   487   531 D AudioFlinger: mixer(0xb400006ff95ca790) throttle end: throttle time(5)
09-19 15:24:02.176   491   588 W skia    : AGTM parsing failed flags.readFromStream(s) at 159
09-19 15:24:02.177   491   588 W skia    : AGTM parsing failed flags.readFromStream(s) at 159
09-19 15:24:02.277   491   588 W skia    : AGTM parsing failed flags.readFromStream(s) at 159
09-19 15:24:02.277   491   588 W skia    : AGTM parsing failed flags.readFromStream(s) at 159
09-19 15:24:02.379   491   588 W skia    : AGTM parsing failed flags.readFromStream(s) at 159
09-19 15:24:02.379   491   588 W skia    : AGTM parsing failed flags.readFromStream(s) at 159
09-19 15:24:02.470   487   531 D AudioFlinger: mixer(0xb400006ff95ca790) throttle end: throttle time(7)
09-19 15:24:02.479   491   588 W skia    : AGTM parsing failed flags.readFromStream(s) at 159
09-19 15:24:02.479   491   588 W skia    : AGTM parsing failed flags.readFromStream(s) at 159
09-19 15:24:02.580   491   588 W skia    : AGTM parsing failed flags.readFromStream(s) at 159
09-19 15:24:02.580   491   588 W skia    : AGTM parsing failed flags.readFromStream(s) at 159
09-19 15:24:02.686   491   588 W skia    : AGTM parsing failed flags.readFromStream(s) at 159
09-19 15:24:02.686   491   588 W skia    : AGTM parsing failed flags.readFromStream(s) at 159
09-19 15:24:02.781   491   588 W skia    : AGTM parsing failed flags.readFromStream(s) at 159
09-19 15:24:02.781   491   588 W skia    : AGTM parsing failed flags.readFromStream(s) at 159
09-19 15:24:02.882   491   588 W skia    : AGTM parsing failed flags.readFromStream(s) at 159
09-19 15:24:02.882   491   588 W skia    : AGTM parsing failed flags.readFromStream(s) at 159
09-19 15:24:02.992   491   588 W skia    : AGTM parsing failed flags.readFromStream(s) at 159
09-19 15:24:02.992   491   588 W skia    : AGTM parsing failed flags.readFromStream(s) at 159
09-19 15:24:03.097   491   588 W skia    : AGTM parsing failed flags.readFromStream(s) at 159
09-19 15:24:03.097   491   588 W skia    : AGTM parsing failed flags.readFromStream(s) at 159
09-19 15:24:03.145   645   806 D InetDiagMessage: Destroyed 0 sockets, proto=IPPROTO_TCP, family=AF_INET, states=14
09-19 15:24:03.146   645   806 D InetDiagMessage: Destroyed 0 sockets, proto=IPPROTO_TCP, family=AF_INET6, states=14
09-19 15:24:03.146   645   806 D InetDiagMessage: Destroyed live tcp sockets for uids={10149} in 1ms
09-19 15:24:03.147   645   806 D InetDiagMessage: Destroyed 0 sockets, proto=IPPROTO_TCP, family=AF_INET, states=14
09-19 15:24:03.148   645   806 D InetDiagMessage: Destroyed 0 sockets, proto=IPPROTO_TCP, family=AF_INET6, states=14
09-19 15:24:03.148   645   806 D InetDiagMessage: Destroyed live tcp sockets for uids={20149} in 2ms
09-19 15:24:03.198   491   588 W skia    : AGTM parsing failed flags.readFromStream(s) at 159
09-19 15:24:03.199   491   588 W skia    : AGTM parsing failed flags.readFromStream(s) at 159
09-19 15:24:03.298   491   588 W skia    : AGTM parsing failed flags.readFromStream(s) at 159
09-19 15:24:03.298   491   588 W skia    : AGTM parsing failed flags.readFromStream(s) at 159
09-19 15:24:03.408   491   588 W skia    : AGTM parsing failed flags.readFromStream(s) at 159
09-19 15:24:03.409   491   588 W skia    : AGTM parsing failed flags.readFromStream(s) at 159
09-19 15:24:03.512   491   588 W skia    : AGTM parsing failed flags.readFromStream(s) at 159
09-19 15:24:03.513   491   588 W skia    : AGTM parsing failed flags.readFromStream(s) at 159
09-19 15:24:03.615   491   588 W skia    : AGTM parsing failed flags.readFromStream(s) at 159
09-19 15:24:03.615   491   588 W skia    : AGTM parsing failed flags.readFromStream(s) at 159
09-19 15:24:03.716   491   588 W skia    : AGTM parsing failed flags.readFromStream(s) at 159
09-19 15:24:03.716   491   588 W skia    : AGTM parsing failed flags.readFromStream(s) at 159
09-19 15:24:03.826   491   588 W skia    : AGTM parsing failed flags.readFromStream(s) at 159
09-19 15:24:03.826   491   588 W skia    : AGTM parsing failed flags.readFromStream(s) at 159
09-19 15:24:03.929   491   588 W skia    : AGTM parsing failed flags.readFromStream(s) at 159
09-19 15:24:03.929   491   588 W skia    : AGTM parsing failed flags.readFromStream(s) at 159
09-19 15:24:04.029   491   588 W skia    : AGTM parsing failed flags.readFromStream(s) at 159
09-19 15:24:04.030   491   588 W skia    : AGTM parsing failed flags.readFromStream(s) at 159
09-19 15:24:04.130   491   588 W skia    : AGTM parsing failed flags.readFromStream(s) at 159
09-19 15:24:04.130   491   588 W skia    : AGTM parsing failed flags.readFromStream(s) at 159
09-19 15:24:04.234   491   588 W skia    : AGTM parsing failed flags.readFromStream(s) at 159
09-19 15:24:04.234   491   588 W skia    : AGTM parsing failed flags.readFromStream(s) at 159
09-19 15:24:04.334   491   588 W skia    : AGTM parsing failed flags.readFromStream(s) at 159
09-19 15:24:04.334   491   588 W skia    : AGTM parsing failed flags.readFromStream(s) at 159
09-19 15:24:04.443   491   588 W skia    : AGTM parsing failed flags.readFromStream(s) at 159
09-19 15:24:04.443   491   588 W skia    : AGTM parsing failed flags.readFromStream(s) at 159
09-19 15:24:04.555   491   588 W skia    : AGTM parsing failed flags.readFromStream(s) at 159
09-19 15:24:04.555   491   588 W skia    : AGTM parsing failed flags.readFromStream(s) at 159
09-19 15:24:04.615   645   800 D WifiClientModeImpl[3810:wlan0]: updateLinkLayerStatsRssiSpeedFrequencyCapabilities rssi=-50 TxLinkspeed=1 freq=2447 RxLinkSpeed=2
09-19 15:24:04.615   645   800 D WifiDataStall: tx tput in kbps: 11000
09-19 15:24:04.615   645   800 D WifiDataStall: rx tput in kbps: 11000
09-19 15:24:04.615   645   800 V WifiConfigManager: Updating scan detail cache freq=2447 BSSID=00:13:10:85:fe:01 RSSI=-50 for "AndroidWifi"NONE
09-19 15:24:04.615   645   800 D WifiThroughputPredictor:  utilization (LLS) 80 isBluetoothConnected: false final utilization: 80
09-19 15:24:04.615   645   800 D WifiThroughputPredictor:  BW: 0 RSSI: -50 Nss: 1 Mode: 1 symDur: 4000 snrDb 30 bitPerTone: 4500 rate: 54 throughput: 11
09-19 15:24:04.615   645   800 D WifiThroughputPredictor:  utilization (LLS) 80 isBluetoothConnected: false final utilization: 80
09-19 15:24:04.615   645   800 D WifiThroughputPredictor:  BW: 0 RSSI: -50 Nss: 1 Mode: 1 symDur: 4000 snrDb 30 bitPerTone: 4500 rate: 54 throughput: 11
09-19 15:24:04.616   645   800 D WifiThroughputPredictor:  utilization (LLS) 80 isBluetoothConnected: false final utilization: 80
09-19 15:24:04.617   645   800 D WifiThroughputPredictor:  BW: 0 RSSI: -50 Nss: 1 Mode: 1 symDur: 4000 snrDb 30 bitPerTone: 4500 rate: 54 throughput: 11
09-19 15:24:04.617   645   800 D WifiThroughputPredictor:  utilization (LLS) 80 isBluetoothConnected: false final utilization: 80
09-19 15:24:04.617   645   800 D WifiThroughputPredictor:  BW: 0 RSSI: -50 Nss: 1 Mode: 1 symDur: 4000 snrDb 30 bitPerTone: 4500 rate: 54 throughput: 11
09-19 15:24:04.618   645   800 I HalDevMgr: bestIfaceCreationProposal is null, requestIface=STA, existingIface=[name=wlan0 type=STA]
09-19 15:24:04.618   645   800 D WifiScoreCard: BSSID update SIGNAL_POLL ID: 760286919 SSID: "AndroidWifi", BSSID: 00:13:10:85:fe:01, MAC: 02:15:b2:00:00:00, IP: /10.0.2.16, Security type: 0, Supplicant state: COMPLETED, Wi-Fi standard: legacy, RSSI: -50, Link speed: 1Mbps, Tx Link speed: 1Mbps, Max Supported Tx Link speed: 11Mbps, Calculated Tx : 0Mbps, Rx Link speed: 2Mbps, Max Supported Rx Link speed: 11Mbps, Calculated Rx : 0Mbps, Frequency: 2447MHz, Net ID: 0, Metered hint: false, score: 100, isUsable: true, CarrierMerged: false, SubscriptionId: -1, IsPrimary: 1, Trusted: true, Restricted: false, Ephemeral: false, OEM paid: false, OEM private: false, OSU AP: false, FQDN: <none>, Provider friendly name: <none>, Requesting package name: <none>"AndroidWifi"openMLO Information: , Is TID-To-Link negotiation supported by the AP: false, AP MLD Address: <none>, AP MLO Link Id: <none>, AP MLO Affiliated links: <none>, Vendor Data: <none>
09-19 15:24:04.618   645   800 D WifiScoreCard: txRate: 1 txSpeed: 1
09-19 15:24:04.618   645   800 D WifiScoreCard: network update SIGNAL_POLL "AndroidWifi" ID: 673433585 RSSI -50 txSpeed -1
09-19 15:24:04.618   645   800 D WifiClientModeImpl[3810:wlan0]:  ClientModeImpl$L2ConnectedState screen=on 26 0 "AndroidWifi" 00:13:10:85:fe:01 rssi=-50 f=2447 sc=100 link=1 tx=0.0, 0.0, 0.0 rx=0.0 bcn=0 [on:0 tx:0 rx:0 period:3005] from screen [on:0 period:-1202317814] score=100
09-19 15:24:04.658   491   588 W skia    : AGTM parsing failed flags.readFromStream(s) at 159
09-19 15:24:04.658   491   588 W skia    : AGTM parsing failed flags.readFromStream(s) at 159
09-19 15:24:04.761   491   588 W skia    : AGTM parsing failed flags.readFromStream(s) at 159
09-19 15:24:04.762   491   588 W skia    : AGTM parsing failed flags.readFromStream(s) at 159
09-19 15:24:04.863   491   588 W skia    : AGTM parsing failed flags.readFromStream(s) at 159
09-19 15:24:04.863   491   588 W skia    : AGTM parsing failed flags.readFromStream(s) at 159
09-19 15:24:04.963   491   588 W skia    : AGTM parsing failed flags.readFromStream(s) at 159
09-19 15:24:04.963   491   588 W skia    : AGTM parsing failed flags.readFromStream(s) at 159
09-19 15:24:05.063   491   588 W skia    : AGTM parsing failed flags.readFromStream(s) at 159
09-19 15:24:05.063   491   588 W skia    : AGTM parsing failed flags.readFromStream(s) at 159
09-19 15:24:05.164   491   588 W skia    : AGTM parsing failed flags.readFromStream(s) at 159
09-19 15:24:05.164   491   588 W skia    : AGTM parsing failed flags.readFromStream(s) at 159
09-19 15:24:05.264   491   588 W skia    : AGTM parsing failed flags.readFromStream(s) at 159
09-19 15:24:05.264   491   588 W skia    : AGTM parsing failed flags.readFromStream(s) at 159
09-19 15:24:05.368   491   588 W skia    : AGTM parsing failed flags.readFromStream(s) at 159
09-19 15:24:05.368   491   588 W skia    : AGTM parsing failed flags.readFromStream(s) at 159
09-19 15:24:05.478   491   588 W skia    : AGTM parsing failed flags.readFromStream(s) at 159
09-19 15:24:05.478   491   588 W skia    : AGTM parsing failed flags.readFromStream(s) at 159
09-19 15:24:05.579   491   588 W skia    : AGTM parsing failed flags.readFromStream(s) at 159
09-19 15:24:05.579   491   588 W skia    : AGTM parsing failed flags.readFromStream(s) at 159
09-19 15:24:05.678   491   588 W skia    : AGTM parsing failed flags.readFromStream(s) at 159
09-19 15:24:05.678   491   588 W skia    : AGTM parsing failed flags.readFromStream(s) at 159
09-19 15:24:05.781   491   588 W skia    : AGTM parsing failed flags.readFromStream(s) at 159
09-19 15:24:05.781   491   588 W skia    : AGTM parsing failed flags.readFromStream(s) at 159
09-19 15:24:05.895   491   588 W skia    : AGTM parsing failed flags.readFromStream(s) at 159
09-19 15:24:05.895   491   588 W skia    : AGTM parsing failed flags.readFromStream(s) at 159
09-19 15:24:05.997   491   588 W skia    : AGTM parsing failed flags.readFromStream(s) at 159
09-19 15:24:05.998   491   588 W skia    : AGTM parsing failed flags.readFromStream(s) at 159
09-19 15:24:06.098   491   588 W skia    : AGTM parsing failed flags.readFromStream(s) at 159
09-19 15:24:06.098   491   588 W skia    : AGTM parsing failed flags.readFromStream(s) at 159
09-19 15:24:06.199   491   588 W skia    : AGTM parsing failed flags.readFromStream(s) at 159
09-19 15:24:06.199   491   588 W skia    : AGTM parsing failed flags.readFromStream(s) at 159
09-19 15:24:06.304   491   588 W skia    : AGTM parsing failed flags.readFromStream(s) at 159
09-19 15:24:06.304   491   588 W skia    : AGTM parsing failed flags.readFromStream(s) at 159
09-19 15:24:06.370  1012  1174 D SatelliteController: isInCarrierRoamingNbIotNtn: satellite is disabled
09-19 15:24:06.371  1012  1174 D SatelliteController: getCarrierRoamingNtnConnectType: Checking connect type from PLMN config for subId: 1
09-19 15:24:06.371  1012  1174 D TelephonyConfigUpdateInstallReceiver: getConfigParser: domain=satellite
09-19 15:24:06.371  1012  1174 V SatelliteController: satelliteConfigParser is not ready
09-19 15:24:06.371  1012  1174 D SatelliteController: isSatelliteAttachSupportedViaConfigupdater: return null (satelliteConfig is null)
09-19 15:24:06.374  1012  1174 D SatelliteController: getSatellitePerPlmnConfiguration: invalid subId or not supported via carrier.
09-19 15:24:06.374  1012  1174 D SatelliteController: getCarrierRoamingNtnConnectType: config: null
09-19 15:24:06.374  1012  1174 D TelephonyConfigUpdateInstallReceiver: getConfigParser: domain=satellite
09-19 15:24:06.374  1012  1174 V SatelliteController: satelliteConfigParser is not ready
09-19 15:24:06.374  1012  1174 D SatelliteController: getCarrierRoamingNtnConnectTypeViaConfigUpdater: return null (satelliteConfig is null)
09-19 15:24:06.374  1012  1174 D SatelliteController: getCarrierRoamingNtnConnectType: Falling back to global carrier config connect type: 0
09-19 15:24:06.374  1012  1174 D TelephonyConfigUpdateInstallReceiver: getConfigParser: domain=satellite
09-19 15:24:06.374  1012  1174 V SatelliteController: satelliteConfigParser is not ready
09-19 15:24:06.374  1012  1174 D SatelliteController: isSatelliteAttachSupportedViaConfigupdater: return null (satelliteConfig is null)
09-19 15:24:06.374  1012  1174 D SatelliteController: getCarrierRoamingNtnConnectType: Checking connect type from PLMN config for subId: 1
09-19 15:24:06.374  1012  1174 D TelephonyConfigUpdateInstallReceiver: getConfigParser: domain=satellite
09-19 15:24:06.374  1012  1174 V SatelliteController: satelliteConfigParser is not ready
09-19 15:24:06.374  1012  1174 D SatelliteController: isSatelliteAttachSupportedViaConfigupdater: return null (satelliteConfig is null)
09-19 15:24:06.374  1012  1174 D SatelliteController: getSatellitePerPlmnConfiguration: invalid subId or not supported via carrier.
09-19 15:24:06.374  1012  1174 D SatelliteController: getCarrierRoamingNtnConnectType: config: null
09-19 15:24:06.374  1012  1174 D TelephonyConfigUpdateInstallReceiver: getConfigParser: domain=satellite
09-19 15:24:06.374  1012  1174 V SatelliteController: satelliteConfigParser is not ready
09-19 15:24:06.374  1012  1174 D SatelliteController: getCarrierRoamingNtnConnectTypeViaConfigUpdater: return null (satelliteConfig is null)
09-19 15:24:06.374  1012  1174 D SatelliteController: getCarrierRoamingNtnConnectType: Falling back to global carrier config connect type: 0
09-19 15:24:06.374  1012  1174 D TelephonyConfigUpdateInstallReceiver: getConfigParser: domain=satellite
09-19 15:24:06.374  1012  1174 V SatelliteController: satelliteConfigParser is not ready
09-19 15:24:06.374  1012  1174 D SatelliteController: isSatelliteAttachSupportedViaConfigupdater: return null (satelliteConfig is null)
09-19 15:24:06.412   491   588 W skia    : AGTM parsing failed flags.readFromStream(s) at 159
09-19 15:24:06.414   491   588 W skia    : AGTM parsing failed flags.readFromStream(s) at 159
09-19 15:24:06.514   491   588 W skia    : AGTM parsing failed flags.readFromStream(s) at 159
09-19 15:24:06.514   491   588 W skia    : AGTM parsing failed flags.readFromStream(s) at 159
09-19 15:24:06.614   491   588 W skia    : AGTM parsing failed flags.readFromStream(s) at 159
09-19 15:24:06.615   491   588 W skia    : AGTM parsing failed flags.readFromStream(s) at 159
09-19 15:24:06.728   491   588 W skia    : AGTM parsing failed flags.readFromStream(s) at 159
09-19 15:24:06.728   491   588 W skia    : AGTM parsing failed flags.readFromStream(s) at 159
09-19 15:24:06.792  1651  1651 D BoundBrokerSvc: onUnbind: Intent { act=com.google.android.gms.feedback.internal.IFeedbackService dat=chimera-action:/... xflg=0x4 cmp=com.google.android.gms/.chimera.GmsBoundBrokerService }
09-19 15:24:06.829   491   588 W skia    : AGTM parsing failed flags.readFromStream(s) at 159
09-19 15:24:06.829   491   588 W skia    : AGTM parsing failed flags.readFromStream(s) at 159
09-19 15:24:06.930   491   588 W skia    : AGTM parsing failed flags.readFromStream(s) at 159
09-19 15:24:06.930   491   588 W skia    : AGTM parsing failed flags.readFromStream(s) at 159
09-19 15:24:07.031   491   588 W skia    : AGTM parsing failed flags.readFromStream(s) at 159
09-19 15:24:07.031   491   588 W skia    : AGTM parsing failed flags.readFromStream(s) at 159
09-19 15:24:07.132   491   588 W skia    : AGTM parsing failed flags.readFromStream(s) at 159
09-19 15:24:07.132   491   588 W skia    : AGTM parsing failed flags.readFromStream(s) at 159
09-19 15:24:07.232   491   588 W skia    : AGTM parsing failed flags.readFromStream(s) at 159
09-19 15:24:07.232   491   588 W skia    : AGTM parsing failed flags.readFromStream(s) at 159
09-19 15:24:07.332   491   588 W skia    : AGTM parsing failed flags.readFromStream(s) at 159
09-19 15:24:07.332   491   588 W skia    : AGTM parsing failed flags.readFromStream(s) at 159
09-19 15:24:07.443   491   588 W skia    : AGTM parsing failed flags.readFromStream(s) at 159
09-19 15:24:07.444   491   588 W skia    : AGTM parsing failed flags.readFromStream(s) at 159
09-19 15:24:07.543   491   588 W skia    : AGTM parsing failed flags.readFromStream(s) at 159
09-19 15:24:07.543   491   588 W skia    : AGTM parsing failed flags.readFromStream(s) at 159
09-19 15:24:07.621   645   800 D WifiClientModeImpl[3810:wlan0]: updateLinkLayerStatsRssiSpeedFrequencyCapabilities rssi=-50 TxLinkspeed=1 freq=2447 RxLinkSpeed=2
09-19 15:24:07.621   645   800 D WifiDataStall: tx tput in kbps: 11000
09-19 15:24:07.621   645   800 D WifiDataStall: rx tput in kbps: 11000
09-19 15:24:07.621   645   800 V WifiConfigManager: Updating scan detail cache freq=2447 BSSID=00:13:10:85:fe:01 RSSI=-50 for "AndroidWifi"NONE
09-19 15:24:07.621   645   800 D WifiThroughputPredictor:  utilization (LLS) 80 isBluetoothConnected: false final utilization: 80
09-19 15:24:07.621   645   800 D WifiThroughputPredictor:  BW: 0 RSSI: -50 Nss: 1 Mode: 1 symDur: 4000 snrDb 30 bitPerTone: 4500 rate: 54 throughput: 11
09-19 15:24:07.621   645   800 D WifiThroughputPredictor:  utilization (LLS) 80 isBluetoothConnected: false final utilization: 80
09-19 15:24:07.622   645   800 D WifiThroughputPredictor:  BW: 0 RSSI: -50 Nss: 1 Mode: 1 symDur: 4000 snrDb 30 bitPerTone: 4500 rate: 54 throughput: 11
09-19 15:24:07.622   645   800 D WifiThroughputPredictor:  utilization (LLS) 80 isBluetoothConnected: false final utilization: 80
09-19 15:24:07.622   645   800 D WifiThroughputPredictor:  BW: 0 RSSI: -50 Nss: 1 Mode: 1 symDur: 4000 snrDb 30 bitPerTone: 4500 rate: 54 throughput: 11
09-19 15:24:07.622   645   800 D WifiThroughputPredictor:  utilization (LLS) 80 isBluetoothConnected: false final utilization: 80
09-19 15:24:07.622   645   800 D WifiThroughputPredictor:  BW: 0 RSSI: -50 Nss: 1 Mode: 1 symDur: 4000 snrDb 30 bitPerTone: 4500 rate: 54 throughput: 11
09-19 15:24:07.626   645   800 I HalDevMgr: bestIfaceCreationProposal is null, requestIface=STA, existingIface=[name=wlan0 type=STA]
09-19 15:24:07.626   645   800 D WifiScoreCard: BSSID update SIGNAL_POLL ID: 760286919 SSID: "AndroidWifi", BSSID: 00:13:10:85:fe:01, MAC: 02:15:b2:00:00:00, IP: /10.0.2.16, Security type: 0, Supplicant state: COMPLETED, Wi-Fi standard: legacy, RSSI: -50, Link speed: 1Mbps, Tx Link speed: 1Mbps, Max Supported Tx Link speed: 11Mbps, Calculated Tx : 0Mbps, Rx Link speed: 2Mbps, Max Supported Rx Link speed: 11Mbps, Calculated Rx : 0Mbps, Frequency: 2447MHz, Net ID: 0, Metered hint: false, score: 100, isUsable: true, CarrierMerged: false, SubscriptionId: -1, IsPrimary: 1, Trusted: true, Restricted: false, Ephemeral: false, OEM paid: false, OEM private: false, OSU AP: false, FQDN: <none>, Provider friendly name: <none>, Requesting package name: <none>"AndroidWifi"openMLO Information: , Is TID-To-Link negotiation supported by the AP: false, AP MLD Address: <none>, AP MLO Link Id: <none>, AP MLO Affiliated links: <none>, Vendor Data: <none>
09-19 15:24:07.626   645   800 D WifiScoreCard: txRate: 1 txSpeed: 1
09-19 15:24:07.626   645   800 D WifiScoreCard: network update SIGNAL_POLL "AndroidWifi" ID: 673433585 RSSI -50 txSpeed -1
09-19 15:24:07.627   645   800 D WifiClientModeImpl[3810:wlan0]:  ClientModeImpl$L2ConnectedState screen=on 26 0 "AndroidWifi" 00:13:10:85:fe:01 rssi=-50 f=2447 sc=100 link=1 tx=0.0, 0.0, 0.0 rx=0.0 bcn=0 [on:0 tx:0 rx:0 period:3009] from screen [on:0 period:-1202314805] score=100
09-19 15:24:07.645   491   588 W skia    : AGTM parsing failed flags.readFromStream(s) at 159
09-19 15:24:07.645   491   588 W skia    : AGTM parsing failed flags.readFromStream(s) at 159
09-19 15:24:07.748   491   588 W skia    : AGTM parsing failed flags.readFromStream(s) at 159
09-19 15:24:07.748   491   588 W skia    : AGTM parsing failed flags.readFromStream(s) at 159
09-19 15:24:07.848   491   588 W skia    : AGTM parsing failed flags.readFromStream(s) at 159
09-19 15:24:07.848   491   588 W skia    : AGTM parsing failed flags.readFromStream(s) at 159
09-19 15:24:07.949   491   588 W skia    : AGTM parsing failed flags.readFromStream(s) at 159
09-19 15:24:07.949   491   588 W skia    : AGTM parsing failed flags.readFromStream(s) at 159
09-19 15:24:08.061   491   588 W skia    : AGTM parsing failed flags.readFromStream(s) at 159
09-19 15:24:08.061   491   588 W skia    : AGTM parsing failed flags.readFromStream(s) at 159
09-19 15:24:08.163   491   588 W skia    : AGTM parsing failed flags.readFromStream(s) at 159
09-19 15:24:08.163   491   588 W skia    : AGTM parsing failed flags.readFromStream(s) at 159
09-19 15:24:08.276   491   588 W skia    : AGTM parsing failed flags.readFromStream(s) at 159
09-19 15:24:08.276   491   588 W skia    : AGTM parsing failed flags.readFromStream(s) at 159
09-19 15:24:08.386   491   588 W skia    : AGTM parsing failed flags.readFromStream(s) at 159
09-19 15:24:08.386   491   588 W skia    : AGTM parsing failed flags.readFromStream(s) at 159
09-19 15:24:08.395   892   892 D wpa_supplicant: nl80211: Drv Event 64 (NL80211_CMD_NOTIFY_CQM) received for wlan0
09-19 15:24:08.395   892   892 D wpa_supplicant: nl80211: Beacon loss event
09-19 15:24:08.395   892   892 D wpa_supplicant: wlan0: Event BEACON_LOSS (53) received
09-19 15:24:08.395   892   892 I wpa_supplicant: wlan0: CTRL-EVENT-BEACON-LOSS 
09-19 15:24:08.497   491   588 W skia    : AGTM parsing failed flags.readFromStream(s) at 159
09-19 15:24:08.498   491   588 W skia    : AGTM parsing failed flags.readFromStream(s) at 159
09-19 15:24:08.598   491   588 W skia    : AGTM parsing failed flags.readFromStream(s) at 159
09-19 15:24:08.598   491   588 W skia    : AGTM parsing failed flags.readFromStream(s) at 159
09-19 15:24:08.698   491   588 W skia    : AGTM parsing failed flags.readFromStream(s) at 159
09-19 15:24:08.699   491   588 W skia    : AGTM parsing failed flags.readFromStream(s) at 159
09-19 15:24:08.742 21446 21451 W us.godotpreview: Suspending all threads took: 5.264ms
09-19 15:24:08.751 21446 21451 I us.godotpreview: NativeAlloc concurrent mark compact GC freed 219KB AllocSpace bytes, 0(0B) LOS objects, 49% free, 2295KB/4591KB, paused 5.669ms,3.282ms total 32.218ms
09-19 15:24:08.799   491   588 W skia    : AGTM parsing failed flags.readFromStream(s) at 159
09-19 15:24:08.799   491   588 W skia    : AGTM parsing failed flags.readFromStream(s) at 159
09-19 15:24:08.909   491   588 W skia    : AGTM parsing failed flags.readFromStream(s) at 159
09-19 15:24:08.909   491   588 W skia    : AGTM parsing failed flags.readFromStream(s) at 159
09-19 15:24:09.010   491   588 W skia    : AGTM parsing failed flags.readFromStream(s) at 159
09-19 15:24:09.010   491   588 W skia    : AGTM parsing failed flags.readFromStream(s) at 159
09-19 15:24:09.112   491   588 W skia    : AGTM parsing failed flags.readFromStream(s) at 159
09-19 15:24:09.112   491   588 W skia    : AGTM parsing failed flags.readFromStream(s) at 159
09-19 15:24:09.232   491   588 W skia    : AGTM parsing failed flags.readFromStream(s) at 159
09-19 15:24:09.232   491   588 W skia    : AGTM parsing failed flags.readFromStream(s) at 159
09-19 15:24:09.332   491   588 W skia    : AGTM parsing failed flags.readFromStream(s) at 159
09-19 15:24:09.332   491   588 W skia    : AGTM parsing failed flags.readFromStream(s) at 159
09-19 15:24:09.434   491   588 W skia    : AGTM parsing failed flags.readFromStream(s) at 159
09-19 15:24:09.434   491   588 W skia    : AGTM parsing failed flags.readFromStream(s) at 159
09-19 15:24:09.545   491   588 W skia    : AGTM parsing failed flags.readFromStream(s) at 159
09-19 15:24:09.545   491   588 W skia    : AGTM parsing failed flags.readFromStream(s) at 159
09-19 15:24:09.645   491   588 W skia    : AGTM parsing failed flags.readFromStream(s) at 159
09-19 15:24:09.645   491   588 W skia    : AGTM parsing failed flags.readFromStream(s) at 159
09-19 15:24:09.749   491   588 W skia    : AGTM parsing failed flags.readFromStream(s) at 159
09-19 15:24:09.749   491   588 W skia    : AGTM parsing failed flags.readFromStream(s) at 159
09-19 15:24:09.848   491   588 W skia    : AGTM parsing failed flags.readFromStream(s) at 159
09-19 15:24:09.848   491   588 W skia    : AGTM parsing failed flags.readFromStream(s) at 159
09-19 15:24:09.948   491   588 W skia    : AGTM parsing failed flags.readFromStream(s) at 159
09-19 15:24:09.948   491   588 W skia    : AGTM parsing failed flags.readFromStream(s) at 159
09-19 15:24:10.043   487   531 D AudioFlinger: mixer(0xb400006ff95ca790) throttle end: throttle time(11)
09-19 15:24:10.059   491   588 W skia    : AGTM parsing failed flags.readFromStream(s) at 159
09-19 15:24:10.059   491   588 W skia    : AGTM parsing failed flags.readFromStream(s) at 159
09-19 15:24:10.160   491   588 W skia    : AGTM parsing failed flags.readFromStream(s) at 159
09-19 15:24:10.160   491   588 W skia    : AGTM parsing failed flags.readFromStream(s) at 159
09-19 15:24:10.252 21446 21446 I flutter : RN_VALIDATION_CHUNK START {"schema":1,"runner":"flutter_flame_godot","event":"snapshot","scenario":"normal","device_pixel_ratio":2.625,"physical_size":[1080.0,2424.0],"path_tiles":[[0.5,0.5],[1.5,0.5],[1.5,1.5],[1.5,2.5],[2.5,2.5],[3.5,2.5],[4.5,2.5],[4.5,3.5],[4.5,4.5],[5.5,4.5],[6.5,4.5],[6.5,5.5],[6.5,6.5],[5.5,6.5],[4.5,6.5],[3.5,6.5],[2.5,6.5],[1.5,6.5],[1.5,7.5],[1.5,8.5],[1.5,9.5],[2.5,9.5],[3.5,9.5],[4.5,9.5],[5.5,9.5],[6.5,9.5]],"frame":{"seq":1,"sceneEpoch":1789799032192451,"viewportRevision":0,"presentationVersion":2,"presentation":{"labels":{"logicalTileSize":45.25714141845703,"enemies":[{"id":0,"position":[6.500000335471809,6.477974011387505],"size":[29.417142868041992,29.417142868041992],"hp":999999856.
09-19 15:24:10.252 21446 21446 I flutter : RN_VALIDATION_CHUNK CONT 0,"maxHp":1000000000.0,"armor":0.0,"maxArmor":0.0,"shield":0.0,"maxShield":0.0,"effectTime":8.13333299999998,"enemyCount":3,"burning":false,"slowed":false,"poisoned":false,"riftMarked":false,"diamondCarrier":false},{"id":1,"position":[5.4999996678997665,6.477974011387505],"size":[29.417142868041992,29.417142868041992],"hp":999999802.0,"maxHp":1000000000.0,"armor":0.0,"maxArmor":0.0,"shield":0.0,"maxShield":0.0,"effectTime":8.13333299999998,"enemyCount":3,"burning":false,"slowed":false,"poisoned":false,"riftMarked":false,"diamondCarrier":false},{"id":2,"position":[4.500000011800516,6.477974011387505],"size":[29.417142868041992,29.417142868041992],"hp":999999604.0,"maxHp":1000000000.0,"armor":
09-19 15:24:10.252 21446 21446 I flutter : RN_VALIDATION_CHUNK CONT 0.0,"maxArmor":0.0,"shield":0.0,"maxShield":0.0,"effectTime":8.13333299999998,"enemyCount":3,"burning":false,"slowed":false,"poisoned":false,"riftMarked":false,"diamondCarrier":false}],"core":null},"effects":{"shake":[0.0,0.0],"events":[],"clock":8.366665999999984,"generation":2,"squaredSteps":0.19722224453600024,"items":[]},"selection":{"logicalTileSize":45.25714141845703,"visualScale":0.9428571128845215,"time":8.366665999999984,"rewardTargeting":false,"rewardViewport":null,"turrets":[{"position":[5.4999996678997665,5.499999962912664],"color":4294933295,"range":1.75,"selected":false,"previewRange":null,"auraTier":0,"animationPhase":0.0,"gemColors":[],"aimTarget":null,"aimProgress":0.0},{"po
09-19 15:24:10.252 21446 21446 I flutter : RN_VALIDATION_CHUNK CONT sition":[5.4999996678997665,7.4999999494263605],"color":4294933295,"range":1.75,"selected":false,"previewRange":null,"auraTier":0,"animationPhase":0.0,"gemColors":[],"aimTarget":null,"aimProgress":0.0},{"position":[4.500000011800516,5.499999962912664],"color":4294933295,"range":1.75,"selected":false,"previewRange":null,"auraTier":0,"animationPhase":0.0,"gemColors":[],"aimTarget":null,"aimProgress":0.0},{"position":[4.500000011800516,7.4999999494263605],"color":4294933295,"range":1.75,"selected":false,"previewRange":null,"auraTier":0,"animationPhase":0.0,"gemColors":[],"aimTarget":null,"aimProgress":0.0},{"position":[6.500000335471809,7.4999999494263605],"color":4294933295,"range":1.75,"selec
09-19 15:24:10.252 21446 21446 I flutter : RN_VALIDATION_CHUNK CONT ted":false,"previewRange":null,"auraTier":0,"animationPhase":0.0,"gemColors":[],"aimTarget":null,"aimProgress":0.0},{"position":[7.500000328728658,6.499999956169512],"color":4294933295,"range":1.75,"selected":false,"previewRange":null,"auraTier":0,"animationPhase":0.0,"gemColors":[],"aimTarget":null,"aimProgress":0.0}],"tiles":[],"rewardTargets":[]}},"time":8.366665999999984,"map":{"theme":"chapterOne","columns":8,"rows":10,"tiles":["spawn","path","build","build","blocked","blocked","blocked","blocked","build","path","build","build","build","build","blocked","blocked","blocked","path","path","path","path","build","build","blocked","blocked","build","build","build","path","build","blocked","b
09-19 15:24:10.252 21446 21446 I flutter : RN_VALIDATION_CHUNK CONT locked","blocked","blocked","build","build","path","path","path","build","blocked","blocked","blocked","build","build","build","path","build","blocked","path","path","path","path","path","path","build","build","path","build","build","build","build","build","build","build","path","build","build","blocked","blocked","blocked","blocked","build","path","path","path","path","path","core","blocked"]},"turrets":[[3,5.4999996678997665,5.499999962912664,2.3561943216135166,4,0.0,"cannon",1],[4,5.4999996678997665,7.4999999494263605,-2.3561943216135166,4,0.0,"cannon",1],[5,4.500000011800516,5.499999962912664,1.5707963267948966,4,0.0,"cannon",1],[6,4.500000011800516,7.4999999494263605,-1.5707963267948966
09-19 15:24:10.252 21446 21446 I flutter : RN_VALIDATION_CHUNK CONT ,4,0.0,"cannon",1],[7,6.500000335471809,7.4999999494263605,-2.3561948273498308,4,0.0,"cannon",1],[8,7.500000328728658,6.499999956169512,3.141592653589793,4,0.0,"cannon",1]],"buildPreview":null,"enemies":[[0,6.500000335471809,6.477974011387505,3.141592653589793,0.0,0.6500000209037711,0.0,"tank",false,false,false,false],[1,5.4999996678997665,6.477974011387505,3.141592653589793,0.0,0.6500000209037711,0.0,"tank",false,false,false,false],[2,4.500000011800516,6.477974011387505,3.141592653589793,0.0,0.6500000209037711,0.0,"tank",false,false,false,false]],"projectileEvents":{"generation":7,"clock":8.366665999999984,"through":54,"events":[{"event":10,"data":[9,4.999132164773422,6.000867803196606,-0.7
09-19 15:24:10.252 21446 21446 I flutter : RN_VALIDATION_CHUNK CONT 071067690849304,0.7071067690849304,"cannon",5.4999996678997665,5.499999962912664,3,1,false,-1,null,null],"clock":0.366666,"speed":7.083333333333332,"remaining":2.375},{"event":11,"data":[10,4.999132164773422,6.999132109142419,-0.7071067690849304,-0.7071067690849304,"cannon",5.4999996678997665,7.4999999494263605,4,1,false,-1,null,null],"clock":0.366666,"speed":7.083333333333332,"remaining":2.375},{"event":12,"data":[13,5.999132495187868,6.999132109142419,-0.7071067690849304,-0.7071067690849304,"cannon",6.500000335471809,7.4999999494263605,7,1,false,-1,null,null],"clock":0.366666,"speed":7.083333333333332,"remaining":2.375},{"event":13,"data":[11,4.500000011800516,6.081166605206208,0.0,1.0,"ca
09-19 15:24:10.252 21446 21446 I flutter : RN_VALIDATION_CHUNK CONT nnon",4.500000011800516,5.499999962912664,5,1,false,0.366666,4.500000011800516,6.499999956169512],"clock":0.366666,"speed":0.0},{"event":14,"data":[12,4.500000011800516,6.918833307132816,0.0,-1.0,"cannon",4.500000011800516,7.4999999494263605,6,1,false,0.366666,4.500000011800516,6.499999956169512],"clock":0.366666,"speed":0.0},{"event":15,"data":[14,6.918833686435113,6.499999956169512,-1.0,0.0,"cannon",7.500000328728658,6.499999956169512,8,1,false,0.366666,6.500000335471809,6.499999956169512],"clock":0.366666,"speed":0.0},{"event":16,"data":[9,4.796159919607064,6.203840048362965,-0.7071067690849304,0.7071067690849304,"cannon",5.4999996678997665,5.499999962912664,3,1,false,0.433333,4.500000011
09-19 15:24:10.252 21446 21446 I flutter : RN_VALIDATION_CHUNK CONT 800516,6.499999956169512],"clock":0.433333,"speed":0.0},{"event":17,"data":[10,4.796159919607064,6.79615986397606,-0.7071067690849304,-0.7071067690849304,"cannon",5.4999996678997665,7.4999999494263605,4,1,false,0.433333,4.500000011800516,6.499999956169512],"clock":0.433333,"speed":0.0},{"event":18,"data":[13,5.796159575706314,6.796159189660865,-0.7071067690849304,-0.7071067690849304,"cannon",6.500000335471809,7.4999999494263605,7,1,false,0.433333,5.4999996678997665,6.499999956169512],"clock":0.433333,"speed":0.0},{"event":19,"data":[30,5.416520121116989,5.583479509695442,-0.7071067690849304,0.7071067690849304,"cannon",5.4999996678997665,5.499999962912664,3,2,false,-1,null,null],"clock":2.733
09-19 15:24:10.252 21446 21446 I flutter : RN_VALIDATION_CHUNK CONT 3329999999982,"speed":7.083333333333332,"remaining":2.9652754166666666},{"event":20,"data":[31,6.416520788689032,7.416520402643583,-0.7071067690849304,-0.7071067690849304,"cannon",6.500000335471809,7.4999999494263605,7,2,false,-1,null,null],"clock":2.7333329999999982,"speed":7.083333333333332,"remaining":2.9652754166666666},{"event":21,"data":[32,5.416520121116989,7.416520402643583,-0.7071067690849304,-0.7071067690849304,"cannon",5.4999996678997665,7.4999999494263605,4,2,false,-1,null,null],"clock":2.783332999999998,"speed":7.083333333333332,"remaining":2.9652754166666666},{"event":22,"data":[33,4.500000011800516,5.618057718562024,0.0,1.0,"cannon",4.500000011800516,5.499999962912664,5,2,fals
09-19 15:24:10.252 21446 21446 I flutter : RN_VALIDATION_CHUNK CONT e,-1,null,null],"clock":2.833332999999998,"speed":7.083333333333332,"remaining":2.9652754166666666},{"event":23,"data":[30,4.796159919607064,6.203840048362965,-0.7071067690849304,0.7071067690849304,"cannon",5.4999996678997665,5.499999962912664,3,2,false,2.8666659999999977,4.500000011800516,6.499999956169512],"clock":2.8666659999999977,"speed":0.0},{"event":24,"data":[31,5.796159575706314,6.796159189660865,-0.7071067690849304,-0.7071067690849304,"cannon",6.500000335471809,7.4999999494263605,7,2,false,2.8666659999999977,5.4999996678997665,6.499999956169512],"clock":2.8666659999999977,"speed":0.0},{"event":25,"data":[40,7.3819425730792965,6.499999956169512,-1.0,0.0,"cannon",7.500000328728658,6.
09-19 15:24:10.252 21446 21446 I flutter : RN_VALIDATION_CHUNK CONT 499999956169512,8,2,false,-1,null,null],"clock":2.8833329999999977,"speed":7.083333333333332,"remaining":2.9652754166666666},{"event":26,"data":[32,4.796159919607064,6.79615986397606,-0.7071067690849304,-0.7071067690849304,"cannon",5.4999996678997665,7.4999999494263605,4,2,false,2.9166659999999975,4.500000011800516,6.499999956169512],"clock":2.9166659999999975,"speed":0.0},{"event":27,"data":[33,4.500000011800516,6.081166605206208,0.0,1.0,"cannon",4.500000011800516,5.499999962912664,5,2,false,2.9166659999999975,4.500000011800516,6.499999956169512],"clock":2.9166659999999975,"speed":0.0},{"event":28,"data":[40,6.918833686435113,6.499999956169512,-1.0,0.0,"cannon",7.500000328728658,6.499999956
09-19 15:24:10.252 21446 21446 I flutter : RN_VALIDATION_CHUNK CONT 169512,8,2,false,2.9499989999999974,6.500000335471809,6.499999956169512],"clock":2.9499989999999974,"speed":0.0},{"event":29,"data":[48,4.500000011800516,7.263891181279586,0.0,-1.0,"cannon",4.500000011800516,7.4999999494263605,6,2,false,-1,null,null],"clock":2.9499989999999974,"speed":7.083333333333332,"remaining":2.847224583333333},{"event":30,"data":[48,4.500000011800516,6.918833307132816,0.0,-1.0,"cannon",4.500000011800516,7.4999999494263605,6,2,false,2.999998999999997,4.500000011800516,6.499999956169512],"clock":2.999998999999997,"speed":0.0},{"event":31,"data":[51,6.416525508895394,7.416525122849945,-0.7071067690849304,-0.7071067690849304,"cannon",6.500000335471809,7.4999999494263605,7,
09-19 15:24:10.252 21446 21446 I flutter : RN_VALIDATION_CHUNK CONT 3,false,-1,null,null],"clock":5.14999899999999,"speed":7.083333333333332,"remaining":2.9652825},{"event":32,"data":[52,5.416524841323351,5.583474789489079,-0.7071067690849304,0.7071067690849304,"cannon",5.4999996678997665,5.499999962912664,3,3,false,-1,null,null],"clock":5.249998999999989,"speed":7.083333333333332,"remaining":2.9652825},{"event":33,"data":[51,5.796159575706314,6.796159189660865,-0.7071067690849304,-0.7071067690849304,"cannon",6.500000335471809,7.4999999494263605,7,3,false,5.283332999999989,5.4999996678997665,6.499999956169512],"clock":5.283332999999989,"speed":0.0},{"event":34,"data":[56,5.416520121116989,7.416520402643583,-0.7071067690849304,-0.7071067690849304,"cannon",5.4
09-19 15:24:10.252 21446 21446 I flutter : RN_VALIDATION_CHUNK CONT 999996678997665,7.4999999494263605,4,3,false,-1,null,null],"clock":5.283332999999989,"speed":7.083333333333332,"remaining":2.9652754166666666},{"event":35,"data":[52,4.796159919607064,6.203840048362965,-0.7071067690849304,0.7071067690849304,"cannon",5.4999996678997665,5.499999962912664,3,3,false,5.383332999999989,4.500000011800516,6.499999956169512],"clock":5.383332999999989,"speed":0.0},{"event":36,"data":[56,4.796159919607064,6.79615986397606,-0.7071067690849304,-0.7071067690849304,"cannon",5.4999996678997665,7.4999999494263605,4,3,false,5.416665999999989,4.500000011800516,6.499999956169512],"clock":5.416665999999989,"speed":0.0},{"event":37,"data":[63,4.500000011800516,5.7361087310594385,
09-19 15:24:10.252 21446 21446 I flutter : RN_VALIDATION_CHUNK CONT 0.0,1.0,"cannon",4.500000011800516,5.499999962912664,5,3,false,-1,null,null],"clock":5.416665999999989,"speed":7.083333333333332,"remaining":2.847224583333333},{"event":38,"data":[63,4.500000011800516,6.081166605206208,0.0,1.0,"cannon",4.500000011800516,5.499999962912664,5,3,false,5.4666659999999885,4.500000011800516,6.499999956169512],"clock":5.4666659999999885,"speed":0.0},{"event":39,"data":[66,7.3819425730792965,6.499999956169512,-1.0,0.0,"cannon",7.500000328728658,6.499999956169512,8,3,false,-1,null,null],"clock":5.4666659999999885,"speed":7.083333333333332,"remaining":2.9652754166666666},{"event":40,"data":[66,6.918833686435113,6.499999956169512,-1.0,0.0,"cannon",7.500000328728658,6.49
09-19 15:24:10.252 21446 21446 I flutter : RN_VALIDATION_CHUNK CONT 9999956169512,8,3,false,5.533332999999988,6.500000335471809,6.499999956169512],"clock":5.533332999999988,"speed":0.0},{"event":41,"data":[69,4.500000011800516,7.263884438127639,0.0,-1.0,"cannon",4.500000011800516,7.4999999494263605,6,3,false,-1,null,null],"clock":5.583332999999988,"speed":7.083333333333332,"remaining":2.8472175},{"event":42,"data":[69,4.500000011800516,6.918833307132816,0.0,-1.0,"cannon",4.500000011800516,7.4999999494263605,6,3,false,5.633332999999988,4.500000011800516,6.499999956169512],"clock":5.633332999999988,"speed":0.0},{"event":43,"data":[72,6.416525508895394,7.416525122849945,-0.7071067690849304,-0.7071067690849304,"cannon",6.500000335471809,7.4999999494263605,7,4,fa
09-19 15:24:10.252 21446 21446 I flutter : RN_VALIDATION_CHUNK CONT lse,-1,null,null],"clock":7.599998999999981,"speed":7.083333333333332,"remaining":2.9652825},{"event":44,"data":[73,5.333040574334211,5.66695905647822,-0.7071067690849304,0.7071067690849304,"cannon",5.4999996678997665,5.499999962912664,3,4,false,-1,null,null],"clock":7.683332999999981,"speed":7.083333333333332,"remaining":2.8472175},{"event":45,"data":[72,5.796159575706314,6.796159189660865,-0.7071067690849304,-0.7071067690849304,"cannon",6.500000335471809,7.4999999494263605,7,4,false,7.7333329999999805,5.4999996678997665,6.499999956169512],"clock":7.7333329999999805,"speed":0.0},{"event":46,"data":[77,5.416520121116989,7.416520402643583,-0.7071067690849304,-0.7071067690849304,"cannon",5.499
09-19 15:24:10.252 21446 21446 I flutter : RN_VALIDATION_CHUNK CONT 9996678997665,7.4999999494263605,4,4,false,-1,null,null],"clock":7.7333329999999805,"speed":7.083333333333332,"remaining":2.9652754166666666},{"event":47,"data":[73,4.796159919607064,6.203840048362965,-0.7071067690849304,0.7071067690849304,"cannon",5.4999996678997665,5.499999962912664,3,4,false,7.81666599999998,4.500000011800516,6.499999956169512],"clock":7.81666599999998,"speed":0.0},{"event":48,"data":[81,4.500000011800516,5.7361087310594385,0.0,1.0,"cannon",4.500000011800516,5.499999962912664,5,4,false,-1,null,null],"clock":7.84999899999998,"speed":7.083333333333332,"remaining":2.847224583333333},{"event":49,"data":[77,4.796159919607064,6.79615986397606,-0.7071067690849304,-0.707106769084
09-19 15:24:10.252 21446 21446 I flutter : RN_VALIDATION_CHUNK CONT 9304,"cannon",5.4999996678997665,7.4999999494263605,4,4,false,7.86666599999998,4.500000011800516,6.499999956169512],"clock":7.86666599999998,"speed":0.0},{"event":50,"data":[81,4.500000011800516,6.081166605206208,0.0,1.0,"cannon",4.500000011800516,5.499999962912664,5,4,false,7.89999899999998,4.500000011800516,6.499999956169512],"clock":7.89999899999998,"speed":0.0},{"event":51,"data":[87,7.263891560581883,6.499999956169512,-1.0,0.0,"cannon",7.500000328728658,6.499999956169512,8,4,false,-1,null,null],"clock":7.89999899999998,"speed":7.083333333333332,"remaining":2.847224583333333},{"event":52,"data":[87,6.918833686435113,6.499999956169512,-1.0,0.0,"cannon",7.500000328728658,6.499999956169512,
09-19 15:24:10.252 21446 21446 I flutter : RN_VALIDATION_CHUNK CONT 8,4,false,7.94999899999998,6.500000335471809,6.499999956169512],"clock":7.94999899999998,"speed":0.0},{"event":53,"data":[90,4.500000011800516,7.381942193777,0.0,-1.0,"cannon",4.500000011800516,7.4999999494263605,6,4,false,-1,null,null],"clock":8.183332999999982,"speed":7.083333333333332,"remaining":2.9652754166666666},{"event":54,"data":[90,4.500000011800516,6.918833307132816,0.0,-1.0,"cannon",4.500000011800516,7.4999999494263605,6,4,false,8.249998999999983,4.500000011800516,6.499999956169512],"clock":8.249998999999983,"speed":0.0}]},"projectiles":[],"impacts":[],"viewport":[411.4285583496094,923.4285888671875],"screenCenter":[205.7142791748047,347.21429443359375],"pixelsPerTile":45.2571414
09-19 15:24:10.252 21446 21446 I flutter : RN_VALIDATION_CHUNK CONT 1845703,"zoom":1.0,"nexusHpRatio":1.0,"nexusHit":0.0,"portalAlert":0.0}}
09-19 15:24:10.253 21446 21446 I flutter : RN_VALIDATION_END
09-19 15:24:10.277   491   588 W skia    : AGTM parsing failed flags.readFromStream(s) at 159
09-19 15:24:10.277   491   588 W skia    : AGTM parsing failed flags.readFromStream(s) at 159
09-19 15:24:10.379   491   588 W skia    : AGTM parsing failed flags.readFromStream(s) at 159
09-19 15:24:10.379   491   588 W skia    : AGTM parsing failed flags.readFromStream(s) at 159
09-19 15:24:10.479   491   588 W skia    : AGTM parsing failed flags.readFromStream(s) at 159
09-19 15:24:10.479   491   588 W skia    : AGTM parsing failed flags.readFromStream(s) at 159
09-19 15:24:10.580   491   588 W skia    : AGTM parsing failed flags.readFromStream(s) at 159
09-19 15:24:10.580   491   588 W skia    : AGTM parsing failed flags.readFromStream(s) at 159
09-19 15:24:10.629   645   800 D WifiClientModeImpl[3810:wlan0]: updateLinkLayerStatsRssiSpeedFrequencyCapabilities rssi=-50 TxLinkspeed=1 freq=2447 RxLinkSpeed=2
09-19 15:24:10.629   645   800 D WifiDataStall: tx tput in kbps: 11000
09-19 15:24:10.629   645   800 D WifiDataStall: rx tput in kbps: 11000
09-19 15:24:10.629   645   800 V WifiConfigManager: Updating scan detail cache freq=2447 BSSID=00:13:10:85:fe:01 RSSI=-50 for "AndroidWifi"NONE
09-19 15:24:10.629   645   800 D WifiThroughputPredictor:  utilization (LLS) 80 isBluetoothConnected: false final utilization: 80
09-19 15:24:10.629   645   800 D WifiThroughputPredictor:  BW: 0 RSSI: -50 Nss: 1 Mode: 1 symDur: 4000 snrDb 30 bitPerTone: 4500 rate: 54 throughput: 11
09-19 15:24:10.629   645   800 D WifiThroughputPredictor:  utilization (LLS) 80 isBluetoothConnected: false final utilization: 80
09-19 15:24:10.629   645   800 D WifiThroughputPredictor:  BW: 0 RSSI: -50 Nss: 1 Mode: 1 symDur: 4000 snrDb 30 bitPerTone: 4500 rate: 54 throughput: 11
09-19 15:24:10.629   645   800 D WifiThroughputPredictor:  utilization (LLS) 80 isBluetoothConnected: false final utilization: 80
09-19 15:24:10.629   645   800 D WifiThroughputPredictor:  BW: 0 RSSI: -50 Nss: 1 Mode: 1 symDur: 4000 snrDb 30 bitPerTone: 4500 rate: 54 throughput: 11
09-19 15:24:10.629   645   800 D WifiThroughputPredictor:  utilization (LLS) 80 isBluetoothConnected: false final utilization: 80
09-19 15:24:10.629   645   800 D WifiThroughputPredictor:  BW: 0 RSSI: -50 Nss: 1 Mode: 1 symDur: 4000 snrDb 30 bitPerTone: 4500 rate: 54 throughput: 11
09-19 15:24:10.630   645   800 I HalDevMgr: bestIfaceCreationProposal is null, requestIface=STA, existingIface=[name=wlan0 type=STA]
09-19 15:24:10.630   645   800 D WifiScoreCard: BSSID update SIGNAL_POLL ID: 760286919 SSID: "AndroidWifi", BSSID: 00:13:10:85:fe:01, MAC: 02:15:b2:00:00:00, IP: /10.0.2.16, Security type: 0, Supplicant state: COMPLETED, Wi-Fi standard: legacy, RSSI: -50, Link speed: 1Mbps, Tx Link speed: 1Mbps, Max Supported Tx Link speed: 11Mbps, Calculated Tx : 0Mbps, Rx Link speed: 2Mbps, Max Supported Rx Link speed: 11Mbps, Calculated Rx : 0Mbps, Frequency: 2447MHz, Net ID: 0, Metered hint: false, score: 100, isUsable: true, CarrierMerged: false, SubscriptionId: -1, IsPrimary: 1, Trusted: true, Restricted: false, Ephemeral: false, OEM paid: false, OEM private: false, OSU AP: false, FQDN: <none>, Provider friendly name: <none>, Requesting package name: <none>"AndroidWifi"openMLO Information: , Is TID-To-Link negotiation supported by the AP: false, AP MLD Address: <none>, AP MLO Link Id: <none>, AP MLO Affiliated links: <none>, Vendor Data: <none>
09-19 15:24:10.630   645   800 D WifiScoreCard: txRate: 1 txSpeed: 1
09-19 15:24:10.630   645   800 D WifiScoreCard: network update SIGNAL_POLL "AndroidWifi" ID: 673433585 RSSI -50 txSpeed -1
09-19 15:24:10.630   645   800 D WifiClientModeImpl[3810:wlan0]:  ClientModeImpl$L2ConnectedState screen=on 26 0 "AndroidWifi" 00:13:10:85:fe:01 rssi=-50 f=2447 sc=100 link=1 tx=0.0, 0.0, 0.0 rx=0.0 bcn=0 [on:0 tx:0 rx:0 period:3003] from screen [on:0 period:-1202311802] score=100
09-19 15:24:10.683   491   588 W skia    : AGTM parsing failed flags.readFromStream(s) at 159
09-19 15:24:10.683   491   588 W skia    : AGTM parsing failed flags.readFromStream(s) at 159
09-19 15:24:10.796   491   588 W skia    : AGTM parsing failed flags.readFromStream(s) at 159
09-19 15:24:10.796   491   588 W skia    : AGTM parsing failed flags.readFromStream(s) at 159
09-19 15:24:10.899   491   588 W skia    : AGTM parsing failed flags.readFromStream(s) at 159
09-19 15:24:10.899   491   588 W skia    : AGTM parsing failed flags.readFromStream(s) at 159
09-19 15:24:10.926   645   740 D ActivityManager: freezing 1306 com.google.android.permissioncontroller
09-19 15:24:10.931   645   806 D InetDiagMessage: Destroyed 0 sockets, proto=IPPROTO_TCP, family=AF_INET, states=14
09-19 15:24:10.931   645   806 D InetDiagMessage: Destroyed 0 sockets, proto=IPPROTO_TCP, family=AF_INET6, states=14
09-19 15:24:10.931   645   806 D InetDiagMessage: Destroyed live tcp sockets for uids={10211} in 1ms
09-19 15:24:10.998   491   588 W skia    : AGTM parsing failed flags.readFromStream(s) at 159
09-19 15:24:10.998   491   588 W skia    : AGTM parsing failed flags.readFromStream(s) at 159
09-19 15:24:11.099   491   588 W skia    : AGTM parsing failed flags.readFromStream(s) at 159
09-19 15:24:11.099   491   588 W skia    : AGTM parsing failed flags.readFromStream(s) at 159
09-19 15:24:11.199   491   588 W skia    : AGTM parsing failed flags.readFromStream(s) at 159
09-19 15:24:11.199   491   588 W skia    : AGTM parsing failed flags.readFromStream(s) at 159
09-19 15:24:11.313   491   588 W skia    : AGTM parsing failed flags.readFromStream(s) at 159
09-19 15:24:11.313   491   588 W skia    : AGTM parsing failed flags.readFromStream(s) at 159
09-19 15:24:11.415   491   588 W skia    : AGTM parsing failed flags.readFromStream(s) at 159
09-19 15:24:11.415   491   588 W skia    : AGTM parsing failed flags.readFromStream(s) at 159
09-19 15:24:11.515   491   588 W skia    : AGTM parsing failed flags.readFromStream(s) at 159
09-19 15:24:11.515   491   588 W skia    : AGTM parsing failed flags.readFromStream(s) at 159
09-19 15:24:11.616   491   588 W skia    : AGTM parsing failed flags.readFromStream(s) at 159
09-19 15:24:11.616   491   588 W skia    : AGTM parsing failed flags.readFromStream(s) at 159
09-19 15:24:11.716   491   588 W skia    : AGTM parsing failed flags.readFromStream(s) at 159
09-19 15:24:11.717   491   588 W skia    : AGTM parsing failed flags.readFromStream(s) at 159
09-19 15:24:11.863   491   588 W skia    : AGTM parsing failed flags.readFromStream(s) at 159
09-19 15:24:11.863   491   588 W skia    : AGTM parsing failed flags.readFromStream(s) at 159
09-19 15:24:11.964   491   588 W skia    : AGTM parsing failed flags.readFromStream(s) at 159
09-19 15:24:11.965   491   588 W skia    : AGTM parsing failed flags.readFromStream(s) at 159
09-19 15:24:12.065   491   588 W skia    : AGTM parsing failed flags.readFromStream(s) at 159
09-19 15:24:12.066   491   588 W skia    : AGTM parsing failed flags.readFromStream(s) at 159
09-19 15:24:12.180   491   588 W skia    : AGTM parsing failed flags.readFromStream(s) at 159
09-19 15:24:12.180   491   588 W skia    : AGTM parsing failed flags.readFromStream(s) at 159
09-19 15:24:12.269 21446 21446 I flutter : RN_VALIDATION_CHUNK START {"schema":1,"runner":"flutter_flame_godot","event":"begin","scenario":"normal","speed":1,"duration_seconds":60,"fixture":"six_turrets_stationary_immortal_tanks","stress":false,"target_fps":60,"enemies":3,"burning":0,"turrets":6,"projectiles":0,"effects":0}
09-19 15:24:12.269 21446 21446 I flutter : RN_VALIDATION_END
09-19 15:24:12.298   491   588 W skia    : AGTM parsing failed flags.readFromStream(s) at 159
09-19 15:24:12.298   491   588 W skia    : AGTM parsing failed flags.readFromStream(s) at 159
09-19 15:24:12.338 16828 16828 I adbd    : adbd service requested 'shell,v2,TERM=dumb,raw:dumpsys SurfaceFlinger --timestats -clear -enable'
09-19 15:24:12.388   491  1150 D surfaceflinger: Cleared global stats
09-19 15:24:12.388   491  1150 D surfaceflinger: Cleared layer stats
09-19 15:24:12.388   491  1150 D surfaceflinger: Enabled
09-19 15:24:12.397   491   588 W skia    : AGTM parsing failed flags.readFromStream(s) at 159
09-19 15:24:12.397   491   588 W skia    : AGTM parsing failed flags.readFromStream(s) at 159
09-19 15:24:12.499   491   588 W skia    : AGTM parsing failed flags.readFromStream(s) at 159
09-19 15:24:12.499   491   588 W skia    : AGTM parsing failed flags.readFromStream(s) at 159
09-19 15:24:12.610   491   588 W skia    : AGTM parsing failed flags.readFromStream(s) at 159
09-19 15:24:12.610   491   588 W skia    : AGTM parsing failed flags.readFromStream(s) at 159
09-19 15:24:12.714   491   588 W skia    : AGTM parsing failed flags.readFromStream(s) at 159
09-19 15:24:12.714   491   588 W skia    : AGTM parsing failed flags.readFromStream(s) at 159
09-19 15:24:12.818   491   588 W skia    : AGTM parsing failed flags.readFromStream(s) at 159
09-19 15:24:12.818   491   588 W skia    : AGTM parsing failed flags.readFromStream(s) at 159
09-19 15:24:12.916   491   588 W skia    : AGTM parsing failed flags.readFromStream(s) at 159
09-19 15:24:12.916   491   588 W skia    : AGTM parsing failed flags.readFromStream(s) at 159
09-19 15:24:13.026   491   588 W skia    : AGTM parsing failed flags.readFromStream(s) at 159
09-19 15:24:13.026   491   588 W skia    : AGTM parsing failed flags.readFromStream(s) at 159
09-19 15:24:13.129   491   588 W skia    : AGTM parsing failed flags.readFromStream(s) at 159
09-19 15:24:13.129   491   588 W skia    : AGTM parsing failed flags.readFromStream(s) at 159
09-19 15:24:13.228   491   588 W skia    : AGTM parsing failed flags.readFromStream(s) at 159
09-19 15:24:13.228   491   588 W skia    : AGTM parsing failed flags.readFromStream(s) at 159
09-19 15:24:13.301 21446 21446 I flutter : RN_VALIDATION_CHUNK START {"schema":1,"runner":"flutter_flame_godot","event":"sample","scenario":"normal","sample":0,"elapsed_ms":1032,"rss_bytes":542720000,"enemies":3,"burning":0,"turrets":6,"projectiles":0,"effects":0,"metrics":{"authored_terrain":true,"draw_calls":114.0,"fps":50.2343448604191,"frame_ms":19.9066993464052,"max_frame_ms":46.4006666666658,"objects":138.0,"primitives":189389.0,"received_frames":354,"renderer":"mobile","sequence":519,"viewport":[880.0,1976.0]}}
09-19 15:24:13.301 21446 21446 I flutter : RN_VALIDATION_END
09-19 15:24:13.331   491   588 W skia    : AGTM parsing failed flags.readFromStream(s) at 159
09-19 15:24:13.331   491   588 W skia    : AGTM parsing failed flags.readFromStream(s) at 159
09-19 15:24:13.431   491   588 W skia    : AGTM parsing failed flags.readFromStream(s) at 159
09-19 15:24:13.431   491   588 W skia    : AGTM parsing failed flags.readFromStream(s) at 159
09-19 15:24:13.532   491   588 W skia    : AGTM parsing failed flags.readFromStream(s) at 159
09-19 15:24:13.533   491   588 W skia    : AGTM parsing failed flags.readFromStream(s) at 159
09-19 15:24:13.635   645   800 D WifiClientModeImpl[3810:wlan0]: updateLinkLayerStatsRssiSpeedFrequencyCapabilities rssi=-50 TxLinkspeed=1 freq=2447 RxLinkSpeed=2
09-19 15:24:13.636   645   800 D WifiDataStall: tx tput in kbps: 11000
09-19 15:24:13.636   645   800 D WifiDataStall: rx tput in kbps: 11000
09-19 15:24:13.636   645   800 V WifiConfigManager: Updating scan detail cache freq=2447 BSSID=00:13:10:85:fe:01 RSSI=-50 for "AndroidWifi"NONE
09-19 15:24:13.636   645   800 D WifiThroughputPredictor:  utilization (LLS) 80 isBluetoothConnected: false final utilization: 80
09-19 15:24:13.636   645   800 D WifiThroughputPredictor:  BW: 0 RSSI: -50 Nss: 1 Mode: 1 symDur: 4000 snrDb 30 bitPerTone: 4500 rate: 54 throughput: 11
09-19 15:24:13.636   645   800 D WifiThroughputPredictor:  utilization (LLS) 80 isBluetoothConnected: false final utilization: 80
09-19 15:24:13.636   645   800 D WifiThroughputPredictor:  BW: 0 RSSI: -50 Nss: 1 Mode: 1 symDur: 4000 snrDb 30 bitPerTone: 4500 rate: 54 throughput: 11
09-19 15:24:13.636   645   800 D WifiThroughputPredictor:  utilization (LLS) 80 isBluetoothConnected: false final utilization: 80
09-19 15:24:13.636   645   800 D WifiThroughputPredictor:  BW: 0 RSSI: -50 Nss: 1 Mode: 1 symDur: 4000 snrDb 30 bitPerTone: 4500 rate: 54 throughput: 11
09-19 15:24:13.636   645   800 D WifiThroughputPredictor:  utilization (LLS) 80 isBluetoothConnected: false final utilization: 80
09-19 15:24:13.636   645   800 D WifiThroughputPredictor:  BW: 0 RSSI: -50 Nss: 1 Mode: 1 symDur: 4000 snrDb 30 bitPerTone: 4500 rate: 54 throughput: 11
09-19 15:24:13.637   645   800 I HalDevMgr: bestIfaceCreationProposal is null, requestIface=STA, existingIface=[name=wlan0 type=STA]
09-19 15:24:13.637   645   800 D WifiScoreCard: BSSID update SIGNAL_POLL ID: 760286919 SSID: "AndroidWifi", BSSID: 00:13:10:85:fe:01, MAC: 02:15:b2:00:00:00, IP: /10.0.2.16, Security type: 0, Supplicant state: COMPLETED, Wi-Fi standard: legacy, RSSI: -50, Link speed: 1Mbps, Tx Link speed: 1Mbps, Max Supported Tx Link speed: 11Mbps, Calculated Tx : 0Mbps, Rx Link speed: 2Mbps, Max Supported Rx Link speed: 11Mbps, Calculated Rx : 0Mbps, Frequency: 2447MHz, Net ID: 0, Metered hint: false, score: 100, isUsable: true, CarrierMerged: false, SubscriptionId: -1, IsPrimary: 1, Trusted: true, Restricted: false, Ephemeral: false, OEM paid: false, OEM private: false, OSU AP: false, FQDN: <none>, Provider friendly name: <none>, Requesting package name: <none>"AndroidWifi"openMLO Information: , Is TID-To-Link negotiation supported by the AP: false, AP MLD Address: <none>, AP MLO Link Id: <none>, AP MLO Affiliated links: <none>, Vendor Data: <none>
09-19 15:24:13.637   645   800 D WifiScoreCard: txRate: 1 txSpeed: 1
09-19 15:24:13.637   645   800 D WifiScoreCard: network update SIGNAL_POLL "AndroidWifi" ID: 673433585 RSSI -50 txSpeed -1
09-19 15:24:13.638   645   800 D WifiClientModeImpl[3810:wlan0]:  ClientModeImpl$L2ConnectedState screen=on 26 0 "AndroidWifi" 00:13:10:85:fe:01 rssi=-50 f=2447 sc=100 link=1 tx=0.0, 0.0, 0.0 rx=0.0 bcn=0 [on:0 tx:0 rx:0 period:3008] from screen [on:0 period:-1202308794] score=100
09-19 15:24:13.645   491   588 W skia    : AGTM parsing failed flags.readFromStream(s) at 159
09-19 15:24:13.645   491   588 W skia    : AGTM parsing failed flags.readFromStream(s) at 159
09-19 15:24:13.747   491   588 W skia    : AGTM parsing failed flags.readFromStream(s) at 159
09-19 15:24:13.748   491   588 W skia    : AGTM parsing failed flags.readFromStream(s) at 159
09-19 15:24:13.850   491   588 W skia    : AGTM parsing failed flags.readFromStream(s) at 159
09-19 15:24:13.850   491   588 W skia    : AGTM parsing failed flags.readFromStream(s) at 159
09-19 15:24:13.948   491   588 W skia    : AGTM parsing failed flags.readFromStream(s) at 159
09-19 15:24:13.948   491   588 W skia    : AGTM parsing failed flags.readFromStream(s) at 159
09-19 15:24:14.049   491   588 W skia    : AGTM parsing failed flags.readFromStream(s) at 159
09-19 15:24:14.049   491   588 W skia    : AGTM parsing failed flags.readFromStream(s) at 159
09-19 15:24:14.161   491   588 W skia    : AGTM parsing failed flags.readFromStream(s) at 159
09-19 15:24:14.161   491   588 W skia    : AGTM parsing failed flags.readFromStream(s) at 159
09-19 15:24:14.262   491   588 W skia    : AGTM parsing failed flags.readFromStream(s) at 159
09-19 15:24:14.262   491   588 W skia    : AGTM parsing failed flags.readFromStream(s) at 159
09-19 15:24:14.331 21446 21446 I flutter : RN_VALIDATION_CHUNK START {"schema":1,"runner":"flutter_flame_godot","event":"sample","scenario":"normal","sample":1,"elapsed_ms":2061,"rss_bytes":542728192,"enemies":3,"burning":0,"turrets":6,"projectiles":0,"effects":0,"metrics":{"authored_terrain":true,"draw_calls":86.0,"fps":48.8911519986005,"frame_ms":20.4535986394558,"max_frame_ms":21.6666666666667,"objects":98.0,"primitives":185253.0,"received_frames":396,"renderer":"mobile","sequence":564,"viewport":[880.0,1976.0]}}
09-19 15:24:14.331 21446 21446 I flutter : RN_VALIDATION_END
09-19 15:24:14.363   491   588 W skia    : AGTM parsing failed flags.readFromStream(s) at 159
09-19 15:24:14.363   491   588 W skia    : AGTM parsing failed flags.readFromStream(s) at 159
09-19 15:24:14.466   491   588 W skia    : AGTM parsing failed flags.readFromStream(s) at 159
09-19 15:24:14.466   491   588 W skia    : AGTM parsing failed flags.readFromStream(s) at 159
09-19 15:24:14.564   491   588 W skia    : AGTM parsing failed flags.readFromStream(s) at 159
09-19 15:24:14.564   491   588 W skia    : AGTM parsing failed flags.readFromStream(s) at 159
09-19 15:24:14.664   491   588 W skia    : AGTM parsing failed flags.readFromStream(s) at 159
09-19 15:24:14.664   491   588 W skia    : AGTM parsing failed flags.readFromStream(s) at 159
09-19 15:24:14.776   491   588 W skia    : AGTM parsing failed flags.readFromStream(s) at 159
09-19 15:24:14.776   491   588 W skia    : AGTM parsing failed flags.readFromStream(s) at 159
09-19 15:24:14.882   491   588 W skia    : AGTM parsing failed flags.readFromStream(s) at 159
09-19 15:24:14.883   491   588 W skia    : AGTM parsing failed flags.readFromStream(s) at 159
09-19 15:24:14.993   491   588 W skia    : AGTM parsing failed flags.readFromStream(s) at 159
09-19 15:24:14.993   491   588 W skia    : AGTM parsing failed flags.readFromStream(s) at 159
09-19 15:24:15.096   491   588 W skia    : AGTM parsing failed flags.readFromStream(s) at 159
09-19 15:24:15.097   491   588 W skia    : AGTM parsing failed flags.readFromStream(s) at 159
09-19 15:24:15.197   491   588 W skia    : AGTM parsing failed flags.readFromStream(s) at 159
09-19 15:24:15.197   491   588 W skia    : AGTM parsing failed flags.readFromStream(s) at 159
09-19 15:24:15.298   491   588 W skia    : AGTM parsing failed flags.readFromStream(s) at 159
09-19 15:24:15.299   491   588 W skia    : AGTM parsing failed flags.readFromStream(s) at 159
09-19 15:24:15.379 21446 21446 I flutter : RN_VALIDATION_CHUNK START {"schema":1,"runner":"flutter_flame_godot","event":"sample","scenario":"normal","sample":2,"elapsed_ms":3109,"rss_bytes":542687232,"enemies":3,"burning":0,"turrets":6,"projectiles":0,"effects":0,"metrics":{"authored_terrain":true,"draw_calls":82.0,"fps":54.7054476347851,"frame_ms":18.2797151515152,"max_frame_ms":21.365,"objects":92.0,"primitives":183049.0,"received_frames":442,"renderer":"mobile","sequence":615,"viewport":[880.0,1976.0]}}
09-19 15:24:15.379 21446 21446 I flutter : RN_VALIDATION_END
09-19 15:24:15.408   491   588 W skia    : AGTM parsing failed flags.readFromStream(s) at 159
09-19 15:24:15.408   491   588 W skia    : AGTM parsing failed flags.readFromStream(s) at 159
09-19 15:24:15.513   491   588 W skia    : AGTM parsing failed flags.readFromStream(s) at 159
09-19 15:24:15.513   491   588 W skia    : AGTM parsing failed flags.readFromStream(s) at 159
09-19 15:24:15.617   491   588 W skia    : AGTM parsing failed flags.readFromStream(s) at 159
09-19 15:24:15.617   491   588 W skia    : AGTM parsing failed flags.readFromStream(s) at 159
09-19 15:24:15.728   491   588 W skia    : AGTM parsing failed flags.readFromStream(s) at 159
09-19 15:24:15.729   491   588 W skia    : AGTM parsing failed flags.readFromStream(s) at 159
09-19 15:24:15.830   491   588 W skia    : AGTM parsing failed flags.readFromStream(s) at 159
09-19 15:24:15.831   491   588 W skia    : AGTM parsing failed flags.readFromStream(s) at 159
09-19 15:24:15.931   491   588 W skia    : AGTM parsing failed flags.readFromStream(s) at 159
09-19 15:24:15.931   491   588 W skia    : AGTM parsing failed flags.readFromStream(s) at 159
09-19 15:24:16.032   491   588 W skia    : AGTM parsing failed flags.readFromStream(s) at 159
09-19 15:24:16.032   491   588 W skia    : AGTM parsing failed flags.readFromStream(s) at 159
09-19 15:24:16.144   491   588 W skia    : AGTM parsing failed flags.readFromStream(s) at 159
09-19 15:24:16.144   491   588 W skia    : AGTM parsing failed flags.readFromStream(s) at 159
09-19 15:24:16.244   491   588 W skia    : AGTM parsing failed flags.readFromStream(s) at 159
09-19 15:24:16.244   491   588 W skia    : AGTM parsing failed flags.readFromStream(s) at 159
09-19 15:24:16.330   892   892 D wpa_supplicant: nl80211: Drv Event 64 (NL80211_CMD_NOTIFY_CQM) received for wlan0
09-19 15:24:16.330   892   892 D wpa_supplicant: nl80211: Beacon loss event
09-19 15:24:16.330   892   892 D wpa_supplicant: wlan0: Event BEACON_LOSS (53) received
09-19 15:24:16.330   892   892 I wpa_supplicant: wlan0: CTRL-EVENT-BEACON-LOSS 
09-19 15:24:16.347   491   588 W skia    : AGTM parsing failed flags.readFromStream(s) at 159
09-19 15:24:16.348   491   588 W skia    : AGTM parsing failed flags.readFromStream(s) at 159
09-19 15:24:16.375  1012  1174 D SatelliteController: isInCarrierRoamingNbIotNtn: satellite is disabled
09-19 15:24:16.375  1012  1174 D SatelliteController: getCarrierRoamingNtnConnectType: Checking connect type from PLMN config for subId: 1
09-19 15:24:16.375  1012  1174 D TelephonyConfigUpdateInstallReceiver: getConfigParser: domain=satellite
09-19 15:24:16.375  1012  1174 V SatelliteController: satelliteConfigParser is not ready
09-19 15:24:16.375  1012  1174 D SatelliteController: isSatelliteAttachSupportedViaConfigupdater: return null (satelliteConfig is null)
09-19 15:24:16.376  1012  1174 D SatelliteController: getSatellitePerPlmnConfiguration: invalid subId or not supported via carrier.
09-19 15:24:16.376  1012  1174 D SatelliteController: getCarrierRoamingNtnConnectType: config: null
09-19 15:24:16.376  1012  1174 D TelephonyConfigUpdateInstallReceiver: getConfigParser: domain=satellite
09-19 15:24:16.376  1012  1174 V SatelliteController: satelliteConfigParser is not ready
09-19 15:24:16.376  1012  1174 D SatelliteController: getCarrierRoamingNtnConnectTypeViaConfigUpdater: return null (satelliteConfig is null)
09-19 15:24:16.376  1012  1174 D SatelliteController: getCarrierRoamingNtnConnectType: Falling back to global carrier config connect type: 0
09-19 15:24:16.376  1012  1174 D TelephonyConfigUpdateInstallReceiver: getConfigParser: domain=satellite
09-19 15:24:16.376  1012  1174 V SatelliteController: satelliteConfigParser is not ready
09-19 15:24:16.376  1012  1174 D SatelliteController: isSatelliteAttachSupportedViaConfigupdater: return null (satelliteConfig is null)
09-19 15:24:16.376  1012  1174 D SatelliteController: getCarrierRoamingNtnConnectType: Checking connect type from PLMN config for subId: 1
09-19 15:24:16.376  1012  1174 D TelephonyConfigUpdateInstallReceiver: getConfigParser: domain=satellite
09-19 15:24:16.376  1012  1174 V SatelliteController: satelliteConfigParser is not ready
09-19 15:24:16.376  1012  1174 D SatelliteController: isSatelliteAttachSupportedViaConfigupdater: return null (satelliteConfig is null)
09-19 15:24:16.377  1012  1174 D SatelliteController: getSatellitePerPlmnConfiguration: invalid subId or not supported via carrier.
09-19 15:24:16.377  1012  1174 D SatelliteController: getCarrierRoamingNtnConnectType: config: null
09-19 15:24:16.377  1012  1174 D TelephonyConfigUpdateInstallReceiver: getConfigParser: domain=satellite
09-19 15:24:16.377  1012  1174 V SatelliteController: satelliteConfigParser is not ready
09-19 15:24:16.377  1012  1174 D SatelliteController: getCarrierRoamingNtnConnectTypeViaConfigUpdater: return null (satelliteConfig is null)
09-19 15:24:16.377  1012  1174 D SatelliteController: getCarrierRoamingNtnConnectType: Falling back to global carrier config connect type: 0
09-19 15:24:16.377  1012  1174 D TelephonyConfigUpdateInstallReceiver: getConfigParser: domain=satellite
09-19 15:24:16.377  1012  1174 V SatelliteController: satelliteConfigParser is not ready
09-19 15:24:16.377  1012  1174 D SatelliteController: isSatelliteAttachSupportedViaConfigupdater: return null (satelliteConfig is null)
09-19 15:24:16.423 21446 21446 I flutter : RN_VALIDATION_CHUNK START {"schema":1,"runner":"flutter_flame_godot","event":"sample","scenario":"normal","sample":3,"elapsed_ms":4153,"rss_bytes":542838784,"enemies":3,"burning":0,"turrets":6,"projectiles":0,"effects":0,"metrics":{"authored_terrain":true,"draw_calls":106.0,"fps":47.3558910010891,"frame_ms":21.116696969697,"max_frame_ms":23.171,"objects":126.0,"primitives":191031.0,"received_frames":479,"renderer":"mobile","sequence":658,"viewport":[880.0,1976.0]}}
09-19 15:24:16.423 21446 21446 I flutter : RN_VALIDATION_END
09-19 15:24:16.444   491   588 W skia    : AGTM parsing failed flags.readFromStream(s) at 159
09-19 15:24:16.444   491   588 W skia    : AGTM parsing failed flags.readFromStream(s) at 159
09-19 15:24:16.546   491   588 W skia    : AGTM parsing failed flags.readFromStream(s) at 159
09-19 15:24:16.546   491   588 W skia    : AGTM parsing failed flags.readFromStream(s) at 159
09-19 15:24:16.640   645   800 D WifiClientModeImpl[3810:wlan0]: updateLinkLayerStatsRssiSpeedFrequencyCapabilities rssi=-50 TxLinkspeed=1 freq=2447 RxLinkSpeed=2
09-19 15:24:16.640   645   800 D WifiDataStall: tx tput in kbps: 11000
09-19 15:24:16.640   645   800 D WifiDataStall: rx tput in kbps: 11000
09-19 15:24:16.640   645   800 V WifiConfigManager: Updating scan detail cache freq=2447 BSSID=00:13:10:85:fe:01 RSSI=-50 for "AndroidWifi"NONE
09-19 15:24:16.640   645   800 D WifiThroughputPredictor:  utilization (LLS) 80 isBluetoothConnected: false final utilization: 80
09-19 15:24:16.640   645   800 D WifiThroughputPredictor:  BW: 0 RSSI: -50 Nss: 1 Mode: 1 symDur: 4000 snrDb 30 bitPerTone: 4500 rate: 54 throughput: 11
09-19 15:24:16.640   645   800 D WifiThroughputPredictor:  utilization (LLS) 80 isBluetoothConnected: false final utilization: 80
09-19 15:24:16.640   645   800 D WifiThroughputPredictor:  BW: 0 RSSI: -50 Nss: 1 Mode: 1 symDur: 4000 snrDb 30 bitPerTone: 4500 rate: 54 throughput: 11
09-19 15:24:16.641   645   800 D WifiThroughputPredictor:  utilization (LLS) 80 isBluetoothConnected: false final utilization: 80
09-19 15:24:16.641   645   800 D WifiThroughputPredictor:  BW: 0 RSSI: -50 Nss: 1 Mode: 1 symDur: 4000 snrDb 30 bitPerTone: 4500 rate: 54 throughput: 11
09-19 15:24:16.641   645   800 D WifiThroughputPredictor:  utilization (LLS) 80 isBluetoothConnected: false final utilization: 80
09-19 15:24:16.641   645   800 D WifiThroughputPredictor:  BW: 0 RSSI: -50 Nss: 1 Mode: 1 symDur: 4000 snrDb 30 bitPerTone: 4500 rate: 54 throughput: 11
09-19 15:24:16.643   645   800 I HalDevMgr: bestIfaceCreationProposal is null, requestIface=STA, existingIface=[name=wlan0 type=STA]
09-19 15:24:16.643   645   800 D WifiScoreCard: BSSID update SIGNAL_POLL ID: 760286919 SSID: "AndroidWifi", BSSID: 00:13:10:85:fe:01, MAC: 02:15:b2:00:00:00, IP: /10.0.2.16, Security type: 0, Supplicant state: COMPLETED, Wi-Fi standard: legacy, RSSI: -50, Link speed: 1Mbps, Tx Link speed: 1Mbps, Max Supported Tx Link speed: 11Mbps, Calculated Tx : 0Mbps, Rx Link speed: 2Mbps, Max Supported Rx Link speed: 11Mbps, Calculated Rx : 0Mbps, Frequency: 2447MHz, Net ID: 0, Metered hint: false, score: 100, isUsable: true, CarrierMerged: false, SubscriptionId: -1, IsPrimary: 1, Trusted: true, Restricted: false, Ephemeral: false, OEM paid: false, OEM private: false, OSU AP: false, FQDN: <none>, Provider friendly name: <none>, Requesting package name: <none>"AndroidWifi"openMLO Information: , Is TID-To-Link negotiation supported by the AP: false, AP MLD Address: <none>, AP MLO Link Id: <none>, AP MLO Affiliated links: <none>, Vendor Data: <none>
09-19 15:24:16.643   645   800 D WifiScoreCard: txRate: 1 txSpeed: 1
09-19 15:24:16.643   645   800 D WifiScoreCard: network update SIGNAL_POLL "AndroidWifi" ID: 673433585 RSSI -50 txSpeed -1
09-19 15:24:16.643   645   800 D WifiClientModeImpl[3810:wlan0]:  ClientModeImpl$L2ConnectedState screen=on 26 0 "AndroidWifi" 00:13:10:85:fe:01 rssi=-50 f=2447 sc=100 link=1 tx=0.0, 0.0, 0.0 rx=0.0 bcn=0 [on:0 tx:0 rx:0 period:3005] from screen [on:0 period:-1202305789] score=100
09-19 15:24:16.646   491   588 W skia    : AGTM parsing failed flags.readFromStream(s) at 159
09-19 15:24:16.647   491   588 W skia    : AGTM parsing failed flags.readFromStream(s) at 159
09-19 15:24:16.747   491   588 W skia    : AGTM parsing failed flags.readFromStream(s) at 159
09-19 15:24:16.747   491   588 W skia    : AGTM parsing failed flags.readFromStream(s) at 159
09-19 15:24:16.842   645   740 D ActivityManager: freezing 1651 com.google.android.gms
09-19 15:24:16.874   491   588 W skia    : AGTM parsing failed flags.readFromStream(s) at 159
09-19 15:24:16.874   491   588 W skia    : AGTM parsing failed flags.readFromStream(s) at 159
09-19 15:24:16.982   491   588 W skia    : AGTM parsing failed flags.readFromStream(s) at 159
09-19 15:24:16.982   491   588 W skia    : AGTM parsing failed flags.readFromStream(s) at 159
09-19 15:24:17.080   491   588 W skia    : AGTM parsing failed flags.readFromStream(s) at 159
09-19 15:24:17.080   491   588 W skia    : AGTM parsing failed flags.readFromStream(s) at 159
09-19 15:24:17.181   491   588 W skia    : AGTM parsing failed flags.readFromStream(s) at 159
09-19 15:24:17.181   491   588 W skia    : AGTM parsing failed flags.readFromStream(s) at 159
09-19 15:24:17.296   491   588 W skia    : AGTM parsing failed flags.readFromStream(s) at 159
09-19 15:24:17.296   491   588 W skia    : AGTM parsing failed flags.readFromStream(s) at 159
09-19 15:24:17.397   491   588 W skia    : AGTM parsing failed flags.readFromStream(s) at 159
09-19 15:24:17.397   491   588 W skia    : AGTM parsing failed flags.readFromStream(s) at 159
09-19 15:24:17.446 21446 21446 I flutter : RN_VALIDATION_CHUNK START {"schema":1,"runner":"flutter_flame_godot","event":"sample","scenario":"normal","sample":4,"elapsed_ms":5177,"rss_bytes":542740480,"enemies":3,"burning":0,"turrets":6,"projectiles":0,"effects":0,"metrics":{"authored_terrain":true,"draw_calls":80.0,"fps":49.136658487448,"frame_ms":20.3514042424242,"max_frame_ms":21.2626969696977,"objects":90.0,"primitives":183045.0,"received_frames":522,"renderer":"mobile","sequence":707,"viewport":[880.0,1976.0]}}
09-19 15:24:17.446 21446 21446 I flutter : RN_VALIDATION_END
09-19 15:24:17.498   491   588 W skia    : AGTM parsing failed flags.readFromStream(s) at 159
09-19 15:24:17.498   491   588 W skia    : AGTM parsing failed flags.readFromStream(s) at 159
09-19 15:24:17.613   491   588 W skia    : AGTM parsing failed flags.readFromStream(s) at 159
09-19 15:24:17.613   491   588 W skia    : AGTM parsing failed flags.readFromStream(s) at 159
09-19 15:24:17.714   491   588 W skia    : AGTM parsing failed flags.readFromStream(s) at 159
09-19 15:24:17.714   491   588 W skia    : AGTM parsing failed flags.readFromStream(s) at 159
09-19 15:24:17.816   491   588 W skia    : AGTM parsing failed flags.readFromStream(s) at 159
09-19 15:24:17.816   491   588 W skia    : AGTM parsing failed flags.readFromStream(s) at 159
09-19 15:24:17.918   491   588 W skia    : AGTM parsing failed flags.readFromStream(s) at 159
09-19 15:24:17.918   491   588 W skia    : AGTM parsing failed flags.readFromStream(s) at 159
09-19 15:24:18.027   491   588 W skia    : AGTM parsing failed flags.readFromStream(s) at 159
09-19 15:24:18.027   491   588 W skia    : AGTM parsing failed flags.readFromStream(s) at 159
09-19 15:24:18.130   491   588 W skia    : AGTM parsing failed flags.readFromStream(s) at 159
09-19 15:24:18.130   491   588 W skia    : AGTM parsing failed flags.readFromStream(s) at 159
09-19 15:24:18.189   431   475 I netd    : tetherGetStats() -> {[]} <0.54ms>
09-19 15:24:18.230   491   588 W skia    : AGTM parsing failed flags.readFromStream(s) at 159
09-19 15:24:18.230   491   588 W skia    : AGTM parsing failed flags.readFromStream(s) at 159
09-19 15:24:18.312   487   531 D AudioFlinger: mixer(0xb400006ff95ca790) throttle end: throttle time(1)
09-19 15:24:18.331   491   588 W skia    : AGTM parsing failed flags.readFromStream(s) at 159
09-19 15:24:18.331   491   588 W skia    : AGTM parsing failed flags.readFromStream(s) at 159
09-19 15:24:18.432   491   588 W skia    : AGTM parsing failed flags.readFromStream(s) at 159
09-19 15:24:18.432   491   588 W skia    : AGTM parsing failed flags.readFromStream(s) at 159
09-19 15:24:18.478 21446 21446 I flutter : RN_VALIDATION_CHUNK START {"schema":1,"runner":"flutter_flame_godot","event":"sample","scenario":"normal","sample":5,"elapsed_ms":6208,"rss_bytes":542744576,"enemies":3,"burning":0,"turrets":6,"projectiles":0,"effects":0,"metrics":{"authored_terrain":true,"draw_calls":122.0,"fps":47.8008558405252,"frame_ms":20.9201275252525,"max_frame_ms":28.71,"objects":148.0,"primitives":191111.0,"received_frames":561,"renderer":"mobile","sequence":750,"viewport":[880.0,1976.0]}}
09-19 15:24:18.478 21446 21446 I flutter : RN_VALIDATION_END
09-19 15:24:18.534   491   588 W skia    : AGTM parsing failed flags.readFromStream(s) at 159
09-19 15:24:18.534   491   588 W skia    : AGTM parsing failed flags.readFromStream(s) at 159
09-19 15:24:18.644   491   588 W skia    : AGTM parsing failed flags.readFromStream(s) at 159
09-19 15:24:18.645   491   588 W skia    : AGTM parsing failed flags.readFromStream(s) at 159
09-19 15:24:18.749   491   588 W skia    : AGTM parsing failed flags.readFromStream(s) at 159
09-19 15:24:18.749   491   588 W skia    : AGTM parsing failed flags.readFromStream(s) at 159
09-19 15:24:18.851   491   588 W skia    : AGTM parsing failed flags.readFromStream(s) at 159
09-19 15:24:18.851   491   588 W skia    : AGTM parsing failed flags.readFromStream(s) at 159
09-19 15:24:18.948   491   588 W skia    : AGTM parsing failed flags.readFromStream(s) at 159
09-19 15:24:18.948   491   588 W skia    : AGTM parsing failed flags.readFromStream(s) at 159
09-19 15:24:19.061   491   588 W skia    : AGTM parsing failed flags.readFromStream(s) at 159
09-19 15:24:19.061   491   588 W skia    : AGTM parsing failed flags.readFromStream(s) at 159
09-19 15:24:19.162   491   588 W skia    : AGTM parsing failed flags.readFromStream(s) at 159
09-19 15:24:19.162   491   588 W skia    : AGTM parsing failed flags.readFromStream(s) at 159
09-19 15:24:19.264   491   588 W skia    : AGTM parsing failed flags.readFromStream(s) at 159
09-19 15:24:19.264   491   588 W skia    : AGTM parsing failed flags.readFromStream(s) at 159
09-19 15:24:19.365   491   588 W skia    : AGTM parsing failed flags.readFromStream(s) at 159
09-19 15:24:19.365   491   588 W skia    : AGTM parsing failed flags.readFromStream(s) at 159
09-19 15:24:19.465   491   588 W skia    : AGTM parsing failed flags.readFromStream(s) at 159
09-19 15:24:19.465   491   588 W skia    : AGTM parsing failed flags.readFromStream(s) at 159
09-19 15:24:19.516 21446 21446 I flutter : RN_VALIDATION_CHUNK START {"schema":1,"runner":"flutter_flame_godot","event":"sample","scenario":"normal","sample":6,"elapsed_ms":7246,"rss_bytes":542883840,"enemies":3,"burning":0,"turrets":6,"projectiles":0,"effects":0,"metrics":{"authored_terrain":true,"draw_calls":84.0,"fps":45.6779002103981,"frame_ms":21.8924249011858,"max_frame_ms":26.1332222222222,"objects":96.0,"primitives":184153.0,"received_frames":605,"renderer":"mobile","sequence":804,"viewport":[880.0,1976.0]}}
09-19 15:24:19.516 21446 21446 I flutter : RN_VALIDATION_END
09-19 15:24:19.571   491   588 W skia    : AGTM parsing failed flags.readFromStream(s) at 159
09-19 15:24:19.572   491   588 W skia    : AGTM parsing failed flags.readFromStream(s) at 159
09-19 15:24:19.628   906  1104 D ControlsListingControllerImpl: Subscribing callback, service count: 0
09-19 15:24:19.639   906  1104 D ControlsListingControllerImpl: Unsubscribing callback
09-19 15:24:19.647   645   800 D WifiClientModeImpl[3810:wlan0]: updateLinkLayerStatsRssiSpeedFrequencyCapabilities rssi=-50 TxLinkspeed=1 freq=2447 RxLinkSpeed=2
09-19 15:24:19.647   645   800 D WifiDataStall: tx tput in kbps: 11000
09-19 15:24:19.647   645   800 D WifiDataStall: rx tput in kbps: 11000
09-19 15:24:19.647   645   800 V WifiConfigManager: Updating scan detail cache freq=2447 BSSID=00:13:10:85:fe:01 RSSI=-50 for "AndroidWifi"NONE
09-19 15:24:19.647   645   800 D WifiThroughputPredictor:  utilization (LLS) 80 isBluetoothConnected: false final utilization: 80
09-19 15:24:19.647   645   800 D WifiThroughputPredictor:  BW: 0 RSSI: -50 Nss: 1 Mode: 1 symDur: 4000 snrDb 30 bitPerTone: 4500 rate: 54 throughput: 11
09-19 15:24:19.647   645   800 D WifiThroughputPredictor:  utilization (LLS) 80 isBluetoothConnected: false final utilization: 80
09-19 15:24:19.648   645   800 D WifiThroughputPredictor:  BW: 0 RSSI: -50 Nss: 1 Mode: 1 symDur: 4000 snrDb 30 bitPerTone: 4500 rate: 54 throughput: 11
09-19 15:24:19.648   645   800 D WifiThroughputPredictor:  utilization (LLS) 80 isBluetoothConnected: false final utilization: 80
09-19 15:24:19.648   645   800 D WifiThroughputPredictor:  BW: 0 RSSI: -50 Nss: 1 Mode: 1 symDur: 4000 snrDb 30 bitPerTone: 4500 rate: 54 throughput: 11
09-19 15:24:19.648   645   800 D WifiThroughputPredictor:  utilization (LLS) 80 isBluetoothConnected: false final utilization: 80
09-19 15:24:19.648   645   800 D WifiThroughputPredictor:  BW: 0 RSSI: -50 Nss: 1 Mode: 1 symDur: 4000 snrDb 30 bitPerTone: 4500 rate: 54 throughput: 11
09-19 15:24:19.650   906  1104 I QuickAccessWalletTile: QAW service is unavailable, recreating the wallet client.
09-19 15:24:19.650   645   800 I HalDevMgr: bestIfaceCreationProposal is null, requestIface=STA, existingIface=[name=wlan0 type=STA]
09-19 15:24:19.652   645   800 D WifiScoreCard: BSSID update SIGNAL_POLL ID: 760286919 SSID: "AndroidWifi", BSSID: 00:13:10:85:fe:01, MAC: 02:15:b2:00:00:00, IP: /10.0.2.16, Security type: 0, Supplicant state: COMPLETED, Wi-Fi standard: legacy, RSSI: -50, Link speed: 1Mbps, Tx Link speed: 1Mbps, Max Supported Tx Link speed: 11Mbps, Calculated Tx : 0Mbps, Rx Link speed: 2Mbps, Max Supported Rx Link speed: 11Mbps, Calculated Rx : 0Mbps, Frequency: 2447MHz, Net ID: 0, Metered hint: false, score: 100, isUsable: true, CarrierMerged: false, SubscriptionId: -1, IsPrimary: 1, Trusted: true, Restricted: false, Ephemeral: false, OEM paid: false, OEM private: false, OSU AP: false, FQDN: <none>, Provider friendly name: <none>, Requesting package name: <none>"AndroidWifi"openMLO Information: , Is TID-To-Link negotiation supported by the AP: false, AP MLD Address: <none>, AP MLO Link Id: <none>, AP MLO Affiliated links: <none>, Vendor Data: <none>
09-19 15:24:19.652   645   800 D WifiScoreCard: txRate: 1 txSpeed: 1
09-19 15:24:19.652   645   800 D WifiScoreCard: network update SIGNAL_POLL "AndroidWifi" ID: 673433585 RSSI -50 txSpeed -1
09-19 15:24:19.652   645   800 D WifiClientModeImpl[3810:wlan0]:  ClientModeImpl$L2ConnectedState screen=on 26 0 "AndroidWifi" 00:13:10:85:fe:01 rssi=-50 f=2447 sc=100 link=1 tx=0.0, 0.0, 0.0 rx=0.0 bcn=0 [on:0 tx:0 rx:0 period:3009] from screen [on:0 period:-1202302780] score=100
09-19 15:24:19.678   491   588 W skia    : AGTM parsing failed flags.readFromStream(s) at 159
09-19 15:24:19.679   491   588 W skia    : AGTM parsing failed flags.readFromStream(s) at 159
09-19 15:24:19.729   645  1228 W AppOps  : Noting op not finished: uid 10222 pkg com.google.android.gms code 113 startTime of in progress event=1789652922538
09-19 15:24:19.742   645  2010 W AppOps  : Noting op not finished: uid 10222 pkg com.google.android.gms code 79 startTime of in progress event=1789652922700
09-19 15:24:19.778   491   588 W skia    : AGTM parsing failed flags.readFromStream(s) at 159
09-19 15:24:19.778   491   588 W skia    : AGTM parsing failed flags.readFromStream(s) at 159
09-19 15:24:19.794  2432  2533 I ActivityScheduler: nextTriggerTime: 666881400, in 238100ms, detectorType: 39, FULL_TYPE alarmWindowMillis: 80000
09-19 15:24:19.886   491   588 W skia    : AGTM parsing failed flags.readFromStream(s) at 159
09-19 15:24:19.886   491   588 W skia    : AGTM parsing failed flags.readFromStream(s) at 159
09-19 15:24:19.994   491   588 W skia    : AGTM parsing failed flags.readFromStream(s) at 159
09-19 15:24:19.994   491   588 W skia    : AGTM parsing failed flags.readFromStream(s) at 159
09-19 15:24:20.014   487   531 D AudioFlinger: mixer(0xb400006ff95ca790) throttle end: throttle time(6)
09-19 15:24:20.118   491   588 W skia    : AGTM parsing failed flags.readFromStream(s) at 159
09-19 15:24:20.118   491   588 W skia    : AGTM parsing failed flags.readFromStream(s) at 159
09-19 15:24:20.240   491   588 W skia    : AGTM parsing failed flags.readFromStream(s) at 159
09-19 15:24:20.240   491   588 W skia    : AGTM parsing failed flags.readFromStream(s) at 159
09-19 15:24:20.345   491   588 W skia    : AGTM parsing failed flags.readFromStream(s) at 159
09-19 15:24:20.345   491   588 W skia    : AGTM parsing failed flags.readFromStream(s) at 159
09-19 15:24:20.462   491   588 W skia    : AGTM parsing failed flags.readFromStream(s) at 159
09-19 15:24:20.462   491   588 W skia    : AGTM parsing failed flags.readFromStream(s) at 159
09-19 15:24:20.527 21446 21446 I flutter : RN_VALIDATION_CHUNK START {"schema":1,"runner":"flutter_flame_godot","event":"sample","scenario":"normal","sample":7,"elapsed_ms":8257,"rss_bytes":543965184,"enemies":3,"burning":0,"turrets":6,"projectiles":0,"effects":0,"metrics":{"authored_terrain":true,"draw_calls":104.0,"fps":42.5410139711138,"frame_ms":23.5067269595177,"max_frame_ms":35.441,"objects":124.0,"primitives":190135.0,"received_frames":684,"renderer":"mobile","sequence":893,"viewport":[880.0,1976.0]}}
09-19 15:24:20.527 21446 21446 I flutter : RN_VALIDATION_END
09-19 15:24:20.575   491   588 W skia    : AGTM parsing failed flags.readFromStream(s) at 159
09-19 15:24:20.576   491   588 W skia    : AGTM parsing failed flags.readFromStream(s) at 159
09-19 15:24:20.677   491   588 W skia    : AGTM parsing failed flags.readFromStream(s) at 159
09-19 15:24:20.677   491   588 W skia    : AGTM parsing failed flags.readFromStream(s) at 159
09-19 15:24:20.730   645  1228 W AppOps  : Noting op not finished: uid 10222 pkg com.google.android.gms code 113 startTime of in progress event=1789652922538
09-19 15:24:20.778   491   588 W skia    : AGTM parsing failed flags.readFromStream(s) at 159
09-19 15:24:20.778   491   588 W skia    : AGTM parsing failed flags.readFromStream(s) at 159
09-19 15:24:20.895   491   588 W skia    : AGTM parsing failed flags.readFromStream(s) at 159
09-19 15:24:20.895   491   588 W skia    : AGTM parsing failed flags.readFromStream(s) at 159
09-19 15:24:20.998   491   588 W skia    : AGTM parsing failed flags.readFromStream(s) at 159
09-19 15:24:20.998   491   588 W skia    : AGTM parsing failed flags.readFromStream(s) at 159
09-19 15:24:21.098   491   588 W skia    : AGTM parsing failed flags.readFromStream(s) at 159
09-19 15:24:21.098   491   588 W skia    : AGTM parsing failed flags.readFromStream(s) at 159
09-19 15:24:21.198   491   588 W skia    : AGTM parsing failed flags.readFromStream(s) at 159
09-19 15:24:21.198   491   588 W skia    : AGTM parsing failed flags.readFromStream(s) at 159
09-19 15:24:21.309   491   588 W skia    : AGTM parsing failed flags.readFromStream(s) at 159
09-19 15:24:21.309   491   588 W skia    : AGTM parsing failed flags.readFromStream(s) at 159
09-19 15:24:21.412   491   588 W skia    : AGTM parsing failed flags.readFromStream(s) at 159
09-19 15:24:21.412   491   588 W skia    : AGTM parsing failed flags.readFromStream(s) at 159
09-19 15:24:21.513   491   588 W skia    : AGTM parsing failed flags.readFromStream(s) at 159
09-19 15:24:21.514   491   588 W skia    : AGTM parsing failed flags.readFromStream(s) at 159
09-19 15:24:21.567 21446 21446 I flutter : RN_VALIDATION_CHUNK START {"schema":1,"runner":"flutter_flame_godot","event":"sample","scenario":"normal","sample":8,"elapsed_ms":9297,"rss_bytes":544034816,"enemies":3,"burning":0,"turrets":6,"projectiles":0,"effects":0,"metrics":{"authored_terrain":true,"draw_calls":80.0,"fps":47.5639966969447,"frame_ms":21.0243055555556,"max_frame_ms":31.531,"objects":90.0,"primitives":183045.0,"received_frames":726,"renderer":"mobile","sequence":944,"viewport":[880.0,1976.0]}}
09-19 15:24:21.567 21446 21446 I flutter : RN_VALIDATION_END
09-19 15:24:21.614   491   588 W skia    : AGTM parsing failed flags.readFromStream(s) at 159
09-19 15:24:21.614   491   588 W skia    : AGTM parsing failed flags.readFromStream(s) at 159
09-19 15:24:21.714   491   588 W skia    : AGTM parsing failed flags.readFromStream(s) at 159
09-19 15:24:21.714   491   588 W skia    : AGTM parsing failed flags.readFromStream(s) at 159
09-19 15:24:21.817   491   588 W skia    : AGTM parsing failed flags.readFromStream(s) at 159
09-19 15:24:21.817   491   588 W skia    : AGTM parsing failed flags.readFromStream(s) at 159
09-19 15:24:21.931   491   588 W skia    : AGTM parsing failed flags.readFromStream(s) at 159
09-19 15:24:21.931   491   588 W skia    : AGTM parsing failed flags.readFromStream(s) at 159
09-19 15:24:22.030   491   588 W skia    : AGTM parsing failed flags.readFromStream(s) at 159
09-19 15:24:22.030   491   588 W skia    : AGTM parsing failed flags.readFromStream(s) at 159
09-19 15:24:22.142   491   588 W skia    : AGTM parsing failed flags.readFromStream(s) at 159
09-19 15:24:22.143   491   588 W skia    : AGTM parsing failed flags.readFromStream(s) at 159
09-19 15:24:22.241   491   588 W skia    : AGTM parsing failed flags.readFromStream(s) at 159
09-19 15:24:22.241   491   588 W skia    : AGTM parsing failed flags.readFromStream(s) at 159
09-19 15:24:22.355   491   588 W skia    : AGTM parsing failed flags.readFromStream(s) at 159
09-19 15:24:22.355   491   588 W skia    : AGTM parsing failed flags.readFromStream(s) at 159
09-19 15:24:22.462   491   588 W skia    : AGTM parsing failed flags.readFromStream(s) at 159
09-19 15:24:22.463   491   588 W skia    : AGTM parsing failed flags.readFromStream(s) at 159
09-19 15:24:22.562   491   588 W skia    : AGTM parsing failed flags.readFromStream(s) at 159
09-19 15:24:22.562   491   588 W skia    : AGTM parsing failed flags.readFromStream(s) at 159
09-19 15:24:22.595 21446 21446 I flutter : RN_VALIDATION_CHUNK START {"schema":1,"runner":"flutter_flame_godot","event":"sample","scenario":"normal","sample":9,"elapsed_ms":10326,"rss_bytes":544145408,"enemies":3,"burning":0,"turrets":6,"projectiles":0,"effects":0,"metrics":{"authored_terrain":true,"draw_calls":116.0,"fps":46.4620163131105,"frame_ms":21.5229574468085,"max_frame_ms":49.4342121212121,"objects":142.0,"primitives":190939.0,"received_frames":763,"renderer":"mobile","sequence":983,"viewport":[880.0,1976.0]}}
09-19 15:24:22.595 21446 21446 I flutter : RN_VALIDATION_END
09-19 15:24:22.656   645   800 D WifiClientModeImpl[3810:wlan0]: updateLinkLayerStatsRssiSpeedFrequencyCapabilities rssi=-50 TxLinkspeed=1 freq=2447 RxLinkSpeed=2
09-19 15:24:22.656   645   800 D WifiDataStall: tx tput in kbps: 11000
09-19 15:24:22.656   645   800 D WifiDataStall: rx tput in kbps: 11000
09-19 15:24:22.656   645   800 V WifiConfigManager: Updating scan detail cache freq=2447 BSSID=00:13:10:85:fe:01 RSSI=-50 for "AndroidWifi"NONE
09-19 15:24:22.656   645   800 D WifiThroughputPredictor:  utilization (LLS) 80 isBluetoothConnected: false final utilization: 80
09-19 15:24:22.656   645   800 D WifiThroughputPredictor:  BW: 0 RSSI: -50 Nss: 1 Mode: 1 symDur: 4000 snrDb 30 bitPerTone: 4500 rate: 54 throughput: 11
09-19 15:24:22.656   645   800 D WifiThroughputPredictor:  utilization (LLS) 80 isBluetoothConnected: false final utilization: 80
09-19 15:24:22.656   645   800 D WifiThroughputPredictor:  BW: 0 RSSI: -50 Nss: 1 Mode: 1 symDur: 4000 snrDb 30 bitPerTone: 4500 rate: 54 throughput: 11
09-19 15:24:22.656   645   800 D WifiThroughputPredictor:  utilization (LLS) 80 isBluetoothConnected: false final utilization: 80
09-19 15:24:22.656   645   800 D WifiThroughputPredictor:  BW: 0 RSSI: -50 Nss: 1 Mode: 1 symDur: 4000 snrDb 30 bitPerTone: 4500 rate: 54 throughput: 11
09-19 15:24:22.656   645   800 D WifiThroughputPredictor:  utilization (LLS) 80 isBluetoothConnected: false final utilization: 80
09-19 15:24:22.656   645   800 D WifiThroughputPredictor:  BW: 0 RSSI: -50 Nss: 1 Mode: 1 symDur: 4000 snrDb 30 bitPerTone: 4500 rate: 54 throughput: 11
09-19 15:24:22.657   645   800 I HalDevMgr: bestIfaceCreationProposal is null, requestIface=STA, existingIface=[name=wlan0 type=STA]
09-19 15:24:22.657   645   800 D WifiScoreCard: BSSID update SIGNAL_POLL ID: 760286919 SSID: "AndroidWifi", BSSID: 00:13:10:85:fe:01, MAC: 02:15:b2:00:00:00, IP: /10.0.2.16, Security type: 0, Supplicant state: COMPLETED, Wi-Fi standard: legacy, RSSI: -50, Link speed: 1Mbps, Tx Link speed: 1Mbps, Max Supported Tx Link speed: 11Mbps, Calculated Tx : 0Mbps, Rx Link speed: 2Mbps, Max Supported Rx Link speed: 11Mbps, Calculated Rx : 0Mbps, Frequency: 2447MHz, Net ID: 0, Metered hint: false, score: 100, isUsable: true, CarrierMerged: false, SubscriptionId: -1, IsPrimary: 1, Trusted: true, Restricted: false, Ephemeral: false, OEM paid: false, OEM private: false, OSU AP: false, FQDN: <none>, Provider friendly name: <none>, Requesting package name: <none>"AndroidWifi"openMLO Information: , Is TID-To-Link negotiation supported by the AP: false, AP MLD Address: <none>, AP MLO Link Id: <none>, AP MLO Affiliated links: <none>, Vendor Data: <none>
09-19 15:24:22.657   645   800 D WifiScoreCard: txRate: 1 txSpeed: 1
09-19 15:24:22.657   645   800 D WifiScoreCard: network update SIGNAL_POLL "AndroidWifi" ID: 673433585 RSSI -50 txSpeed -1
09-19 15:24:22.657   645   800 D WifiClientModeImpl[3810:wlan0]:  ClientModeImpl$L2ConnectedState screen=on 26 0 "AndroidWifi" 00:13:10:85:fe:01 rssi=-50 f=2447 sc=100 link=1 tx=0.0, 0.0, 0.0 rx=0.0 bcn=0 [on:0 tx:0 rx:0 period:3005] from screen [on:0 period:-1202299775] score=100
09-19 15:24:22.665   491   588 W skia    : AGTM parsing failed flags.readFromStream(s) at 159
09-19 15:24:22.665   491   588 W skia    : AGTM parsing failed flags.readFromStream(s) at 159
09-19 15:24:22.764   491   588 W skia    : AGTM parsing failed flags.readFromStream(s) at 159
09-19 15:24:22.765   491   588 W skia    : AGTM parsing failed flags.readFromStream(s) at 159
09-19 15:24:22.866   491   588 W skia    : AGTM parsing failed flags.readFromStream(s) at 159
09-19 15:24:22.866   491   588 W skia    : AGTM parsing failed flags.readFromStream(s) at 159
09-19 15:24:22.965   491   588 W skia    : AGTM parsing failed flags.readFromStream(s) at 159
09-19 15:24:22.965   491   588 W skia    : AGTM parsing failed flags.readFromStream(s) at 159
09-19 15:24:23.066   491   588 W skia    : AGTM parsing failed flags.readFromStream(s) at 159
09-19 15:24:23.066   491   588 W skia    : AGTM parsing failed flags.readFromStream(s) at 159
09-19 15:24:23.178   491   588 W skia    : AGTM parsing failed flags.readFromStream(s) at 159
09-19 15:24:23.178   491   588 W skia    : AGTM parsing failed flags.readFromStream(s) at 159
09-19 15:24:23.278   491   588 W skia    : AGTM parsing failed flags.readFromStream(s) at 159
09-19 15:24:23.279   491   588 W skia    : AGTM parsing failed flags.readFromStream(s) at 159
09-19 15:24:23.380   491   588 W skia    : AGTM parsing failed flags.readFromStream(s) at 159
09-19 15:24:23.380   491   588 W skia    : AGTM parsing failed flags.readFromStream(s) at 159
09-19 15:24:23.499   491   588 W skia    : AGTM parsing failed flags.readFromStream(s) at 159
09-19 15:24:23.500   491   588 W skia    : AGTM parsing failed flags.readFromStream(s) at 159
09-19 15:24:23.612   491   588 W skia    : AGTM parsing failed flags.readFromStream(s) at 159
09-19 15:24:23.612   491   588 W skia    : AGTM parsing failed flags.readFromStream(s) at 159
09-19 15:24:23.618 21446 21446 I flutter : RN_VALIDATION_CHUNK START {"schema":1,"runner":"flutter_flame_godot","event":"sample","scenario":"normal","sample":10,"elapsed_ms":11348,"rss_bytes":544051200,"enemies":3,"burning":0,"turrets":6,"projectiles":0,"effects":0,"metrics":{"authored_terrain":true,"draw_calls":82.0,"fps":46.7620900730715,"frame_ms":21.3848439716312,"max_frame_ms":32.077,"objects":92.0,"primitives":184145.0,"received_frames":803,"renderer":"mobile","sequence":1034,"viewport":[880.0,1976.0]}}
09-19 15:24:23.619 21446 21446 I flutter : RN_VALIDATION_END
09-19 15:24:23.736   491   588 W skia    : AGTM parsing failed flags.readFromStream(s) at 159
09-19 15:24:23.736   491   588 W skia    : AGTM parsing failed flags.readFromStream(s) at 159
09-19 15:24:23.752   487   531 D AudioFlinger: mixer(0xb400006ff95ca790) throttle end: throttle time(1)
09-19 15:24:23.844   491   588 W skia    : AGTM parsing failed flags.readFromStream(s) at 159
09-19 15:24:23.844   491   588 W skia    : AGTM parsing failed flags.readFromStream(s) at 159
09-19 15:24:23.945   491   588 W skia    : AGTM parsing failed flags.readFromStream(s) at 159
09-19 15:24:23.945   491   588 W skia    : AGTM parsing failed flags.readFromStream(s) at 159
09-19 15:24:24.047   491   588 W skia    : AGTM parsing failed flags.readFromStream(s) at 159
09-19 15:24:24.047   491   588 W skia    : AGTM parsing failed flags.readFromStream(s) at 159
09-19 15:24:24.148   491   588 W skia    : AGTM parsing failed flags.readFromStream(s) at 159
09-19 15:24:24.150   491   588 W skia    : AGTM parsing failed flags.readFromStream(s) at 159
09-19 15:24:24.248   491   588 W skia    : AGTM parsing failed flags.readFromStream(s) at 159
09-19 15:24:24.248   491   588 W skia    : AGTM parsing failed flags.readFromStream(s) at 159
09-19 15:24:24.359   491   588 W skia    : AGTM parsing failed flags.readFromStream(s) at 159
09-19 15:24:24.359   491   588 W skia    : AGTM parsing failed flags.readFromStream(s) at 159
09-19 15:24:24.463   491   588 W skia    : AGTM parsing failed flags.readFromStream(s) at 159
09-19 15:24:24.464   491   588 W skia    : AGTM parsing failed flags.readFromStream(s) at 159
09-19 15:24:24.523   892   892 D wpa_supplicant: nl80211: Drv Event 64 (NL80211_CMD_NOTIFY_CQM) received for wlan0
09-19 15:24:24.523   892   892 D wpa_supplicant: nl80211: Beacon loss event
09-19 15:24:24.523   892   892 D wpa_supplicant: wlan0: Event BEACON_LOSS (53) received
09-19 15:24:24.523   892   892 I wpa_supplicant: wlan0: CTRL-EVENT-BEACON-LOSS 
09-19 15:24:24.565   491   588 W skia    : AGTM parsing failed flags.readFromStream(s) at 159
09-19 15:24:24.565   491   588 W skia    : AGTM parsing failed flags.readFromStream(s) at 159
09-19 15:24:24.665   491   588 W skia    : AGTM parsing failed flags.readFromStream(s) at 159
09-19 15:24:24.665   491   588 W skia    : AGTM parsing failed flags.readFromStream(s) at 159
09-19 15:24:24.695 21446 21446 I flutter : RN_VALIDATION_CHUNK START {"schema":1,"runner":"flutter_flame_godot","event":"sample","scenario":"normal","sample":11,"elapsed_ms":12425,"rss_bytes":544079872,"enemies":3,"burning":0,"turrets":6,"projectiles":0,"effects":0,"metrics":{"authored_terrain":true,"draw_calls":90.0,"fps":51.0484758570628,"frame_ms":19.5892234432234,"max_frame_ms":41.248,"objects":100.0,"primitives":183681.0,"received_frames":852,"renderer":"mobile","sequence":1084,"viewport":[880.0,1976.0]}}
09-19 15:24:24.695 21446 21446 I flutter : RN_VALIDATION_END
09-19 15:24:24.765   491   588 W skia    : AGTM parsing failed flags.readFromStream(s) at 159
09-19 15:24:24.766   491   588 W skia    : AGTM parsing failed flags.readFromStream(s) at 159
09-19 15:24:24.880   491   588 W skia    : AGTM parsing failed flags.readFromStream(s) at 159
09-19 15:24:24.880   491   588 W skia    : AGTM parsing failed flags.readFromStream(s) at 159
09-19 15:24:24.980   491   588 W skia    : AGTM parsing failed flags.readFromStream(s) at 159
09-19 15:24:24.980   491   588 W skia    : AGTM parsing failed flags.readFromStream(s) at 159
09-19 15:24:25.097   491   588 W skia    : AGTM parsing failed flags.readFromStream(s) at 159
09-19 15:24:25.097   491   588 W skia    : AGTM parsing failed flags.readFromStream(s) at 159
09-19 15:24:25.198   491   588 W skia    : AGTM parsing failed flags.readFromStream(s) at 159
09-19 15:24:25.198   491   588 W skia    : AGTM parsing failed flags.readFromStream(s) at 159
09-19 15:24:25.299   491   588 W skia    : AGTM parsing failed flags.readFromStream(s) at 159
09-19 15:24:25.299   491   588 W skia    : AGTM parsing failed flags.readFromStream(s) at 159
09-19 15:24:25.408   491   588 W skia    : AGTM parsing failed flags.readFromStream(s) at 159
09-19 15:24:25.408   491   588 W skia    : AGTM parsing failed flags.readFromStream(s) at 159
09-19 15:24:25.531   491   588 W skia    : AGTM parsing failed flags.readFromStream(s) at 159
09-19 15:24:25.531   491   588 W skia    : AGTM parsing failed flags.readFromStream(s) at 159
09-19 15:24:25.645   491   588 W skia    : AGTM parsing failed flags.readFromStream(s) at 159
09-19 15:24:25.645   491   588 W skia    : AGTM parsing failed flags.readFromStream(s) at 159
09-19 15:24:25.658   645   800 D WifiClientModeImpl[3810:wlan0]: updateLinkLayerStatsRssiSpeedFrequencyCapabilities rssi=-50 TxLinkspeed=1 freq=2447 RxLinkSpeed=2
09-19 15:24:25.659   645   800 D WifiDataStall: tx tput in kbps: 11000
09-19 15:24:25.659   645   800 D WifiDataStall: rx tput in kbps: 11000
09-19 15:24:25.659   645   800 V WifiConfigManager: Updating scan detail cache freq=2447 BSSID=00:13:10:85:fe:01 RSSI=-50 for "AndroidWifi"NONE
09-19 15:24:25.659   645   800 D WifiThroughputPredictor:  utilization (LLS) 80 isBluetoothConnected: false final utilization: 80
09-19 15:24:25.659   645   800 D WifiThroughputPredictor:  BW: 0 RSSI: -50 Nss: 1 Mode: 1 symDur: 4000 snrDb 30 bitPerTone: 4500 rate: 54 throughput: 11
09-19 15:24:25.659   645   800 D WifiThroughputPredictor:  utilization (LLS) 80 isBluetoothConnected: false final utilization: 80
09-19 15:24:25.659   645   800 D WifiThroughputPredictor:  BW: 0 RSSI: -50 Nss: 1 Mode: 1 symDur: 4000 snrDb 30 bitPerTone: 4500 rate: 54 throughput: 11
09-19 15:24:25.659   645   800 D WifiThroughputPredictor:  utilization (LLS) 80 isBluetoothConnected: false final utilization: 80
09-19 15:24:25.659   645   800 D WifiThroughputPredictor:  BW: 0 RSSI: -50 Nss: 1 Mode: 1 symDur: 4000 snrDb 30 bitPerTone: 4500 rate: 54 throughput: 11
09-19 15:24:25.659   645   800 D WifiThroughputPredictor:  utilization (LLS) 80 isBluetoothConnected: false final utilization: 80
09-19 15:24:25.659   645   800 D WifiThroughputPredictor:  BW: 0 RSSI: -50 Nss: 1 Mode: 1 symDur: 4000 snrDb 30 bitPerTone: 4500 rate: 54 throughput: 11
09-19 15:24:25.662   645   800 I HalDevMgr: bestIfaceCreationProposal is null, requestIface=STA, existingIface=[name=wlan0 type=STA]
09-19 15:24:25.662   645   800 D WifiScoreCard: BSSID update SIGNAL_POLL ID: 760286919 SSID: "AndroidWifi", BSSID: 00:13:10:85:fe:01, MAC: 02:15:b2:00:00:00, IP: /10.0.2.16, Security type: 0, Supplicant state: COMPLETED, Wi-Fi standard: legacy, RSSI: -50, Link speed: 1Mbps, Tx Link speed: 1Mbps, Max Supported Tx Link speed: 11Mbps, Calculated Tx : 0Mbps, Rx Link speed: 2Mbps, Max Supported Rx Link speed: 11Mbps, Calculated Rx : 0Mbps, Frequency: 2447MHz, Net ID: 0, Metered hint: false, score: 100, isUsable: true, CarrierMerged: false, SubscriptionId: -1, IsPrimary: 1, Trusted: true, Restricted: false, Ephemeral: false, OEM paid: false, OEM private: false, OSU AP: false, FQDN: <none>, Provider friendly name: <none>, Requesting package name: <none>"AndroidWifi"openMLO Information: , Is TID-To-Link negotiation supported by the AP: false, AP MLD Address: <none>, AP MLO Link Id: <none>, AP MLO Affiliated links: <none>, Vendor Data: <none>
09-19 15:24:25.662   645   800 D WifiScoreCard: txRate: 1 txSpeed: 1
09-19 15:24:25.662   645   800 D WifiScoreCard: network update SIGNAL_POLL "AndroidWifi" ID: 673433585 RSSI -50 txSpeed -1
09-19 15:24:25.664   645   800 D WifiClientModeImpl[3810:wlan0]:  ClientModeImpl$L2ConnectedState screen=on 26 0 "AndroidWifi" 00:13:10:85:fe:01 rssi=-50 f=2447 sc=100 link=1 tx=0.0, 0.0, 0.0 rx=0.0 bcn=0 [on:0 tx:0 rx:0 period:3007] from screen [on:0 period:-1202296768] score=100
09-19 15:24:25.730 21446 21446 I flutter : RN_VALIDATION_CHUNK START {"schema":1,"runner":"flutter_flame_godot","event":"sample","scenario":"normal","sample":12,"elapsed_ms":13460,"rss_bytes":544096256,"enemies":3,"burning":0,"turrets":6,"projectiles":0,"effects":0,"metrics":{"authored_terrain":true,"draw_calls":104.0,"fps":45.2104574877082,"frame_ms":22.1187763975155,"max_frame_ms":26.9087272727273,"objects":124.0,"primitives":190135.0,"received_frames":890,"renderer":"mobile","sequence":1128,"viewport":[880.0,1976.0]}}
09-19 15:24:25.730 21446 21446 I flutter : RN_VALIDATION_END
09-19 15:24:25.749   491   588 W skia    : AGTM parsing failed flags.readFromStream(s) at 159
09-19 15:24:25.749   491   588 W skia    : AGTM parsing failed flags.readFromStream(s) at 159
09-19 15:24:25.848   491   588 W skia    : AGTM parsing failed flags.readFromStream(s) at 159
09-19 15:24:25.848   491   588 W skia    : AGTM parsing failed flags.readFromStream(s) at 159
09-19 15:24:25.957   491   588 W skia    : AGTM parsing failed flags.readFromStream(s) at 159
09-19 15:24:25.957   491   588 W skia    : AGTM parsing failed flags.readFromStream(s) at 159
09-19 15:24:26.060   491   588 W skia    : AGTM parsing failed flags.readFromStream(s) at 159
09-19 15:24:26.060   491   588 W skia    : AGTM parsing failed flags.readFromStream(s) at 159
09-19 15:24:26.161   491   588 W skia    : AGTM parsing failed flags.readFromStream(s) at 159
09-19 15:24:26.164   491   588 W skia    : AGTM parsing failed flags.readFromStream(s) at 159
09-19 15:24:26.263   491   588 W skia    : AGTM parsing failed flags.readFromStream(s) at 159
09-19 15:24:26.263   491   588 W skia    : AGTM parsing failed flags.readFromStream(s) at 159
09-19 15:24:26.362   491   588 W skia    : AGTM parsing failed flags.readFromStream(s) at 159
09-19 15:24:26.362   491   588 W skia    : AGTM parsing failed flags.readFromStream(s) at 159
09-19 15:24:26.377  1012  1174 D SatelliteController: isInCarrierRoamingNbIotNtn: satellite is disabled
09-19 15:24:26.377  1012  1174 D SatelliteController: getCarrierRoamingNtnConnectType: Checking connect type from PLMN config for subId: 1
09-19 15:24:26.377  1012  1174 D TelephonyConfigUpdateInstallReceiver: getConfigParser: domain=satellite
09-19 15:24:26.377  1012  1174 V SatelliteController: satelliteConfigParser is not ready
09-19 15:24:26.377  1012  1174 D SatelliteController: isSatelliteAttachSupportedViaConfigupdater: return null (satelliteConfig is null)
09-19 15:24:26.378  1012  1174 D SatelliteController: getSatellitePerPlmnConfiguration: invalid subId or not supported via carrier.
09-19 15:24:26.378  1012  1174 D SatelliteController: getCarrierRoamingNtnConnectType: config: null
09-19 15:24:26.378  1012  1174 D TelephonyConfigUpdateInstallReceiver: getConfigParser: domain=satellite
09-19 15:24:26.378  1012  1174 V SatelliteController: satelliteConfigParser is not ready
09-19 15:24:26.378  1012  1174 D SatelliteController: getCarrierRoamingNtnConnectTypeViaConfigUpdater: return null (satelliteConfig is null)
09-19 15:24:26.378  1012  1174 D SatelliteController: getCarrierRoamingNtnConnectType: Falling back to global carrier config connect type: 0
09-19 15:24:26.378  1012  1174 D TelephonyConfigUpdateInstallReceiver: getConfigParser: domain=satellite
09-19 15:24:26.378  1012  1174 V SatelliteController: satelliteConfigParser is not ready
09-19 15:24:26.378  1012  1174 D SatelliteController: isSatelliteAttachSupportedViaConfigupdater: return null (satelliteConfig is null)
09-19 15:24:26.378  1012  1174 D SatelliteController: getCarrierRoamingNtnConnectType: Checking connect type from PLMN config for subId: 1
09-19 15:24:26.378  1012  1174 D TelephonyConfigUpdateInstallReceiver: getConfigParser: domain=satellite
09-19 15:24:26.378  1012  1174 V SatelliteController: satelliteConfigParser is not ready
09-19 15:24:26.378  1012  1174 D SatelliteController: isSatelliteAttachSupportedViaConfigupdater: return null (satelliteConfig is null)
09-19 15:24:26.378  1012  1174 D SatelliteController: getSatellitePerPlmnConfiguration: invalid subId or not supported via carrier.
09-19 15:24:26.378  1012  1174 D SatelliteController: getCarrierRoamingNtnConnectType: config: null
09-19 15:24:26.378  1012  1174 D TelephonyConfigUpdateInstallReceiver: getConfigParser: domain=satellite
09-19 15:24:26.378  1012  1174 V SatelliteController: satelliteConfigParser is not ready
09-19 15:24:26.378  1012  1174 D SatelliteController: getCarrierRoamingNtnConnectTypeViaConfigUpdater: return null (satelliteConfig is null)
09-19 15:24:26.378  1012  1174 D SatelliteController: getCarrierRoamingNtnConnectType: Falling back to global carrier config connect type: 0
09-19 15:24:26.378  1012  1174 D TelephonyConfigUpdateInstallReceiver: getConfigParser: domain=satellite
09-19 15:24:26.378  1012  1174 V SatelliteController: satelliteConfigParser is not ready
09-19 15:24:26.378  1012  1174 D SatelliteController: isSatelliteAttachSupportedViaConfigupdater: return null (satelliteConfig is null)
09-19 15:24:26.463   491   588 W skia    : AGTM parsing failed flags.readFromStream(s) at 159
09-19 15:24:26.463   491   588 W skia    : AGTM parsing failed flags.readFromStream(s) at 159
09-19 15:24:26.563   491   588 W skia    : AGTM parsing failed flags.readFromStream(s) at 159
09-19 15:24:26.564   491   588 W skia    : AGTM parsing failed flags.readFromStream(s) at 159
09-19 15:24:26.679   491   588 W skia    : AGTM parsing failed flags.readFromStream(s) at 159
09-19 15:24:26.679   491   588 W skia    : AGTM parsing failed flags.readFromStream(s) at 159
09-19 15:24:26.764 21446 21446 I flutter : RN_VALIDATION_CHUNK START {"schema":1,"runner":"flutter_flame_godot","event":"sample","scenario":"normal","sample":13,"elapsed_ms":14494,"rss_bytes":544075776,"enemies":3,"burning":0,"turrets":6,"projectiles":0,"effects":0,"metrics":{"authored_terrain":true,"draw_calls":80.0,"fps":52.057635332663,"frame_ms":19.2094779874214,"max_frame_ms":23.0536147186153,"objects":90.0,"primitives":183045.0,"received_frames":937,"renderer":"mobile","sequence":1180,"viewport":[880.0,1976.0]}}
09-19 15:24:26.764 21446 21446 I flutter : RN_VALIDATION_END
09-19 15:24:26.779   491   588 W skia    : AGTM parsing failed flags.readFromStream(s) at 159
09-19 15:24:26.779   491   588 W skia    : AGTM parsing failed flags.readFromStream(s) at 159
09-19 15:24:26.882   491   588 W skia    : AGTM parsing failed flags.readFromStream(s) at 159
09-19 15:24:26.882   491   588 W skia    : AGTM parsing failed flags.readFromStream(s) at 159
09-19 15:24:26.983   491   588 W skia    : AGTM parsing failed flags.readFromStream(s) at 159
09-19 15:24:26.984   491   588 W skia    : AGTM parsing failed flags.readFromStream(s) at 159
09-19 15:24:27.082   491   588 W skia    : AGTM parsing failed flags.readFromStream(s) at 159
09-19 15:24:27.082   491   588 W skia    : AGTM parsing failed flags.readFromStream(s) at 159
09-19 15:24:27.199   491   588 W skia    : AGTM parsing failed flags.readFromStream(s) at 159
09-19 15:24:27.199   491   588 W skia    : AGTM parsing failed flags.readFromStream(s) at 159
09-19 15:24:27.302   491   588 W skia    : AGTM parsing failed flags.readFromStream(s) at 159
09-19 15:24:27.302   491   588 W skia    : AGTM parsing failed flags.readFromStream(s) at 159
09-19 15:24:27.410   491   588 W skia    : AGTM parsing failed flags.readFromStream(s) at 159
09-19 15:24:27.410   491   588 W skia    : AGTM parsing failed flags.readFromStream(s) at 159
09-19 15:24:27.510   491   588 W skia    : AGTM parsing failed flags.readFromStream(s) at 159
09-19 15:24:27.510   491   588 W skia    : AGTM parsing failed flags.readFromStream(s) at 159
09-19 15:24:27.611   491   588 W skia    : AGTM parsing failed flags.readFromStream(s) at 159
09-19 15:24:27.611   491   588 W skia    : AGTM parsing failed flags.readFromStream(s) at 159
09-19 15:24:27.712   491   588 W skia    : AGTM parsing failed flags.readFromStream(s) at 159
09-19 15:24:27.712   491   588 W skia    : AGTM parsing failed flags.readFromStream(s) at 159
09-19 15:24:27.767 21446 21446 I flutter : RN_VALIDATION_CHUNK START {"schema":1,"runner":"flutter_flame_godot","event":"sample","scenario":"normal","sample":14,"elapsed_ms":15497,"rss_bytes":544419840,"enemies":3,"burning":0,"turrets":6,"projectiles":0,"effects":0,"metrics":{"authored_terrain":true,"draw_calls":119.0,"fps":47.9710059324144,"frame_ms":20.845925170068,"max_frame_ms":25.727,"objects":145.0,"primitives":190945.0,"received_frames":977,"renderer":"mobile","sequence":1222,"viewport":[880.0,1976.0]}}
09-19 15:24:27.767 21446 21446 I flutter : RN_VALIDATION_END
09-19 15:24:27.813   491   588 W skia    : AGTM parsing failed flags.readFromStream(s) at 159
09-19 15:24:27.813   491   588 W skia    : AGTM parsing failed flags.readFromStream(s) at 159
09-19 15:24:27.914   491   588 W skia    : AGTM parsing failed flags.readFromStream(s) at 159
09-19 15:24:27.914   491   588 W skia    : AGTM parsing failed flags.readFromStream(s) at 159
09-19 15:24:28.014   491   588 W skia    : AGTM parsing failed flags.readFromStream(s) at 159
09-19 15:24:28.015   491   588 W skia    : AGTM parsing failed flags.readFromStream(s) at 159
09-19 15:24:28.115   491   588 W skia    : AGTM parsing failed flags.readFromStream(s) at 159
09-19 15:24:28.115   491   588 W skia    : AGTM parsing failed flags.readFromStream(s) at 159
09-19 15:24:28.198   645   740 D ActivityManager: freezing 1428 com.google.android.apps.wellbeing
09-19 15:24:28.207   645   806 D InetDiagMessage: Destroyed 0 sockets, proto=IPPROTO_TCP, family=AF_INET, states=14
09-19 15:24:28.208   645   806 D InetDiagMessage: Destroyed 0 sockets, proto=IPPROTO_TCP, family=AF_INET6, states=14
09-19 15:24:28.208   645   806 D InetDiagMessage: Destroyed live tcp sockets for uids={10149} in 1ms
09-19 15:24:28.232   491   588 W skia    : AGTM parsing failed flags.readFromStream(s) at 159
09-19 15:24:28.232   491   588 W skia    : AGTM parsing failed flags.readFromStream(s) at 159
09-19 15:24:28.335   491   588 W skia    : AGTM parsing failed flags.readFromStream(s) at 159
09-19 15:24:28.335   491   588 W skia    : AGTM parsing failed flags.readFromStream(s) at 159
09-19 15:24:28.445   491   588 W skia    : AGTM parsing failed flags.readFromStream(s) at 159
09-19 15:24:28.445   491   588 W skia    : AGTM parsing failed flags.readFromStream(s) at 159
09-19 15:24:28.546   491   588 W skia    : AGTM parsing failed flags.readFromStream(s) at 159
09-19 15:24:28.546   491   588 W skia    : AGTM parsing failed flags.readFromStream(s) at 159
09-19 15:24:28.649   491   588 W skia    : AGTM parsing failed flags.readFromStream(s) at 159
09-19 15:24:28.649   491   588 W skia    : AGTM parsing failed flags.readFromStream(s) at 159
09-19 15:24:28.666   645   800 D WifiClientModeImpl[3810:wlan0]: updateLinkLayerStatsRssiSpeedFrequencyCapabilities rssi=-50 TxLinkspeed=1 freq=2447 RxLinkSpeed=2
09-19 15:24:28.667   645   800 D WifiDataStall: tx tput in kbps: 11000
09-19 15:24:28.667   645   800 D WifiDataStall: rx tput in kbps: 11000
09-19 15:24:28.668   645   800 V WifiConfigManager: Updating scan detail cache freq=2447 BSSID=00:13:10:85:fe:01 RSSI=-50 for "AndroidWifi"NONE
09-19 15:24:28.668   645   800 D WifiThroughputPredictor:  utilization (LLS) 80 isBluetoothConnected: false final utilization: 80
09-19 15:24:28.668   645   800 D WifiThroughputPredictor:  BW: 0 RSSI: -50 Nss: 1 Mode: 1 symDur: 4000 snrDb 30 bitPerTone: 4500 rate: 54 throughput: 11
09-19 15:24:28.669   645   800 D WifiThroughputPredictor:  utilization (LLS) 80 isBluetoothConnected: false final utilization: 80
09-19 15:24:28.669   645   800 D WifiThroughputPredictor:  BW: 0 RSSI: -50 Nss: 1 Mode: 1 symDur: 4000 snrDb 30 bitPerTone: 4500 rate: 54 throughput: 11
09-19 15:24:28.669   645   800 D WifiThroughputPredictor:  utilization (LLS) 80 isBluetoothConnected: false final utilization: 80
09-19 15:24:28.669   645   800 D WifiThroughputPredictor:  BW: 0 RSSI: -50 Nss: 1 Mode: 1 symDur: 4000 snrDb 30 bitPerTone: 4500 rate: 54 throughput: 11
09-19 15:24:28.669   645   800 D WifiThroughputPredictor:  utilization (LLS) 80 isBluetoothConnected: false final utilization: 80
09-19 15:24:28.669   645   800 D WifiThroughputPredictor:  BW: 0 RSSI: -50 Nss: 1 Mode: 1 symDur: 4000 snrDb 30 bitPerTone: 4500 rate: 54 throughput: 11
09-19 15:24:28.673   645   800 I HalDevMgr: bestIfaceCreationProposal is null, requestIface=STA, existingIface=[name=wlan0 type=STA]
09-19 15:24:28.673   645   800 D WifiScoreCard: BSSID update SIGNAL_POLL ID: 760286919 SSID: "AndroidWifi", BSSID: 00:13:10:85:fe:01, MAC: 02:15:b2:00:00:00, IP: /10.0.2.16, Security type: 0, Supplicant state: COMPLETED, Wi-Fi standard: legacy, RSSI: -50, Link speed: 1Mbps, Tx Link speed: 1Mbps, Max Supported Tx Link speed: 11Mbps, Calculated Tx : 0Mbps, Rx Link speed: 2Mbps, Max Supported Rx Link speed: 11Mbps, Calculated Rx : 0Mbps, Frequency: 2447MHz, Net ID: 0, Metered hint: false, score: 100, isUsable: true, CarrierMerged: false, SubscriptionId: -1, IsPrimary: 1, Trusted: true, Restricted: false, Ephemeral: false, OEM paid: false, OEM private: false, OSU AP: false, FQDN: <none>, Provider friendly name: <none>, Requesting package name: <none>"AndroidWifi"openMLO Information: , Is TID-To-Link negotiation supported by the AP: false, AP MLD Address: <none>, AP MLO Link Id: <none>, AP MLO Affiliated links: <none>, Vendor Data: <none>
09-19 15:24:28.674   645   800 D WifiScoreCard: txRate: 1 txSpeed: 1
09-19 15:24:28.674   645   800 D WifiScoreCard: network update SIGNAL_POLL "AndroidWifi" ID: 673433585 RSSI -50 txSpeed -1
09-19 15:24:28.674   645   800 D WifiClientModeImpl[3810:wlan0]:  ClientModeImpl$L2ConnectedState screen=on 26 0 "AndroidWifi" 00:13:10:85:fe:01 rssi=-50 f=2447 sc=100 link=1 tx=0.0, 0.0, 0.0 rx=0.0 bcn=0 [on:0 tx:0 rx:0 period:3010] from screen [on:0 period:-1202293758] score=100
09-19 15:24:28.761   491   588 W skia    : AGTM parsing failed flags.readFromStream(s) at 159
09-19 15:24:28.761   491   588 W skia    : AGTM parsing failed flags.readFromStream(s) at 159
09-19 15:24:28.804 21446 21446 I flutter : RN_VALIDATION_CHUNK START {"schema":1,"runner":"flutter_flame_godot","event":"sample","scenario":"normal","sample":15,"elapsed_ms":16533,"rss_bytes":544063488,"enemies":3,"burning":0,"turrets":6,"projectiles":0,"effects":0,"metrics":{"authored_terrain":true,"draw_calls":82.0,"fps":44.3951068042133,"frame_ms":22.5250049382716,"max_frame_ms":26.0753535353541,"objects":92.0,"primitives":184145.0,"received_frames":1020,"renderer":"mobile","sequence":1271,"viewport":[880.0,1976.0]}}
09-19 15:24:28.804 21446 21446 I flutter : RN_VALIDATION_END
09-19 15:24:28.864   491   588 W skia    : AGTM parsing failed flags.readFromStream(s) at 159
09-19 15:24:28.864   491   588 W skia    : AGTM parsing failed flags.readFromStream(s) at 159
09-19 15:24:28.962   491   588 W skia    : AGTM parsing failed flags.readFromStream(s) at 159
09-19 15:24:28.962   491   588 W skia    : AGTM parsing failed flags.readFromStream(s) at 159
09-19 15:24:29.064   491   588 W skia    : AGTM parsing failed flags.readFromStream(s) at 159
09-19 15:24:29.064   491   588 W skia    : AGTM parsing failed flags.readFromStream(s) at 159
09-19 15:24:29.164   491   588 W skia    : AGTM parsing failed flags.readFromStream(s) at 159
09-19 15:24:29.164   491   588 W skia    : AGTM parsing failed flags.readFromStream(s) at 159
09-19 15:24:29.277   491   588 W skia    : AGTM parsing failed flags.readFromStream(s) at 159
09-19 15:24:29.277   491   588 W skia    : AGTM parsing failed flags.readFromStream(s) at 159
09-19 15:24:29.394   491   588 W skia    : AGTM parsing failed flags.readFromStream(s) at 159
09-19 15:24:29.394   491   588 W skia    : AGTM parsing failed flags.readFromStream(s) at 159
09-19 15:24:29.420   487   531 D AudioFlinger: mixer(0xb400006ff95ca790) throttle end: throttle time(9)
09-19 15:24:29.495   491   588 W skia    : AGTM parsing failed flags.readFromStream(s) at 159
09-19 15:24:29.495   491   588 W skia    : AGTM parsing failed flags.readFromStream(s) at 159
09-19 15:24:29.596   491   588 W skia    : AGTM parsing failed flags.readFromStream(s) at 159
09-19 15:24:29.596   491   588 W skia    : AGTM parsing failed flags.readFromStream(s) at 159
09-19 15:24:29.697   491   588 W skia    : AGTM parsing failed flags.readFromStream(s) at 159
09-19 15:24:29.697   491   588 W skia    : AGTM parsing failed flags.readFromStream(s) at 159
09-19 15:24:29.811   491   588 W skia    : AGTM parsing failed flags.readFromStream(s) at 159
09-19 15:24:29.811   491   588 W skia    : AGTM parsing failed flags.readFromStream(s) at 159
09-19 15:24:29.824 21446 21446 I flutter : RN_VALIDATION_CHUNK START {"schema":1,"runner":"flutter_flame_godot","event":"sample","scenario":"normal","sample":16,"elapsed_ms":17554,"rss_bytes":544382976,"enemies":3,"burning":0,"turrets":6,"projectiles":0,"effects":0,"metrics":{"authored_terrain":true,"draw_calls":90.0,"fps":51.1925894450785,"frame_ms":19.5340773115773,"max_frame_ms":27.3885555555556,"objects":104.0,"primitives":184695.0,"received_frames":1066,"renderer":"mobile","sequence":1319,"viewport":[880.0,1976.0]}}
09-19 15:24:29.824 21446 21446 I flutter : RN_VALIDATION_END
09-19 15:24:29.913   491   588 W skia    : AGTM parsing failed flags.readFromStream(s) at 159
09-19 15:24:29.913   491   588 W skia    : AGTM parsing failed flags.readFromStream(s) at 159
09-19 15:24:30.015   491   588 W skia    : AGTM parsing failed flags.readFromStream(s) at 159
09-19 15:24:30.015   491   588 W skia    : AGTM parsing failed flags.readFromStream(s) at 159
09-19 15:24:30.116   491   588 W skia    : AGTM parsing failed flags.readFromStream(s) at 159
09-19 15:24:30.116   491   588 W skia    : AGTM parsing failed flags.readFromStream(s) at 159
09-19 15:24:30.150   645   740 D ActivityManager: freezing 1596 com.android.keychain
09-19 15:24:30.153   645   740 D ActivityManager: freezing 1095 com.android.settings
09-19 15:24:30.157   645   740 D ActivityManager: freezing 2542 com.android.dynsystem:dynsystem
09-19 15:24:30.160   645   740 D ActivityManager: freezing 2494 com.android.dynsystem
09-19 15:24:30.161   645   740 D ActivityManager: freezing 2361 com.android.localtransport
09-19 15:24:30.230   491   588 W skia    : AGTM parsing failed flags.readFromStream(s) at 159
09-19 15:24:30.231   491   588 W skia    : AGTM parsing failed flags.readFromStream(s) at 159
09-19 15:24:30.357   491   588 W skia    : AGTM parsing failed flags.readFromStream(s) at 159
09-19 15:24:30.357   491   588 W skia    : AGTM parsing failed flags.readFromStream(s) at 159
09-19 15:24:30.462   491   588 W skia    : AGTM parsing failed flags.readFromStream(s) at 159
09-19 15:24:30.462   491   588 W skia    : AGTM parsing failed flags.readFromStream(s) at 159
09-19 15:24:30.563   491   588 W skia    : AGTM parsing failed flags.readFromStream(s) at 159
09-19 15:24:30.563   491   588 W skia    : AGTM parsing failed flags.readFromStream(s) at 159
09-19 15:24:30.664   491   588 W skia    : AGTM parsing failed flags.readFromStream(s) at 159
09-19 15:24:30.664   491   588 W skia    : AGTM parsing failed flags.readFromStream(s) at 159
09-19 15:24:30.764   491   588 W skia    : AGTM parsing failed flags.readFromStream(s) at 159
09-19 15:24:30.765   491   588 W skia    : AGTM parsing failed flags.readFromStream(s) at 159
09-19 15:24:30.852 21446 21446 I flutter : RN_VALIDATION_CHUNK START {"schema":1,"runner":"flutter_flame_godot","event":"sample","scenario":"normal","sample":17,"elapsed_ms":18583,"rss_bytes":544358400,"enemies":3,"burning":0,"turrets":6,"projectiles":0,"effects":0,"metrics":{"authored_terrain":true,"draw_calls":101.0,"fps":44.3858924835793,"frame_ms":22.5296810325477,"max_frame_ms":30.633,"objects":119.0,"primitives":189475.0,"received_frames":1106,"renderer":"mobile","sequence":1363,"viewport":[880.0,1976.0]}}
09-19 15:24:30.852 21446 21446 I flutter : RN_VALIDATION_END
09-19 15:24:30.866   491   588 W skia    : AGTM parsing failed flags.readFromStream(s) at 159
09-19 15:24:30.866   491   588 W skia    : AGTM parsing failed flags.readFromStream(s) at 159
09-19 15:24:30.979   491   588 W skia    : AGTM parsing failed flags.readFromStream(s) at 159
09-19 15:24:30.979   491   588 W skia    : AGTM parsing failed flags.readFromStream(s) at 159
09-19 15:24:31.081   491   588 W skia    : AGTM parsing failed flags.readFromStream(s) at 159
09-19 15:24:31.081   491   588 W skia    : AGTM parsing failed flags.readFromStream(s) at 159
09-19 15:24:31.184   491   588 W skia    : AGTM parsing failed flags.readFromStream(s) at 159
09-19 15:24:31.184   491   588 W skia    : AGTM parsing failed flags.readFromStream(s) at 159
09-19 15:24:31.296   491   588 W skia    : AGTM parsing failed flags.readFromStream(s) at 159
09-19 15:24:31.296   491   588 W skia    : AGTM parsing failed flags.readFromStream(s) at 159
09-19 15:24:31.401   491   588 W skia    : AGTM parsing failed flags.readFromStream(s) at 159
09-19 15:24:31.401   491   588 W skia    : AGTM parsing failed flags.readFromStream(s) at 159
09-19 15:24:31.512   491   588 W skia    : AGTM parsing failed flags.readFromStream(s) at 159
09-19 15:24:31.512   491   588 W skia    : AGTM parsing failed flags.readFromStream(s) at 159
09-19 15:24:31.612   491   588 W skia    : AGTM parsing failed flags.readFromStream(s) at 159
09-19 15:24:31.612   491   588 W skia    : AGTM parsing failed flags.readFromStream(s) at 159
09-19 15:24:31.689   645   800 D WifiClientModeImpl[3810:wlan0]: updateLinkLayerStatsRssiSpeedFrequencyCapabilities rssi=-50 TxLinkspeed=1 freq=2447 RxLinkSpeed=2
09-19 15:24:31.689   645   800 D WifiDataStall: tx tput in kbps: 11000
09-19 15:24:31.689   645   800 D WifiDataStall: rx tput in kbps: 11000
09-19 15:24:31.689   645   800 V WifiConfigManager: Updating scan detail cache freq=2447 BSSID=00:13:10:85:fe:01 RSSI=-50 for "AndroidWifi"NONE
09-19 15:24:31.689   645   800 D WifiThroughputPredictor:  utilization (LLS) 80 isBluetoothConnected: false final utilization: 80
09-19 15:24:31.689   645   800 D WifiThroughputPredictor:  BW: 0 RSSI: -50 Nss: 1 Mode: 1 symDur: 4000 snrDb 30 bitPerTone: 4500 rate: 54 throughput: 11
09-19 15:24:31.689   645   800 D WifiThroughputPredictor:  utilization (LLS) 80 isBluetoothConnected: false final utilization: 80
09-19 15:24:31.689   645   800 D WifiThroughputPredictor:  BW: 0 RSSI: -50 Nss: 1 Mode: 1 symDur: 4000 snrDb 30 bitPerTone: 4500 rate: 54 throughput: 11
09-19 15:24:31.690   645   800 D WifiThroughputPredictor:  utilization (LLS) 80 isBluetoothConnected: false final utilization: 80
09-19 15:24:31.691   645   800 D WifiThroughputPredictor:  BW: 0 RSSI: -50 Nss: 1 Mode: 1 symDur: 4000 snrDb 30 bitPerTone: 4500 rate: 54 throughput: 11
09-19 15:24:31.691   645   800 D WifiThroughputPredictor:  utilization (LLS) 80 isBluetoothConnected: false final utilization: 80
09-19 15:24:31.691   645   800 D WifiThroughputPredictor:  BW: 0 RSSI: -50 Nss: 1 Mode: 1 symDur: 4000 snrDb 30 bitPerTone: 4500 rate: 54 throughput: 11
09-19 15:24:31.692   645   800 I HalDevMgr: bestIfaceCreationProposal is null, requestIface=STA, existingIface=[name=wlan0 type=STA]
09-19 15:24:31.693   645   800 D WifiScoreCard: BSSID update SIGNAL_POLL ID: 760286919 SSID: "AndroidWifi", BSSID: 00:13:10:85:fe:01, MAC: 02:15:b2:00:00:00, IP: /10.0.2.16, Security type: 0, Supplicant state: COMPLETED, Wi-Fi standard: legacy, RSSI: -50, Link speed: 1Mbps, Tx Link speed: 1Mbps, Max Supported Tx Link speed: 11Mbps, Calculated Tx : 0Mbps, Rx Link speed: 2Mbps, Max Supported Rx Link speed: 11Mbps, Calculated Rx : 0Mbps, Frequency: 2447MHz, Net ID: 0, Metered hint: false, score: 100, isUsable: true, CarrierMerged: false, SubscriptionId: -1, IsPrimary: 1, Trusted: true, Restricted: false, Ephemeral: false, OEM paid: false, OEM private: false, OSU AP: false, FQDN: <none>, Provider friendly name: <none>, Requesting package name: <none>"AndroidWifi"openMLO Information: , Is TID-To-Link negotiation supported by the AP: false, AP MLD Address: <none>, AP MLO Link Id: <none>, AP MLO Affiliated links: <none>, Vendor Data: <none>
09-19 15:24:31.693   645   800 D WifiScoreCard: txRate: 1 txSpeed: 1
09-19 15:24:31.693   645   800 D WifiScoreCard: network update SIGNAL_POLL "AndroidWifi" ID: 673433585 RSSI -50 txSpeed -1
09-19 15:24:31.693   645   800 D WifiClientModeImpl[3810:wlan0]:  ClientModeImpl$L2ConnectedState screen=on 26 0 "AndroidWifi" 00:13:10:85:fe:01 rssi=-50 f=2447 sc=100 link=1 tx=0.0, 0.0, 0.0 rx=0.0 bcn=0 [on:0 tx:0 rx:0 period:3019] from screen [on:0 period:-1202290739] score=100
09-19 15:24:31.713   491   588 W skia    : AGTM parsing failed flags.readFromStream(s) at 159
09-19 15:24:31.713   491   588 W skia    : AGTM parsing failed flags.readFromStream(s) at 159
09-19 15:24:31.826   491   588 W skia    : AGTM parsing failed flags.readFromStream(s) at 159
09-19 15:24:31.826   491   588 W skia    : AGTM parsing failed flags.readFromStream(s) at 159
09-19 15:24:31.881 21446 21446 I flutter : RN_VALIDATION_CHUNK START {"schema":1,"runner":"flutter_flame_godot","event":"sample","scenario":"normal","sample":18,"elapsed_ms":19611,"rss_bytes":544182272,"enemies":3,"burning":0,"turrets":6,"projectiles":0,"effects":0,"metrics":{"authored_terrain":true,"draw_calls":80.0,"fps":49.4143484626647,"frame_ms":20.237037037037,"max_frame_ms":22.2222222222222,"objects":90.0,"primitives":183045.0,"received_frames":1149,"renderer":"mobile","sequence":1411,"viewport":[880.0,1976.0]}}
09-19 15:24:31.881 21446 21446 I flutter : RN_VALIDATION_END
09-19 15:24:31.934   491   588 W skia    : AGTM parsing failed flags.readFromStream(s) at 159
09-19 15:24:31.934   491   588 W skia    : AGTM parsing failed flags.readFromStream(s) at 159
09-19 15:24:32.057   491   588 W skia    : AGTM parsing failed flags.readFromStream(s) at 159
09-19 15:24:32.057   491   588 W skia    : AGTM parsing failed flags.readFromStream(s) at 159
09-19 15:24:32.160   491   588 W skia    : AGTM parsing failed flags.readFromStream(s) at 159
09-19 15:24:32.160   491   588 W skia    : AGTM parsing failed flags.readFromStream(s) at 159
09-19 15:24:32.264   491   588 W skia    : AGTM parsing failed flags.readFromStream(s) at 159
09-19 15:24:32.265   491   588 W skia    : AGTM parsing failed flags.readFromStream(s) at 159
09-19 15:24:32.393   491   588 W skia    : AGTM parsing failed flags.readFromStream(s) at 159
09-19 15:24:32.393   491   588 W skia    : AGTM parsing failed flags.readFromStream(s) at 159
09-19 15:24:32.461   892   892 D wpa_supplicant: nl80211: Drv Event 64 (NL80211_CMD_NOTIFY_CQM) received for wlan0
09-19 15:24:32.461   892   892 D wpa_supplicant: nl80211: Beacon loss event
09-19 15:24:32.461   892   892 D wpa_supplicant: wlan0: Event BEACON_LOSS (53) received
09-19 15:24:32.461   892   892 I wpa_supplicant: wlan0: CTRL-EVENT-BEACON-LOSS 
09-19 15:24:32.494   491   588 W skia    : AGTM parsing failed flags.readFromStream(s) at 159
09-19 15:24:32.494   491   588 W skia    : AGTM parsing failed flags.readFromStream(s) at 159
09-19 15:24:32.595   491   588 W skia    : AGTM parsing failed flags.readFromStream(s) at 159
09-19 15:24:32.595   491   588 W skia    : AGTM parsing failed flags.readFromStream(s) at 159
09-19 15:24:32.712   491   588 W skia    : AGTM parsing failed flags.readFromStream(s) at 159
09-19 15:24:32.712   491   588 W skia    : AGTM parsing failed flags.readFromStream(s) at 159
09-19 15:24:32.813   491   588 W skia    : AGTM parsing failed flags.readFromStream(s) at 159
09-19 15:24:32.813   491   588 W skia    : AGTM parsing failed flags.readFromStream(s) at 159
09-19 15:24:32.907 21446 21446 I flutter : RN_VALIDATION_CHUNK START {"schema":1,"runner":"flutter_flame_godot","event":"sample","scenario":"normal","sample":19,"elapsed_ms":20638,"rss_bytes":544342016,"enemies":3,"burning":0,"turrets":6,"projectiles":0,"effects":0,"metrics":{"authored_terrain":true,"draw_calls":126.0,"fps":43.8862209087551,"frame_ms":22.7861952861953,"max_frame_ms":49.5743333333328,"objects":154.0,"primitives":192219.0,"received_frames":1185,"renderer":"mobile","sequence":1450,"viewport":[880.0,1976.0]}}
09-19 15:24:32.908 21446 21446 I flutter : RN_VALIDATION_END
09-19 15:24:32.928   491   588 W skia    : AGTM parsing failed flags.readFromStream(s) at 159
09-19 15:24:32.928   491   588 W skia    : AGTM parsing failed flags.readFromStream(s) at 159
09-19 15:24:33.028   491   588 W skia    : AGTM parsing failed flags.readFromStream(s) at 159
09-19 15:24:33.028   491   588 W skia    : AGTM parsing failed flags.readFromStream(s) at 159
09-19 15:24:33.130   491   588 W skia    : AGTM parsing failed flags.readFromStream(s) at 159
09-19 15:24:33.130   491   588 W skia    : AGTM parsing failed flags.readFromStream(s) at 159
09-19 15:24:33.231   491   588 W skia    : AGTM parsing failed flags.readFromStream(s) at 159
09-19 15:24:33.231   491   588 W skia    : AGTM parsing failed flags.readFromStream(s) at 159
09-19 15:24:33.279 21446 21477 I us.godotpreview: Waiting for a blocking GC ProfileSaver
09-19 15:24:33.331   491   588 W skia    : AGTM parsing failed flags.readFromStream(s) at 159
09-19 15:24:33.331   491   588 W skia    : AGTM parsing failed flags.readFromStream(s) at 159
09-19 15:24:33.433   491   588 W skia    : AGTM parsing failed flags.readFromStream(s) at 159
09-19 15:24:33.434   491   588 W skia    : AGTM parsing failed flags.readFromStream(s) at 159
09-19 15:24:33.546   491   588 W skia    : AGTM parsing failed flags.readFromStream(s) at 159
09-19 15:24:33.546   491   588 W skia    : AGTM parsing failed flags.readFromStream(s) at 159
09-19 15:24:33.663   491   588 W skia    : AGTM parsing failed flags.readFromStream(s) at 159
09-19 15:24:33.663   491   588 W skia    : AGTM parsing failed flags.readFromStream(s) at 159
09-19 15:24:33.765   491   588 W skia    : AGTM parsing failed flags.readFromStream(s) at 159
09-19 15:24:33.765   491   588 W skia    : AGTM parsing failed flags.readFromStream(s) at 159
09-19 15:24:33.884   491   588 W skia    : AGTM parsing failed flags.readFromStream(s) at 159
09-19 15:24:33.884   491   588 W skia    : AGTM parsing failed flags.readFromStream(s) at 159
09-19 15:24:33.924 21446 21446 I flutter : RN_VALIDATION_CHUNK START {"schema":1,"runner":"flutter_flame_godot","event":"sample","scenario":"normal","sample":20,"elapsed_ms":21654,"rss_bytes":544378880,"enemies":3,"burning":0,"turrets":6,"projectiles":0,"effects":0,"metrics":{"authored_terrain":true,"draw_calls":82.0,"fps":44.5032546713583,"frame_ms":22.4702666666667,"max_frame_ms":27.6034545454546,"objects":92.0,"primitives":184145.0,"received_frames":1228,"renderer":"mobile","sequence":1503,"viewport":[880.0,1976.0]}}
09-19 15:24:33.924 21446 21446 I flutter : RN_VALIDATION_END
09-19 15:24:33.983   491   588 W skia    : AGTM parsing failed flags.readFromStream(s) at 159
09-19 15:24:33.983   491   588 W skia    : AGTM parsing failed flags.readFromStream(s) at 159
09-19 15:24:34.083   491   588 W skia    : AGTM parsing failed flags.readFromStream(s) at 159
09-19 15:24:34.084   491   588 W skia    : AGTM parsing failed flags.readFromStream(s) at 159
09-19 15:24:34.193   491   588 W skia    : AGTM parsing failed flags.readFromStream(s) at 159
09-19 15:24:34.193   491   588 W skia    : AGTM parsing failed flags.readFromStream(s) at 159
09-19 15:24:34.293   491   588 W skia    : AGTM parsing failed flags.readFromStream(s) at 159
09-19 15:24:34.294   491   588 W skia    : AGTM parsing failed flags.readFromStream(s) at 159
09-19 15:24:34.318 21446 21451 I us.godotpreview: NativeAlloc concurrent mark compact GC freed 130KB AllocSpace bytes, 5(140KB) LOS objects, 49% free, 2323KB/4646KB, paused 374us,5.018ms total 30.320ms
09-19 15:24:34.436   491   588 W skia    : AGTM parsing failed flags.readFromStream(s) at 159
09-19 15:24:34.436   491   588 W skia    : AGTM parsing failed flags.readFromStream(s) at 159
09-19 15:24:34.452 21446 21451 I us.godotpreview: NativeAlloc concurrent mark compact GC freed 129KB AllocSpace bytes, 5(140KB) LOS objects, 49% free, 2351KB/4703KB, paused 868us,5.257ms total 42.428ms
09-19 15:24:34.561   491   588 W skia    : AGTM parsing failed flags.readFromStream(s) at 159
09-19 15:24:34.561   491   588 W skia    : AGTM parsing failed flags.readFromStream(s) at 159
09-19 15:24:34.661   491   588 W skia    : AGTM parsing failed flags.readFromStream(s) at 159
09-19 15:24:34.661   491   588 W skia    : AGTM parsing failed flags.readFromStream(s) at 159
09-19 15:24:34.694   645   800 D WifiClientModeImpl[3810:wlan0]: updateLinkLayerStatsRssiSpeedFrequencyCapabilities rssi=-50 TxLinkspeed=1 freq=2447 RxLinkSpeed=2
09-19 15:24:34.694   645   800 D WifiDataStall: tx tput in kbps: 11000
09-19 15:24:34.694   645   800 D WifiDataStall: rx tput in kbps: 11000
09-19 15:24:34.694   645   800 V WifiConfigManager: Updating scan detail cache freq=2447 BSSID=00:13:10:85:fe:01 RSSI=-50 for "AndroidWifi"NONE
09-19 15:24:34.694   645   800 D WifiThroughputPredictor:  utilization (LLS) 80 isBluetoothConnected: false final utilization: 80
09-19 15:24:34.694   645   800 D WifiThroughputPredictor:  BW: 0 RSSI: -50 Nss: 1 Mode: 1 symDur: 4000 snrDb 30 bitPerTone: 4500 rate: 54 throughput: 11
09-19 15:24:34.694   645   800 D WifiThroughputPredictor:  utilization (LLS) 80 isBluetoothConnected: false final utilization: 80
09-19 15:24:34.694   645   800 D WifiThroughputPredictor:  BW: 0 RSSI: -50 Nss: 1 Mode: 1 symDur: 4000 snrDb 30 bitPerTone: 4500 rate: 54 throughput: 11
09-19 15:24:34.695   645   800 D WifiThroughputPredictor:  utilization (LLS) 80 isBluetoothConnected: false final utilization: 80
09-19 15:24:34.695   645   800 D WifiThroughputPredictor:  BW: 0 RSSI: -50 Nss: 1 Mode: 1 symDur: 4000 snrDb 30 bitPerTone: 4500 rate: 54 throughput: 11
09-19 15:24:34.695   645   800 D WifiThroughputPredictor:  utilization (LLS) 80 isBluetoothConnected: false final utilization: 80
09-19 15:24:34.695   645   800 D WifiThroughputPredictor:  BW: 0 RSSI: -50 Nss: 1 Mode: 1 symDur: 4000 snrDb 30 bitPerTone: 4500 rate: 54 throughput: 11
09-19 15:24:34.696   645   800 I HalDevMgr: bestIfaceCreationProposal is null, requestIface=STA, existingIface=[name=wlan0 type=STA]
09-19 15:24:34.697   645   800 D WifiScoreCard: BSSID update SIGNAL_POLL ID: 760286919 SSID: "AndroidWifi", BSSID: 00:13:10:85:fe:01, MAC: 02:15:b2:00:00:00, IP: /10.0.2.16, Security type: 0, Supplicant state: COMPLETED, Wi-Fi standard: legacy, RSSI: -50, Link speed: 1Mbps, Tx Link speed: 1Mbps, Max Supported Tx Link speed: 11Mbps, Calculated Tx : 0Mbps, Rx Link speed: 2Mbps, Max Supported Rx Link speed: 11Mbps, Calculated Rx : 0Mbps, Frequency: 2447MHz, Net ID: 0, Metered hint: false, score: 100, isUsable: true, CarrierMerged: false, SubscriptionId: -1, IsPrimary: 1, Trusted: true, Restricted: false, Ephemeral: false, OEM paid: false, OEM private: false, OSU AP: false, FQDN: <none>, Provider friendly name: <none>, Requesting package name: <none>"AndroidWifi"openMLO Information: , Is TID-To-Link negotiation supported by the AP: false, AP MLD Address: <none>, AP MLO Link Id: <none>, AP MLO Affiliated links: <none>, Vendor Data: <none>
09-19 15:24:34.697   645   800 D WifiScoreCard: txRate: 1 txSpeed: 1
09-19 15:24:34.697   645   800 D WifiScoreCard: network update SIGNAL_POLL "AndroidWifi" ID: 673433585 RSSI -50 txSpeed -1
09-19 15:24:34.699   645   800 D WifiClientModeImpl[3810:wlan0]:  ClientModeImpl$L2ConnectedState screen=on 26 0 "AndroidWifi" 00:13:10:85:fe:01 rssi=-50 f=2447 sc=100 link=1 tx=0.0, 0.0, 0.0 rx=0.0 bcn=0 [on:0 tx:0 rx:0 period:3004] from screen [on:0 period:-1202287735] score=100
09-19 15:24:34.763   491   588 W skia    : AGTM parsing failed flags.readFromStream(s) at 159
09-19 15:24:34.763   491   588 W skia    : AGTM parsing failed flags.readFromStream(s) at 159
09-19 15:24:34.865   491   588 W skia    : AGTM parsing failed flags.readFromStream(s) at 159
09-19 15:24:34.865   491   588 W skia    : AGTM parsing failed flags.readFromStream(s) at 159
09-19 15:24:34.965   491   588 W skia    : AGTM parsing failed flags.readFromStream(s) at 159
09-19 15:24:34.965   491   588 W skia    : AGTM parsing failed flags.readFromStream(s) at 159
09-19 15:24:34.972 21446 21446 I flutter : RN_VALIDATION_CHUNK START {"schema":1,"runner":"flutter_flame_godot","event":"sample","scenario":"normal","sample":21,"elapsed_ms":22703,"rss_bytes":544280576,"enemies":3,"burning":0,"turrets":6,"projectiles":0,"effects":0,"metrics":{"authored_terrain":true,"draw_calls":90.0,"fps":48.3946209323964,"frame_ms":20.6634535147392,"max_frame_ms":33.530571428571,"objects":104.0,"primitives":184615.0,"received_frames":1266,"renderer":"mobile","sequence":1547,"viewport":[880.0,1976.0]}}
09-19 15:24:34.972 21446 21446 I flutter : RN_VALIDATION_END
09-19 15:24:35.065   491   588 W skia    : AGTM parsing failed flags.readFromStream(s) at 159
09-19 15:24:35.065   491   588 W skia    : AGTM parsing failed flags.readFromStream(s) at 159
09-19 15:24:35.166   491   588 W skia    : AGTM parsing failed flags.readFromStream(s) at 159
09-19 15:24:35.166   491   588 W skia    : AGTM parsing failed flags.readFromStream(s) at 159
09-19 15:24:35.276   491   588 W skia    : AGTM parsing failed flags.readFromStream(s) at 159
09-19 15:24:35.276   491   588 W skia    : AGTM parsing failed flags.readFromStream(s) at 159
09-19 15:24:35.380   491   588 W skia    : AGTM parsing failed flags.readFromStream(s) at 159
09-19 15:24:35.380   491   588 W skia    : AGTM parsing failed flags.readFromStream(s) at 159
09-19 15:24:35.480   491   588 W skia    : AGTM parsing failed flags.readFromStream(s) at 159
09-19 15:24:35.481   491   588 W skia    : AGTM parsing failed flags.readFromStream(s) at 159
09-19 15:24:35.582   491   588 W skia    : AGTM parsing failed flags.readFromStream(s) at 159
09-19 15:24:35.582   491   588 W skia    : AGTM parsing failed flags.readFromStream(s) at 159
09-19 15:24:35.693   491   588 W skia    : AGTM parsing failed flags.readFromStream(s) at 159
09-19 15:24:35.694   491   588 W skia    : AGTM parsing failed flags.readFromStream(s) at 159
09-19 15:24:35.797   491   588 W skia    : AGTM parsing failed flags.readFromStream(s) at 159
09-19 15:24:35.797   491   588 W skia    : AGTM parsing failed flags.readFromStream(s) at 159
09-19 15:24:35.899   491   588 W skia    : AGTM parsing failed flags.readFromStream(s) at 159
09-19 15:24:35.899   491   588 W skia    : AGTM parsing failed flags.readFromStream(s) at 159
09-19 15:24:35.991 21446 21446 I flutter : RN_VALIDATION_CHUNK START {"schema":1,"runner":"flutter_flame_godot","event":"sample","scenario":"normal","sample":22,"elapsed_ms":23721,"rss_bytes":544141312,"enemies":3,"burning":0,"turrets":6,"projectiles":0,"effects":0,"metrics":{"authored_terrain":true,"draw_calls":100.0,"fps":44.499758437731,"frame_ms":22.4720320987654,"max_frame_ms":29.824,"objects":118.0,"primitives":189473.0,"received_frames":1300,"renderer":"mobile","sequence":1589,"viewport":[880.0,1976.0]}}
09-19 15:24:35.991 21446 21446 I flutter : RN_VALIDATION_END
09-19 15:24:36.012   491   588 W skia    : AGTM parsing failed flags.readFromStream(s) at 159
09-19 15:24:36.012   491   588 W skia    : AGTM parsing failed flags.readFromStream(s) at 159
09-19 15:24:36.015   487   531 D AudioFlinger: mixer(0xb400006ff95ca790) throttle end: throttle time(3)
09-19 15:24:36.113   491   588 W skia    : AGTM parsing failed flags.readFromStream(s) at 159
09-19 15:24:36.113   491   588 W skia    : AGTM parsing failed flags.readFromStream(s) at 159
09-19 15:24:36.241   491   588 W skia    : AGTM parsing failed flags.readFromStream(s) at 159
09-19 15:24:36.242   491   588 W skia    : AGTM parsing failed flags.readFromStream(s) at 159
09-19 15:24:36.361   491   588 W skia    : AGTM parsing failed flags.readFromStream(s) at 159
09-19 15:24:36.361   491   588 W skia    : AGTM parsing failed flags.readFromStream(s) at 159
09-19 15:24:36.373  1012  1174 D SatelliteController: isInCarrierRoamingNbIotNtn: satellite is disabled
09-19 15:24:36.373  1012  1174 D SatelliteController: getCarrierRoamingNtnConnectType: Checking connect type from PLMN config for subId: 1
09-19 15:24:36.373  1012  1174 D TelephonyConfigUpdateInstallReceiver: getConfigParser: domain=satellite
09-19 15:24:36.373  1012  1174 V SatelliteController: satelliteConfigParser is not ready
09-19 15:24:36.373  1012  1174 D SatelliteController: isSatelliteAttachSupportedViaConfigupdater: return null (satelliteConfig is null)
09-19 15:24:36.374  1012  1174 D SatelliteController: getSatellitePerPlmnConfiguration: invalid subId or not supported via carrier.
09-19 15:24:36.374  1012  1174 D SatelliteController: getCarrierRoamingNtnConnectType: config: null
09-19 15:24:36.374  1012  1174 D TelephonyConfigUpdateInstallReceiver: getConfigParser: domain=satellite
09-19 15:24:36.374  1012  1174 V SatelliteController: satelliteConfigParser is not ready
09-19 15:24:36.374  1012  1174 D SatelliteController: getCarrierRoamingNtnConnectTypeViaConfigUpdater: return null (satelliteConfig is null)
09-19 15:24:36.376  1012  1174 D SatelliteController: getCarrierRoamingNtnConnectType: Falling back to global carrier config connect type: 0
09-19 15:24:36.376  1012  1174 D TelephonyConfigUpdateInstallReceiver: getConfigParser: domain=satellite
09-19 15:24:36.376  1012  1174 V SatelliteController: satelliteConfigParser is not ready
09-19 15:24:36.376  1012  1174 D SatelliteController: isSatelliteAttachSupportedViaConfigupdater: return null (satelliteConfig is null)
09-19 15:24:36.376  1012  1174 D SatelliteController: getCarrierRoamingNtnConnectType: Checking connect type from PLMN config for subId: 1
09-19 15:24:36.378  1012  1174 D TelephonyConfigUpdateInstallReceiver: getConfigParser: domain=satellite
09-19 15:24:36.378  1012  1174 V SatelliteController: satelliteConfigParser is not ready
09-19 15:24:36.378  1012  1174 D SatelliteController: isSatelliteAttachSupportedViaConfigupdater: return null (satelliteConfig is null)
09-19 15:24:36.379  1012  1174 D SatelliteController: getSatellitePerPlmnConfiguration: invalid subId or not supported via carrier.
09-19 15:24:36.379  1012  1174 D SatelliteController: getCarrierRoamingNtnConnectType: config: null
09-19 15:24:36.379  1012  1174 D TelephonyConfigUpdateInstallReceiver: getConfigParser: domain=satellite
09-19 15:24:36.379  1012  1174 V SatelliteController: satelliteConfigParser is not ready
09-19 15:24:36.379  1012  1174 D SatelliteController: getCarrierRoamingNtnConnectTypeViaConfigUpdater: return null (satelliteConfig is null)
09-19 15:24:36.379  1012  1174 D SatelliteController: getCarrierRoamingNtnConnectType: Falling back to global carrier config connect type: 0
09-19 15:24:36.379  1012  1174 D TelephonyConfigUpdateInstallReceiver: getConfigParser: domain=satellite
09-19 15:24:36.380  1012  1174 V SatelliteController: satelliteConfigParser is not ready
09-19 15:24:36.380  1012  1174 D SatelliteController: isSatelliteAttachSupportedViaConfigupdater: return null (satelliteConfig is null)
09-19 15:24:36.461   491   588 W skia    : AGTM parsing failed flags.readFromStream(s) at 159
09-19 15:24:36.461   491   588 W skia    : AGTM parsing failed flags.readFromStream(s) at 159
09-19 15:24:36.469   487   531 D AudioFlinger: mixer(0xb400006ff95ca790) throttle end: throttle time(1)
09-19 15:24:36.565   491   588 W skia    : AGTM parsing failed flags.readFromStream(s) at 159
09-19 15:24:36.565   491   588 W skia    : AGTM parsing failed flags.readFromStream(s) at 159
09-19 15:24:36.665   491   588 W skia    : AGTM parsing failed flags.readFromStream(s) at 159
09-19 15:24:36.665   491   588 W skia    : AGTM parsing failed flags.readFromStream(s) at 159
09-19 15:24:36.777   491   588 W skia    : AGTM parsing failed flags.readFromStream(s) at 159
09-19 15:24:36.777   491   588 W skia    : AGTM parsing failed flags.readFromStream(s) at 159
09-19 15:24:36.877   491   588 W skia    : AGTM parsing failed flags.readFromStream(s) at 159
09-19 15:24:36.877   491   588 W skia    : AGTM parsing failed flags.readFromStream(s) at 159
09-19 15:24:36.989   491   588 W skia    : AGTM parsing failed flags.readFromStream(s) at 159
09-19 15:24:36.991   491   588 W skia    : AGTM parsing failed flags.readFromStream(s) at 159
09-19 15:24:36.999 21446 21446 I flutter : RN_VALIDATION_CHUNK START {"schema":1,"runner":"flutter_flame_godot","event":"sample","scenario":"normal","sample":23,"elapsed_ms":24730,"rss_bytes":544333824,"enemies":3,"burning":0,"turrets":6,"projectiles":0,"effects":0,"metrics":{"authored_terrain":true,"draw_calls":80.0,"fps":47.930454363157,"frame_ms":20.8635618686869,"max_frame_ms":25.959,"objects":90.0,"primitives":183045.0,"received_frames":1342,"renderer":"mobile","sequence":1639,"viewport":[880.0,1976.0]}}
09-19 15:24:36.999 21446 21446 I flutter : RN_VALIDATION_END
09-19 15:24:37.094   491   588 W skia    : AGTM parsing failed flags.readFromStream(s) at 159
09-19 15:24:37.094   491   588 W skia    : AGTM parsing failed flags.readFromStream(s) at 159
09-19 15:24:37.196   491   588 W skia    : AGTM parsing failed flags.readFromStream(s) at 159
09-19 15:24:37.197   491   588 W skia    : AGTM parsing failed flags.readFromStream(s) at 159
09-19 15:24:37.298   491   588 W skia    : AGTM parsing failed flags.readFromStream(s) at 159
09-19 15:24:37.298   491   588 W skia    : AGTM parsing failed flags.readFromStream(s) at 159
09-19 15:24:37.410   491   588 W skia    : AGTM parsing failed flags.readFromStream(s) at 159
09-19 15:24:37.410   491   588 W skia    : AGTM parsing failed flags.readFromStream(s) at 159
09-19 15:24:37.513   491   588 W skia    : AGTM parsing failed flags.readFromStream(s) at 159
09-19 15:24:37.513   491   588 W skia    : AGTM parsing failed flags.readFromStream(s) at 159
09-19 15:24:37.615   491   588 W skia    : AGTM parsing failed flags.readFromStream(s) at 159
09-19 15:24:37.615   491   588 W skia    : AGTM parsing failed flags.readFromStream(s) at 159
09-19 15:24:37.663 21446 21451 I us.godotpreview: NativeAlloc concurrent mark compact GC freed 125KB AllocSpace bytes, 4(132KB) LOS objects, 49% free, 2327KB/4654KB, paused 174us,6.852ms total 19.251ms
09-19 15:24:37.699   645   800 D WifiClientModeImpl[3810:wlan0]: updateLinkLayerStatsRssiSpeedFrequencyCapabilities rssi=-50 TxLinkspeed=1 freq=2447 RxLinkSpeed=2
09-19 15:24:37.700   645   800 D WifiDataStall: tx tput in kbps: 11000
09-19 15:24:37.700   645   800 D WifiDataStall: rx tput in kbps: 11000
09-19 15:24:37.700   645   800 V WifiConfigManager: Updating scan detail cache freq=2447 BSSID=00:13:10:85:fe:01 RSSI=-50 for "AndroidWifi"NONE
09-19 15:24:37.700   645   800 D WifiThroughputPredictor:  utilization (LLS) 80 isBluetoothConnected: false final utilization: 80
09-19 15:24:37.700   645   800 D WifiThroughputPredictor:  BW: 0 RSSI: -50 Nss: 1 Mode: 1 symDur: 4000 snrDb 30 bitPerTone: 4500 rate: 54 throughput: 11
09-19 15:24:37.701   645   800 D WifiThroughputPredictor:  utilization (LLS) 80 isBluetoothConnected: false final utilization: 80
09-19 15:24:37.701   645   800 D WifiThroughputPredictor:  BW: 0 RSSI: -50 Nss: 1 Mode: 1 symDur: 4000 snrDb 30 bitPerTone: 4500 rate: 54 throughput: 11
09-19 15:24:37.701   645   800 D WifiThroughputPredictor:  utilization (LLS) 80 isBluetoothConnected: false final utilization: 80
09-19 15:24:37.701   645   800 D WifiThroughputPredictor:  BW: 0 RSSI: -50 Nss: 1 Mode: 1 symDur: 4000 snrDb 30 bitPerTone: 4500 rate: 54 throughput: 11
09-19 15:24:37.701   645   800 D WifiThroughputPredictor:  utilization (LLS) 80 isBluetoothConnected: false final utilization: 80
09-19 15:24:37.701   645   800 D WifiThroughputPredictor:  BW: 0 RSSI: -50 Nss: 1 Mode: 1 symDur: 4000 snrDb 30 bitPerTone: 4500 rate: 54 throughput: 11
09-19 15:24:37.704   645   800 I HalDevMgr: bestIfaceCreationProposal is null, requestIface=STA, existingIface=[name=wlan0 type=STA]
09-19 15:24:37.705   645   800 D WifiScoreCard: BSSID update SIGNAL_POLL ID: 760286919 SSID: "AndroidWifi", BSSID: 00:13:10:85:fe:01, MAC: 02:15:b2:00:00:00, IP: /10.0.2.16, Security type: 0, Supplicant state: COMPLETED, Wi-Fi standard: legacy, RSSI: -50, Link speed: 1Mbps, Tx Link speed: 1Mbps, Max Supported Tx Link speed: 11Mbps, Calculated Tx : 0Mbps, Rx Link speed: 2Mbps, Max Supported Rx Link speed: 11Mbps, Calculated Rx : 0Mbps, Frequency: 2447MHz, Net ID: 0, Metered hint: false, score: 100, isUsable: true, CarrierMerged: false, SubscriptionId: -1, IsPrimary: 1, Trusted: true, Restricted: false, Ephemeral: false, OEM paid: false, OEM private: false, OSU AP: false, FQDN: <none>, Provider friendly name: <none>, Requesting package name: <none>"AndroidWifi"openMLO Information: , Is TID-To-Link negotiation supported by the AP: false, AP MLD Address: <none>, AP MLO Link Id: <none>, AP MLO Affiliated links: <none>, Vendor Data: <none>
09-19 15:24:37.705   645   800 D WifiScoreCard: txRate: 1 txSpeed: 1
09-19 15:24:37.705   645   800 D WifiScoreCard: network update SIGNAL_POLL "AndroidWifi" ID: 673433585 RSSI -50 txSpeed -1
09-19 15:24:37.705   645   800 D WifiClientModeImpl[3810:wlan0]:  ClientModeImpl$L2ConnectedState screen=on 26 0 "AndroidWifi" 00:13:10:85:fe:01 rssi=-50 f=2447 sc=100 link=1 tx=0.0, 0.0, 0.0 rx=0.0 bcn=0 [on:0 tx:0 rx:0 period:3006] from screen [on:0 period:-1202284727] score=100
09-19 15:24:37.716   491   588 W skia    : AGTM parsing failed flags.readFromStream(s) at 159
09-19 15:24:37.717   491   588 W skia    : AGTM parsing failed flags.readFromStream(s) at 159
09-19 15:24:37.845   491   588 W skia    : AGTM parsing failed flags.readFromStream(s) at 159
09-19 15:24:37.845   491   588 W skia    : AGTM parsing failed flags.readFromStream(s) at 159
09-19 15:24:37.945   491   588 W skia    : AGTM parsing failed flags.readFromStream(s) at 159
09-19 15:24:37.945   491   588 W skia    : AGTM parsing failed flags.readFromStream(s) at 159
09-19 15:24:38.023 21446 21446 I flutter : RN_VALIDATION_CHUNK START {"schema":1,"runner":"flutter_flame_godot","event":"sample","scenario":"normal","sample":24,"elapsed_ms":25753,"rss_bytes":544276480,"enemies":3,"burning":0,"turrets":6,"projectiles":0,"effects":0,"metrics":{"authored_terrain":true,"draw_calls":110.0,"fps":45.0208991284512,"frame_ms":22.211906455863,"max_frame_ms":27.2727272727273,"objects":130.0,"primitives":188927.0,"received_frames":1384,"renderer":"mobile","sequence":1683,"viewport":[880.0,1976.0]}}
09-19 15:24:38.023 21446 21446 I flutter : RN_VALIDATION_END
09-19 15:24:38.078   491   588 W skia    : AGTM parsing failed flags.readFromStream(s) at 159
09-19 15:24:38.078   491   588 W skia    : AGTM parsing failed flags.readFromStream(s) at 159
09-19 15:24:38.179   491   588 W skia    : AGTM parsing failed flags.readFromStream(s) at 159
09-19 15:24:38.179   491   588 W skia    : AGTM parsing failed flags.readFromStream(s) at 159
09-19 15:24:38.295   491   588 W skia    : AGTM parsing failed flags.readFromStream(s) at 159
09-19 15:24:38.295   491   588 W skia    : AGTM parsing failed flags.readFromStream(s) at 159
09-19 15:24:38.396   491   588 W skia    : AGTM parsing failed flags.readFromStream(s) at 159
09-19 15:24:38.396   491   588 W skia    : AGTM parsing failed flags.readFromStream(s) at 159
09-19 15:24:38.498   491   588 W skia    : AGTM parsing failed flags.readFromStream(s) at 159
09-19 15:24:38.498   491   588 W skia    : AGTM parsing failed flags.readFromStream(s) at 159
09-19 15:24:38.599   491   588 W skia    : AGTM parsing failed flags.readFromStream(s) at 159
09-19 15:24:38.600   491   588 W skia    : AGTM parsing failed flags.readFromStream(s) at 159
09-19 15:24:38.699   491   588 W skia    : AGTM parsing failed flags.readFromStream(s) at 159
09-19 15:24:38.699   491   588 W skia    : AGTM parsing failed flags.readFromStream(s) at 159
09-19 15:24:38.812   491   588 W skia    : AGTM parsing failed flags.readFromStream(s) at 159
09-19 15:24:38.812   491   588 W skia    : AGTM parsing failed flags.readFromStream(s) at 159
09-19 15:24:38.915   491   588 W skia    : AGTM parsing failed flags.readFromStream(s) at 159
09-19 15:24:38.915   491   588 W skia    : AGTM parsing failed flags.readFromStream(s) at 159
09-19 15:24:39.024   491   588 W skia    : AGTM parsing failed flags.readFromStream(s) at 159
09-19 15:24:39.024   491   588 W skia    : AGTM parsing failed flags.readFromStream(s) at 159
09-19 15:24:39.028 21446 21446 I flutter : RN_VALIDATION_CHUNK START {"schema":1,"runner":"flutter_flame_godot","event":"sample","scenario":"normal","sample":25,"elapsed_ms":26759,"rss_bytes":544169984,"enemies":3,"burning":0,"turrets":6,"projectiles":0,"effects":0,"metrics":{"authored_terrain":true,"draw_calls":84.0,"fps":44.6001743040886,"frame_ms":22.421437037037,"max_frame_ms":27.751,"objects":94.0,"primitives":185245.0,"received_frames":1424,"renderer":"mobile","sequence":1731,"viewport":[880.0,1976.0]}}
09-19 15:24:39.028 21446 21446 I flutter : RN_VALIDATION_END
09-19 15:24:39.129   491   588 W skia    : AGTM parsing failed flags.readFromStream(s) at 159
09-19 15:24:39.130   491   588 W skia    : AGTM parsing failed flags.readFromStream(s) at 159
09-19 15:24:39.229   491   588 W skia    : AGTM parsing failed flags.readFromStream(s) at 159
09-19 15:24:39.229   491   588 W skia    : AGTM parsing failed flags.readFromStream(s) at 159
09-19 15:24:39.331   491   588 W skia    : AGTM parsing failed flags.readFromStream(s) at 159
09-19 15:24:39.331   491   588 W skia    : AGTM parsing failed flags.readFromStream(s) at 159
09-19 15:24:39.432   491   588 W skia    : AGTM parsing failed flags.readFromStream(s) at 159
09-19 15:24:39.433   491   588 W skia    : AGTM parsing failed flags.readFromStream(s) at 159
09-19 15:24:39.533   491   588 W skia    : AGTM parsing failed flags.readFromStream(s) at 159
09-19 15:24:39.533   491   588 W skia    : AGTM parsing failed flags.readFromStream(s) at 159
09-19 15:24:39.665   491   588 W skia    : AGTM parsing failed flags.readFromStream(s) at 159
09-19 15:24:39.665   491   588 W skia    : AGTM parsing failed flags.readFromStream(s) at 159
09-19 15:24:39.765   491   588 W skia    : AGTM parsing failed flags.readFromStream(s) at 159
09-19 15:24:39.765   491   588 W skia    : AGTM parsing failed flags.readFromStream(s) at 159
09-19 15:24:39.878   491   588 W skia    : AGTM parsing failed flags.readFromStream(s) at 159
09-19 15:24:39.878   491   588 W skia    : AGTM parsing failed flags.readFromStream(s) at 159
09-19 15:24:39.986   491   588 W skia    : AGTM parsing failed flags.readFromStream(s) at 159
09-19 15:24:39.986   491   588 W skia    : AGTM parsing failed flags.readFromStream(s) at 159
09-19 15:24:40.054 21446 21446 I flutter : RN_VALIDATION_CHUNK START {"schema":1,"runner":"flutter_flame_godot","event":"sample","scenario":"normal","sample":26,"elapsed_ms":27785,"rss_bytes":544272384,"enemies":3,"burning":0,"turrets":6,"projectiles":0,"effects":0,"metrics":{"authored_terrain":true,"draw_calls":92.0,"fps":44.9077992982851,"frame_ms":22.2678469135803,"max_frame_ms":34.695,"objects":106.0,"primitives":184619.0,"received_frames":1463,"renderer":"mobile","sequence":1772,"viewport":[880.0,1976.0]}}
09-19 15:24:40.054 21446 21446 I flutter : RN_VALIDATION_END
09-19 15:24:40.093   491   588 W skia    : AGTM parsing failed flags.readFromStream(s) at 159
09-19 15:24:40.093   491   588 W skia    : AGTM parsing failed flags.readFromStream(s) at 159
09-19 15:24:40.194   491   588 W skia    : AGTM parsing failed flags.readFromStream(s) at 159
09-19 15:24:40.194   491   588 W skia    : AGTM parsing failed flags.readFromStream(s) at 159
09-19 15:24:40.295   491   588 W skia    : AGTM parsing failed flags.readFromStream(s) at 159
09-19 15:24:40.296   491   588 W skia    : AGTM parsing failed flags.readFromStream(s) at 159
09-19 15:24:40.308 21446 21451 I us.godotpreview: NativeAlloc concurrent mark compact GC freed 127KB AllocSpace bytes, 7(252KB) LOS objects, 49% free, 2367KB/4734KB, paused 1.640ms,7.055ms total 18.491ms
09-19 15:24:40.394   892   892 D wpa_supplicant: nl80211: Drv Event 64 (NL80211_CMD_NOTIFY_CQM) received for wlan0
09-19 15:24:40.395   892   892 D wpa_supplicant: nl80211: Beacon loss event
09-19 15:24:40.395   892   892 D wpa_supplicant: wlan0: Event BEACON_LOSS (53) received
09-19 15:24:40.395   892   892 I wpa_supplicant: wlan0: CTRL-EVENT-BEACON-LOSS 
09-19 15:24:40.396   491   588 W skia    : AGTM parsing failed flags.readFromStream(s) at 159
09-19 15:24:40.396   491   588 W skia    : AGTM parsing failed flags.readFromStream(s) at 159
09-19 15:24:40.498   491   588 W skia    : AGTM parsing failed flags.readFromStream(s) at 159
09-19 15:24:40.498   491   588 W skia    : AGTM parsing failed flags.readFromStream(s) at 159
09-19 15:24:40.610   491   588 W skia    : AGTM parsing failed flags.readFromStream(s) at 159
09-19 15:24:40.610   491   588 W skia    : AGTM parsing failed flags.readFromStream(s) at 159
09-19 15:24:40.707   645   800 D WifiClientModeImpl[3810:wlan0]: updateLinkLayerStatsRssiSpeedFrequencyCapabilities rssi=-50 TxLinkspeed=1 freq=2447 RxLinkSpeed=2
09-19 15:24:40.707   645   800 D WifiDataStall: tx tput in kbps: 11000
09-19 15:24:40.707   645   800 D WifiDataStall: rx tput in kbps: 11000
09-19 15:24:40.707   645   800 V WifiConfigManager: Updating scan detail cache freq=2447 BSSID=00:13:10:85:fe:01 RSSI=-50 for "AndroidWifi"NONE
09-19 15:24:40.707   645   800 D WifiThroughputPredictor:  utilization (LLS) 80 isBluetoothConnected: false final utilization: 80
09-19 15:24:40.707   645   800 D WifiThroughputPredictor:  BW: 0 RSSI: -50 Nss: 1 Mode: 1 symDur: 4000 snrDb 30 bitPerTone: 4500 rate: 54 throughput: 11
09-19 15:24:40.707   645   800 D WifiThroughputPredictor:  utilization (LLS) 80 isBluetoothConnected: false final utilization: 80
09-19 15:24:40.707   645   800 D WifiThroughputPredictor:  BW: 0 RSSI: -50 Nss: 1 Mode: 1 symDur: 4000 snrDb 30 bitPerTone: 4500 rate: 54 throughput: 11
09-19 15:24:40.708   645   800 D WifiThroughputPredictor:  utilization (LLS) 80 isBluetoothConnected: false final utilization: 80
09-19 15:24:40.708   645   800 D WifiThroughputPredictor:  BW: 0 RSSI: -50 Nss: 1 Mode: 1 symDur: 4000 snrDb 30 bitPerTone: 4500 rate: 54 throughput: 11
09-19 15:24:40.708   645   800 D WifiThroughputPredictor:  utilization (LLS) 80 isBluetoothConnected: false final utilization: 80
09-19 15:24:40.708   645   800 D WifiThroughputPredictor:  BW: 0 RSSI: -50 Nss: 1 Mode: 1 symDur: 4000 snrDb 30 bitPerTone: 4500 rate: 54 throughput: 11
09-19 15:24:40.710   645   800 I HalDevMgr: bestIfaceCreationProposal is null, requestIface=STA, existingIface=[name=wlan0 type=STA]
09-19 15:24:40.710   645   800 D WifiScoreCard: BSSID update SIGNAL_POLL ID: 760286919 SSID: "AndroidWifi", BSSID: 00:13:10:85:fe:01, MAC: 02:15:b2:00:00:00, IP: /10.0.2.16, Security type: 0, Supplicant state: COMPLETED, Wi-Fi standard: legacy, RSSI: -50, Link speed: 1Mbps, Tx Link speed: 1Mbps, Max Supported Tx Link speed: 11Mbps, Calculated Tx : 0Mbps, Rx Link speed: 2Mbps, Max Supported Rx Link speed: 11Mbps, Calculated Rx : 0Mbps, Frequency: 2447MHz, Net ID: 0, Metered hint: false, score: 100, isUsable: true, CarrierMerged: false, SubscriptionId: -1, IsPrimary: 1, Trusted: true, Restricted: false, Ephemeral: false, OEM paid: false, OEM private: false, OSU AP: false, FQDN: <none>, Provider friendly name: <none>, Requesting package name: <none>"AndroidWifi"openMLO Information: , Is TID-To-Link negotiation supported by the AP: false, AP MLD Address: <none>, AP MLO Link Id: <none>, AP MLO Affiliated links: <none>, Vendor Data: <none>
09-19 15:24:40.710   645   800 D WifiScoreCard: txRate: 1 txSpeed: 1
09-19 15:24:40.710   645   800 D WifiScoreCard: network update SIGNAL_POLL "AndroidWifi" ID: 673433585 RSSI -50 txSpeed -1
09-19 15:24:40.710   645   800 D WifiClientModeImpl[3810:wlan0]:  ClientModeImpl$L2ConnectedState screen=on 26 0 "AndroidWifi" 00:13:10:85:fe:01 rssi=-50 f=2447 sc=100 link=1 tx=0.0, 0.0, 0.0 rx=0.0 bcn=0 [on:0 tx:0 rx:0 period:3005] from screen [on:0 period:-1202281722] score=100
09-19 15:24:40.713   491   588 W skia    : AGTM parsing failed flags.readFromStream(s) at 159
09-19 15:24:40.713   491   588 W skia    : AGTM parsing failed flags.readFromStream(s) at 159
09-19 15:24:40.813   491   588 W skia    : AGTM parsing failed flags.readFromStream(s) at 159
09-19 15:24:40.813   491   588 W skia    : AGTM parsing failed flags.readFromStream(s) at 159
09-19 15:24:40.914   491   588 W skia    : AGTM parsing failed flags.readFromStream(s) at 159
09-19 15:24:40.914   491   588 W skia    : AGTM parsing failed flags.readFromStream(s) at 159
09-19 15:24:41.013   491   588 W skia    : AGTM parsing failed flags.readFromStream(s) at 159
09-19 15:24:41.013   491   588 W skia    : AGTM parsing failed flags.readFromStream(s) at 159
09-19 15:24:41.077 21446 21446 I flutter : RN_VALIDATION_CHUNK START {"schema":1,"runner":"flutter_flame_godot","event":"sample","scenario":"normal","sample":27,"elapsed_ms":28808,"rss_bytes":544210944,"enemies":3,"burning":0,"turrets":6,"projectiles":0,"effects":0,"metrics":{"authored_terrain":true,"draw_calls":116.0,"fps":31.9631715387006,"frame_ms":31.2860067340067,"max_frame_ms":42.0266666666667,"objects":185.0,"primitives":190681.0,"received_frames":1496,"renderer":"mobile","sequence":1825,"viewport":[880.0,1976.0]}}
09-19 15:24:41.078 21446 21446 I flutter : RN_VALIDATION_END
09-19 15:24:41.115   491   588 W skia    : AGTM parsing failed flags.readFromStream(s) at 159
09-19 15:24:41.115   491   588 W skia    : AGTM parsing failed flags.readFromStream(s) at 159
09-19 15:24:41.216   491   588 W skia    : AGTM parsing failed flags.readFromStream(s) at 159
09-19 15:24:41.216   491   588 W skia    : AGTM parsing failed flags.readFromStream(s) at 159
09-19 15:24:41.316   491   588 W skia    : AGTM parsing failed flags.readFromStream(s) at 159
09-19 15:24:41.316   491   588 W skia    : AGTM parsing failed flags.readFromStream(s) at 159
09-19 15:24:41.415   491   588 W skia    : AGTM parsing failed flags.readFromStream(s) at 159
09-19 15:24:41.415   491   588 W skia    : AGTM parsing failed flags.readFromStream(s) at 159
09-19 15:24:41.506 21446 21451 I us.godotpreview: NativeAlloc concurrent mark compact GC freed 130KB AllocSpace bytes, 5(180KB) LOS objects, 49% free, 2331KB/4662KB, paused 117us,6.769ms total 17.943ms
09-19 15:24:41.519   491   588 W skia    : AGTM parsing failed flags.readFromStream(s) at 159
09-19 15:24:41.519   491   588 W skia    : AGTM parsing failed flags.readFromStream(s) at 159
09-19 15:24:41.629   491   588 W skia    : AGTM parsing failed flags.readFromStream(s) at 159
09-19 15:24:41.630   491   588 W skia    : AGTM parsing failed flags.readFromStream(s) at 159
09-19 15:24:41.681   487   531 D AudioFlinger: mixer(0xb400006ff95ca790) throttle end: throttle time(4)
09-19 15:24:41.733   491   588 W skia    : AGTM parsing failed flags.readFromStream(s) at 159
09-19 15:24:41.733   491   588 W skia    : AGTM parsing failed flags.readFromStream(s) at 159
09-19 15:24:41.835   491   588 W skia    : AGTM parsing failed flags.readFromStream(s) at 159
09-19 15:24:41.835   491   588 W skia    : AGTM parsing failed flags.readFromStream(s) at 159
09-19 15:24:41.948   491   588 W skia    : AGTM parsing failed flags.readFromStream(s) at 159
09-19 15:24:41.948   491   588 W skia    : AGTM parsing failed flags.readFromStream(s) at 159
09-19 15:24:42.059   491   588 W skia    : AGTM parsing failed flags.readFromStream(s) at 159
09-19 15:24:42.059   491   588 W skia    : AGTM parsing failed flags.readFromStream(s) at 159
09-19 15:24:42.083 21446 21446 I flutter : RN_VALIDATION_CHUNK START {"schema":1,"runner":"flutter_flame_godot","event":"sample","scenario":"normal","sample":28,"elapsed_ms":29814,"rss_bytes":544432128,"enemies":3,"burning":0,"turrets":6,"projectiles":0,"effects":0,"metrics":{"authored_terrain":true,"draw_calls":82.0,"fps":46.0937055612546,"frame_ms":21.6949361702128,"max_frame_ms":36.6666666666667,"objects":92.0,"primitives":183049.0,"received_frames":1539,"renderer":"mobile","sequence":1876,"viewport":[880.0,1976.0]}}
09-19 15:24:42.083 21446 21446 I flutter : RN_VALIDATION_END
09-19 15:24:42.165   491   588 W skia    : AGTM parsing failed flags.readFromStream(s) at 159
09-19 15:24:42.165   491   588 W skia    : AGTM parsing failed flags.readFromStream(s) at 159
09-19 15:24:42.266   491   588 W skia    : AGTM parsing failed flags.readFromStream(s) at 159
09-19 15:24:42.267   491   588 W skia    : AGTM parsing failed flags.readFromStream(s) at 159
09-19 15:24:42.395   491   588 W skia    : AGTM parsing failed flags.readFromStream(s) at 159
09-19 15:24:42.395   491   588 W skia    : AGTM parsing failed flags.readFromStream(s) at 159
09-19 15:24:42.494   491   588 W skia    : AGTM parsing failed flags.readFromStream(s) at 159
09-19 15:24:42.495   491   588 W skia    : AGTM parsing failed flags.readFromStream(s) at 159
09-19 15:24:42.597   491   588 W skia    : AGTM parsing failed flags.readFromStream(s) at 159
09-19 15:24:42.597   491   588 W skia    : AGTM parsing failed flags.readFromStream(s) at 159
09-19 15:24:42.699   491   588 W skia    : AGTM parsing failed flags.readFromStream(s) at 159
09-19 15:24:42.699   491   588 W skia    : AGTM parsing failed flags.readFromStream(s) at 159
09-19 15:24:42.812   491   588 W skia    : AGTM parsing failed flags.readFromStream(s) at 159
09-19 15:24:42.812   491   588 W skia    : AGTM parsing failed flags.readFromStream(s) at 159
09-19 15:24:42.913   491   588 W skia    : AGTM parsing failed flags.readFromStream(s) at 159
09-19 15:24:42.913   491   588 W skia    : AGTM parsing failed flags.readFromStream(s) at 159
09-19 15:24:43.013   491   588 W skia    : AGTM parsing failed flags.readFromStream(s) at 159
09-19 15:24:43.013   491   588 W skia    : AGTM parsing failed flags.readFromStream(s) at 159
09-19 15:24:43.114 21446 21451 I us.godotpreview: NativeAlloc concurrent mark compact GC freed 133KB AllocSpace bytes, 4(160KB) LOS objects, 49% free, 2295KB/4590KB, paused 276us,9.875ms total 20.501ms
09-19 15:24:43.121 21446 21446 I flutter : RN_VALIDATION_CHUNK START {"schema":1,"runner":"flutter_flame_godot","event":"sample","scenario":"normal","sample":29,"elapsed_ms":30851,"rss_bytes":544264192,"enemies":3,"burning":0,"turrets":6,"projectiles":0,"effects":0,"metrics":{"authored_terrain":true,"draw_calls":114.0,"fps":41.967801911975,"frame_ms":23.8277906976744,"max_frame_ms":31.6853333333329,"objects":136.0,"primitives":190561.0,"received_frames":1576,"renderer":"mobile","sequence":1919,"viewport":[880.0,1976.0]}}
09-19 15:24:43.121 21446 21446 I flutter : RN_VALIDATION_END
09-19 15:24:43.126   491   588 W skia    : AGTM parsing failed flags.readFromStream(s) at 159
09-19 15:24:43.126   491   588 W skia    : AGTM parsing failed flags.readFromStream(s) at 159
09-19 15:24:43.228   491   588 W skia    : AGTM parsing failed flags.readFromStream(s) at 159
09-19 15:24:43.228   491   588 W skia    : AGTM parsing failed flags.readFromStream(s) at 159
09-19 15:24:43.329   491   588 W skia    : AGTM parsing failed flags.readFromStream(s) at 159
09-19 15:24:43.329   491   588 W skia    : AGTM parsing failed flags.readFromStream(s) at 159
09-19 15:24:43.432   491   588 W skia    : AGTM parsing failed flags.readFromStream(s) at 159
09-19 15:24:43.434   491   588 W skia    : AGTM parsing failed flags.readFromStream(s) at 159
09-19 15:24:43.548   491   588 W skia    : AGTM parsing failed flags.readFromStream(s) at 159
09-19 15:24:43.548   491   588 W skia    : AGTM parsing failed flags.readFromStream(s) at 159
09-19 15:24:43.660   491   588 W skia    : AGTM parsing failed flags.readFromStream(s) at 159
09-19 15:24:43.660   491   588 W skia    : AGTM parsing failed flags.readFromStream(s) at 159
09-19 15:24:43.714   645   800 D WifiClientModeImpl[3810:wlan0]: updateLinkLayerStatsRssiSpeedFrequencyCapabilities rssi=-50 TxLinkspeed=1 freq=2447 RxLinkSpeed=2
09-19 15:24:43.714   645   800 D WifiDataStall: tx tput in kbps: 11000
09-19 15:24:43.714   645   800 D WifiDataStall: rx tput in kbps: 11000
09-19 15:24:43.714   645   800 V WifiConfigManager: Updating scan detail cache freq=2447 BSSID=00:13:10:85:fe:01 RSSI=-50 for "AndroidWifi"NONE
09-19 15:24:43.714   645   800 D WifiThroughputPredictor:  utilization (LLS) 80 isBluetoothConnected: false final utilization: 80
09-19 15:24:43.714   645   800 D WifiThroughputPredictor:  BW: 0 RSSI: -50 Nss: 1 Mode: 1 symDur: 4000 snrDb 30 bitPerTone: 4500 rate: 54 throughput: 11
09-19 15:24:43.714   645   800 D WifiThroughputPredictor:  utilization (LLS) 80 isBluetoothConnected: false final utilization: 80
09-19 15:24:43.714   645   800 D WifiThroughputPredictor:  BW: 0 RSSI: -50 Nss: 1 Mode: 1 symDur: 4000 snrDb 30 bitPerTone: 4500 rate: 54 throughput: 11
09-19 15:24:43.715   645   800 D WifiThroughputPredictor:  utilization (LLS) 80 isBluetoothConnected: false final utilization: 80
09-19 15:24:43.715   645   800 D WifiThroughputPredictor:  BW: 0 RSSI: -50 Nss: 1 Mode: 1 symDur: 4000 snrDb 30 bitPerTone: 4500 rate: 54 throughput: 11
09-19 15:24:43.715   645   800 D WifiThroughputPredictor:  utilization (LLS) 80 isBluetoothConnected: false final utilization: 80
09-19 15:24:43.715   645   800 D WifiThroughputPredictor:  BW: 0 RSSI: -50 Nss: 1 Mode: 1 symDur: 4000 snrDb 30 bitPerTone: 4500 rate: 54 throughput: 11
09-19 15:24:43.717   645   800 I HalDevMgr: bestIfaceCreationProposal is null, requestIface=STA, existingIface=[name=wlan0 type=STA]
09-19 15:24:43.717   645   800 D WifiScoreCard: BSSID update SIGNAL_POLL ID: 760286919 SSID: "AndroidWifi", BSSID: 00:13:10:85:fe:01, MAC: 02:15:b2:00:00:00, IP: /10.0.2.16, Security type: 0, Supplicant state: COMPLETED, Wi-Fi standard: legacy, RSSI: -50, Link speed: 1Mbps, Tx Link speed: 1Mbps, Max Supported Tx Link speed: 11Mbps, Calculated Tx : 0Mbps, Rx Link speed: 2Mbps, Max Supported Rx Link speed: 11Mbps, Calculated Rx : 0Mbps, Frequency: 2447MHz, Net ID: 0, Metered hint: false, score: 100, isUsable: true, CarrierMerged: false, SubscriptionId: -1, IsPrimary: 1, Trusted: true, Restricted: false, Ephemeral: false, OEM paid: false, OEM private: false, OSU AP: false, FQDN: <none>, Provider friendly name: <none>, Requesting package name: <none>"AndroidWifi"openMLO Information: , Is TID-To-Link negotiation supported by the AP: false, AP MLD Address: <none>, AP MLO Link Id: <none>, AP MLO Affiliated links: <none>, Vendor Data: <none>
09-19 15:24:43.719   645   800 D WifiScoreCard: txRate: 1 txSpeed: 1
09-19 15:24:43.719   645   800 D WifiScoreCard: network update SIGNAL_POLL "AndroidWifi" ID: 673433585 RSSI -50 txSpeed -1
09-19 15:24:43.719   645   800 D WifiClientModeImpl[3810:wlan0]:  ClientModeImpl$L2ConnectedState screen=on 26 0 "AndroidWifi" 00:13:10:85:fe:01 rssi=-50 f=2447 sc=100 link=1 tx=0.0, 0.0, 0.0 rx=0.0 bcn=0 [on:0 tx:0 rx:0 period:3008] from screen [on:0 period:-1202278713] score=100
09-19 15:24:43.761   491   588 W skia    : AGTM parsing failed flags.readFromStream(s) at 159
09-19 15:24:43.761   491   588 W skia    : AGTM parsing failed flags.readFromStream(s) at 159
09-19 15:24:43.864   491   588 W skia    : AGTM parsing failed flags.readFromStream(s) at 159
09-19 15:24:43.864   491   588 W skia    : AGTM parsing failed flags.readFromStream(s) at 159
09-19 15:24:43.961   645   685 I WifiService: isFeatureSupported uid=1000 returns [WIFI_FEATURE_INFRA, WIFI_FEATURE_P2P, WIFI_FEATURE_MOBILE_HOTSPOT, WIFI_FEATURE_WPA3_SAE, WIFI_FEATURE_WPA3_SUITE_B, WIFI_FEATURE_OWE, WIFI_FEATURE_DPP, WIFI_FEATURE_AP_RAND_MAC, WIFI_FEATURE_MBO, WIFI_FEATURE_FILS_SHA256, WIFI_FEATURE_FILS_SHA384, WIFI_FEATURE_SAE_PK, WIFI_FEATURE_DPP_ENROLLEE_RESPONDER, WIFI_FEATURE_PASSPOINT_TERMS_AND_CONDITIONS, WIFI_FEATURE_WFD_R2, WIFI_FEATURE_DECORATED_IDENTITY, WIFI_FEATURE_TRUST_ON_FIRST_USE, WIFI_FEATURE_SET_TLS_MINIMUM_VERSION, WIFI_FEATURE_TLS_V1_3, WIFI_FEATURE_WEP, WIFI_FEATURE_WPA_PERSONAL]
09-19 15:24:43.963   491   588 W skia    : AGTM parsing failed flags.readFromStream(s) at 159
09-19 15:24:43.964   491   588 W skia    : AGTM parsing failed flags.readFromStream(s) at 159
09-19 15:24:43.977  2432 21478 I AlarmManager: setExactAndAllowWhileIdle [name: GCM_HB_ALARM type: 2 triggerAtMillis: 668467483]
09-19 15:24:43.984  2432 21478 I AlarmManager: setExactAndAllowWhileIdle [name: GCM_HB_ALARM type: 2 triggerAtMillis: 668467491]
09-19 15:24:44.069   491   588 W skia    : AGTM parsing failed flags.readFromStream(s) at 159
09-19 15:24:44.069   491   588 W skia    : AGTM parsing failed flags.readFromStream(s) at 159
09-19 15:24:44.158 21446 21446 I flutter : RN_VALIDATION_CHUNK START {"schema":1,"runner":"flutter_flame_godot","event":"sample","scenario":"normal","sample":30,"elapsed_ms":31888,"rss_bytes":544313344,"enemies":3,"burning":0,"turrets":6,"projectiles":0,"effects":0,"metrics":{"authored_terrain":true,"draw_calls":86.0,"fps":44.5440351082586,"frame_ms":22.449694949495,"max_frame_ms":27.1156161616166,"objects":96.0,"primitives":186345.0,"received_frames":1617,"renderer":"mobile","sequence":1969,"viewport":[880.0,1976.0]}}
09-19 15:24:44.158 21446 21446 I flutter : RN_VALIDATION_END
09-19 15:24:44.179   491   588 W skia    : AGTM parsing failed flags.readFromStream(s) at 159
09-19 15:24:44.179   491   588 W skia    : AGTM parsing failed flags.readFromStream(s) at 159
09-19 15:24:44.280   491   588 W skia    : AGTM parsing failed flags.readFromStream(s) at 159
09-19 15:24:44.280   491   588 W skia    : AGTM parsing failed flags.readFromStream(s) at 159
09-19 15:24:44.382   491   588 W skia    : AGTM parsing failed flags.readFromStream(s) at 159
09-19 15:24:44.382   491   588 W skia    : AGTM parsing failed flags.readFromStream(s) at 159
09-19 15:24:44.497   491   588 W skia    : AGTM parsing failed flags.readFromStream(s) at 159
09-19 15:24:44.498   491   588 W skia    : AGTM parsing failed flags.readFromStream(s) at 159
09-19 15:24:44.597   491   588 W skia    : AGTM parsing failed flags.readFromStream(s) at 159
09-19 15:24:44.597   491   588 W skia    : AGTM parsing failed flags.readFromStream(s) at 159
09-19 15:24:44.699   491   588 W skia    : AGTM parsing failed flags.readFromStream(s) at 159
09-19 15:24:44.699   491   588 W skia    : AGTM parsing failed flags.readFromStream(s) at 159
09-19 15:24:44.816   491   588 W skia    : AGTM parsing failed flags.readFromStream(s) at 159
09-19 15:24:44.816   491   588 W skia    : AGTM parsing failed flags.readFromStream(s) at 159
09-19 15:24:44.917   491   588 W skia    : AGTM parsing failed flags.readFromStream(s) at 159
09-19 15:24:44.918   491   588 W skia    : AGTM parsing failed flags.readFromStream(s) at 159
09-19 15:24:45.016   491   588 W skia    : AGTM parsing failed flags.readFromStream(s) at 159
09-19 15:24:45.016   491   588 W skia    : AGTM parsing failed flags.readFromStream(s) at 159
09-19 15:24:45.129   491   588 W skia    : AGTM parsing failed flags.readFromStream(s) at 159
09-19 15:24:45.129   491   588 W skia    : AGTM parsing failed flags.readFromStream(s) at 159
09-19 15:24:45.185 21446 21446 I flutter : RN_VALIDATION_CHUNK START {"schema":1,"runner":"flutter_flame_godot","event":"sample","scenario":"normal","sample":31,"elapsed_ms":32915,"rss_bytes":544575488,"enemies":3,"burning":0,"turrets":6,"projectiles":0,"effects":0,"metrics":{"authored_terrain":true,"draw_calls":107.0,"fps":44.9545913218971,"frame_ms":22.2446689113356,"max_frame_ms":25.6777777777778,"objects":127.0,"primitives":187905.0,"received_frames":1656,"renderer":"mobile","sequence":2013,"viewport":[880.0,1976.0]}}
09-19 15:24:45.185 21446 21446 I flutter : RN_VALIDATION_END
09-19 15:24:45.229   491   588 W skia    : AGTM parsing failed flags.readFromStream(s) at 159
09-19 15:24:45.229   491   588 W skia    : AGTM parsing failed flags.readFromStream(s) at 159
09-19 15:24:45.329   491   588 W skia    : AGTM parsing failed flags.readFromStream(s) at 159
09-19 15:24:45.329   491   588 W skia    : AGTM parsing failed flags.readFromStream(s) at 159
09-19 15:24:45.442   491   588 W skia    : AGTM parsing failed flags.readFromStream(s) at 159
09-19 15:24:45.442   491   588 W skia    : AGTM parsing failed flags.readFromStream(s) at 159
09-19 15:24:45.543   491   588 W skia    : AGTM parsing failed flags.readFromStream(s) at 159
09-19 15:24:45.544   491   588 W skia    : AGTM parsing failed flags.readFromStream(s) at 159
09-19 15:24:45.650   487   531 D AudioFlinger: mixer(0xb400006ff95ca790) throttle end: throttle time(1)
09-19 15:24:45.659   491   588 W skia    : AGTM parsing failed flags.readFromStream(s) at 159
09-19 15:24:45.659   491   588 W skia    : AGTM parsing failed flags.readFromStream(s) at 159
09-19 15:24:45.763   491   588 W skia    : AGTM parsing failed flags.readFromStream(s) at 159
09-19 15:24:45.764   491   588 W skia    : AGTM parsing failed flags.readFromStream(s) at 159
09-19 15:24:45.864   491   588 W skia    : AGTM parsing failed flags.readFromStream(s) at 159
09-19 15:24:45.864   491   588 W skia    : AGTM parsing failed flags.readFromStream(s) at 159
09-19 15:24:45.965   491   588 W skia    : AGTM parsing failed flags.readFromStream(s) at 159
09-19 15:24:45.965   491   588 W skia    : AGTM parsing failed flags.readFromStream(s) at 159
09-19 15:24:46.080   491   588 W skia    : AGTM parsing failed flags.readFromStream(s) at 159
09-19 15:24:46.080   491   588 W skia    : AGTM parsing failed flags.readFromStream(s) at 159
09-19 15:24:46.182   491   588 W skia    : AGTM parsing failed flags.readFromStream(s) at 159
09-19 15:24:46.182   491   588 W skia    : AGTM parsing failed flags.readFromStream(s) at 159
09-19 15:24:46.200 21446 21446 I flutter : RN_VALIDATION_CHUNK START {"schema":1,"runner":"flutter_flame_godot","event":"sample","scenario":"normal","sample":32,"elapsed_ms":33931,"rss_bytes":544829440,"enemies":3,"burning":0,"turrets":6,"projectiles":0,"effects":0,"metrics":{"authored_terrain":true,"draw_calls":116.0,"fps":39.6076475605158,"frame_ms":25.2476494210397,"max_frame_ms":45.4573333333333,"objects":185.0,"primitives":190681.0,"received_frames":1692,"renderer":"mobile","sequence":2064,"viewport":[880.0,1976.0]}}
09-19 15:24:46.201 21446 21446 I flutter : RN_VALIDATION_END
09-19 15:24:46.295   491   588 W skia    : AGTM parsing failed flags.readFromStream(s) at 159
09-19 15:24:46.295   491   588 W skia    : AGTM parsing failed flags.readFromStream(s) at 159
09-19 15:24:46.373  1012  1174 D SatelliteController: isInCarrierRoamingNbIotNtn: satellite is disabled
09-19 15:24:46.374  1012  1174 D SatelliteController: getCarrierRoamingNtnConnectType: Checking connect type from PLMN config for subId: 1
09-19 15:24:46.374  1012  1174 D TelephonyConfigUpdateInstallReceiver: getConfigParser: domain=satellite
09-19 15:24:46.374  1012  1174 V SatelliteController: satelliteConfigParser is not ready
09-19 15:24:46.374  1012  1174 D SatelliteController: isSatelliteAttachSupportedViaConfigupdater: return null (satelliteConfig is null)
09-19 15:24:46.374  1012  1174 D SatelliteController: getSatellitePerPlmnConfiguration: invalid subId or not supported via carrier.
09-19 15:24:46.374  1012  1174 D SatelliteController: getCarrierRoamingNtnConnectType: config: null
09-19 15:24:46.374  1012  1174 D TelephonyConfigUpdateInstallReceiver: getConfigParser: domain=satellite
09-19 15:24:46.374  1012  1174 V SatelliteController: satelliteConfigParser is not ready
09-19 15:24:46.374  1012  1174 D SatelliteController: getCarrierRoamingNtnConnectTypeViaConfigUpdater: return null (satelliteConfig is null)
09-19 15:24:46.374  1012  1174 D SatelliteController: getCarrierRoamingNtnConnectType: Falling back to global carrier config connect type: 0
09-19 15:24:46.374  1012  1174 D TelephonyConfigUpdateInstallReceiver: getConfigParser: domain=satellite
09-19 15:24:46.374  1012  1174 V SatelliteController: satelliteConfigParser is not ready
09-19 15:24:46.374  1012  1174 D SatelliteController: isSatelliteAttachSupportedViaConfigupdater: return null (satelliteConfig is null)
09-19 15:24:46.374  1012  1174 D SatelliteController: getCarrierRoamingNtnConnectType: Checking connect type from PLMN config for subId: 1
09-19 15:24:46.374  1012  1174 D TelephonyConfigUpdateInstallReceiver: getConfigParser: domain=satellite
09-19 15:24:46.374  1012  1174 V SatelliteController: satelliteConfigParser is not ready
09-19 15:24:46.374  1012  1174 D SatelliteController: isSatelliteAttachSupportedViaConfigupdater: return null (satelliteConfig is null)
09-19 15:24:46.374  1012  1174 D SatelliteController: getSatellitePerPlmnConfiguration: invalid subId or not supported via carrier.
09-19 15:24:46.374  1012  1174 D SatelliteController: getCarrierRoamingNtnConnectType: config: null
09-19 15:24:46.374  1012  1174 D TelephonyConfigUpdateInstallReceiver: getConfigParser: domain=satellite
09-19 15:24:46.374  1012  1174 V SatelliteController: satelliteConfigParser is not ready
09-19 15:24:46.374  1012  1174 D SatelliteController: getCarrierRoamingNtnConnectTypeViaConfigUpdater: return null (satelliteConfig is null)
09-19 15:24:46.374  1012  1174 D SatelliteController: getCarrierRoamingNtnConnectType: Falling back to global carrier config connect type: 0
09-19 15:24:46.374  1012  1174 D TelephonyConfigUpdateInstallReceiver: getConfigParser: domain=satellite
09-19 15:24:46.375  1012  1174 V SatelliteController: satelliteConfigParser is not ready
09-19 15:24:46.375  1012  1174 D SatelliteController: isSatelliteAttachSupportedViaConfigupdater: return null (satelliteConfig is null)
09-19 15:24:46.410   491   588 W skia    : AGTM parsing failed flags.readFromStream(s) at 159
09-19 15:24:46.410   491   588 W skia    : AGTM parsing failed flags.readFromStream(s) at 159
09-19 15:24:46.515   491   588 W skia    : AGTM parsing failed flags.readFromStream(s) at 159
09-19 15:24:46.516   491   588 W skia    : AGTM parsing failed flags.readFromStream(s) at 159
09-19 15:24:46.631   491   588 W skia    : AGTM parsing failed flags.readFromStream(s) at 159
09-19 15:24:46.631   491   588 W skia    : AGTM parsing failed flags.readFromStream(s) at 159
09-19 15:24:46.727   645   800 D WifiClientModeImpl[3810:wlan0]: updateLinkLayerStatsRssiSpeedFrequencyCapabilities rssi=-50 TxLinkspeed=1 freq=2447 RxLinkSpeed=2
09-19 15:24:46.727   645   800 D WifiDataStall: tx tput in kbps: 11000
09-19 15:24:46.727   645   800 D WifiDataStall: rx tput in kbps: 11000
09-19 15:24:46.727   645   800 V WifiConfigManager: Updating scan detail cache freq=2447 BSSID=00:13:10:85:fe:01 RSSI=-50 for "AndroidWifi"NONE
09-19 15:24:46.728   645   800 D WifiThroughputPredictor:  utilization (LLS) 80 isBluetoothConnected: false final utilization: 80
09-19 15:24:46.728   645   800 D WifiThroughputPredictor:  BW: 0 RSSI: -50 Nss: 1 Mode: 1 symDur: 4000 snrDb 30 bitPerTone: 4500 rate: 54 throughput: 11
09-19 15:24:46.728   645   800 D WifiThroughputPredictor:  utilization (LLS) 80 isBluetoothConnected: false final utilization: 80
09-19 15:24:46.728   645   800 D WifiThroughputPredictor:  BW: 0 RSSI: -50 Nss: 1 Mode: 1 symDur: 4000 snrDb 30 bitPerTone: 4500 rate: 54 throughput: 11
09-19 15:24:46.728   645   800 D WifiThroughputPredictor:  utilization (LLS) 80 isBluetoothConnected: false final utilization: 80
09-19 15:24:46.728   645   800 D WifiThroughputPredictor:  BW: 0 RSSI: -50 Nss: 1 Mode: 1 symDur: 4000 snrDb 30 bitPerTone: 4500 rate: 54 throughput: 11
09-19 15:24:46.728   645   800 D WifiThroughputPredictor:  utilization (LLS) 80 isBluetoothConnected: false final utilization: 80
09-19 15:24:46.728   645   800 D WifiThroughputPredictor:  BW: 0 RSSI: -50 Nss: 1 Mode: 1 symDur: 4000 snrDb 30 bitPerTone: 4500 rate: 54 throughput: 11
09-19 15:24:46.729   645   800 I HalDevMgr: bestIfaceCreationProposal is null, requestIface=STA, existingIface=[name=wlan0 type=STA]
09-19 15:24:46.729   645   800 D WifiScoreCard: BSSID update SIGNAL_POLL ID: 760286919 SSID: "AndroidWifi", BSSID: 00:13:10:85:fe:01, MAC: 02:15:b2:00:00:00, IP: /10.0.2.16, Security type: 0, Supplicant state: COMPLETED, Wi-Fi standard: legacy, RSSI: -50, Link speed: 1Mbps, Tx Link speed: 1Mbps, Max Supported Tx Link speed: 11Mbps, Calculated Tx : 0Mbps, Rx Link speed: 2Mbps, Max Supported Rx Link speed: 11Mbps, Calculated Rx : 0Mbps, Frequency: 2447MHz, Net ID: 0, Metered hint: false, score: 100, isUsable: true, CarrierMerged: false, SubscriptionId: -1, IsPrimary: 1, Trusted: true, Restricted: false, Ephemeral: false, OEM paid: false, OEM private: false, OSU AP: false, FQDN: <none>, Provider friendly name: <none>, Requesting package name: <none>"AndroidWifi"openMLO Information: , Is TID-To-Link negotiation supported by the AP: false, AP MLD Address: <none>, AP MLO Link Id: <none>, AP MLO Affiliated links: <none>, Vendor Data: <none>
09-19 15:24:46.729   645   800 D WifiScoreCard: txRate: 1 txSpeed: 1
09-19 15:24:46.729   645   800 D WifiScoreCard: network update SIGNAL_POLL "AndroidWifi" ID: 673433585 RSSI -50 txSpeed -1
09-19 15:24:46.729   645   800 D WifiClientModeImpl[3810:wlan0]:  ClientModeImpl$L2ConnectedState screen=on 26 0 "AndroidWifi" 00:13:10:85:fe:01 rssi=-50 f=2447 sc=100 link=1 tx=0.2, 0.0, 0.0 rx=0.4 bcn=0 [on:0 tx:0 rx:0 period:3010] from screen [on:0 period:-1202275703] score=100
09-19 15:24:46.734   491   588 W skia    : AGTM parsing failed flags.readFromStream(s) at 159
09-19 15:24:46.734   491   588 W skia    : AGTM parsing failed flags.readFromStream(s) at 159
09-19 15:24:46.843   491   588 W skia    : AGTM parsing failed flags.readFromStream(s) at 159
09-19 15:24:46.844   491   588 W skia    : AGTM parsing failed flags.readFromStream(s) at 159
09-19 15:24:46.944   491   588 W skia    : AGTM parsing failed flags.readFromStream(s) at 159
09-19 15:24:46.944   491   588 W skia    : AGTM parsing failed flags.readFromStream(s) at 159
09-19 15:24:47.045   491   588 W skia    : AGTM parsing failed flags.readFromStream(s) at 159
09-19 15:24:47.045   491   588 W skia    : AGTM parsing failed flags.readFromStream(s) at 159
09-19 15:24:47.146   491   588 W skia    : AGTM parsing failed flags.readFromStream(s) at 159
09-19 15:24:47.146   491   588 W skia    : AGTM parsing failed flags.readFromStream(s) at 159
09-19 15:24:47.215 21446 21446 I flutter : RN_VALIDATION_CHUNK START {"schema":1,"runner":"flutter_flame_godot","event":"sample","scenario":"normal","sample":33,"elapsed_ms":34946,"rss_bytes":544784384,"enemies":3,"burning":0,"turrets":6,"projectiles":0,"effects":0,"metrics":{"authored_terrain":true,"draw_calls":120.0,"fps":38.1157402369952,"frame_ms":26.2358803418803,"max_frame_ms":53.5473333333333,"objects":236.0,"primitives":187107.0,"received_frames":1730,"renderer":"mobile","sequence":2117,"viewport":[880.0,1976.0]}}
09-19 15:24:47.216 21446 21446 I flutter : RN_VALIDATION_END
09-19 15:24:47.262   491   588 W skia    : AGTM parsing failed flags.readFromStream(s) at 159
09-19 15:24:47.263   491   588 W skia    : AGTM parsing failed flags.readFromStream(s) at 159
09-19 15:24:47.362   491   588 W skia    : AGTM parsing failed flags.readFromStream(s) at 159
09-19 15:24:47.362   491   588 W skia    : AGTM parsing failed flags.readFromStream(s) at 159
09-19 15:24:47.463   491   588 W skia    : AGTM parsing failed flags.readFromStream(s) at 159
09-19 15:24:47.464   491   588 W skia    : AGTM parsing failed flags.readFromStream(s) at 159
09-19 15:24:47.576   491   588 W skia    : AGTM parsing failed flags.readFromStream(s) at 159
09-19 15:24:47.576   491   588 W skia    : AGTM parsing failed flags.readFromStream(s) at 159
09-19 15:24:47.677   491   588 W skia    : AGTM parsing failed flags.readFromStream(s) at 159
09-19 15:24:47.677   491   588 W skia    : AGTM parsing failed flags.readFromStream(s) at 159
09-19 15:24:47.776   491   588 W skia    : AGTM parsing failed flags.readFromStream(s) at 159
09-19 15:24:47.776   491   588 W skia    : AGTM parsing failed flags.readFromStream(s) at 159
09-19 15:24:47.877   491   588 W skia    : AGTM parsing failed flags.readFromStream(s) at 159
09-19 15:24:47.877   491   588 W skia    : AGTM parsing failed flags.readFromStream(s) at 159
09-19 15:24:47.992   491   588 W skia    : AGTM parsing failed flags.readFromStream(s) at 159
09-19 15:24:47.992   491   588 W skia    : AGTM parsing failed flags.readFromStream(s) at 159
09-19 15:24:48.095   491   588 W skia    : AGTM parsing failed flags.readFromStream(s) at 159
09-19 15:24:48.095   491   588 W skia    : AGTM parsing failed flags.readFromStream(s) at 159
09-19 15:24:48.200   491   588 W skia    : AGTM parsing failed flags.readFromStream(s) at 159
09-19 15:24:48.200   491   588 W skia    : AGTM parsing failed flags.readFromStream(s) at 159
09-19 15:24:48.243 21446 21446 I flutter : RN_VALIDATION_CHUNK START {"schema":1,"runner":"flutter_flame_godot","event":"sample","scenario":"normal","sample":34,"elapsed_ms":35973,"rss_bytes":544882688,"enemies":3,"burning":0,"turrets":6,"projectiles":0,"effects":0,"metrics":{"authored_terrain":true,"draw_calls":107.0,"fps":28.4347271034263,"frame_ms":35.1682643678161,"max_frame_ms":51.2430000000004,"objects":125.0,"primitives":187911.0,"received_frames":1759,"renderer":"mobile","sequence":2169,"viewport":[880.0,1976.0]}}
09-19 15:24:48.243 21446 21446 I flutter : RN_VALIDATION_END
09-19 15:24:48.299   491   588 W skia    : AGTM parsing failed flags.readFromStream(s) at 159
09-19 15:24:48.299   491   588 W skia    : AGTM parsing failed flags.readFromStream(s) at 159
09-19 15:24:48.330   892   892 D wpa_supplicant: nl80211: Drv Event 64 (NL80211_CMD_NOTIFY_CQM) received for wlan0
09-19 15:24:48.330   892   892 D wpa_supplicant: nl80211: Beacon loss event
09-19 15:24:48.330   892   892 D wpa_supplicant: wlan0: Event BEACON_LOSS (53) received
09-19 15:24:48.330   892   892 I wpa_supplicant: wlan0: CTRL-EVENT-BEACON-LOSS 
09-19 15:24:48.431   491   588 W skia    : AGTM parsing failed flags.readFromStream(s) at 159
09-19 15:24:48.431   491   588 W skia    : AGTM parsing failed flags.readFromStream(s) at 159
09-19 15:24:48.531   491   588 W skia    : AGTM parsing failed flags.readFromStream(s) at 159
09-19 15:24:48.531   491   588 W skia    : AGTM parsing failed flags.readFromStream(s) at 159
09-19 15:24:48.650   491   588 W skia    : AGTM parsing failed flags.readFromStream(s) at 159
09-19 15:24:48.651   491   588 W skia    : AGTM parsing failed flags.readFromStream(s) at 159
09-19 15:24:48.776   491   588 W skia    : AGTM parsing failed flags.readFromStream(s) at 159
09-19 15:24:48.776   491   588 W skia    : AGTM parsing failed flags.readFromStream(s) at 159
09-19 15:24:48.879   491   588 W skia    : AGTM parsing failed flags.readFromStream(s) at 159
09-19 15:24:48.879   491   588 W skia    : AGTM parsing failed flags.readFromStream(s) at 159
09-19 15:24:48.982   491   588 W skia    : AGTM parsing failed flags.readFromStream(s) at 159
09-19 15:24:48.982   491   588 W skia    : AGTM parsing failed flags.readFromStream(s) at 159
09-19 15:24:49.093   491   588 W skia    : AGTM parsing failed flags.readFromStream(s) at 159
09-19 15:24:49.093   491   588 W skia    : AGTM parsing failed flags.readFromStream(s) at 159
09-19 15:24:49.213   491   588 W skia    : AGTM parsing failed flags.readFromStream(s) at 159
09-19 15:24:49.213   491   588 W skia    : AGTM parsing failed flags.readFromStream(s) at 159
09-19 15:24:49.265 21446 21446 I flutter : RN_VALIDATION_CHUNK START {"schema":1,"runner":"flutter_flame_godot","event":"sample","scenario":"normal","sample":35,"elapsed_ms":36995,"rss_bytes":544497664,"enemies":3,"burning":0,"turrets":6,"projectiles":0,"effects":0,"metrics":{"authored_terrain":true,"draw_calls":84.0,"fps":43.688895347945,"frame_ms":22.8891115702479,"max_frame_ms":32.0613333333333,"objects":94.0,"primitives":185245.0,"received_frames":1798,"renderer":"mobile","sequence":2219,"viewport":[880.0,1976.0]}}
09-19 15:24:49.265 21446 21446 I flutter : RN_VALIDATION_END
09-19 15:24:49.314   491   588 W skia    : AGTM parsing failed flags.readFromStream(s) at 159
09-19 15:24:49.315   491   588 W skia    : AGTM parsing failed flags.readFromStream(s) at 159
09-19 15:24:49.415   491   588 W skia    : AGTM parsing failed flags.readFromStream(s) at 159
09-19 15:24:49.415   491   588 W skia    : AGTM parsing failed flags.readFromStream(s) at 159
09-19 15:24:49.516   491   588 W skia    : AGTM parsing failed flags.readFromStream(s) at 159
09-19 15:24:49.517   491   588 W skia    : AGTM parsing failed flags.readFromStream(s) at 159
09-19 15:24:49.617   491   588 W skia    : AGTM parsing failed flags.readFromStream(s) at 159
09-19 15:24:49.617   491   588 W skia    : AGTM parsing failed flags.readFromStream(s) at 159
09-19 15:24:49.728   491   588 W skia    : AGTM parsing failed flags.readFromStream(s) at 159
09-19 15:24:49.728   491   588 W skia    : AGTM parsing failed flags.readFromStream(s) at 159
09-19 15:24:49.731   645   800 D WifiClientModeImpl[3810:wlan0]: updateLinkLayerStatsRssiSpeedFrequencyCapabilities rssi=-50 TxLinkspeed=1 freq=2447 RxLinkSpeed=2
09-19 15:24:49.731   645   800 D WifiDataStall: tx tput in kbps: 11000
09-19 15:24:49.731   645   800 D WifiDataStall: rx tput in kbps: 11000
09-19 15:24:49.731   645   800 V WifiConfigManager: Updating scan detail cache freq=2447 BSSID=00:13:10:85:fe:01 RSSI=-50 for "AndroidWifi"NONE
09-19 15:24:49.731   645   800 D WifiThroughputPredictor:  utilization (LLS) 80 isBluetoothConnected: false final utilization: 80
09-19 15:24:49.731   645   800 D WifiThroughputPredictor:  BW: 0 RSSI: -50 Nss: 1 Mode: 1 symDur: 4000 snrDb 30 bitPerTone: 4500 rate: 54 throughput: 11
09-19 15:24:49.731   645   800 D WifiThroughputPredictor:  utilization (LLS) 80 isBluetoothConnected: false final utilization: 80
09-19 15:24:49.731   645   800 D WifiThroughputPredictor:  BW: 0 RSSI: -50 Nss: 1 Mode: 1 symDur: 4000 snrDb 30 bitPerTone: 4500 rate: 54 throughput: 11
09-19 15:24:49.732   645   800 D WifiThroughputPredictor:  utilization (LLS) 80 isBluetoothConnected: false final utilization: 80
09-19 15:24:49.732   645   800 D WifiThroughputPredictor:  BW: 0 RSSI: -50 Nss: 1 Mode: 1 symDur: 4000 snrDb 30 bitPerTone: 4500 rate: 54 throughput: 11
09-19 15:24:49.732   645   800 D WifiThroughputPredictor:  utilization (LLS) 80 isBluetoothConnected: false final utilization: 80
09-19 15:24:49.732   645   800 D WifiThroughputPredictor:  BW: 0 RSSI: -50 Nss: 1 Mode: 1 symDur: 4000 snrDb 30 bitPerTone: 4500 rate: 54 throughput: 11
09-19 15:24:49.733   645   800 I HalDevMgr: bestIfaceCreationProposal is null, requestIface=STA, existingIface=[name=wlan0 type=STA]
09-19 15:24:49.734   645   800 D WifiScoreCard: BSSID update SIGNAL_POLL ID: 760286919 SSID: "AndroidWifi", BSSID: 00:13:10:85:fe:01, MAC: 02:15:b2:00:00:00, IP: /10.0.2.16, Security type: 0, Supplicant state: COMPLETED, Wi-Fi standard: legacy, RSSI: -50, Link speed: 1Mbps, Tx Link speed: 1Mbps, Max Supported Tx Link speed: 11Mbps, Calculated Tx : 0Mbps, Rx Link speed: 2Mbps, Max Supported Rx Link speed: 11Mbps, Calculated Rx : 0Mbps, Frequency: 2447MHz, Net ID: 0, Metered hint: false, score: 100, isUsable: true, CarrierMerged: false, SubscriptionId: -1, IsPrimary: 1, Trusted: true, Restricted: false, Ephemeral: false, OEM paid: false, OEM private: false, OSU AP: false, FQDN: <none>, Provider friendly name: <none>, Requesting package name: <none>"AndroidWifi"openMLO Information: , Is TID-To-Link negotiation supported by the AP: false, AP MLD Address: <none>, AP MLO Link Id: <none>, AP MLO Affiliated links: <none>, Vendor Data: <none>
09-19 15:24:49.734   645   800 D WifiScoreCard: txRate: 1 txSpeed: 1
09-19 15:24:49.734   645   800 D WifiScoreCard: network update SIGNAL_POLL "AndroidWifi" ID: 673433585 RSSI -50 txSpeed -1
09-19 15:24:49.735   645   800 D WifiClientModeImpl[3810:wlan0]:  ClientModeImpl$L2ConnectedState screen=on 26 0 "AndroidWifi" 00:13:10:85:fe:01 rssi=-50 f=2447 sc=100 link=1 tx=0.0, 0.0, 0.0 rx=0.1 bcn=0 [on:0 tx:0 rx:0 period:3006] from screen [on:0 period:-1202272697] score=100
09-19 15:24:49.832   491   588 W skia    : AGTM parsing failed flags.readFromStream(s) at 159
09-19 15:24:49.832   491   588 W skia    : AGTM parsing failed flags.readFromStream(s) at 159
09-19 15:24:49.943   491   588 W skia    : AGTM parsing failed flags.readFromStream(s) at 159
09-19 15:24:49.943   491   588 W skia    : AGTM parsing failed flags.readFromStream(s) at 159
09-19 15:24:50.047   491   588 W skia    : AGTM parsing failed flags.readFromStream(s) at 159
09-19 15:24:50.047   491   588 W skia    : AGTM parsing failed flags.readFromStream(s) at 159
09-19 15:24:50.149   491   588 W skia    : AGTM parsing failed flags.readFromStream(s) at 159
09-19 15:24:50.149   491   588 W skia    : AGTM parsing failed flags.readFromStream(s) at 159
09-19 15:24:50.211   645   685 I WifiService: isFeatureSupported uid=1000 returns [WIFI_FEATURE_INFRA, WIFI_FEATURE_P2P, WIFI_FEATURE_MOBILE_HOTSPOT, WIFI_FEATURE_WPA3_SAE, WIFI_FEATURE_WPA3_SUITE_B, WIFI_FEATURE_OWE, WIFI_FEATURE_DPP, WIFI_FEATURE_AP_RAND_MAC, WIFI_FEATURE_MBO, WIFI_FEATURE_FILS_SHA256, WIFI_FEATURE_FILS_SHA384, WIFI_FEATURE_SAE_PK, WIFI_FEATURE_DPP_ENROLLEE_RESPONDER, WIFI_FEATURE_PASSPOINT_TERMS_AND_CONDITIONS, WIFI_FEATURE_WFD_R2, WIFI_FEATURE_DECORATED_IDENTITY, WIFI_FEATURE_TRUST_ON_FIRST_USE, WIFI_FEATURE_SET_TLS_MINIMUM_VERSION, WIFI_FEATURE_TLS_V1_3, WIFI_FEATURE_WEP, WIFI_FEATURE_WPA_PERSONAL]
09-19 15:24:50.213   645   659 I BluetoothPowerStatsCollector: BluetoothActivityEnergyInfo not supported.
09-19 15:24:50.261   491   588 W skia    : AGTM parsing failed flags.readFromStream(s) at 159
09-19 15:24:50.261   491   588 W skia    : AGTM parsing failed flags.readFromStream(s) at 159
09-19 15:24:50.287 21446 21446 I flutter : RN_VALIDATION_CHUNK START {"schema":1,"runner":"flutter_flame_godot","event":"sample","scenario":"normal","sample":36,"elapsed_ms":38018,"rss_bytes":544817152,"enemies":3,"burning":0,"turrets":6,"projectiles":0,"effects":0,"metrics":{"authored_terrain":true,"draw_calls":96.0,"fps":46.1149653121903,"frame_ms":21.6849344508919,"max_frame_ms":29.069,"objects":114.0,"primitives":185731.0,"received_frames":1842,"renderer":"mobile","sequence":2269,"viewport":[880.0,1976.0]}}
09-19 15:24:50.287 21446 21446 I flutter : RN_VALIDATION_END
09-19 15:24:50.361   491   588 W skia    : AGTM parsing failed flags.readFromStream(s) at 159
09-19 15:24:50.361   491   588 W skia    : AGTM parsing failed flags.readFromStream(s) at 159
09-19 15:24:50.461   491   588 W skia    : AGTM parsing failed flags.readFromStream(s) at 159
09-19 15:24:50.461   491   588 W skia    : AGTM parsing failed flags.readFromStream(s) at 159
09-19 15:24:50.561   491   588 W skia    : AGTM parsing failed flags.readFromStream(s) at 159
09-19 15:24:50.561   491   588 W skia    : AGTM parsing failed flags.readFromStream(s) at 159
09-19 15:24:50.664   491   588 W skia    : AGTM parsing failed flags.readFromStream(s) at 159
09-19 15:24:50.664   491   588 W skia    : AGTM parsing failed flags.readFromStream(s) at 159
09-19 15:24:50.733   645  1638 I AppSearchIcing: icing-search-engine.cc:2487: Persisting data to disk with mode 3
09-19 15:24:50.743   645  1638 I AppSearchIcing: icing-search-engine.cc:2502: PersistToDisk completed.
09-19 15:24:50.762   491   588 W skia    : AGTM parsing failed flags.readFromStream(s) at 159
09-19 15:24:50.763   491   588 W skia    : AGTM parsing failed flags.readFromStream(s) at 159
09-19 15:24:50.849 21446 21451 I us.godotpreview: NativeAlloc concurrent mark compact GC freed 129KB AllocSpace bytes, 4(192KB) LOS objects, 49% free, 2311KB/4622KB, paused 8.353ms,1.408ms total 21.419ms
09-19 15:24:50.866   491   588 W skia    : AGTM parsing failed flags.readFromStream(s) at 159
09-19 15:24:50.866   491   588 W skia    : AGTM parsing failed flags.readFromStream(s) at 159
09-19 15:24:50.964   491   588 W skia    : AGTM parsing failed flags.readFromStream(s) at 159
09-19 15:24:50.964   491   588 W skia    : AGTM parsing failed flags.readFromStream(s) at 159
09-19 15:24:51.083   491   588 W skia    : AGTM parsing failed flags.readFromStream(s) at 159
09-19 15:24:51.083   491   588 W skia    : AGTM parsing failed flags.readFromStream(s) at 159
09-19 15:24:51.134   487   531 D AudioFlinger: mixer(0xb400006ff95ca790) throttle end: throttle time(1)
09-19 15:24:51.193   491   588 W skia    : AGTM parsing failed flags.readFromStream(s) at 159
09-19 15:24:51.193   491   588 W skia    : AGTM parsing failed flags.readFromStream(s) at 159
09-19 15:24:51.297   491   588 W skia    : AGTM parsing failed flags.readFromStream(s) at 159
09-19 15:24:51.297   491   588 W skia    : AGTM parsing failed flags.readFromStream(s) at 159
09-19 15:24:51.318 21446 21446 I flutter : RN_VALIDATION_CHUNK START {"schema":1,"runner":"flutter_flame_godot","event":"sample","scenario":"normal","sample":37,"elapsed_ms":39048,"rss_bytes":544555008,"enemies":3,"burning":0,"turrets":6,"projectiles":0,"effects":0,"metrics":{"authored_terrain":true,"draw_calls":99.0,"fps":31.3652969206526,"frame_ms":31.8823699494949,"max_frame_ms":41.6653333333333,"objects":117.0,"primitives":188375.0,"received_frames":1873,"renderer":"mobile","sequence":2315,"viewport":[880.0,1976.0]}}
09-19 15:24:51.318 21446 21446 I flutter : RN_VALIDATION_END
09-19 15:24:51.397   491   588 W skia    : AGTM parsing failed flags.readFromStream(s) at 159
09-19 15:24:51.397   491   588 W skia    : AGTM parsing failed flags.readFromStream(s) at 159
09-19 15:24:51.499   491   588 W skia    : AGTM parsing failed flags.readFromStream(s) at 159
09-19 15:24:51.499   491   588 W skia    : AGTM parsing failed flags.readFromStream(s) at 159
09-19 15:24:51.615   491   588 W skia    : AGTM parsing failed flags.readFromStream(s) at 159
09-19 15:24:51.615   491   588 W skia    : AGTM parsing failed flags.readFromStream(s) at 159
09-19 15:24:51.714   491   588 W skia    : AGTM parsing failed flags.readFromStream(s) at 159
09-19 15:24:51.714   491   588 W skia    : AGTM parsing failed flags.readFromStream(s) at 159
09-19 15:24:51.817   491   588 W skia    : AGTM parsing failed flags.readFromStream(s) at 159
09-19 15:24:51.817   491   588 W skia    : AGTM parsing failed flags.readFromStream(s) at 159
09-19 15:24:51.930   491   588 W skia    : AGTM parsing failed flags.readFromStream(s) at 159
09-19 15:24:51.931   491   588 W skia    : AGTM parsing failed flags.readFromStream(s) at 159
09-19 15:24:52.061   491   588 W skia    : AGTM parsing failed flags.readFromStream(s) at 159
09-19 15:24:52.061   491   588 W skia    : AGTM parsing failed flags.readFromStream(s) at 159
09-19 15:24:52.162   491   588 W skia    : AGTM parsing failed flags.readFromStream(s) at 159
09-19 15:24:52.162   491   588 W skia    : AGTM parsing failed flags.readFromStream(s) at 159
09-19 15:24:52.265   491   588 W skia    : AGTM parsing failed flags.readFromStream(s) at 159
09-19 15:24:52.266   491   588 W skia    : AGTM parsing failed flags.readFromStream(s) at 159
09-19 15:24:52.331 21446 21446 I flutter : RN_VALIDATION_CHUNK START {"schema":1,"runner":"flutter_flame_godot","event":"sample","scenario":"normal","sample":38,"elapsed_ms":40061,"rss_bytes":545095680,"enemies":3,"burning":0,"turrets":6,"projectiles":0,"effects":0,"metrics":{"authored_terrain":true,"draw_calls":95.0,"fps":45.6158821720461,"frame_ms":21.9221892109501,"max_frame_ms":25.8282592592589,"objects":109.0,"primitives":185241.0,"received_frames":1915,"renderer":"mobile","sequence":2362,"viewport":[880.0,1976.0]}}
09-19 15:24:52.331 21446 21446 I flutter : RN_VALIDATION_END
09-19 15:24:52.376   491   588 W skia    : AGTM parsing failed flags.readFromStream(s) at 159
09-19 15:24:52.376   491   588 W skia    : AGTM parsing failed flags.readFromStream(s) at 159
09-19 15:24:52.479   491   588 W skia    : AGTM parsing failed flags.readFromStream(s) at 159
09-19 15:24:52.479   491   588 W skia    : AGTM parsing failed flags.readFromStream(s) at 159
09-19 15:24:52.580   491   588 W skia    : AGTM parsing failed flags.readFromStream(s) at 159
09-19 15:24:52.580   491   588 W skia    : AGTM parsing failed flags.readFromStream(s) at 159
09-19 15:24:52.681   491   588 W skia    : AGTM parsing failed flags.readFromStream(s) at 159
09-19 15:24:52.681   491   588 W skia    : AGTM parsing failed flags.readFromStream(s) at 159
09-19 15:24:52.742   645   800 D WifiClientModeImpl[3810:wlan0]: updateLinkLayerStatsRssiSpeedFrequencyCapabilities rssi=-50 TxLinkspeed=1 freq=2447 RxLinkSpeed=2
09-19 15:24:52.743   645   800 D WifiDataStall: tx tput in kbps: 11000
09-19 15:24:52.743   645   800 D WifiDataStall: rx tput in kbps: 11000
09-19 15:24:52.744   645   800 V WifiConfigManager: Updating scan detail cache freq=2447 BSSID=00:13:10:85:fe:01 RSSI=-50 for "AndroidWifi"NONE
09-19 15:24:52.744   645   800 D WifiThroughputPredictor:  utilization (LLS) 80 isBluetoothConnected: false final utilization: 80
09-19 15:24:52.744   645   800 D WifiThroughputPredictor:  BW: 0 RSSI: -50 Nss: 1 Mode: 1 symDur: 4000 snrDb 30 bitPerTone: 4500 rate: 54 throughput: 11
09-19 15:24:52.744   645   800 D WifiThroughputPredictor:  utilization (LLS) 80 isBluetoothConnected: false final utilization: 80
09-19 15:24:52.745   645   800 D WifiThroughputPredictor:  BW: 0 RSSI: -50 Nss: 1 Mode: 1 symDur: 4000 snrDb 30 bitPerTone: 4500 rate: 54 throughput: 11
09-19 15:24:52.745   645   800 D WifiThroughputPredictor:  utilization (LLS) 80 isBluetoothConnected: false final utilization: 80
09-19 15:24:52.746   645   800 D WifiThroughputPredictor:  BW: 0 RSSI: -50 Nss: 1 Mode: 1 symDur: 4000 snrDb 30 bitPerTone: 4500 rate: 54 throughput: 11
09-19 15:24:52.746   645   800 D WifiThroughputPredictor:  utilization (LLS) 80 isBluetoothConnected: false final utilization: 80
09-19 15:24:52.746   645   800 D WifiThroughputPredictor:  BW: 0 RSSI: -50 Nss: 1 Mode: 1 symDur: 4000 snrDb 30 bitPerTone: 4500 rate: 54 throughput: 11
09-19 15:24:52.748   645   800 I HalDevMgr: bestIfaceCreationProposal is null, requestIface=STA, existingIface=[name=wlan0 type=STA]
09-19 15:24:52.748   645   800 D WifiScoreCard: BSSID update SIGNAL_POLL ID: 760286919 SSID: "AndroidWifi", BSSID: 00:13:10:85:fe:01, MAC: 02:15:b2:00:00:00, IP: /10.0.2.16, Security type: 0, Supplicant state: COMPLETED, Wi-Fi standard: legacy, RSSI: -50, Link speed: 1Mbps, Tx Link speed: 1Mbps, Max Supported Tx Link speed: 11Mbps, Calculated Tx : 0Mbps, Rx Link speed: 2Mbps, Max Supported Rx Link speed: 11Mbps, Calculated Rx : 0Mbps, Frequency: 2447MHz, Net ID: 0, Metered hint: false, score: 100, isUsable: true, CarrierMerged: false, SubscriptionId: -1, IsPrimary: 1, Trusted: true, Restricted: false, Ephemeral: false, OEM paid: false, OEM private: false, OSU AP: false, FQDN: <none>, Provider friendly name: <none>, Requesting package name: <none>"AndroidWifi"openMLO Information: , Is TID-To-Link negotiation supported by the AP: false, AP MLD Address: <none>, AP MLO Link Id: <none>, AP MLO Affiliated links: <none>, Vendor Data: <none>
09-19 15:24:52.749   645   800 D WifiScoreCard: txRate: 1 txSpeed: 1
09-19 15:24:52.749   645   800 D WifiScoreCard: network update SIGNAL_POLL "AndroidWifi" ID: 673433585 RSSI -50 txSpeed -1
09-19 15:24:52.750   645   800 D WifiClientModeImpl[3810:wlan0]:  ClientModeImpl$L2ConnectedState screen=on 26 0 "AndroidWifi" 00:13:10:85:fe:01 rssi=-50 f=2447 sc=100 link=1 tx=0.0, 0.0, 0.0 rx=0.0 bcn=0 [on:0 tx:0 rx:0 period:3015] from screen [on:0 period:-1202269682] score=100
09-19 15:24:52.782   491   588 W skia    : AGTM parsing failed flags.readFromStream(s) at 159
09-19 15:24:52.782   491   588 W skia    : AGTM parsing failed flags.readFromStream(s) at 159
09-19 15:24:52.907   491   588 W skia    : AGTM parsing failed flags.readFromStream(s) at 159
09-19 15:24:52.907   491   588 W skia    : AGTM parsing failed flags.readFromStream(s) at 159
09-19 15:24:53.011   491   588 W skia    : AGTM parsing failed flags.readFromStream(s) at 159
09-19 15:24:53.011   491   588 W skia    : AGTM parsing failed flags.readFromStream(s) at 159
09-19 15:24:53.019   487   531 D AudioFlinger: mixer(0xb400006ff95ca790) throttle end: throttle time(7)
09-19 15:24:53.112   491   588 W skia    : AGTM parsing failed flags.readFromStream(s) at 159
09-19 15:24:53.112   491   588 W skia    : AGTM parsing failed flags.readFromStream(s) at 159
09-19 15:24:53.213   491   588 W skia    : AGTM parsing failed flags.readFromStream(s) at 159
09-19 15:24:53.213   491   588 W skia    : AGTM parsing failed flags.readFromStream(s) at 159
09-19 15:24:53.324   491   588 W skia    : AGTM parsing failed flags.readFromStream(s) at 159
09-19 15:24:53.324   491   588 W skia    : AGTM parsing failed flags.readFromStream(s) at 159
09-19 15:24:53.347 21446 21446 I flutter : RN_VALIDATION_CHUNK START {"schema":1,"runner":"flutter_flame_godot","event":"sample","scenario":"normal","sample":39,"elapsed_ms":41077,"rss_bytes":545435648,"enemies":3,"burning":0,"turrets":6,"projectiles":0,"effects":0,"metrics":{"authored_terrain":true,"draw_calls":100.0,"fps":38.1982457029422,"frame_ms":26.1792127255461,"max_frame_ms":37.8,"objects":116.0,"primitives":188819.0,"received_frames":1951,"renderer":"mobile","sequence":2402,"viewport":[880.0,1976.0]}}
09-19 15:24:53.347 21446 21446 I flutter : RN_VALIDATION_END
09-19 15:24:53.444   491   588 W skia    : AGTM parsing failed flags.readFromStream(s) at 159
09-19 15:24:53.444   491   588 W skia    : AGTM parsing failed flags.readFromStream(s) at 159
09-19 15:24:53.546   491   588 W skia    : AGTM parsing failed flags.readFromStream(s) at 159
09-19 15:24:53.547   491   588 W skia    : AGTM parsing failed flags.readFromStream(s) at 159
09-19 15:24:53.648   491   588 W skia    : AGTM parsing failed flags.readFromStream(s) at 159
09-19 15:24:53.648   491   588 W skia    : AGTM parsing failed flags.readFromStream(s) at 159
09-19 15:24:53.749   491   588 W skia    : AGTM parsing failed flags.readFromStream(s) at 159
09-19 15:24:53.749   491   588 W skia    : AGTM parsing failed flags.readFromStream(s) at 159
09-19 15:24:53.863   491   588 W skia    : AGTM parsing failed flags.readFromStream(s) at 159
09-19 15:24:53.863   491   588 W skia    : AGTM parsing failed flags.readFromStream(s) at 159
09-19 15:24:53.975   491   588 W skia    : AGTM parsing failed flags.readFromStream(s) at 159
09-19 15:24:53.975   491   588 W skia    : AGTM parsing failed flags.readFromStream(s) at 159
09-19 15:24:54.084   491   588 W skia    : AGTM parsing failed flags.readFromStream(s) at 159
09-19 15:24:54.084   491   588 W skia    : AGTM parsing failed flags.readFromStream(s) at 159
09-19 15:24:54.210   491   588 W skia    : AGTM parsing failed flags.readFromStream(s) at 159
09-19 15:24:54.211   491   588 W skia    : AGTM parsing failed flags.readFromStream(s) at 159
09-19 15:24:54.311   491   588 W skia    : AGTM parsing failed flags.readFromStream(s) at 159
09-19 15:24:54.311   491   588 W skia    : AGTM parsing failed flags.readFromStream(s) at 159
09-19 15:24:54.414   491   588 W skia    : AGTM parsing failed flags.readFromStream(s) at 159
09-19 15:24:54.414   491   588 W skia    : AGTM parsing failed flags.readFromStream(s) at 159
09-19 15:24:54.420 21446 21446 I flutter : RN_VALIDATION_CHUNK START {"schema":1,"runner":"flutter_flame_godot","event":"sample","scenario":"normal","sample":40,"elapsed_ms":42150,"rss_bytes":545128448,"enemies":3,"burning":0,"turrets":6,"projectiles":0,"effects":0,"metrics":{"authored_terrain":true,"draw_calls":82.0,"fps":43.2207255166323,"frame_ms":23.137047979798,"max_frame_ms":34.546,"objects":92.0,"primitives":184145.0,"received_frames":1990,"renderer":"mobile","sequence":2450,"viewport":[880.0,1976.0]}}
09-19 15:24:54.420 21446 21446 I flutter : RN_VALIDATION_END
09-19 15:24:54.515   491   588 W skia    : AGTM parsing failed flags.readFromStream(s) at 159
09-19 15:24:54.515   491   588 W skia    : AGTM parsing failed flags.readFromStream(s) at 159
09-19 15:24:54.616   491   588 W skia    : AGTM parsing failed flags.readFromStream(s) at 159
09-19 15:24:54.616   491   588 W skia    : AGTM parsing failed flags.readFromStream(s) at 159
09-19 15:24:54.729   491   588 W skia    : AGTM parsing failed flags.readFromStream(s) at 159
09-19 15:24:54.730   491   588 W skia    : AGTM parsing failed flags.readFromStream(s) at 159
09-19 15:24:54.831   491   588 W skia    : AGTM parsing failed flags.readFromStream(s) at 159
09-19 15:24:54.831   491   588 W skia    : AGTM parsing failed flags.readFromStream(s) at 159
09-19 15:24:54.932   491   588 W skia    : AGTM parsing failed flags.readFromStream(s) at 159
09-19 15:24:54.932   491   588 W skia    : AGTM parsing failed flags.readFromStream(s) at 159
09-19 15:24:55.044   491   588 W skia    : AGTM parsing failed flags.readFromStream(s) at 159
09-19 15:24:55.044   491   588 W skia    : AGTM parsing failed flags.readFromStream(s) at 159
09-19 15:24:55.146   491   588 W skia    : AGTM parsing failed flags.readFromStream(s) at 159
09-19 15:24:55.146   491   588 W skia    : AGTM parsing failed flags.readFromStream(s) at 159
09-19 15:24:55.233   645   675 D ActivityManager: sync unfroze 1596 com.android.keychain for 10
09-19 15:24:55.240   645   675 D ActivityManager: sync unfroze 1095 com.android.settings for 10
09-19 15:24:55.248   491   588 W skia    : AGTM parsing failed flags.readFromStream(s) at 159
09-19 15:24:55.248   491   588 W skia    : AGTM parsing failed flags.readFromStream(s) at 159
09-19 15:24:55.250   645   675 D ActivityManager: sync unfroze 2542 com.android.dynsystem:dynsystem for 10
09-19 15:24:55.255   645   675 D ActivityManager: sync unfroze 2494 com.android.dynsystem for 10
09-19 15:24:55.256   645   675 D ActivityManager: sync unfroze 2361 com.android.localtransport for 10
09-19 15:24:55.348   491   588 W skia    : AGTM parsing failed flags.readFromStream(s) at 159
09-19 15:24:55.348   491   588 W skia    : AGTM parsing failed flags.readFromStream(s) at 159
09-19 15:24:55.443 21446 21446 I flutter : RN_VALIDATION_CHUNK START {"schema":1,"runner":"flutter_flame_godot","event":"sample","scenario":"normal","sample":41,"elapsed_ms":43173,"rss_bytes":545406976,"enemies":3,"burning":0,"turrets":6,"projectiles":0,"effects":0,"metrics":{"authored_terrain":true,"draw_calls":94.0,"fps":46.9667527575757,"frame_ms":21.2916572104019,"max_frame_ms":31.6578787878788,"objects":112.0,"primitives":186173.0,"received_frames":2029,"renderer":"mobile","sequence":2492,"viewport":[880.0,1976.0]}}
09-19 15:24:55.443 21446 21446 I flutter : RN_VALIDATION_END
09-19 15:24:55.450   491   588 W skia    : AGTM parsing failed flags.readFromStream(s) at 159
09-19 15:24:55.451   491   588 W skia    : AGTM parsing failed flags.readFromStream(s) at 159
09-19 15:24:55.549   491   588 W skia    : AGTM parsing failed flags.readFromStream(s) at 159
09-19 15:24:55.549   491   588 W skia    : AGTM parsing failed flags.readFromStream(s) at 159
09-19 15:24:55.665   491   588 W skia    : AGTM parsing failed flags.readFromStream(s) at 159
09-19 15:24:55.665   491   588 W skia    : AGTM parsing failed flags.readFromStream(s) at 159
09-19 15:24:55.755   645   800 D WifiClientModeImpl[3810:wlan0]: updateLinkLayerStatsRssiSpeedFrequencyCapabilities rssi=-50 TxLinkspeed=1 freq=2447 RxLinkSpeed=2
09-19 15:24:55.755   645   800 D WifiDataStall: tx tput in kbps: 11000
09-19 15:24:55.755   645   800 D WifiDataStall: rx tput in kbps: 11000
09-19 15:24:55.755   645   800 V WifiConfigManager: Updating scan detail cache freq=2447 BSSID=00:13:10:85:fe:01 RSSI=-50 for "AndroidWifi"NONE
09-19 15:24:55.755   645   800 D WifiThroughputPredictor:  utilization (LLS) 80 isBluetoothConnected: false final utilization: 80
09-19 15:24:55.755   645   800 D WifiThroughputPredictor:  BW: 0 RSSI: -50 Nss: 1 Mode: 1 symDur: 4000 snrDb 30 bitPerTone: 4500 rate: 54 throughput: 11
09-19 15:24:55.755   645   800 D WifiThroughputPredictor:  utilization (LLS) 80 isBluetoothConnected: false final utilization: 80
09-19 15:24:55.755   645   800 D WifiThroughputPredictor:  BW: 0 RSSI: -50 Nss: 1 Mode: 1 symDur: 4000 snrDb 30 bitPerTone: 4500 rate: 54 throughput: 11
09-19 15:24:55.755   645   800 D WifiThroughputPredictor:  utilization (LLS) 80 isBluetoothConnected: false final utilization: 80
09-19 15:24:55.755   645   800 D WifiThroughputPredictor:  BW: 0 RSSI: -50 Nss: 1 Mode: 1 symDur: 4000 snrDb 30 bitPerTone: 4500 rate: 54 throughput: 11
09-19 15:24:55.755   645   800 D WifiThroughputPredictor:  utilization (LLS) 80 isBluetoothConnected: false final utilization: 80
09-19 15:24:55.755   645   800 D WifiThroughputPredictor:  BW: 0 RSSI: -50 Nss: 1 Mode: 1 symDur: 4000 snrDb 30 bitPerTone: 4500 rate: 54 throughput: 11
09-19 15:24:55.756   645   800 I HalDevMgr: bestIfaceCreationProposal is null, requestIface=STA, existingIface=[name=wlan0 type=STA]
09-19 15:24:55.756   645   800 D WifiScoreCard: BSSID update SIGNAL_POLL ID: 760286919 SSID: "AndroidWifi", BSSID: 00:13:10:85:fe:01, MAC: 02:15:b2:00:00:00, IP: /10.0.2.16, Security type: 0, Supplicant state: COMPLETED, Wi-Fi standard: legacy, RSSI: -50, Link speed: 1Mbps, Tx Link speed: 1Mbps, Max Supported Tx Link speed: 11Mbps, Calculated Tx : 0Mbps, Rx Link speed: 2Mbps, Max Supported Rx Link speed: 11Mbps, Calculated Rx : 0Mbps, Frequency: 2447MHz, Net ID: 0, Metered hint: false, score: 100, isUsable: true, CarrierMerged: false, SubscriptionId: -1, IsPrimary: 1, Trusted: true, Restricted: false, Ephemeral: false, OEM paid: false, OEM private: false, OSU AP: false, FQDN: <none>, Provider friendly name: <none>, Requesting package name: <none>"AndroidWifi"openMLO Information: , Is TID-To-Link negotiation supported by the AP: false, AP MLD Address: <none>, AP MLO Link Id: <none>, AP MLO Affiliated links: <none>, Vendor Data: <none>
09-19 15:24:55.756   645   800 D WifiScoreCard: txRate: 1 txSpeed: 1
09-19 15:24:55.756   645   800 D WifiScoreCard: network update SIGNAL_POLL "AndroidWifi" ID: 673433585 RSSI -50 txSpeed -1
09-19 15:24:55.756   645   800 D WifiClientModeImpl[3810:wlan0]:  ClientModeImpl$L2ConnectedState screen=on 26 0 "AndroidWifi" 00:13:10:85:fe:01 rssi=-50 f=2447 sc=100 link=1 tx=0.0, 0.0, 0.0 rx=0.0 bcn=0 [on:0 tx:0 rx:0 period:3006] from screen [on:0 period:-1202266676] score=100
09-19 15:24:55.767   491   588 W skia    : AGTM parsing failed flags.readFromStream(s) at 159
09-19 15:24:55.767   491   588 W skia    : AGTM parsing failed flags.readFromStream(s) at 159
09-19 15:24:55.875   491   588 W skia    : AGTM parsing failed flags.readFromStream(s) at 159
09-19 15:24:55.875   491   588 W skia    : AGTM parsing failed flags.readFromStream(s) at 159
09-19 15:24:55.976   491   588 W skia    : AGTM parsing failed flags.readFromStream(s) at 159
09-19 15:24:55.976   491   588 W skia    : AGTM parsing failed flags.readFromStream(s) at 159
09-19 15:24:56.077   491   588 W skia    : AGTM parsing failed flags.readFromStream(s) at 159
09-19 15:24:56.077   491   588 W skia    : AGTM parsing failed flags.readFromStream(s) at 159
09-19 15:24:56.178   491   588 W skia    : AGTM parsing failed flags.readFromStream(s) at 159
09-19 15:24:56.178   491   588 W skia    : AGTM parsing failed flags.readFromStream(s) at 159
09-19 15:24:56.281   491   588 W skia    : AGTM parsing failed flags.readFromStream(s) at 159
09-19 15:24:56.281   491   588 W skia    : AGTM parsing failed flags.readFromStream(s) at 159
09-19 15:24:56.374  1012  1174 D SatelliteController: isInCarrierRoamingNbIotNtn: satellite is disabled
09-19 15:24:56.374  1012  1174 D SatelliteController: getCarrierRoamingNtnConnectType: Checking connect type from PLMN config for subId: 1
09-19 15:24:56.374  1012  1174 D TelephonyConfigUpdateInstallReceiver: getConfigParser: domain=satellite
09-19 15:24:56.374  1012  1174 V SatelliteController: satelliteConfigParser is not ready
09-19 15:24:56.374  1012  1174 D SatelliteController: isSatelliteAttachSupportedViaConfigupdater: return null (satelliteConfig is null)
09-19 15:24:56.375  1012  1174 D SatelliteController: getSatellitePerPlmnConfiguration: invalid subId or not supported via carrier.
09-19 15:24:56.375  1012  1174 D SatelliteController: getCarrierRoamingNtnConnectType: config: null
09-19 15:24:56.375  1012  1174 D TelephonyConfigUpdateInstallReceiver: getConfigParser: domain=satellite
09-19 15:24:56.375  1012  1174 V SatelliteController: satelliteConfigParser is not ready
09-19 15:24:56.375  1012  1174 D SatelliteController: getCarrierRoamingNtnConnectTypeViaConfigUpdater: return null (satelliteConfig is null)
09-19 15:24:56.375  1012  1174 D SatelliteController: getCarrierRoamingNtnConnectType: Falling back to global carrier config connect type: 0
09-19 15:24:56.375  1012  1174 D TelephonyConfigUpdateInstallReceiver: getConfigParser: domain=satellite
09-19 15:24:56.375  1012  1174 V SatelliteController: satelliteConfigParser is not ready
09-19 15:24:56.375  1012  1174 D SatelliteController: isSatelliteAttachSupportedViaConfigupdater: return null (satelliteConfig is null)
09-19 15:24:56.375  1012  1174 D SatelliteController: getCarrierRoamingNtnConnectType: Checking connect type from PLMN config for subId: 1
09-19 15:24:56.375  1012  1174 D TelephonyConfigUpdateInstallReceiver: getConfigParser: domain=satellite
09-19 15:24:56.375  1012  1174 V SatelliteController: satelliteConfigParser is not ready
09-19 15:24:56.375  1012  1174 D SatelliteController: isSatelliteAttachSupportedViaConfigupdater: return null (satelliteConfig is null)
09-19 15:24:56.375  1012  1174 D SatelliteController: getSatellitePerPlmnConfiguration: invalid subId or not supported via carrier.
09-19 15:24:56.375  1012  1174 D SatelliteController: getCarrierRoamingNtnConnectType: config: null
09-19 15:24:56.375  1012  1174 D TelephonyConfigUpdateInstallReceiver: getConfigParser: domain=satellite
09-19 15:24:56.375  1012  1174 V SatelliteController: satelliteConfigParser is not ready
09-19 15:24:56.375  1012  1174 D SatelliteController: getCarrierRoamingNtnConnectTypeViaConfigUpdater: return null (satelliteConfig is null)
09-19 15:24:56.375  1012  1174 D SatelliteController: getCarrierRoamingNtnConnectType: Falling back to global carrier config connect type: 0
09-19 15:24:56.375  1012  1174 D TelephonyConfigUpdateInstallReceiver: getConfigParser: domain=satellite
09-19 15:24:56.375  1012  1174 V SatelliteController: satelliteConfigParser is not ready
09-19 15:24:56.375  1012  1174 D SatelliteController: isSatelliteAttachSupportedViaConfigupdater: return null (satelliteConfig is null)
09-19 15:24:56.380   491   588 W skia    : AGTM parsing failed flags.readFromStream(s) at 159
09-19 15:24:56.380   491   588 W skia    : AGTM parsing failed flags.readFromStream(s) at 159
09-19 15:24:56.469 21446 21446 I flutter : RN_VALIDATION_CHUNK START {"schema":1,"runner":"flutter_flame_godot","event":"sample","scenario":"normal","sample":42,"elapsed_ms":44199,"rss_bytes":545116160,"enemies":3,"burning":0,"turrets":6,"projectiles":0,"effects":0,"metrics":{"authored_terrain":true,"draw_calls":96.0,"fps":42.6540754481158,"frame_ms":23.4444186046512,"max_frame_ms":24.4089999999997,"objects":112.0,"primitives":187919.0,"received_frames":2068,"renderer":"mobile","sequence":2538,"viewport":[880.0,1976.0]}}
09-19 15:24:56.470 21446 21446 I flutter : RN_VALIDATION_END
09-19 15:24:56.482   491   588 W skia    : AGTM parsing failed flags.readFromStream(s) at 159
09-19 15:24:56.482   491   588 W skia    : AGTM parsing failed flags.readFromStream(s) at 159
09-19 15:24:56.527   892   892 D wpa_supplicant: nl80211: Drv Event 64 (NL80211_CMD_NOTIFY_CQM) received for wlan0
09-19 15:24:56.527   892   892 D wpa_supplicant: nl80211: Beacon loss event
09-19 15:24:56.527   892   892 D wpa_supplicant: wlan0: Event BEACON_LOSS (53) received
09-19 15:24:56.527   892   892 I wpa_supplicant: wlan0: CTRL-EVENT-BEACON-LOSS 
09-19 15:24:56.593   491   588 W skia    : AGTM parsing failed flags.readFromStream(s) at 159
09-19 15:24:56.593   491   588 W skia    : AGTM parsing failed flags.readFromStream(s) at 159
09-19 15:24:56.695   491   588 W skia    : AGTM parsing failed flags.readFromStream(s) at 159
09-19 15:24:56.695   491   588 W skia    : AGTM parsing failed flags.readFromStream(s) at 159
09-19 15:24:56.801   645   800 D WifiNetworkSelector: Current connected network: 0
09-19 15:24:56.802   491   588 W skia    : AGTM parsing failed flags.readFromStream(s) at 159
09-19 15:24:56.802   491   588 W skia    : AGTM parsing failed flags.readFromStream(s) at 159
09-19 15:24:56.804   645   800 V WifiConnectivityManager: No full band scan because current network is sufficient
09-19 15:24:56.806   645   800 V WifiConnectivityManager: schedulePeriodicScanTimer intervalMs 160000
09-19 15:24:56.810   645   804 I WifiScanningService: Registering listener= com.android.server.wifi.scanner.WifiScannerInternal$ScanListener@1b77c0c uid=1000 packageName=null workSource=WorkSource{1000}
09-19 15:24:56.810   645   804 I WifiScanningService: start scan: ClientInfo[uid=1000, package=null, attributionTag=null, com.android.server.wifi.scanner.WifiScannerInternal$ScanListener@1b77c0c] package null AttributionTag null
09-19 15:24:56.810   645   804 I WifiScanningService: addSingleScanRequest: ClientInfo[uid=1000, package=null, attributionTag=null, com.android.server.wifi.scanner.WifiScannerInternal$ScanListener@1b77c0c],WorkSource{1010}, ScanSettings {  type:HIGH ACCURACY band:unspecified ignoreLocationSettings:false period:0 reportEvents:3 numBssidsPerScan:0 maxScansToCache:0 rnrSetting:2 6GhzPscOnlyEnabled:false channels:[ 2447  ]  } 
09-19 15:24:56.811   645   804 D WifiScanningService: replySucceeded onSuccess
09-19 15:24:56.811   645   804 E Nl80211Native: getChannelsMhzForBand: Wiphy index not recorded for band 8
09-19 15:24:56.812   645   804 E Nl80211Native: getChannelsMhzForBand: Wiphy index not recorded for band 16
09-19 15:24:56.812   645   804 D Nl80211Native: Ignoring unsupported scan type 2
09-19 15:24:56.812   645   804 I Nl80211Proxy: Sending Nl80211 message: GenericNetlinkMsg{ nlHeader{StructNlMsgHdr{ nlmsg_len{56}, nlmsg_type{29()}, nlmsg_flags{5(NLM_F_REQUEST|NLM_F_ACK)}, nlmsg_seq{12885}, nlmsg_pid{0} }}, genNlHeader{StructGenNlMsgHdr{ command{33}, version{1}, reserved{0} }}, attributes{[StructNlAttr{ nla_len{8}, nla_type{-32723}, nla_value{04000000}, }, StructNlAttr{ nla_len{8}, nla_type{3}, nla_value{10000000}, }, StructNlAttr{ nla_len{12}, nla_type{-32724}, nla_value{080000008F090000}, }, StructNlAttr{ nla_len{8}, nla_type{158}, nla_value{00000000}, }]} }
09-19 15:24:56.813   645   804 I Nl80211Proxy: Received NLMSG_ERROR with error 0 for message GenericNetlinkMsg{ nlHeader{StructNlMsgHdr{ nlmsg_len{56}, nlmsg_type{29()}, nlmsg_flags{5(NLM_F_REQUEST|NLM_F_ACK)}, nlmsg_seq{12885}, nlmsg_pid{0} }}, genNlHeader{StructGenNlMsgHdr{ command{33}, version{1}, reserved{0} }}, attributes{[StructNlAttr{ nla_len{8}, nla_type{-32723}, nla_value{04000000}, }, StructNlAttr{ nla_len{8}, nla_type{3}, nla_value{10000000}, }, StructNlAttr{ nla_len{12}, nla_type{-32724}, nla_value{080000008F090000}, }, StructNlAttr{ nla_len{8}, nla_type{158}, nla_value{00000000}, }]} }
09-19 15:24:56.813   892   892 D wpa_supplicant: nl80211: Drv Event 33 (NL80211_CMD_TRIGGER_SCAN) received for wlan0
09-19 15:24:56.813   892   892 D wpa_supplicant: wlan0: nl80211: Scan trigger
09-19 15:24:56.813   892   892 D wpa_supplicant: wlan0: Event SCAN_STARTED (47) received
09-19 15:24:56.813   892   892 D wpa_supplicant: wlan0: External program started a scan
09-19 15:24:56.859   645   800 D Nl80211Native: Received NL80211 broadcast: GenericNetlinkMsg{ nlHeader{StructNlMsgHdr{ nlmsg_len{68}, nlmsg_type{29()}, nlmsg_flags{0()}, nlmsg_seq{0}, nlmsg_pid{0} }}, genNlHeader{StructGenNlMsgHdr{ command{34}, version{1}, reserved{0} }}, attributes{[StructNlAttr{ nla_len{8}, nla_type{1}, nla_value{01000000}, }, StructNlAttr{ nla_len{8}, nla_type{3}, nla_value{10000000}, }, StructNlAttr{ nla_len{12}, nla_type{153}, nla_value{0100000001000000}, }, StructNlAttr{ nla_len{12}, nla_type{44}, nla_value{080000008F090000}, }, StructNlAttr{ nla_len{8}, nla_type{45}, nla_value{04000000}, }]} }
09-19 15:24:56.860   645   800 D WifiNative: Scan result ready event
09-19 15:24:56.860   645   804 I Nl80211Proxy: Sending Nl80211 message: GenericNetlinkMsg{ nlHeader{StructNlMsgHdr{ nlmsg_len{20}, nlmsg_type{29()}, nlmsg_flags{769(NLM_F_REQUEST|NLM_F_DUMP)}, nlmsg_seq{12886}, nlmsg_pid{0} }}, genNlHeader{StructGenNlMsgHdr{ command{5}, version{1}, reserved{0} }}, attributes{[]} }
09-19 15:24:56.860   645   804 I Nl80211Proxy: Received NLMSG_DONE for message GenericNetlinkMsg{ nlHeader{StructNlMsgHdr{ nlmsg_len{20}, nlmsg_type{29()}, nlmsg_flags{769(NLM_F_REQUEST|NLM_F_DUMP)}, nlmsg_seq{12886}, nlmsg_pid{0} }}, genNlHeader{StructGenNlMsgHdr{ command{5}, version{1}, reserved{0} }}, attributes{[]} }
09-19 15:24:56.860   645   804 W Nl80211Utils: Malformed NEW_INTERFACE response: missing attributes
09-19 15:24:56.860   645   804 I Nl80211Proxy: Sending Nl80211 message: GenericNetlinkMsg{ nlHeader{StructNlMsgHdr{ nlmsg_len{28}, nlmsg_type{29()}, nlmsg_flags{769(NLM_F_REQUEST|NLM_F_DUMP)}, nlmsg_seq{12887}, nlmsg_pid{0} }}, genNlHeader{StructGenNlMsgHdr{ command{32}, version{1}, reserved{0} }}, attributes{[StructNlAttr{ nla_len{8}, nla_type{3}, nla_value{10000000}, }]} }
09-19 15:24:56.860   645   804 I Nl80211Proxy: Received NLMSG_DONE for message GenericNetlinkMsg{ nlHeader{StructNlMsgHdr{ nlmsg_len{28}, nlmsg_type{29()}, nlmsg_flags{769(NLM_F_REQUEST|NLM_F_DUMP)}, nlmsg_seq{12887}, nlmsg_pid{0} }}, genNlHeader{StructGenNlMsgHdr{ command{32}, version{1}, reserved{0} }}, attributes{[StructNlAttr{ nla_len{8}, nla_type{3}, nla_value{10000000}, }]} }
09-19 15:24:56.860   645   804 D WifiNative: get 1 scan results from nl80211
09-19 15:24:56.861   645   804 I WifiScanningService: singleScanResults: ClientInfo[uid=1000, package=null, attributionTag=null, com.android.server.wifi.scanner.WifiScannerInternal$ScanListener@1b77c0c],results=1
09-19 15:24:56.861  2432  2579 I WifiScanner: onFullResults
09-19 15:24:56.861   645   804 I WifiScanningService: singleScanResults listener: ClientInfo[uid=1000, package=android, attributionTag=null, com.android.server.wifi.scanner.WifiScannerInternal$ScanListener@e9105f3],results=1
09-19 15:24:56.861   645   800 D WifiScanRequestProxy: Scan results received
09-19 15:24:56.861   645   800 D WifiScanRequestProxy: Received 1 scan results
09-19 15:24:56.861   645   804 I WifiScanningService: singleScanResults listener: ClientInfo[uid=1000, package=android, attributionTag=null, com.android.server.wifi.scanner.WifiScannerInternal$ScanListener@1c53a99],results=1
09-19 15:24:56.861  2432  2539 I WifiScanner: onFullResults
09-19 15:24:56.861   645   804 I WifiScanningService: singleScanResults listener: ClientInfo[uid=1000, package=android, attributionTag=null, com.android.server.wifi.scanner.WifiScannerInternal$ScanListener@45ad4de],results=1
09-19 15:24:56.861   645   804 I WifiScanningService: singleScanResults listener: ClientInfo[uid=10222, package=com.google.android.gms, attributionTag=network_location_provider, android.net.wifi.IWifiScannerListener$Stub$Proxy@5830870],results=1
09-19 15:24:56.861   645   804 I WifiScanningService: singleScanResults listener: ClientInfo[uid=10222, package=com.google.android.gms, attributionTag=fused_location_provider, android.net.wifi.IWifiScannerListener$Stub$Proxy@33c8657],results=1
09-19 15:24:56.861   645   804 I WifiScanningService: Unregistering listener= com.android.server.wifi.scanner.WifiScannerInternal$ScanListener@1b77c0c uid=1000 packageName=null workSource=WorkSource{1000}
09-19 15:24:56.864   645   800 I HalDevMgr: bestIfaceCreationProposal is null, requestIface=STA, existingIface=[name=wlan0 type=STA]
09-19 15:24:56.864   645   800 V WifiConnectivityManager: AllSingleScanListener onResults: start network selection
09-19 15:24:56.865   645   800 V WifiConfigManager: getSavedNetworkFromScanResult Found "AndroidWifi"NONE for AndroidWifi[[ESS]]
09-19 15:24:56.865   645   800 D WifiNetworkSelector: Current connected network: 0
09-19 15:24:56.865   645   800 D WifiNetworkSelector: wlan0: Current connected network already sufficient. Skip network selection.
09-19 15:24:56.865   645   800 V WifiLastResortWatchdog: updateAvailableNetworks: size = 0
09-19 15:24:56.865   645   800 V WifiLastResortWatchdog: mWatchdogFeatureEnabled: true
09-19 15:24:56.865   645   800 V WifiLastResortWatchdog: mWatchdogAllowedToTrigger: true
09-19 15:24:56.865   645   800 V WifiLastResortWatchdog: mRecentAvailableNetworks: 0
09-19 15:24:56.865   645   800 V WifiLastResortWatchdog: mSsidFailureCount:
09-19 15:24:56.865   645   800 V WifiConnectivityManager: AllSingleScanListener:  No candidates
09-19 15:24:56.867   892   892 D wpa_supplicant: nl80211: Drv Event 34 (NL80211_CMD_NEW_SCAN_RESULTS) received for wlan0
09-19 15:24:56.867   892   892 D wpa_supplicant: wlan0: nl80211: New scan results available
09-19 15:24:56.867   892   892 D wpa_supplicant: nl80211: Scan probed for SSID ''
09-19 15:24:56.867   892   892 D wpa_supplicant: nl80211: Scan included frequencies: 2447
09-19 15:24:56.867   892   892 D wpa_supplicant: wlan0: Event SCAN_RESULTS (3) received
09-19 15:24:56.867   892   892 D wpa_supplicant: nl80211: Received scan results (1 BSSes)
09-19 15:24:56.868   892   892 D wpa_supplicant: nl80211: Scan results indicate BSS status with 00:13:10:85:fe:01 as associated
09-19 15:24:56.868   892   892 D wpa_supplicant: wlan0: BSS: Start scan result update 4263
09-19 15:24:56.868   892   892 D wpa_supplicant: BSS: last_scan_res_used=1/32
09-19 15:24:56.868   892   892 D wpa_supplicant: wlan0: New scan results available (own=0 ext=1)
09-19 15:24:56.868   892   892 D wpa_supplicant: wlan0: Do not use results from externally requested scan operation for network selection
09-19 15:24:56.899   491   588 W skia    : AGTM parsing failed flags.readFromStream(s) at 159
09-19 15:24:56.899   491   588 W skia    : AGTM parsing failed flags.readFromStream(s) at 159
09-19 15:24:57.013   491   588 W skia    : AGTM parsing failed flags.readFromStream(s) at 159
09-19 15:24:57.013   491   588 W skia    : AGTM parsing failed flags.readFromStream(s) at 159
09-19 15:24:57.115   491   588 W skia    : AGTM parsing failed flags.readFromStream(s) at 159
09-19 15:24:57.115   491   588 W skia    : AGTM parsing failed flags.readFromStream(s) at 159
09-19 15:24:57.230   491   588 W skia    : AGTM parsing failed flags.readFromStream(s) at 159
09-19 15:24:57.230   491   588 W skia    : AGTM parsing failed flags.readFromStream(s) at 159
09-19 15:24:57.313 21446 21451 I us.godotpreview: NativeAlloc concurrent mark compact GC freed 131KB AllocSpace bytes, 7(392KB) LOS objects, 49% free, 2351KB/4702KB, paused 160us,9.073ms total 18.136ms
09-19 15:24:57.331   491   588 W skia    : AGTM parsing failed flags.readFromStream(s) at 159
09-19 15:24:57.331   491   588 W skia    : AGTM parsing failed flags.readFromStream(s) at 159
09-19 15:24:57.444   491   588 W skia    : AGTM parsing failed flags.readFromStream(s) at 159
09-19 15:24:57.444   491   588 W skia    : AGTM parsing failed flags.readFromStream(s) at 159
09-19 15:24:57.482 21446 21446 I flutter : RN_VALIDATION_CHUNK START {"schema":1,"runner":"flutter_flame_godot","event":"sample","scenario":"normal","sample":43,"elapsed_ms":45212,"rss_bytes":545337344,"enemies":3,"burning":0,"turrets":6,"projectiles":0,"effects":0,"metrics":{"authored_terrain":true,"draw_calls":90.0,"fps":44.4712369921631,"frame_ms":22.4864444444445,"max_frame_ms":24.1317777777778,"objects":104.0,"primitives":184615.0,"received_frames":2109,"renderer":"mobile","sequence":2582,"viewport":[880.0,1976.0]}}
09-19 15:24:57.483 21446 21446 I flutter : RN_VALIDATION_END
09-19 15:24:57.546   491   588 W skia    : AGTM parsing failed flags.readFromStream(s) at 159
09-19 15:24:57.546   491   588 W skia    : AGTM parsing failed flags.readFromStream(s) at 159
09-19 15:24:57.647   491   588 W skia    : AGTM parsing failed flags.readFromStream(s) at 159
09-19 15:24:57.647   491   588 W skia    : AGTM parsing failed flags.readFromStream(s) at 159
09-19 15:24:57.748   491   588 W skia    : AGTM parsing failed flags.readFromStream(s) at 159
09-19 15:24:57.748   491   588 W skia    : AGTM parsing failed flags.readFromStream(s) at 159
09-19 15:24:57.797   487   531 D AudioFlinger: mixer(0xb400006ff95ca790) throttle end: throttle time(4)
09-19 15:24:57.848   491   588 W skia    : AGTM parsing failed flags.readFromStream(s) at 159
09-19 15:24:57.848   491   588 W skia    : AGTM parsing failed flags.readFromStream(s) at 159
09-19 15:24:57.949   491   588 W skia    : AGTM parsing failed flags.readFromStream(s) at 159
09-19 15:24:57.949   491   588 W skia    : AGTM parsing failed flags.readFromStream(s) at 159
09-19 15:24:58.079   491   588 W skia    : AGTM parsing failed flags.readFromStream(s) at 159
09-19 15:24:58.079   491   588 W skia    : AGTM parsing failed flags.readFromStream(s) at 159
09-19 15:24:58.192   491   588 W skia    : AGTM parsing failed flags.readFromStream(s) at 159
09-19 15:24:58.192   491   588 W skia    : AGTM parsing failed flags.readFromStream(s) at 159
09-19 15:24:58.298   491   588 W skia    : AGTM parsing failed flags.readFromStream(s) at 159
09-19 15:24:58.298   491   588 W skia    : AGTM parsing failed flags.readFromStream(s) at 159
09-19 15:24:58.428   491   588 W skia    : AGTM parsing failed flags.readFromStream(s) at 159
09-19 15:24:58.428   491   588 W skia    : AGTM parsing failed flags.readFromStream(s) at 159
09-19 15:24:58.485 21446 21446 I flutter : RN_VALIDATION_CHUNK START {"schema":1,"runner":"flutter_flame_godot","event":"sample","scenario":"normal","sample":44,"elapsed_ms":46215,"rss_bytes":545697792,"enemies":3,"burning":0,"turrets":6,"projectiles":0,"effects":0,"metrics":{"authored_terrain":true,"draw_calls":102.0,"fps":44.3903439134671,"frame_ms":22.5274217732884,"max_frame_ms":25.7575757575758,"objects":118.0,"primitives":188823.0,"received_frames":2149,"renderer":"mobile","sequence":2627,"viewport":[880.0,1976.0]}}
09-19 15:24:58.485 21446 21446 I flutter : RN_VALIDATION_END
09-19 15:24:58.532   491   588 W skia    : AGTM parsing failed flags.readFromStream(s) at 159
09-19 15:24:58.532   491   588 W skia    : AGTM parsing failed flags.readFromStream(s) at 159
09-19 15:24:58.643   491   588 W skia    : AGTM parsing failed flags.readFromStream(s) at 159
09-19 15:24:58.643   491   588 W skia    : AGTM parsing failed flags.readFromStream(s) at 159
09-19 15:24:58.746   491   588 W skia    : AGTM parsing failed flags.readFromStream(s) at 159
09-19 15:24:58.746   491   588 W skia    : AGTM parsing failed flags.readFromStream(s) at 159
09-19 15:24:58.758   645   800 D WifiClientModeImpl[3810:wlan0]: updateLinkLayerStatsRssiSpeedFrequencyCapabilities rssi=-50 TxLinkspeed=1 freq=2447 RxLinkSpeed=2
09-19 15:24:58.758   645   800 D WifiDataStall: tx tput in kbps: 11000
09-19 15:24:58.758   645   800 D WifiDataStall: rx tput in kbps: 11000
09-19 15:24:58.758   645   800 V WifiConfigManager: Updating scan detail cache freq=2447 BSSID=00:13:10:85:fe:01 RSSI=-50 for "AndroidWifi"NONE
09-19 15:24:58.758   645   800 D WifiThroughputPredictor:  utilization (LLS) 80 isBluetoothConnected: false final utilization: 80
09-19 15:24:58.758   645   800 D WifiThroughputPredictor:  BW: 0 RSSI: -50 Nss: 1 Mode: 1 symDur: 4000 snrDb 30 bitPerTone: 4500 rate: 54 throughput: 11
09-19 15:24:58.758   645   800 D WifiThroughputPredictor:  utilization (LLS) 80 isBluetoothConnected: false final utilization: 80
09-19 15:24:58.758   645   800 D WifiThroughputPredictor:  BW: 0 RSSI: -50 Nss: 1 Mode: 1 symDur: 4000 snrDb 30 bitPerTone: 4500 rate: 54 throughput: 11
09-19 15:24:58.758   645   800 D WifiThroughputPredictor:  utilization (LLS) 80 isBluetoothConnected: false final utilization: 80
09-19 15:24:58.758   645   800 D WifiThroughputPredictor:  BW: 0 RSSI: -50 Nss: 1 Mode: 1 symDur: 4000 snrDb 30 bitPerTone: 4500 rate: 54 throughput: 11
09-19 15:24:58.758   645   800 D WifiThroughputPredictor:  utilization (LLS) 80 isBluetoothConnected: false final utilization: 80
09-19 15:24:58.758   645   800 D WifiThroughputPredictor:  BW: 0 RSSI: -50 Nss: 1 Mode: 1 symDur: 4000 snrDb 30 bitPerTone: 4500 rate: 54 throughput: 11
09-19 15:24:58.763   645   800 I HalDevMgr: bestIfaceCreationProposal is null, requestIface=STA, existingIface=[name=wlan0 type=STA]
09-19 15:24:58.763   645   800 D WifiScoreCard: BSSID update SIGNAL_POLL ID: 760286919 SSID: "AndroidWifi", BSSID: 00:13:10:85:fe:01, MAC: 02:15:b2:00:00:00, IP: /10.0.2.16, Security type: 0, Supplicant state: COMPLETED, Wi-Fi standard: legacy, RSSI: -50, Link speed: 1Mbps, Tx Link speed: 1Mbps, Max Supported Tx Link speed: 11Mbps, Calculated Tx : 0Mbps, Rx Link speed: 2Mbps, Max Supported Rx Link speed: 11Mbps, Calculated Rx : 0Mbps, Frequency: 2447MHz, Net ID: 0, Metered hint: false, score: 100, isUsable: true, CarrierMerged: false, SubscriptionId: -1, IsPrimary: 1, Trusted: true, Restricted: false, Ephemeral: false, OEM paid: false, OEM private: false, OSU AP: false, FQDN: <none>, Provider friendly name: <none>, Requesting package name: <none>"AndroidWifi"openMLO Information: , Is TID-To-Link negotiation supported by the AP: false, AP MLD Address: <none>, AP MLO Link Id: <none>, AP MLO Affiliated links: <none>, Vendor Data: <none>
09-19 15:24:58.763   645   800 D WifiScoreCard: txRate: 1 txSpeed: 1
09-19 15:24:58.763   645   800 D WifiScoreCard: network update SIGNAL_POLL "AndroidWifi" ID: 673433585 RSSI -50 txSpeed -1
09-19 15:24:58.763   645   800 D WifiClientModeImpl[3810:wlan0]:  ClientModeImpl$L2ConnectedState screen=on 26 0 "AndroidWifi" 00:13:10:85:fe:01 rssi=-50 f=2447 sc=100 link=1 tx=0.0, 0.0, 0.0 rx=0.0 bcn=0 [on:0 tx:0 rx:0 period:3007] from screen [on:0 period:-1202263669] score=100
09-19 15:24:58.847   491   588 W skia    : AGTM parsing failed flags.readFromStream(s) at 159
09-19 15:24:58.847   491   588 W skia    : AGTM parsing failed flags.readFromStream(s) at 159
09-19 15:24:58.948   491   588 W skia    : AGTM parsing failed flags.readFromStream(s) at 159
09-19 15:24:58.948   491   588 W skia    : AGTM parsing failed flags.readFromStream(s) at 159
09-19 15:24:59.048   491   588 W skia    : AGTM parsing failed flags.readFromStream(s) at 159
09-19 15:24:59.048   491   588 W skia    : AGTM parsing failed flags.readFromStream(s) at 159
09-19 15:24:59.148   491   588 W skia    : AGTM parsing failed flags.readFromStream(s) at 159
09-19 15:24:59.148   491   588 W skia    : AGTM parsing failed flags.readFromStream(s) at 159
09-19 15:24:59.249   491   588 W skia    : AGTM parsing failed flags.readFromStream(s) at 159
09-19 15:24:59.250   491   588 W skia    : AGTM parsing failed flags.readFromStream(s) at 159
09-19 15:24:59.365   491   588 W skia    : AGTM parsing failed flags.readFromStream(s) at 159
09-19 15:24:59.365   491   588 W skia    : AGTM parsing failed flags.readFromStream(s) at 159
09-19 15:24:59.467   491   588 W skia    : AGTM parsing failed flags.readFromStream(s) at 159
09-19 15:24:59.467   491   588 W skia    : AGTM parsing failed flags.readFromStream(s) at 159
09-19 15:24:59.501 21446 21446 I flutter : RN_VALIDATION_CHUNK START {"schema":1,"runner":"flutter_flame_godot","event":"sample","scenario":"normal","sample":45,"elapsed_ms":47231,"rss_bytes":545181696,"enemies":3,"burning":0,"turrets":6,"projectiles":0,"effects":0,"metrics":{"authored_terrain":true,"draw_calls":82.0,"fps":42.5572758001085,"frame_ms":23.4977446558609,"max_frame_ms":28.4906666666663,"objects":92.0,"primitives":184145.0,"received_frames":2189,"renderer":"mobile","sequence":2672,"viewport":[880.0,1976.0]}}
09-19 15:24:59.501 21446 21446 I flutter : RN_VALIDATION_END
09-19 15:24:59.577   491   588 W skia    : AGTM parsing failed flags.readFromStream(s) at 159
09-19 15:24:59.577   491   588 W skia    : AGTM parsing failed flags.readFromStream(s) at 159
09-19 15:24:59.606   645   685 I WifiService: isFeatureSupported uid=1000 returns [WIFI_FEATURE_INFRA, WIFI_FEATURE_P2P, WIFI_FEATURE_MOBILE_HOTSPOT, WIFI_FEATURE_WPA3_SAE, WIFI_FEATURE_WPA3_SUITE_B, WIFI_FEATURE_OWE, WIFI_FEATURE_DPP, WIFI_FEATURE_AP_RAND_MAC, WIFI_FEATURE_MBO, WIFI_FEATURE_FILS_SHA256, WIFI_FEATURE_FILS_SHA384, WIFI_FEATURE_SAE_PK, WIFI_FEATURE_DPP_ENROLLEE_RESPONDER, WIFI_FEATURE_PASSPOINT_TERMS_AND_CONDITIONS, WIFI_FEATURE_WFD_R2, WIFI_FEATURE_DECORATED_IDENTITY, WIFI_FEATURE_TRUST_ON_FIRST_USE, WIFI_FEATURE_SET_TLS_MINIMUM_VERSION, WIFI_FEATURE_TLS_V1_3, WIFI_FEATURE_WEP, WIFI_FEATURE_WPA_PERSONAL]
09-19 15:24:59.679   491   588 W skia    : AGTM parsing failed flags.readFromStream(s) at 159
09-19 15:24:59.679   491   588 W skia    : AGTM parsing failed flags.readFromStream(s) at 159
09-19 15:24:59.781   491   588 W skia    : AGTM parsing failed flags.readFromStream(s) at 159
09-19 15:24:59.781   491   588 W skia    : AGTM parsing failed flags.readFromStream(s) at 159
09-19 15:24:59.881   491   588 W skia    : AGTM parsing failed flags.readFromStream(s) at 159
09-19 15:24:59.881   491   588 W skia    : AGTM parsing failed flags.readFromStream(s) at 159
09-19 15:24:59.990   491   588 W skia    : AGTM parsing failed flags.readFromStream(s) at 159
09-19 15:24:59.990   491   588 W skia    : AGTM parsing failed flags.readFromStream(s) at 159
09-19 15:25:00.096   491   588 W skia    : AGTM parsing failed flags.readFromStream(s) at 159
09-19 15:25:00.096   491   588 W skia    : AGTM parsing failed flags.readFromStream(s) at 159
09-19 15:25:00.214   491   588 W skia    : AGTM parsing failed flags.readFromStream(s) at 159
09-19 15:25:00.215   491   588 W skia    : AGTM parsing failed flags.readFromStream(s) at 159
09-19 15:25:00.316   491   588 W skia    : AGTM parsing failed flags.readFromStream(s) at 159
09-19 15:25:00.316   491   588 W skia    : AGTM parsing failed flags.readFromStream(s) at 159
09-19 15:25:00.430   491   588 W skia    : AGTM parsing failed flags.readFromStream(s) at 159
09-19 15:25:00.430   491   588 W skia    : AGTM parsing failed flags.readFromStream(s) at 159
09-19 15:25:00.507 21446 21446 I flutter : RN_VALIDATION_CHUNK START {"schema":1,"runner":"flutter_flame_godot","event":"sample","scenario":"normal","sample":46,"elapsed_ms":48237,"rss_bytes":545275904,"enemies":3,"burning":0,"turrets":6,"projectiles":0,"effects":0,"metrics":{"authored_terrain":true,"draw_calls":94.0,"fps":44.5899360844553,"frame_ms":22.4265851851852,"max_frame_ms":34.562,"objects":112.0,"primitives":185727.0,"received_frames":2230,"renderer":"mobile","sequence":2718,"viewport":[880.0,1976.0]}}
09-19 15:25:00.507 21446 21446 I flutter : RN_VALIDATION_END
09-19 15:25:00.532   491   588 W skia    : AGTM parsing failed flags.readFromStream(s) at 159
09-19 15:25:00.533   491   588 W skia    : AGTM parsing failed flags.readFromStream(s) at 159
09-19 15:25:00.633   491   588 W skia    : AGTM parsing failed flags.readFromStream(s) at 159
09-19 15:25:00.633   491   588 W skia    : AGTM parsing failed flags.readFromStream(s) at 159
09-19 15:25:00.745   491   588 W skia    : AGTM parsing failed flags.readFromStream(s) at 159
09-19 15:25:00.745   491   588 W skia    : AGTM parsing failed flags.readFromStream(s) at 159
09-19 15:25:00.845   491   588 W skia    : AGTM parsing failed flags.readFromStream(s) at 159
09-19 15:25:00.845   491   588 W skia    : AGTM parsing failed flags.readFromStream(s) at 159
09-19 15:25:00.948   491   588 W skia    : AGTM parsing failed flags.readFromStream(s) at 159
09-19 15:25:00.948   491   588 W skia    : AGTM parsing failed flags.readFromStream(s) at 159
09-19 15:25:01.048   491   588 W skia    : AGTM parsing failed flags.readFromStream(s) at 159
09-19 15:25:01.048   491   588 W skia    : AGTM parsing failed flags.readFromStream(s) at 159
09-19 15:25:01.148   491   588 W skia    : AGTM parsing failed flags.readFromStream(s) at 159
09-19 15:25:01.148   491   588 W skia    : AGTM parsing failed flags.readFromStream(s) at 159
09-19 15:25:01.251   491   588 W skia    : AGTM parsing failed flags.readFromStream(s) at 159
09-19 15:25:01.251   491   588 W skia    : AGTM parsing failed flags.readFromStream(s) at 159
09-19 15:25:01.367   491   588 W skia    : AGTM parsing failed flags.readFromStream(s) at 159
09-19 15:25:01.367   491   588 W skia    : AGTM parsing failed flags.readFromStream(s) at 159
09-19 15:25:01.479   491   588 W skia    : AGTM parsing failed flags.readFromStream(s) at 159
09-19 15:25:01.479   491   588 W skia    : AGTM parsing failed flags.readFromStream(s) at 159
09-19 15:25:01.528 21446 21446 I flutter : RN_VALIDATION_CHUNK START {"schema":1,"runner":"flutter_flame_godot","event":"sample","scenario":"normal","sample":47,"elapsed_ms":49259,"rss_bytes":545447936,"enemies":3,"burning":0,"turrets":6,"projectiles":0,"effects":0,"metrics":{"authored_terrain":true,"draw_calls":97.0,"fps":42.2950819672131,"frame_ms":23.6434108527132,"max_frame_ms":25.8333333333334,"objects":115.0,"primitives":187925.0,"received_frames":2267,"renderer":"mobile","sequence":2759,"viewport":[880.0,1976.0]}}
09-19 15:25:01.528 21446 21446 I flutter : RN_VALIDATION_END
09-19 15:25:01.580   491   588 W skia    : AGTM parsing failed flags.readFromStream(s) at 159
09-19 15:25:01.580   491   588 W skia    : AGTM parsing failed flags.readFromStream(s) at 159
09-19 15:25:01.692   491   588 W skia    : AGTM parsing failed flags.readFromStream(s) at 159
09-19 15:25:01.692   491   588 W skia    : AGTM parsing failed flags.readFromStream(s) at 159
09-19 15:25:01.720   487   531 D AudioFlinger: mixer(0xb400006ff95ca790) throttle end: throttle time(5)
09-19 15:25:01.767   645   800 D WifiClientModeImpl[3810:wlan0]: updateLinkLayerStatsRssiSpeedFrequencyCapabilities rssi=-50 TxLinkspeed=1 freq=2447 RxLinkSpeed=2
09-19 15:25:01.767   645   800 D WifiDataStall: tx tput in kbps: 11000
09-19 15:25:01.767   645   800 D WifiDataStall: rx tput in kbps: 11000
09-19 15:25:01.767   645   800 V WifiConfigManager: Updating scan detail cache freq=2447 BSSID=00:13:10:85:fe:01 RSSI=-50 for "AndroidWifi"NONE
09-19 15:25:01.767   645   800 D WifiThroughputPredictor:  utilization (LLS) 80 isBluetoothConnected: false final utilization: 80
09-19 15:25:01.767   645   800 D WifiThroughputPredictor:  BW: 0 RSSI: -50 Nss: 1 Mode: 1 symDur: 4000 snrDb 30 bitPerTone: 4500 rate: 54 throughput: 11
09-19 15:25:01.767   645   800 D WifiThroughputPredictor:  utilization (LLS) 80 isBluetoothConnected: false final utilization: 80
09-19 15:25:01.767   645   800 D WifiThroughputPredictor:  BW: 0 RSSI: -50 Nss: 1 Mode: 1 symDur: 4000 snrDb 30 bitPerTone: 4500 rate: 54 throughput: 11
09-19 15:25:01.767   645   800 D WifiThroughputPredictor:  utilization (LLS) 80 isBluetoothConnected: false final utilization: 80
09-19 15:25:01.767   645   800 D WifiThroughputPredictor:  BW: 0 RSSI: -50 Nss: 1 Mode: 1 symDur: 4000 snrDb 30 bitPerTone: 4500 rate: 54 throughput: 11
09-19 15:25:01.767   645   800 D WifiThroughputPredictor:  utilization (LLS) 80 isBluetoothConnected: false final utilization: 80
09-19 15:25:01.767   645   800 D WifiThroughputPredictor:  BW: 0 RSSI: -50 Nss: 1 Mode: 1 symDur: 4000 snrDb 30 bitPerTone: 4500 rate: 54 throughput: 11
09-19 15:25:01.769   645   800 I HalDevMgr: bestIfaceCreationProposal is null, requestIface=STA, existingIface=[name=wlan0 type=STA]
09-19 15:25:01.771   645   800 D WifiScoreCard: BSSID update SIGNAL_POLL ID: 760286919 SSID: "AndroidWifi", BSSID: 00:13:10:85:fe:01, MAC: 02:15:b2:00:00:00, IP: /10.0.2.16, Security type: 0, Supplicant state: COMPLETED, Wi-Fi standard: legacy, RSSI: -50, Link speed: 1Mbps, Tx Link speed: 1Mbps, Max Supported Tx Link speed: 11Mbps, Calculated Tx : 0Mbps, Rx Link speed: 2Mbps, Max Supported Rx Link speed: 11Mbps, Calculated Rx : 0Mbps, Frequency: 2447MHz, Net ID: 0, Metered hint: false, score: 100, isUsable: true, CarrierMerged: false, SubscriptionId: -1, IsPrimary: 1, Trusted: true, Restricted: false, Ephemeral: false, OEM paid: false, OEM private: false, OSU AP: false, FQDN: <none>, Provider friendly name: <none>, Requesting package name: <none>"AndroidWifi"openMLO Information: , Is TID-To-Link negotiation supported by the AP: false, AP MLD Address: <none>, AP MLO Link Id: <none>, AP MLO Affiliated links: <none>, Vendor Data: <none>
09-19 15:25:01.771   645   800 D WifiScoreCard: txRate: 1 txSpeed: 1
09-19 15:25:01.771   645   800 D WifiScoreCard: network update SIGNAL_POLL "AndroidWifi" ID: 673433585 RSSI -50 txSpeed -1
09-19 15:25:01.771   645   800 D WifiClientModeImpl[3810:wlan0]:  ClientModeImpl$L2ConnectedState screen=on 26 0 "AndroidWifi" 00:13:10:85:fe:01 rssi=-50 f=2447 sc=100 link=1 tx=0.0, 0.0, 0.0 rx=0.0 bcn=0 [on:0 tx:0 rx:0 period:3008] from screen [on:0 period:-1202260661] score=100
09-19 15:25:01.793   491   588 W skia    : AGTM parsing failed flags.readFromStream(s) at 159
09-19 15:25:01.793   491   588 W skia    : AGTM parsing failed flags.readFromStream(s) at 159
09-19 15:25:01.897   491   588 W skia    : AGTM parsing failed flags.readFromStream(s) at 159
09-19 15:25:01.897   491   588 W skia    : AGTM parsing failed flags.readFromStream(s) at 159
09-19 15:25:01.969   487   531 D AudioFlinger: mixer(0xb400006ff95ca790) throttle end: throttle time(1)
09-19 15:25:01.999   491   588 W skia    : AGTM parsing failed flags.readFromStream(s) at 159
09-19 15:25:01.999   491   588 W skia    : AGTM parsing failed flags.readFromStream(s) at 159
09-19 15:25:02.113   491   588 W skia    : AGTM parsing failed flags.readFromStream(s) at 159
09-19 15:25:02.113   491   588 W skia    : AGTM parsing failed flags.readFromStream(s) at 159
09-19 15:25:02.214   491   588 W skia    : AGTM parsing failed flags.readFromStream(s) at 159
09-19 15:25:02.214   491   588 W skia    : AGTM parsing failed flags.readFromStream(s) at 159
09-19 15:25:02.314   491   588 W skia    : AGTM parsing failed flags.readFromStream(s) at 159
09-19 15:25:02.314   491   588 W skia    : AGTM parsing failed flags.readFromStream(s) at 159
09-19 15:25:02.356 21446 21451 W us.godotpreview: Suspending all threads took: 7.344ms
09-19 15:25:02.360 21446 21451 I us.godotpreview: NativeAlloc concurrent mark compact GC freed 130KB AllocSpace bytes, 6(360KB) LOS objects, 49% free, 2323KB/4646KB, paused 10.390ms,407us total 27.240ms
09-19 15:25:02.477   491   588 W skia    : AGTM parsing failed flags.readFromStream(s) at 159
09-19 15:25:02.477   491   588 W skia    : AGTM parsing failed flags.readFromStream(s) at 159
09-19 15:25:02.490   487   531 D AudioFlinger: mixer(0xb400006ff95ca790) throttle end: throttle time(17)
09-19 15:25:02.544 21446 21446 I flutter : RN_VALIDATION_CHUNK START {"schema":1,"runner":"flutter_flame_godot","event":"sample","scenario":"normal","sample":48,"elapsed_ms":50274,"rss_bytes":545259520,"enemies":3,"burning":0,"turrets":6,"projectiles":0,"effects":0,"metrics":{"authored_terrain":true,"draw_calls":88.0,"fps":41.6323764341385,"frame_ms":24.0197674418605,"max_frame_ms":55.8083333333333,"objects":102.0,"primitives":184611.0,"received_frames":2306,"renderer":"mobile","sequence":2802,"viewport":[880.0,1976.0]}}
09-19 15:25:02.544 21446 21446 I flutter : RN_VALIDATION_END
09-19 15:25:02.582   491   588 W skia    : AGTM parsing failed flags.readFromStream(s) at 159
09-19 15:25:02.582   491   588 W skia    : AGTM parsing failed flags.readFromStream(s) at 159
09-19 15:25:02.684   491   588 W skia    : AGTM parsing failed flags.readFromStream(s) at 159
09-19 15:25:02.684   491   588 W skia    : AGTM parsing failed flags.readFromStream(s) at 159
09-19 15:25:02.795   491   588 W skia    : AGTM parsing failed flags.readFromStream(s) at 159
09-19 15:25:02.796   491   588 W skia    : AGTM parsing failed flags.readFromStream(s) at 159
09-19 15:25:02.896   491   588 W skia    : AGTM parsing failed flags.readFromStream(s) at 159
09-19 15:25:02.896   491   588 W skia    : AGTM parsing failed flags.readFromStream(s) at 159
09-19 15:25:02.997   491   588 W skia    : AGTM parsing failed flags.readFromStream(s) at 159
09-19 15:25:02.997   491   588 W skia    : AGTM parsing failed flags.readFromStream(s) at 159
09-19 15:25:03.098   491   588 W skia    : AGTM parsing failed flags.readFromStream(s) at 159
09-19 15:25:03.098   491   588 W skia    : AGTM parsing failed flags.readFromStream(s) at 159
09-19 15:25:03.198   491   588 W skia    : AGTM parsing failed flags.readFromStream(s) at 159
09-19 15:25:03.198   491   588 W skia    : AGTM parsing failed flags.readFromStream(s) at 159
09-19 15:25:03.298   491   588 W skia    : AGTM parsing failed flags.readFromStream(s) at 159
09-19 15:25:03.298   491   588 W skia    : AGTM parsing failed flags.readFromStream(s) at 159
09-19 15:25:03.399   491   588 W skia    : AGTM parsing failed flags.readFromStream(s) at 159
09-19 15:25:03.399   491   588 W skia    : AGTM parsing failed flags.readFromStream(s) at 159
09-19 15:25:03.442   645   740 D ActivityManager: freezing 20885 com.example.rune_nexus
09-19 15:25:03.443   487  3415 D AudioFlinger: onStateChanged: pid:20885  uid:10232  state:frozen - no freeze activity
09-19 15:25:03.447   645   806 D InetDiagMessage: Destroyed 0 sockets, proto=IPPROTO_TCP, family=AF_INET, states=14
09-19 15:25:03.448   645   806 D InetDiagMessage: Destroyed 0 sockets, proto=IPPROTO_TCP, family=AF_INET6, states=14
09-19 15:25:03.449   645   806 D InetDiagMessage: Destroyed live tcp sockets for uids={10232} in 2ms
09-19 15:25:03.513   491   588 W skia    : AGTM parsing failed flags.readFromStream(s) at 159
09-19 15:25:03.513   491   588 W skia    : AGTM parsing failed flags.readFromStream(s) at 159
09-19 15:25:03.553 21446 21446 I flutter : RN_VALIDATION_CHUNK START {"schema":1,"runner":"flutter_flame_godot","event":"sample","scenario":"normal","sample":49,"elapsed_ms":51284,"rss_bytes":545959936,"enemies":3,"burning":0,"turrets":6,"projectiles":0,"effects":0,"metrics":{"authored_terrain":true,"draw_calls":112.0,"fps":41.6976779357399,"frame_ms":23.9821507936508,"max_frame_ms":34.9,"objects":132.0,"primitives":190553.0,"received_frames":2342,"renderer":"mobile","sequence":2842,"viewport":[880.0,1976.0]}}
09-19 15:25:03.553 21446 21446 I flutter : RN_VALIDATION_END
09-19 15:25:03.613   491   588 W skia    : AGTM parsing failed flags.readFromStream(s) at 159
09-19 15:25:03.613   491   588 W skia    : AGTM parsing failed flags.readFromStream(s) at 159
09-19 15:25:03.714   491   588 W skia    : AGTM parsing failed flags.readFromStream(s) at 159
09-19 15:25:03.715   491   588 W skia    : AGTM parsing failed flags.readFromStream(s) at 159
09-19 15:25:03.814   491   588 W skia    : AGTM parsing failed flags.readFromStream(s) at 159
09-19 15:25:03.815   491   588 W skia    : AGTM parsing failed flags.readFromStream(s) at 159
09-19 15:25:03.914   491   588 W skia    : AGTM parsing failed flags.readFromStream(s) at 159
09-19 15:25:03.915   491   588 W skia    : AGTM parsing failed flags.readFromStream(s) at 159
09-19 15:25:04.016   491   588 W skia    : AGTM parsing failed flags.readFromStream(s) at 159
09-19 15:25:04.016   491   588 W skia    : AGTM parsing failed flags.readFromStream(s) at 159
09-19 15:25:04.124   491   588 W skia    : AGTM parsing failed flags.readFromStream(s) at 159
09-19 15:25:04.124   491   588 W skia    : AGTM parsing failed flags.readFromStream(s) at 159
09-19 15:25:04.131 21446 21451 I us.godotpreview: NativeAlloc concurrent mark compact GC freed 129KB AllocSpace bytes, 6(360KB) LOS objects, 49% free, 2295KB/4590KB, paused 80us,5.158ms total 35.313ms
09-19 15:25:04.228   491   588 W skia    : AGTM parsing failed flags.readFromStream(s) at 159
09-19 15:25:04.228   491   588 W skia    : AGTM parsing failed flags.readFromStream(s) at 159
09-19 15:25:04.328   491   588 W skia    : AGTM parsing failed flags.readFromStream(s) at 159
09-19 15:25:04.329   491   588 W skia    : AGTM parsing failed flags.readFromStream(s) at 159
09-19 15:25:04.348   487   531 D AudioFlinger: mixer(0xb400006ff95ca790) throttle end: throttle time(3)
09-19 15:25:04.428   491   588 W skia    : AGTM parsing failed flags.readFromStream(s) at 159
09-19 15:25:04.428   491   588 W skia    : AGTM parsing failed flags.readFromStream(s) at 159
09-19 15:25:04.458   892   892 D wpa_supplicant: nl80211: Drv Event 64 (NL80211_CMD_NOTIFY_CQM) received for wlan0
09-19 15:25:04.459   892   892 D wpa_supplicant: nl80211: Beacon loss event
09-19 15:25:04.459   892   892 D wpa_supplicant: wlan0: Event BEACON_LOSS (53) received
09-19 15:25:04.459   892   892 I wpa_supplicant: wlan0: CTRL-EVENT-BEACON-LOSS 
09-19 15:25:04.533   491   588 W skia    : AGTM parsing failed flags.readFromStream(s) at 159
09-19 15:25:04.533   491   588 W skia    : AGTM parsing failed flags.readFromStream(s) at 159
09-19 15:25:04.561 21446 21446 I flutter : RN_VALIDATION_CHUNK START {"schema":1,"runner":"flutter_flame_godot","event":"sample","scenario":"normal","sample":50,"elapsed_ms":52292,"rss_bytes":545574912,"enemies":3,"burning":0,"turrets":6,"projectiles":0,"effects":0,"metrics":{"authored_terrain":true,"draw_calls":82.0,"fps":39.9676758393795,"frame_ms":25.020218939394,"max_frame_ms":27.4944242424245,"objects":92.0,"primitives":184145.0,"received_frames":2378,"renderer":"mobile","sequence":2884,"viewport":[880.0,1976.0]}}
09-19 15:25:04.561 21446 21446 I flutter : RN_VALIDATION_END
09-19 15:25:04.632   491   588 W skia    : AGTM parsing failed flags.readFromStream(s) at 159
09-19 15:25:04.632   491   588 W skia    : AGTM parsing failed flags.readFromStream(s) at 159
09-19 15:25:04.733   491   588 W skia    : AGTM parsing failed flags.readFromStream(s) at 159
09-19 15:25:04.733   491   588 W skia    : AGTM parsing failed flags.readFromStream(s) at 159
09-19 15:25:04.782   645   800 D WifiClientModeImpl[3810:wlan0]: updateLinkLayerStatsRssiSpeedFrequencyCapabilities rssi=-50 TxLinkspeed=1 freq=2447 RxLinkSpeed=2
09-19 15:25:04.783   645   800 D WifiDataStall: tx tput in kbps: 11000
09-19 15:25:04.783   645   800 D WifiDataStall: rx tput in kbps: 11000
09-19 15:25:04.783   645   800 V WifiConfigManager: Updating scan detail cache freq=2447 BSSID=00:13:10:85:fe:01 RSSI=-50 for "AndroidWifi"NONE
09-19 15:25:04.783   645   800 D WifiThroughputPredictor:  utilization (LLS) 80 isBluetoothConnected: false final utilization: 80
09-19 15:25:04.783   645   800 D WifiThroughputPredictor:  BW: 0 RSSI: -50 Nss: 1 Mode: 1 symDur: 4000 snrDb 30 bitPerTone: 4500 rate: 54 throughput: 11
09-19 15:25:04.783   645   800 D WifiThroughputPredictor:  utilization (LLS) 80 isBluetoothConnected: false final utilization: 80
09-19 15:25:04.783   645   800 D WifiThroughputPredictor:  BW: 0 RSSI: -50 Nss: 1 Mode: 1 symDur: 4000 snrDb 30 bitPerTone: 4500 rate: 54 throughput: 11
09-19 15:25:04.783   645   800 D WifiThroughputPredictor:  utilization (LLS) 80 isBluetoothConnected: false final utilization: 80
09-19 15:25:04.783   645   800 D WifiThroughputPredictor:  BW: 0 RSSI: -50 Nss: 1 Mode: 1 symDur: 4000 snrDb 30 bitPerTone: 4500 rate: 54 throughput: 11
09-19 15:25:04.783   645   800 D WifiThroughputPredictor:  utilization (LLS) 80 isBluetoothConnected: false final utilization: 80
09-19 15:25:04.783   645   800 D WifiThroughputPredictor:  BW: 0 RSSI: -50 Nss: 1 Mode: 1 symDur: 4000 snrDb 30 bitPerTone: 4500 rate: 54 throughput: 11
09-19 15:25:04.786   645   800 I HalDevMgr: bestIfaceCreationProposal is null, requestIface=STA, existingIface=[name=wlan0 type=STA]
09-19 15:25:04.787   645   800 D WifiScoreCard: BSSID update SIGNAL_POLL ID: 760286919 SSID: "AndroidWifi", BSSID: 00:13:10:85:fe:01, MAC: 02:15:b2:00:00:00, IP: /10.0.2.16, Security type: 0, Supplicant state: COMPLETED, Wi-Fi standard: legacy, RSSI: -50, Link speed: 1Mbps, Tx Link speed: 1Mbps, Max Supported Tx Link speed: 11Mbps, Calculated Tx : 0Mbps, Rx Link speed: 2Mbps, Max Supported Rx Link speed: 11Mbps, Calculated Rx : 0Mbps, Frequency: 2447MHz, Net ID: 0, Metered hint: false, score: 100, isUsable: true, CarrierMerged: false, SubscriptionId: -1, IsPrimary: 1, Trusted: true, Restricted: false, Ephemeral: false, OEM paid: false, OEM private: false, OSU AP: false, FQDN: <none>, Provider friendly name: <none>, Requesting package name: <none>"AndroidWifi"openMLO Information: , Is TID-To-Link negotiation supported by the AP: false, AP MLD Address: <none>, AP MLO Link Id: <none>, AP MLO Affiliated links: <none>, Vendor Data: <none>
09-19 15:25:04.787   645   800 D WifiScoreCard: txRate: 1 txSpeed: 1
09-19 15:25:04.787   645   800 D WifiScoreCard: network update SIGNAL_POLL "AndroidWifi" ID: 673433585 RSSI -50 txSpeed -1
09-19 15:25:04.787   645   800 D WifiClientModeImpl[3810:wlan0]:  ClientModeImpl$L2ConnectedState screen=on 26 0 "AndroidWifi" 00:13:10:85:fe:01 rssi=-50 f=2447 sc=100 link=1 tx=0.0, 0.0, 0.0 rx=0.0 bcn=0 [on:0 tx:0 rx:0 period:3016] from screen [on:0 period:-1202257645] score=100
09-19 15:25:04.832   491   588 W skia    : AGTM parsing failed flags.readFromStream(s) at 159
09-19 15:25:04.832   491   588 W skia    : AGTM parsing failed flags.readFromStream(s) at 159
09-19 15:25:04.935   491   588 W skia    : AGTM parsing failed flags.readFromStream(s) at 159
09-19 15:25:04.935   491   588 W skia    : AGTM parsing failed flags.readFromStream(s) at 159
09-19 15:25:05.041   491   588 W skia    : AGTM parsing failed flags.readFromStream(s) at 159
09-19 15:25:05.041   491   588 W skia    : AGTM parsing failed flags.readFromStream(s) at 159
09-19 15:25:05.159   491   588 W skia    : AGTM parsing failed flags.readFromStream(s) at 159
09-19 15:25:05.159   491   588 W skia    : AGTM parsing failed flags.readFromStream(s) at 159
09-19 15:25:05.261   491   588 W skia    : AGTM parsing failed flags.readFromStream(s) at 159
09-19 15:25:05.261   491   588 W skia    : AGTM parsing failed flags.readFromStream(s) at 159
09-19 15:25:05.365   491   588 W skia    : AGTM parsing failed flags.readFromStream(s) at 159
09-19 15:25:05.365   491   588 W skia    : AGTM parsing failed flags.readFromStream(s) at 159
09-19 15:25:05.481   491   588 W skia    : AGTM parsing failed flags.readFromStream(s) at 159
09-19 15:25:05.481   491   588 W skia    : AGTM parsing failed flags.readFromStream(s) at 159
09-19 15:25:05.576 21446 21446 I flutter : RN_VALIDATION_CHUNK START {"schema":1,"runner":"flutter_flame_godot","event":"sample","scenario":"normal","sample":51,"elapsed_ms":53307,"rss_bytes":545722368,"enemies":3,"burning":0,"turrets":6,"projectiles":0,"effects":0,"metrics":{"authored_terrain":true,"draw_calls":94.0,"fps":36.8492530556813,"frame_ms":27.1375921375921,"max_frame_ms":39.658,"objects":112.0,"primitives":185727.0,"received_frames":2409,"renderer":"mobile","sequence":2919,"viewport":[880.0,1976.0]}}
09-19 15:25:05.576 21446 21446 I flutter : RN_VALIDATION_END
09-19 15:25:05.582   491   588 W skia    : AGTM parsing failed flags.readFromStream(s) at 159
09-19 15:25:05.582   491   588 W skia    : AGTM parsing failed flags.readFromStream(s) at 159
09-19 15:25:05.695   491   588 W skia    : AGTM parsing failed flags.readFromStream(s) at 159
09-19 15:25:05.695   491   588 W skia    : AGTM parsing failed flags.readFromStream(s) at 159
09-19 15:25:05.795   491   588 W skia    : AGTM parsing failed flags.readFromStream(s) at 159
09-19 15:25:05.796   491   588 W skia    : AGTM parsing failed flags.readFromStream(s) at 159
09-19 15:25:05.895   491   588 W skia    : AGTM parsing failed flags.readFromStream(s) at 159
09-19 15:25:05.895   491   588 W skia    : AGTM parsing failed flags.readFromStream(s) at 159
09-19 15:25:05.996   491   588 W skia    : AGTM parsing failed flags.readFromStream(s) at 159
09-19 15:25:05.997   491   588 W skia    : AGTM parsing failed flags.readFromStream(s) at 159
09-19 15:25:06.098   491   588 W skia    : AGTM parsing failed flags.readFromStream(s) at 159
09-19 15:25:06.098   491   588 W skia    : AGTM parsing failed flags.readFromStream(s) at 159
09-19 15:25:06.198   491   588 W skia    : AGTM parsing failed flags.readFromStream(s) at 159
09-19 15:25:06.198   491   588 W skia    : AGTM parsing failed flags.readFromStream(s) at 159
09-19 15:25:06.285 21446 21451 I us.godotpreview: NativeAlloc concurrent mark compact GC freed 129KB AllocSpace bytes, 4(256KB) LOS objects, 49% free, 2359KB/4718KB, paused 347us,6.867ms total 30.643ms
09-19 15:25:06.316   491   588 W skia    : AGTM parsing failed flags.readFromStream(s) at 159
09-19 15:25:06.316   491   588 W skia    : AGTM parsing failed flags.readFromStream(s) at 159
09-19 15:25:06.374  1012  1174 D SatelliteController: isInCarrierRoamingNbIotNtn: satellite is disabled
09-19 15:25:06.375  1012  1174 D SatelliteController: getCarrierRoamingNtnConnectType: Checking connect type from PLMN config for subId: 1
09-19 15:25:06.376  1012  1174 D TelephonyConfigUpdateInstallReceiver: getConfigParser: domain=satellite
09-19 15:25:06.380  1012  1174 V SatelliteController: satelliteConfigParser is not ready
09-19 15:25:06.380  1012  1174 D SatelliteController: isSatelliteAttachSupportedViaConfigupdater: return null (satelliteConfig is null)
09-19 15:25:06.380  1012  1174 D SatelliteController: getSatellitePerPlmnConfiguration: invalid subId or not supported via carrier.
09-19 15:25:06.380  1012  1174 D SatelliteController: getCarrierRoamingNtnConnectType: config: null
09-19 15:25:06.380  1012  1174 D TelephonyConfigUpdateInstallReceiver: getConfigParser: domain=satellite
09-19 15:25:06.380  1012  1174 V SatelliteController: satelliteConfigParser is not ready
09-19 15:25:06.380  1012  1174 D SatelliteController: getCarrierRoamingNtnConnectTypeViaConfigUpdater: return null (satelliteConfig is null)
09-19 15:25:06.380  1012  1174 D SatelliteController: getCarrierRoamingNtnConnectType: Falling back to global carrier config connect type: 0
09-19 15:25:06.380  1012  1174 D TelephonyConfigUpdateInstallReceiver: getConfigParser: domain=satellite
09-19 15:25:06.380  1012  1174 V SatelliteController: satelliteConfigParser is not ready
09-19 15:25:06.380  1012  1174 D SatelliteController: isSatelliteAttachSupportedViaConfigupdater: return null (satelliteConfig is null)
09-19 15:25:06.380  1012  1174 D SatelliteController: getCarrierRoamingNtnConnectType: Checking connect type from PLMN config for subId: 1
09-19 15:25:06.380  1012  1174 D TelephonyConfigUpdateInstallReceiver: getConfigParser: domain=satellite
09-19 15:25:06.380  1012  1174 V SatelliteController: satelliteConfigParser is not ready
09-19 15:25:06.380  1012  1174 D SatelliteController: isSatelliteAttachSupportedViaConfigupdater: return null (satelliteConfig is null)
09-19 15:25:06.380  1012  1174 D SatelliteController: getSatellitePerPlmnConfiguration: invalid subId or not supported via carrier.
09-19 15:25:06.380  1012  1174 D SatelliteController: getCarrierRoamingNtnConnectType: config: null
09-19 15:25:06.380  1012  1174 D TelephonyConfigUpdateInstallReceiver: getConfigParser: domain=satellite
09-19 15:25:06.380  1012  1174 V SatelliteController: satelliteConfigParser is not ready
09-19 15:25:06.380  1012  1174 D SatelliteController: getCarrierRoamingNtnConnectTypeViaConfigUpdater: return null (satelliteConfig is null)
09-19 15:25:06.380  1012  1174 D SatelliteController: getCarrierRoamingNtnConnectType: Falling back to global carrier config connect type: 0
09-19 15:25:06.380  1012  1174 D TelephonyConfigUpdateInstallReceiver: getConfigParser: domain=satellite
09-19 15:25:06.380  1012  1174 V SatelliteController: satelliteConfigParser is not ready
09-19 15:25:06.380  1012  1174 D SatelliteController: isSatelliteAttachSupportedViaConfigupdater: return null (satelliteConfig is null)
09-19 15:25:06.428   491   588 W skia    : AGTM parsing failed flags.readFromStream(s) at 159
09-19 15:25:06.428   491   588 W skia    : AGTM parsing failed flags.readFromStream(s) at 159
09-19 15:25:06.512 21446 21451 I us.godotpreview: NativeAlloc concurrent mark compact GC freed 130KB AllocSpace bytes, 8(512KB) LOS objects, 49% free, 2423KB/4847KB, paused 194us,6.672ms total 20.168ms
09-19 15:25:06.531   491   588 W skia    : AGTM parsing failed flags.readFromStream(s) at 159
09-19 15:25:06.531   491   588 W skia    : AGTM parsing failed flags.readFromStream(s) at 159
09-19 15:25:06.584 21446 21446 I flutter : RN_VALIDATION_CHUNK START {"schema":1,"runner":"flutter_flame_godot","event":"sample","scenario":"normal","sample":52,"elapsed_ms":54314,"rss_bytes":545542144,"enemies":3,"burning":0,"turrets":6,"projectiles":0,"effects":0,"metrics":{"authored_terrain":true,"draw_calls":94.0,"fps":38.0694556067848,"frame_ms":26.2677777777778,"max_frame_ms":30.711,"objects":110.0,"primitives":187469.0,"received_frames":2445,"renderer":"mobile","sequence":2960,"viewport":[880.0,1976.0]}}
09-19 15:25:06.584 21446 21446 I flutter : RN_VALIDATION_END
09-19 15:25:06.631   491   588 W skia    : AGTM parsing failed flags.readFromStream(s) at 159
09-19 15:25:06.631   491   588 W skia    : AGTM parsing failed flags.readFromStream(s) at 159
09-19 15:25:06.733   491   588 W skia    : AGTM parsing failed flags.readFromStream(s) at 159
09-19 15:25:06.733   491   588 W skia    : AGTM parsing failed flags.readFromStream(s) at 159
09-19 15:25:06.845   491   588 W skia    : AGTM parsing failed flags.readFromStream(s) at 159
09-19 15:25:06.845   491   588 W skia    : AGTM parsing failed flags.readFromStream(s) at 159
09-19 15:25:06.944   491   588 W skia    : AGTM parsing failed flags.readFromStream(s) at 159
09-19 15:25:06.944   491   588 W skia    : AGTM parsing failed flags.readFromStream(s) at 159
09-19 15:25:07.046   491   588 W skia    : AGTM parsing failed flags.readFromStream(s) at 159
09-19 15:25:07.046   491   588 W skia    : AGTM parsing failed flags.readFromStream(s) at 159
09-19 15:25:07.147   491   588 W skia    : AGTM parsing failed flags.readFromStream(s) at 159
09-19 15:25:07.147   491   588 W skia    : AGTM parsing failed flags.readFromStream(s) at 159
09-19 15:25:07.247   491   588 W skia    : AGTM parsing failed flags.readFromStream(s) at 159
09-19 15:25:07.247   491   588 W skia    : AGTM parsing failed flags.readFromStream(s) at 159
09-19 15:25:07.348   491   588 W skia    : AGTM parsing failed flags.readFromStream(s) at 159
09-19 15:25:07.348   491   588 W skia    : AGTM parsing failed flags.readFromStream(s) at 159
09-19 15:25:07.451   491   588 W skia    : AGTM parsing failed flags.readFromStream(s) at 159
09-19 15:25:07.451   491   588 W skia    : AGTM parsing failed flags.readFromStream(s) at 159
09-19 15:25:07.575   491   588 W skia    : AGTM parsing failed flags.readFromStream(s) at 159
09-19 15:25:07.575   491   588 W skia    : AGTM parsing failed flags.readFromStream(s) at 159
09-19 15:25:07.603 21446 21446 I flutter : RN_VALIDATION_CHUNK START {"schema":1,"runner":"flutter_flame_godot","event":"sample","scenario":"normal","sample":53,"elapsed_ms":55334,"rss_bytes":545693696,"enemies":3,"burning":0,"turrets":6,"projectiles":0,"effects":0,"metrics":{"authored_terrain":true,"draw_calls":90.0,"fps":43.1137255158133,"frame_ms":23.1944696969697,"max_frame_ms":37.913,"objects":104.0,"primitives":184615.0,"received_frames":2486,"renderer":"mobile","sequence":3007,"viewport":[880.0,1976.0]}}
09-19 15:25:07.603 21446 21446 I flutter : RN_VALIDATION_END
09-19 15:25:07.692   491   588 W skia    : AGTM parsing failed flags.readFromStream(s) at 159
09-19 15:25:07.692   491   588 W skia    : AGTM parsing failed flags.readFromStream(s) at 159
09-19 15:25:07.793   645   800 D WifiClientModeImpl[3810:wlan0]: updateLinkLayerStatsRssiSpeedFrequencyCapabilities rssi=-50 TxLinkspeed=1 freq=2447 RxLinkSpeed=2
09-19 15:25:07.794   645   800 D WifiDataStall: tx tput in kbps: 11000
09-19 15:25:07.795   645   800 D WifiDataStall: rx tput in kbps: 11000
09-19 15:25:07.795   645   800 V WifiConfigManager: Updating scan detail cache freq=2447 BSSID=00:13:10:85:fe:01 RSSI=-50 for "AndroidWifi"NONE
09-19 15:25:07.795   645   800 D WifiThroughputPredictor:  utilization (LLS) 80 isBluetoothConnected: false final utilization: 80
09-19 15:25:07.795   645   800 D WifiThroughputPredictor:  BW: 0 RSSI: -50 Nss: 1 Mode: 1 symDur: 4000 snrDb 30 bitPerTone: 4500 rate: 54 throughput: 11
09-19 15:25:07.795   645   800 D WifiThroughputPredictor:  utilization (LLS) 80 isBluetoothConnected: false final utilization: 80
09-19 15:25:07.795   645   800 D WifiThroughputPredictor:  BW: 0 RSSI: -50 Nss: 1 Mode: 1 symDur: 4000 snrDb 30 bitPerTone: 4500 rate: 54 throughput: 11
09-19 15:25:07.796   645   800 D WifiThroughputPredictor:  utilization (LLS) 80 isBluetoothConnected: false final utilization: 80
09-19 15:25:07.796   645   800 D WifiThroughputPredictor:  BW: 0 RSSI: -50 Nss: 1 Mode: 1 symDur: 4000 snrDb 30 bitPerTone: 4500 rate: 54 throughput: 11
09-19 15:25:07.796   645   800 D WifiThroughputPredictor:  utilization (LLS) 80 isBluetoothConnected: false final utilization: 80
09-19 15:25:07.796   645   800 D WifiThroughputPredictor:  BW: 0 RSSI: -50 Nss: 1 Mode: 1 symDur: 4000 snrDb 30 bitPerTone: 4500 rate: 54 throughput: 11
09-19 15:25:07.797   645   800 I HalDevMgr: bestIfaceCreationProposal is null, requestIface=STA, existingIface=[name=wlan0 type=STA]
09-19 15:25:07.797   645   800 D WifiScoreCard: BSSID update SIGNAL_POLL ID: 760286919 SSID: "AndroidWifi", BSSID: 00:13:10:85:fe:01, MAC: 02:15:b2:00:00:00, IP: /10.0.2.16, Security type: 0, Supplicant state: COMPLETED, Wi-Fi standard: legacy, RSSI: -50, Link speed: 1Mbps, Tx Link speed: 1Mbps, Max Supported Tx Link speed: 11Mbps, Calculated Tx : 0Mbps, Rx Link speed: 2Mbps, Max Supported Rx Link speed: 11Mbps, Calculated Rx : 0Mbps, Frequency: 2447MHz, Net ID: 0, Metered hint: false, score: 100, isUsable: true, CarrierMerged: false, SubscriptionId: -1, IsPrimary: 1, Trusted: true, Restricted: false, Ephemeral: false, OEM paid: false, OEM private: false, OSU AP: false, FQDN: <none>, Provider friendly name: <none>, Requesting package name: <none>"AndroidWifi"openMLO Information: , Is TID-To-Link negotiation supported by the AP: false, AP MLD Address: <none>, AP MLO Link Id: <none>, AP MLO Affiliated links: <none>, Vendor Data: <none>
09-19 15:25:07.798   645   800 D WifiScoreCard: txRate: 1 txSpeed: 1
09-19 15:25:07.798   645   800 D WifiScoreCard: network update SIGNAL_POLL "AndroidWifi" ID: 673433585 RSSI -50 txSpeed -1
09-19 15:25:07.798   645   800 D WifiClientModeImpl[3810:wlan0]:  ClientModeImpl$L2ConnectedState screen=on 26 0 "AndroidWifi" 00:13:10:85:fe:01 rssi=-50 f=2447 sc=100 link=1 tx=0.0, 0.0, 0.0 rx=0.0 bcn=0 [on:0 tx:0 rx:0 period:3011] from screen [on:0 period:-1202254634] score=100
09-19 15:25:07.799   491   588 W skia    : AGTM parsing failed flags.readFromStream(s) at 159
09-19 15:25:07.799   491   588 W skia    : AGTM parsing failed flags.readFromStream(s) at 159
09-19 15:25:07.899   491   588 W skia    : AGTM parsing failed flags.readFromStream(s) at 159
09-19 15:25:07.899   491   588 W skia    : AGTM parsing failed flags.readFromStream(s) at 159
09-19 15:25:08.011   491   588 W skia    : AGTM parsing failed flags.readFromStream(s) at 159
09-19 15:25:08.011   491   588 W skia    : AGTM parsing failed flags.readFromStream(s) at 159
09-19 15:25:08.111   491   588 W skia    : AGTM parsing failed flags.readFromStream(s) at 159
09-19 15:25:08.111   491   588 W skia    : AGTM parsing failed flags.readFromStream(s) at 159
09-19 15:25:08.214   491   588 W skia    : AGTM parsing failed flags.readFromStream(s) at 159
09-19 15:25:08.214   491   588 W skia    : AGTM parsing failed flags.readFromStream(s) at 159
09-19 15:25:08.226   487   531 D AudioFlinger: mixer(0xb400006ff95ca790) throttle end: throttle time(1)
09-19 15:25:08.314   491   588 W skia    : AGTM parsing failed flags.readFromStream(s) at 159
09-19 15:25:08.315   491   588 W skia    : AGTM parsing failed flags.readFromStream(s) at 159
09-19 15:25:08.415   491   588 W skia    : AGTM parsing failed flags.readFromStream(s) at 159
09-19 15:25:08.416   491   588 W skia    : AGTM parsing failed flags.readFromStream(s) at 159
09-19 15:25:08.516   491   588 W skia    : AGTM parsing failed flags.readFromStream(s) at 159
09-19 15:25:08.516   491   588 W skia    : AGTM parsing failed flags.readFromStream(s) at 159
09-19 15:25:08.632   491   588 W skia    : AGTM parsing failed flags.readFromStream(s) at 159
09-19 15:25:08.632   491   588 W skia    : AGTM parsing failed flags.readFromStream(s) at 159
09-19 15:25:08.636 21446 21446 I flutter : RN_VALIDATION_CHUNK START {"schema":1,"runner":"flutter_flame_godot","event":"sample","scenario":"normal","sample":54,"elapsed_ms":56367,"rss_bytes":546557952,"enemies":3,"burning":0,"turrets":6,"projectiles":0,"effects":0,"metrics":{"authored_terrain":true,"draw_calls":110.0,"fps":40.6476122997692,"frame_ms":24.6016910569106,"max_frame_ms":32.561,"objects":130.0,"primitives":190469.0,"received_frames":2524,"renderer":"mobile","sequence":3053,"viewport":[880.0,1976.0]}}
09-19 15:25:08.636 21446 21446 I flutter : RN_VALIDATION_END
09-19 15:25:08.729   491   588 W skia    : AGTM parsing failed flags.readFromStream(s) at 159
09-19 15:25:08.729   491   588 W skia    : AGTM parsing failed flags.readFromStream(s) at 159
09-19 15:25:08.834   491   588 W skia    : AGTM parsing failed flags.readFromStream(s) at 159
09-19 15:25:08.834   491   588 W skia    : AGTM parsing failed flags.readFromStream(s) at 159
09-19 15:25:08.931   491   588 W skia    : AGTM parsing failed flags.readFromStream(s) at 159
09-19 15:25:08.931   491   588 W skia    : AGTM parsing failed flags.readFromStream(s) at 159
09-19 15:25:09.033   491   588 W skia    : AGTM parsing failed flags.readFromStream(s) at 159
09-19 15:25:09.034   491   588 W skia    : AGTM parsing failed flags.readFromStream(s) at 159
09-19 15:25:09.132   491   588 W skia    : AGTM parsing failed flags.readFromStream(s) at 159
09-19 15:25:09.132   491   588 W skia    : AGTM parsing failed flags.readFromStream(s) at 159
09-19 15:25:09.244   491   588 W skia    : AGTM parsing failed flags.readFromStream(s) at 159
09-19 15:25:09.245   491   588 W skia    : AGTM parsing failed flags.readFromStream(s) at 159
09-19 15:25:09.345   491   588 W skia    : AGTM parsing failed flags.readFromStream(s) at 159
09-19 15:25:09.346   491   588 W skia    : AGTM parsing failed flags.readFromStream(s) at 159
09-19 15:25:09.451   491   588 W skia    : AGTM parsing failed flags.readFromStream(s) at 159
09-19 15:25:09.451   491   588 W skia    : AGTM parsing failed flags.readFromStream(s) at 159
09-19 15:25:09.549   491   588 W skia    : AGTM parsing failed flags.readFromStream(s) at 159
09-19 15:25:09.549   491   588 W skia    : AGTM parsing failed flags.readFromStream(s) at 159
09-19 15:25:09.655 21446 21446 I flutter : RN_VALIDATION_CHUNK START {"schema":1,"runner":"flutter_flame_godot","event":"sample","scenario":"normal","sample":55,"elapsed_ms":57385,"rss_bytes":546504704,"enemies":3,"burning":0,"turrets":6,"projectiles":0,"effects":0,"metrics":{"authored_terrain":true,"draw_calls":82.0,"fps":41.7846835257916,"frame_ms":23.9322142857143,"max_frame_ms":32.093,"objects":92.0,"primitives":183049.0,"received_frames":2563,"renderer":"mobile","sequence":3100,"viewport":[880.0,1976.0]}}
09-19 15:25:09.655 21446 21446 I flutter : RN_VALIDATION_END
09-19 15:25:09.658   491   588 W skia    : AGTM parsing failed flags.readFromStream(s) at 159
09-19 15:25:09.658   491   588 W skia    : AGTM parsing failed flags.readFromStream(s) at 159
09-19 15:25:09.764   491   588 W skia    : AGTM parsing failed flags.readFromStream(s) at 159
09-19 15:25:09.764   491   588 W skia    : AGTM parsing failed flags.readFromStream(s) at 159
09-19 15:25:09.863   491   588 W skia    : AGTM parsing failed flags.readFromStream(s) at 159
09-19 15:25:09.863   491   588 W skia    : AGTM parsing failed flags.readFromStream(s) at 159
09-19 15:25:09.971   491   588 W skia    : AGTM parsing failed flags.readFromStream(s) at 159
09-19 15:25:09.971   491   588 W skia    : AGTM parsing failed flags.readFromStream(s) at 159
09-19 15:25:10.080   491   588 W skia    : AGTM parsing failed flags.readFromStream(s) at 159
09-19 15:25:10.080   491   588 W skia    : AGTM parsing failed flags.readFromStream(s) at 159
09-19 15:25:10.181   491   588 W skia    : AGTM parsing failed flags.readFromStream(s) at 159
09-19 15:25:10.181   491   588 W skia    : AGTM parsing failed flags.readFromStream(s) at 159
09-19 15:25:10.283   491   588 W skia    : AGTM parsing failed flags.readFromStream(s) at 159
09-19 15:25:10.283   491   588 W skia    : AGTM parsing failed flags.readFromStream(s) at 159
09-19 15:25:10.382   491   588 W skia    : AGTM parsing failed flags.readFromStream(s) at 159
09-19 15:25:10.383   491   588 W skia    : AGTM parsing failed flags.readFromStream(s) at 159
09-19 15:25:10.492   491   588 W skia    : AGTM parsing failed flags.readFromStream(s) at 159
09-19 15:25:10.492   491   588 W skia    : AGTM parsing failed flags.readFromStream(s) at 159
09-19 15:25:10.596   491   588 W skia    : AGTM parsing failed flags.readFromStream(s) at 159
09-19 15:25:10.596   491   588 W skia    : AGTM parsing failed flags.readFromStream(s) at 159
09-19 15:25:10.662 21446 21446 I flutter : RN_VALIDATION_CHUNK START {"schema":1,"runner":"flutter_flame_godot","event":"sample","scenario":"normal","sample":56,"elapsed_ms":58393,"rss_bytes":546398208,"enemies":3,"burning":0,"turrets":6,"projectiles":0,"effects":0,"metrics":{"authored_terrain":true,"draw_calls":90.0,"fps":39.8763638202724,"frame_ms":25.077512195122,"max_frame_ms":37.305,"objects":104.0,"primitives":185711.0,"received_frames":2603,"renderer":"mobile","sequence":3144,"viewport":[880.0,1976.0]}}
09-19 15:25:10.662 21446 21446 I flutter : RN_VALIDATION_END
09-19 15:25:10.699   491   588 W skia    : AGTM parsing failed flags.readFromStream(s) at 159
09-19 15:25:10.699   491   588 W skia    : AGTM parsing failed flags.readFromStream(s) at 159
09-19 15:25:10.801   491   588 W skia    : AGTM parsing failed flags.readFromStream(s) at 159
09-19 15:25:10.801   645   800 D WifiClientModeImpl[3810:wlan0]: updateLinkLayerStatsRssiSpeedFrequencyCapabilities rssi=-50 TxLinkspeed=1 freq=2447 RxLinkSpeed=2
09-19 15:25:10.801   491   588 W skia    : AGTM parsing failed flags.readFromStream(s) at 159
09-19 15:25:10.801   645   800 D WifiDataStall: tx tput in kbps: 11000
09-19 15:25:10.801   645   800 D WifiDataStall: rx tput in kbps: 11000
09-19 15:25:10.801   645   800 V WifiConfigManager: Updating scan detail cache freq=2447 BSSID=00:13:10:85:fe:01 RSSI=-50 for "AndroidWifi"NONE
09-19 15:25:10.801   645   800 D WifiThroughputPredictor:  utilization (LLS) 80 isBluetoothConnected: false final utilization: 80
09-19 15:25:10.801   645   800 D WifiThroughputPredictor:  BW: 0 RSSI: -50 Nss: 1 Mode: 1 symDur: 4000 snrDb 30 bitPerTone: 4500 rate: 54 throughput: 11
09-19 15:25:10.801   645   800 D WifiThroughputPredictor:  utilization (LLS) 80 isBluetoothConnected: false final utilization: 80
09-19 15:25:10.801   645   800 D WifiThroughputPredictor:  BW: 0 RSSI: -50 Nss: 1 Mode: 1 symDur: 4000 snrDb 30 bitPerTone: 4500 rate: 54 throughput: 11
09-19 15:25:10.801   645   800 D WifiThroughputPredictor:  utilization (LLS) 80 isBluetoothConnected: false final utilization: 80
09-19 15:25:10.801   645   800 D WifiThroughputPredictor:  BW: 0 RSSI: -50 Nss: 1 Mode: 1 symDur: 4000 snrDb 30 bitPerTone: 4500 rate: 54 throughput: 11
09-19 15:25:10.801   645   800 D WifiThroughputPredictor:  utilization (LLS) 80 isBluetoothConnected: false final utilization: 80
09-19 15:25:10.801   645   800 D WifiThroughputPredictor:  BW: 0 RSSI: -50 Nss: 1 Mode: 1 symDur: 4000 snrDb 30 bitPerTone: 4500 rate: 54 throughput: 11
09-19 15:25:10.811   645   800 I HalDevMgr: bestIfaceCreationProposal is null, requestIface=STA, existingIface=[name=wlan0 type=STA]
09-19 15:25:10.811   645   800 D WifiScoreCard: BSSID update SIGNAL_POLL ID: 760286919 SSID: "AndroidWifi", BSSID: 00:13:10:85:fe:01, MAC: 02:15:b2:00:00:00, IP: /10.0.2.16, Security type: 0, Supplicant state: COMPLETED, Wi-Fi standard: legacy, RSSI: -50, Link speed: 1Mbps, Tx Link speed: 1Mbps, Max Supported Tx Link speed: 11Mbps, Calculated Tx : 0Mbps, Rx Link speed: 2Mbps, Max Supported Rx Link speed: 11Mbps, Calculated Rx : 0Mbps, Frequency: 2447MHz, Net ID: 0, Metered hint: false, score: 100, isUsable: true, CarrierMerged: false, SubscriptionId: -1, IsPrimary: 1, Trusted: true, Restricted: false, Ephemeral: false, OEM paid: false, OEM private: false, OSU AP: false, FQDN: <none>, Provider friendly name: <none>, Requesting package name: <none>"AndroidWifi"openMLO Information: , Is TID-To-Link negotiation supported by the AP: false, AP MLD Address: <none>, AP MLO Link Id: <none>, AP MLO Affiliated links: <none>, Vendor Data: <none>
09-19 15:25:10.811   645   800 D WifiScoreCard: txRate: 1 txSpeed: 1
09-19 15:25:10.811   645   800 D WifiScoreCard: network update SIGNAL_POLL "AndroidWifi" ID: 673433585 RSSI -50 txSpeed -1
09-19 15:25:10.811   645   800 D WifiClientModeImpl[3810:wlan0]:  ClientModeImpl$L2ConnectedState screen=on 26 0 "AndroidWifi" 00:13:10:85:fe:01 rssi=-50 f=2447 sc=100 link=1 tx=0.0, 0.0, 0.0 rx=0.0 bcn=0 [on:0 tx:0 rx:0 period:3013] from screen [on:0 period:-1202251621] score=100
09-19 15:25:10.908   491   588 W skia    : AGTM parsing failed flags.readFromStream(s) at 159
09-19 15:25:10.908   491   588 W skia    : AGTM parsing failed flags.readFromStream(s) at 159
09-19 15:25:11.012   491   588 W skia    : AGTM parsing failed flags.readFromStream(s) at 159
09-19 15:25:11.012   491   588 W skia    : AGTM parsing failed flags.readFromStream(s) at 159
09-19 15:25:11.115   491   588 W skia    : AGTM parsing failed flags.readFromStream(s) at 159
09-19 15:25:11.115   491   588 W skia    : AGTM parsing failed flags.readFromStream(s) at 159
09-19 15:25:11.232   491   588 W skia    : AGTM parsing failed flags.readFromStream(s) at 159
09-19 15:25:11.232   491   588 W skia    : AGTM parsing failed flags.readFromStream(s) at 159
09-19 15:25:11.330   491   588 W skia    : AGTM parsing failed flags.readFromStream(s) at 159
09-19 15:25:11.331   491   588 W skia    : AGTM parsing failed flags.readFromStream(s) at 159
09-19 15:25:11.430   491   588 W skia    : AGTM parsing failed flags.readFromStream(s) at 159
09-19 15:25:11.430   491   588 W skia    : AGTM parsing failed flags.readFromStream(s) at 159
09-19 15:25:11.531   491   588 W skia    : AGTM parsing failed flags.readFromStream(s) at 159
09-19 15:25:11.531   491   588 W skia    : AGTM parsing failed flags.readFromStream(s) at 159
09-19 15:25:11.580 21446 21451 I us.godotpreview: NativeAlloc concurrent mark compact GC freed 129KB AllocSpace bytes, 3(204KB) LOS objects, 49% free, 2431KB/4862KB, paused 86us,9.649ms total 19.531ms
09-19 15:25:11.632   491   588 W skia    : AGTM parsing failed flags.readFromStream(s) at 159
09-19 15:25:11.632   491   588 W skia    : AGTM parsing failed flags.readFromStream(s) at 159
09-19 15:25:11.667 21446 21446 I flutter : RN_VALIDATION_CHUNK START {"schema":1,"runner":"flutter_flame_godot","event":"sample","scenario":"normal","sample":57,"elapsed_ms":59398,"rss_bytes":546439168,"enemies":3,"burning":0,"turrets":6,"projectiles":0,"effects":0,"metrics":{"authored_terrain":true,"draw_calls":90.0,"fps":38.9795922344856,"frame_ms":25.65445,"max_frame_ms":49.1132727272727,"objects":102.0,"primitives":187453.0,"received_frames":2639,"renderer":"mobile","sequence":3187,"viewport":[880.0,1976.0]}}
09-19 15:25:11.667 21446 21446 I flutter : RN_VALIDATION_END
09-19 15:25:11.732   491   588 W skia    : AGTM parsing failed flags.readFromStream(s) at 159
09-19 15:25:11.732   491   588 W skia    : AGTM parsing failed flags.readFromStream(s) at 159
09-19 15:25:11.833   491   588 W skia    : AGTM parsing failed flags.readFromStream(s) at 159
09-19 15:25:11.834   491   588 W skia    : AGTM parsing failed flags.readFromStream(s) at 159
09-19 15:25:11.944   491   588 W skia    : AGTM parsing failed flags.readFromStream(s) at 159
09-19 15:25:11.944   491   588 W skia    : AGTM parsing failed flags.readFromStream(s) at 159
09-19 15:25:12.045   491   588 W skia    : AGTM parsing failed flags.readFromStream(s) at 159
09-19 15:25:12.045   491   588 W skia    : AGTM parsing failed flags.readFromStream(s) at 159
09-19 15:25:12.146   491   588 W skia    : AGTM parsing failed flags.readFromStream(s) at 159
09-19 15:25:12.146   491   588 W skia    : AGTM parsing failed flags.readFromStream(s) at 159
09-19 15:25:12.247   491   588 W skia    : AGTM parsing failed flags.readFromStream(s) at 159
09-19 15:25:12.247   491   588 W skia    : AGTM parsing failed flags.readFromStream(s) at 159
09-19 15:25:12.349   491   588 W skia    : AGTM parsing failed flags.readFromStream(s) at 159
09-19 15:25:12.349   491   588 W skia    : AGTM parsing failed flags.readFromStream(s) at 159
09-19 15:25:12.394   892   892 D wpa_supplicant: nl80211: Drv Event 64 (NL80211_CMD_NOTIFY_CQM) received for wlan0
09-19 15:25:12.394   892   892 D wpa_supplicant: nl80211: Beacon loss event
09-19 15:25:12.394   892   892 D wpa_supplicant: wlan0: Event BEACON_LOSS (53) received
09-19 15:25:12.394   892   892 I wpa_supplicant: wlan0: CTRL-EVENT-BEACON-LOSS 
09-19 15:25:12.471   491   588 W skia    : AGTM parsing failed flags.readFromStream(s) at 159
09-19 15:25:12.471   491   588 W skia    : AGTM parsing failed flags.readFromStream(s) at 159
09-19 15:25:12.583   491   588 W skia    : AGTM parsing failed flags.readFromStream(s) at 159
09-19 15:25:12.583   491   588 W skia    : AGTM parsing failed flags.readFromStream(s) at 159
09-19 15:25:12.695   491   588 W skia    : AGTM parsing failed flags.readFromStream(s) at 159
09-19 15:25:12.695   491   588 W skia    : AGTM parsing failed flags.readFromStream(s) at 159
09-19 15:25:12.700 21446 21446 I flutter : RN_VALIDATION_CHUNK START {"schema":1,"runner":"flutter_flame_godot","event":"sample","scenario":"normal","sample":58,"elapsed_ms":60431,"rss_bytes":546955264,"enemies":3,"burning":0,"turrets":6,"projectiles":0,"effects":0,"metrics":{"authored_terrain":true,"draw_calls":88.0,"fps":40.6951256834217,"frame_ms":24.5729674796748,"max_frame_ms":42.373,"objects":102.0,"primitives":184611.0,"received_frames":2678,"renderer":"mobile","sequence":3231,"viewport":[880.0,1976.0]}}
09-19 15:25:12.700 21446 21446 I flutter : RN_VALIDATION_END
09-19 15:25:12.797   491   588 W skia    : AGTM parsing failed flags.readFromStream(s) at 159
09-19 15:25:12.797   491   588 W skia    : AGTM parsing failed flags.readFromStream(s) at 159
09-19 15:25:12.898   491   588 W skia    : AGTM parsing failed flags.readFromStream(s) at 159
09-19 15:25:12.898   491   588 W skia    : AGTM parsing failed flags.readFromStream(s) at 159
09-19 15:25:12.998   491   588 W skia    : AGTM parsing failed flags.readFromStream(s) at 159
09-19 15:25:12.998   491   588 W skia    : AGTM parsing failed flags.readFromStream(s) at 159
09-19 15:25:13.097   487   531 D AudioFlinger: mixer(0xb400006ff95ca790) throttle end: throttle time(3)
09-19 15:25:13.100   491   588 W skia    : AGTM parsing failed flags.readFromStream(s) at 159
09-19 15:25:13.101   491   588 W skia    : AGTM parsing failed flags.readFromStream(s) at 159
09-19 15:25:13.199   491   588 W skia    : AGTM parsing failed flags.readFromStream(s) at 159
09-19 15:25:13.199   491   588 W skia    : AGTM parsing failed flags.readFromStream(s) at 159
09-19 15:25:13.310   491   588 W skia    : AGTM parsing failed flags.readFromStream(s) at 159
09-19 15:25:13.310   491   588 W skia    : AGTM parsing failed flags.readFromStream(s) at 159
09-19 15:25:13.410   491   588 W skia    : AGTM parsing failed flags.readFromStream(s) at 159
09-19 15:25:13.410   491   588 W skia    : AGTM parsing failed flags.readFromStream(s) at 159
09-19 15:25:13.512   491   588 W skia    : AGTM parsing failed flags.readFromStream(s) at 159
09-19 15:25:13.512   491   588 W skia    : AGTM parsing failed flags.readFromStream(s) at 159
09-19 15:25:13.630   491   588 W skia    : AGTM parsing failed flags.readFromStream(s) at 159
09-19 15:25:13.630   491   588 W skia    : AGTM parsing failed flags.readFromStream(s) at 159
09-19 15:25:13.713 21446 21446 I flutter : RN_VALIDATION_CHUNK START {"schema":1,"runner":"flutter_flame_godot","event":"sample","scenario":"normal","sample":59,"elapsed_ms":61443,"rss_bytes":546725888,"enemies":3,"burning":0,"turrets":6,"projectiles":0,"effects":0,"metrics":{"authored_terrain":true,"draw_calls":110.0,"fps":37.4754929999724,"frame_ms":26.6841052631579,"max_frame_ms":34.0303333333333,"objects":130.0,"primitives":190469.0,"received_frames":2713,"renderer":"mobile","sequence":3270,"viewport":[880.0,1976.0]}}
09-19 15:25:13.713 21446 21446 I flutter : RN_VALIDATION_END
09-19 15:25:13.722 21446 21446 I flutter : RN_VALIDATION_CHUNK START {"schema":1,"runner":"flutter_flame_godot","event":"end","scenario":"normal","enemies":3,"burning":0,"turrets":6,"projectiles":0,"effects":0,"elapsed_ms":61444,"flutter_update_fps":45.24445023110474,"game_update_us":{"samples":2780,"mean":80.47230215827338,"p50":42,"p95":266,"p99":771,"max":2860,"over_16_667_ms_ratio":0.0,"over_33_334_ms_ratio":0.0},"flutter_update_gap_us":{"samples":2779,"mean":22104.995322058294,"p50":21212,"p95":34321,"p99":46076,"max":74136,"over_16_667_ms_ratio":0.8164807484706729,"over_33_334_ms_ratio":0.05757466714645556},"flutter_build_us":{"samples":2781,"mean":3038.7188061848256,"p50":2459,"p95":6730,"p99":10576,"max":20423,"over_16_667_ms_ratio":0.0014383315354189
09-19 15:25:13.722 21446 21446 I flutter : RN_VALIDATION_CHUNK CONT 14,"over_33_334_ms_ratio":0.0},"flutter_raster_us":{"samples":2781,"mean":11230.597626752966,"p50":10959,"p95":20195,"p99":29296,"max":58029,"over_16_667_ms_ratio":0.1287306724199928,"over_33_334_ms_ratio":0.005034160373966199},"flutter_total_span_us":{"samples":2781,"mean":27040.285508809782,"p50":25755,"p95":44954,"p99":60902,"max":96006,"over_16_667_ms_ratio":0.8791801510248112,"over_33_334_ms_ratio":0.20208558072635743},"rss_bytes":546725888}
09-19 15:25:13.722 21446 21446 I flutter : RN_VALIDATION_END
09-19 15:25:13.732   491   588 W skia    : AGTM parsing failed flags.readFromStream(s) at 159
09-19 15:25:13.733   491   588 W skia    : AGTM parsing failed flags.readFromStream(s) at 159
09-19 15:25:13.764 16828 16828 I adbd    : adbd service requested 'shell,v2,TERM=dumb,raw:dumpsys SurfaceFlinger --timestats -dump -disable'
09-19 15:25:13.793   491   555 D surfaceflinger: Disabled
09-19 15:25:13.793   491   555 D surfaceflinger: Dumping TimeStats as text
09-19 15:25:13.813   645   800 D WifiClientModeImpl[3810:wlan0]: updateLinkLayerStatsRssiSpeedFrequencyCapabilities rssi=-50 TxLinkspeed=1 freq=2447 RxLinkSpeed=2
09-19 15:25:13.813   645   800 D WifiDataStall: tx tput in kbps: 11000
09-19 15:25:13.813   645   800 D WifiDataStall: rx tput in kbps: 11000
09-19 15:25:13.813   645   800 V WifiConfigManager: Updating scan detail cache freq=2447 BSSID=00:13:10:85:fe:01 RSSI=-50 for "AndroidWifi"NONE
09-19 15:25:13.813   645   800 D WifiThroughputPredictor:  utilization (LLS) 80 isBluetoothConnected: false final utilization: 80
09-19 15:25:13.813   645   800 D WifiThroughputPredictor:  BW: 0 RSSI: -50 Nss: 1 Mode: 1 symDur: 4000 snrDb 30 bitPerTone: 4500 rate: 54 throughput: 11
09-19 15:25:13.813   645   800 D WifiThroughputPredictor:  utilization (LLS) 80 isBluetoothConnected: false final utilization: 80
09-19 15:25:13.813   645   800 D WifiThroughputPredictor:  BW: 0 RSSI: -50 Nss: 1 Mode: 1 symDur: 4000 snrDb 30 bitPerTone: 4500 rate: 54 throughput: 11
09-19 15:25:13.814   645   800 D WifiThroughputPredictor:  utilization (LLS) 80 isBluetoothConnected: false final utilization: 80
09-19 15:25:13.814   645   800 D WifiThroughputPredictor:  BW: 0 RSSI: -50 Nss: 1 Mode: 1 symDur: 4000 snrDb 30 bitPerTone: 4500 rate: 54 throughput: 11
09-19 15:25:13.814   645   800 D WifiThroughputPredictor:  utilization (LLS) 80 isBluetoothConnected: false final utilization: 80
09-19 15:25:13.814   645   800 D WifiThroughputPredictor:  BW: 0 RSSI: -50 Nss: 1 Mode: 1 symDur: 4000 snrDb 30 bitPerTone: 4500 rate: 54 throughput: 11
09-19 15:25:13.815   645   800 I HalDevMgr: bestIfaceCreationProposal is null, requestIface=STA, existingIface=[name=wlan0 type=STA]
09-19 15:25:13.815   645   800 D WifiScoreCard: BSSID update SIGNAL_POLL ID: 760286919 SSID: "AndroidWifi", BSSID: 00:13:10:85:fe:01, MAC: 02:15:b2:00:00:00, IP: /10.0.2.16, Security type: 0, Supplicant state: COMPLETED, Wi-Fi standard: legacy, RSSI: -50, Link speed: 1Mbps, Tx Link speed: 1Mbps, Max Supported Tx Link speed: 11Mbps, Calculated Tx : 0Mbps, Rx Link speed: 2Mbps, Max Supported Rx Link speed: 11Mbps, Calculated Rx : 0Mbps, Frequency: 2447MHz, Net ID: 0, Metered hint: false, score: 100, isUsable: true, CarrierMerged: false, SubscriptionId: -1, IsPrimary: 1, Trusted: true, Restricted: false, Ephemeral: false, OEM paid: false, OEM private: false, OSU AP: false, FQDN: <none>, Provider friendly name: <none>, Requesting package name: <none>"AndroidWifi"openMLO Information: , Is TID-To-Link negotiation supported by the AP: false, AP MLD Address: <none>, AP MLO Link Id: <none>, AP MLO Affiliated links: <none>, Vendor Data: <none>
09-19 15:25:13.815   645   800 D WifiScoreCard: txRate: 1 txSpeed: 1
09-19 15:25:13.815   645   800 D WifiScoreCard: network update SIGNAL_POLL "AndroidWifi" ID: 673433585 RSSI -50 txSpeed -1
09-19 15:25:13.815   645   800 D WifiClientModeImpl[3810:wlan0]:  ClientModeImpl$L2ConnectedState screen=on 26 0 "AndroidWifi" 00:13:10:85:fe:01 rssi=-50 f=2447 sc=100 link=1 tx=0.0, 0.0, 0.0 rx=0.0 bcn=0 [on:0 tx:0 rx:0 period:3004] from screen [on:0 period:-1202248617] score=100
09-19 15:25:13.843   491   588 W skia    : AGTM parsing failed flags.readFromStream(s) at 159
09-19 15:25:13.843   491   588 W skia    : AGTM parsing failed flags.readFromStream(s) at 159
09-19 15:25:13.945   491   588 W skia    : AGTM parsing failed flags.readFromStream(s) at 159
09-19 15:25:13.947   491   588 W skia    : AGTM parsing failed flags.readFromStream(s) at 159
09-19 15:25:14.045   491   588 W skia    : AGTM parsing failed flags.readFromStream(s) at 159
09-19 15:25:14.045   491   588 W skia    : AGTM parsing failed flags.readFromStream(s) at 159
09-19 15:25:14.148   491   588 W skia    : AGTM parsing failed flags.readFromStream(s) at 159
09-19 15:25:14.148   491   588 W skia    : AGTM parsing failed flags.readFromStream(s) at 159
09-19 15:25:14.247   491   588 W skia    : AGTM parsing failed flags.readFromStream(s) at 159
09-19 15:25:14.247   491   588 W skia    : AGTM parsing failed flags.readFromStream(s) at 159
09-19 15:25:14.348   491   588 W skia    : AGTM parsing failed flags.readFromStream(s) at 159
09-19 15:25:14.348   491   588 W skia    : AGTM parsing failed flags.readFromStream(s) at 159
09-19 15:25:14.448   491   588 W skia    : AGTM parsing failed flags.readFromStream(s) at 159
09-19 15:25:14.448   491   588 W skia    : AGTM parsing failed flags.readFromStream(s) at 159
09-19 15:25:14.563   491   588 W skia    : AGTM parsing failed flags.readFromStream(s) at 159
09-19 15:25:14.564   491   588 W skia    : AGTM parsing failed flags.readFromStream(s) at 159
09-19 15:25:14.665   491   588 W skia    : AGTM parsing failed flags.readFromStream(s) at 159
09-19 15:25:14.666   491   588 W skia    : AGTM parsing failed flags.readFromStream(s) at 159
09-19 15:25:14.767   491   588 W skia    : AGTM parsing failed flags.readFromStream(s) at 159
09-19 15:25:14.767   491   588 W skia    : AGTM parsing failed flags.readFromStream(s) at 159
09-19 15:25:14.874   491   588 W skia    : AGTM parsing failed flags.readFromStream(s) at 159
09-19 15:25:14.874   491   588 W skia    : AGTM parsing failed flags.readFromStream(s) at 159
09-19 15:25:14.979   491   588 W skia    : AGTM parsing failed flags.readFromStream(s) at 159
09-19 15:25:14.979   491   588 W skia    : AGTM parsing failed flags.readFromStream(s) at 159
09-19 15:25:15.078   491   588 W skia    : AGTM parsing failed flags.readFromStream(s) at 159
09-19 15:25:15.079   491   588 W skia    : AGTM parsing failed flags.readFromStream(s) at 159
09-19 15:25:15.186   491   588 W skia    : AGTM parsing failed flags.readFromStream(s) at 159
09-19 15:25:15.186   491   588 W skia    : AGTM parsing failed flags.readFromStream(s) at 159
09-19 15:25:15.287   491   588 W skia    : AGTM parsing failed flags.readFromStream(s) at 159
09-19 15:25:15.287   491   588 W skia    : AGTM parsing failed flags.readFromStream(s) at 159
09-19 15:25:15.306   645   740 D ActivityManager: freezing 1596 com.android.keychain
09-19 15:25:15.307   645   740 D ActivityManager: freezing 1095 com.android.settings
09-19 15:25:15.308   645   740 D ActivityManager: freezing 2542 com.android.dynsystem:dynsystem
09-19 15:25:15.312   645   740 D ActivityManager: freezing 2494 com.android.dynsystem
09-19 15:25:15.312   645   740 D ActivityManager: freezing 2361 com.android.localtransport
09-19 15:25:15.387   491   588 W skia    : AGTM parsing failed flags.readFromStream(s) at 159
09-19 15:25:15.387   491   588 W skia    : AGTM parsing failed flags.readFromStream(s) at 159
09-19 15:25:15.492   491   588 W skia    : AGTM parsing failed flags.readFromStream(s) at 159
09-19 15:25:15.492   491   588 W skia    : AGTM parsing failed flags.readFromStream(s) at 159
09-19 15:25:15.595   491   588 W skia    : AGTM parsing failed flags.readFromStream(s) at 159
09-19 15:25:15.595   491   588 W skia    : AGTM parsing failed flags.readFromStream(s) at 159
09-19 15:25:15.694   491   588 W skia    : AGTM parsing failed flags.readFromStream(s) at 159
09-19 15:25:15.694   491   588 W skia    : AGTM parsing failed flags.readFromStream(s) at 159
09-19 15:25:15.796   491   588 W skia    : AGTM parsing failed flags.readFromStream(s) at 159
09-19 15:25:15.796   491   588 W skia    : AGTM parsing failed flags.readFromStream(s) at 159
09-19 15:25:15.896   491   588 W skia    : AGTM parsing failed flags.readFromStream(s) at 159
09-19 15:25:15.896   491   588 W skia    : AGTM parsing failed flags.readFromStream(s) at 159
09-19 15:25:15.996   491   588 W skia    : AGTM parsing failed flags.readFromStream(s) at 159
09-19 15:25:15.996   491   588 W skia    : AGTM parsing failed flags.readFromStream(s) at 159
09-19 15:25:16.097   491   588 W skia    : AGTM parsing failed flags.readFromStream(s) at 159
09-19 15:25:16.097   491   588 W skia    : AGTM parsing failed flags.readFromStream(s) at 159
09-19 15:25:16.198   491   588 W skia    : AGTM parsing failed flags.readFromStream(s) at 159
09-19 15:25:16.198   491   588 W skia    : AGTM parsing failed flags.readFromStream(s) at 159
09-19 15:25:16.298   491   588 W skia    : AGTM parsing failed flags.readFromStream(s) at 159
09-19 15:25:16.298   491   588 W skia    : AGTM parsing failed flags.readFromStream(s) at 159
09-19 15:25:16.376  1012  1174 D SatelliteController: isInCarrierRoamingNbIotNtn: satellite is disabled
09-19 15:25:16.378  1012  1174 D SatelliteController: getCarrierRoamingNtnConnectType: Checking connect type from PLMN config for subId: 1
09-19 15:25:16.378  1012  1174 D TelephonyConfigUpdateInstallReceiver: getConfigParser: domain=satellite
09-19 15:25:16.378  1012  1174 V SatelliteController: satelliteConfigParser is not ready
09-19 15:25:16.378  1012  1174 D SatelliteController: isSatelliteAttachSupportedViaConfigupdater: return null (satelliteConfig is null)
09-19 15:25:16.379  1012  1174 D SatelliteController: getSatellitePerPlmnConfiguration: invalid subId or not supported via carrier.
09-19 15:25:16.379  1012  1174 D SatelliteController: getCarrierRoamingNtnConnectType: config: null
09-19 15:25:16.379  1012  1174 D TelephonyConfigUpdateInstallReceiver: getConfigParser: domain=satellite
09-19 15:25:16.379  1012  1174 V SatelliteController: satelliteConfigParser is not ready
09-19 15:25:16.379  1012  1174 D SatelliteController: getCarrierRoamingNtnConnectTypeViaConfigUpdater: return null (satelliteConfig is null)
09-19 15:25:16.381  1012  1174 D SatelliteController: getCarrierRoamingNtnConnectType: Falling back to global carrier config connect type: 0
09-19 15:25:16.381  1012  1174 D TelephonyConfigUpdateInstallReceiver: getConfigParser: domain=satellite
09-19 15:25:16.381  1012  1174 V SatelliteController: satelliteConfigParser is not ready
09-19 15:25:16.381  1012  1174 D SatelliteController: isSatelliteAttachSupportedViaConfigupdater: return null (satelliteConfig is null)
09-19 15:25:16.387  1012  1174 D SatelliteController: getCarrierRoamingNtnConnectType: Checking connect type from PLMN config for subId: 1
09-19 15:25:16.388  1012  1174 D TelephonyConfigUpdateInstallReceiver: getConfigParser: domain=satellite
09-19 15:25:16.389  1012  1174 V SatelliteController: satelliteConfigParser is not ready
09-19 15:25:16.389  1012  1174 D SatelliteController: isSatelliteAttachSupportedViaConfigupdater: return null (satelliteConfig is null)
09-19 15:25:16.396  1012  1174 D SatelliteController: getSatellitePerPlmnConfiguration: invalid subId or not supported via carrier.
09-19 15:25:16.396  1012  1174 D SatelliteController: getCarrierRoamingNtnConnectType: config: null
09-19 15:25:16.396  1012  1174 D TelephonyConfigUpdateInstallReceiver: getConfigParser: domain=satellite
09-19 15:25:16.396  1012  1174 V SatelliteController: satelliteConfigParser is not ready
09-19 15:25:16.396  1012  1174 D SatelliteController: getCarrierRoamingNtnConnectTypeViaConfigUpdater: return null (satelliteConfig is null)
09-19 15:25:16.396  1012  1174 D SatelliteController: getCarrierRoamingNtnConnectType: Falling back to global carrier config connect type: 0
09-19 15:25:16.397  1012  1174 D TelephonyConfigUpdateInstallReceiver: getConfigParser: domain=satellite
09-19 15:25:16.397  1012  1174 V SatelliteController: satelliteConfigParser is not ready
09-19 15:25:16.397  1012  1174 D SatelliteController: isSatelliteAttachSupportedViaConfigupdater: return null (satelliteConfig is null)
09-19 15:25:16.400   491   588 W skia    : AGTM parsing failed flags.readFromStream(s) at 159
09-19 15:25:16.400   491   588 W skia    : AGTM parsing failed flags.readFromStream(s) at 159
09-19 15:25:16.423 21446 21451 I us.godotpreview: NativeAlloc concurrent mark compact GC freed 153KB AllocSpace bytes, 0(0B) LOS objects, 49% free, 2255KB/4510KB, paused 66us,5.666ms total 14.229ms
09-19 15:25:16.508   491   588 W skia    : AGTM parsing failed flags.readFromStream(s) at 159
09-19 15:25:16.508   491   588 W skia    : AGTM parsing failed flags.readFromStream(s) at 159
09-19 15:25:16.612   491   588 W skia    : AGTM parsing failed flags.readFromStream(s) at 159
09-19 15:25:16.612   491   588 W skia    : AGTM parsing failed flags.readFromStream(s) at 159
09-19 15:25:16.714   491   588 W skia    : AGTM parsing failed flags.readFromStream(s) at 159
09-19 15:25:16.714   491   588 W skia    : AGTM parsing failed flags.readFromStream(s) at 159
09-19 15:25:16.813   491   588 W skia    : AGTM parsing failed flags.readFromStream(s) at 159
09-19 15:25:16.813   491   588 W skia    : AGTM parsing failed flags.readFromStream(s) at 159
09-19 15:25:16.829   645   800 D WifiClientModeImpl[3810:wlan0]: updateLinkLayerStatsRssiSpeedFrequencyCapabilities rssi=-50 TxLinkspeed=1 freq=2447 RxLinkSpeed=2
09-19 15:25:16.829   645   800 D WifiDataStall: tx tput in kbps: 11000
09-19 15:25:16.829   645   800 D WifiDataStall: rx tput in kbps: 11000
09-19 15:25:16.829   645   800 V WifiConfigManager: Updating scan detail cache freq=2447 BSSID=00:13:10:85:fe:01 RSSI=-50 for "AndroidWifi"NONE
09-19 15:25:16.829   645   800 D WifiThroughputPredictor:  utilization (LLS) 80 isBluetoothConnected: false final utilization: 80
09-19 15:25:16.829   645   800 D WifiThroughputPredictor:  BW: 0 RSSI: -50 Nss: 1 Mode: 1 symDur: 4000 snrDb 30 bitPerTone: 4500 rate: 54 throughput: 11
09-19 15:25:16.829   645   800 D WifiThroughputPredictor:  utilization (LLS) 80 isBluetoothConnected: false final utilization: 80
09-19 15:25:16.829   645   800 D WifiThroughputPredictor:  BW: 0 RSSI: -50 Nss: 1 Mode: 1 symDur: 4000 snrDb 30 bitPerTone: 4500 rate: 54 throughput: 11
09-19 15:25:16.830   645   800 D WifiThroughputPredictor:  utilization (LLS) 80 isBluetoothConnected: false final utilization: 80
09-19 15:25:16.830   645   800 D WifiThroughputPredictor:  BW: 0 RSSI: -50 Nss: 1 Mode: 1 symDur: 4000 snrDb 30 bitPerTone: 4500 rate: 54 throughput: 11
09-19 15:25:16.830   645   800 D WifiThroughputPredictor:  utilization (LLS) 80 isBluetoothConnected: false final utilization: 80
09-19 15:25:16.830   645   800 D WifiThroughputPredictor:  BW: 0 RSSI: -50 Nss: 1 Mode: 1 symDur: 4000 snrDb 30 bitPerTone: 4500 rate: 54 throughput: 11
09-19 15:25:16.832   645   800 I HalDevMgr: bestIfaceCreationProposal is null, requestIface=STA, existingIface=[name=wlan0 type=STA]
09-19 15:25:16.833   645   800 D WifiScoreCard: BSSID update SIGNAL_POLL ID: 760286919 SSID: "AndroidWifi", BSSID: 00:13:10:85:fe:01, MAC: 02:15:b2:00:00:00, IP: /10.0.2.16, Security type: 0, Supplicant state: COMPLETED, Wi-Fi standard: legacy, RSSI: -50, Link speed: 1Mbps, Tx Link speed: 1Mbps, Max Supported Tx Link speed: 11Mbps, Calculated Tx : 0Mbps, Rx Link speed: 2Mbps, Max Supported Rx Link speed: 11Mbps, Calculated Rx : 0Mbps, Frequency: 2447MHz, Net ID: 0, Metered hint: false, score: 100, isUsable: true, CarrierMerged: false, SubscriptionId: -1, IsPrimary: 1, Trusted: true, Restricted: false, Ephemeral: false, OEM paid: false, OEM private: false, OSU AP: false, FQDN: <none>, Provider friendly name: <none>, Requesting package name: <none>"AndroidWifi"openMLO Information: , Is TID-To-Link negotiation supported by the AP: false, AP MLD Address: <none>, AP MLO Link Id: <none>, AP MLO Affiliated links: <none>, Vendor Data: <none>
09-19 15:25:16.833   645   800 D WifiScoreCard: txRate: 1 txSpeed: 1
09-19 15:25:16.833   645   800 D WifiScoreCard: network update SIGNAL_POLL "AndroidWifi" ID: 673433585 RSSI -50 txSpeed -1
09-19 15:25:16.833   645   800 D WifiClientModeImpl[3810:wlan0]:  ClientModeImpl$L2ConnectedState screen=on 26 0 "AndroidWifi" 00:13:10:85:fe:01 rssi=-50 f=2447 sc=100 link=1 tx=0.0, 0.0, 0.0 rx=0.0 bcn=0 [on:0 tx:0 rx:0 period:3018] from screen [on:0 period:-1202245599] score=100
09-19 15:25:16.914   491   588 W skia    : AGTM parsing failed flags.readFromStream(s) at 159
09-19 15:25:16.915   491   588 W skia    : AGTM parsing failed flags.readFromStream(s) at 159
09-19 15:25:17.015   491   588 W skia    : AGTM parsing failed flags.readFromStream(s) at 159
09-19 15:25:17.015   491   588 W skia    : AGTM parsing failed flags.readFromStream(s) at 159
09-19 15:25:17.131   491   588 W skia    : AGTM parsing failed flags.readFromStream(s) at 159
09-19 15:25:17.132   491   588 W skia    : AGTM parsing failed flags.readFromStream(s) at 159
09-19 15:25:17.241   491   588 W skia    : AGTM parsing failed flags.readFromStream(s) at 159
09-19 15:25:17.241   491   588 W skia    : AGTM parsing failed flags.readFromStream(s) at 159
09-19 15:25:17.344   491   588 W skia    : AGTM parsing failed flags.readFromStream(s) at 159
09-19 15:25:17.344   491   588 W skia    : AGTM parsing failed flags.readFromStream(s) at 159
09-19 15:25:17.445   491   588 W skia    : AGTM parsing failed flags.readFromStream(s) at 159
09-19 15:25:17.445   491   588 W skia    : AGTM parsing failed flags.readFromStream(s) at 159
09-19 15:25:17.547   491   588 W skia    : AGTM parsing failed flags.readFromStream(s) at 159
09-19 15:25:17.547   491   588 W skia    : AGTM parsing failed flags.readFromStream(s) at 159
09-19 15:25:17.648   491   588 W skia    : AGTM parsing failed flags.readFromStream(s) at 159
09-19 15:25:17.648   491   588 W skia    : AGTM parsing failed flags.readFromStream(s) at 159
09-19 15:25:17.748   491   588 W skia    : AGTM parsing failed flags.readFromStream(s) at 159
09-19 15:25:17.748   491   588 W skia    : AGTM parsing failed flags.readFromStream(s) at 159
09-19 15:25:17.858   491   588 W skia    : AGTM parsing failed flags.readFromStream(s) at 159
09-19 15:25:17.858   491   588 W skia    : AGTM parsing failed flags.readFromStream(s) at 159
09-19 15:25:17.958   491   588 W skia    : AGTM parsing failed flags.readFromStream(s) at 159
09-19 15:25:17.958   491   588 W skia    : AGTM parsing failed flags.readFromStream(s) at 159
09-19 15:25:18.062   491   588 W skia    : AGTM parsing failed flags.readFromStream(s) at 159
09-19 15:25:18.062   491   588 W skia    : AGTM parsing failed flags.readFromStream(s) at 159
09-19 15:25:18.161   491   588 W skia    : AGTM parsing failed flags.readFromStream(s) at 159
09-19 15:25:18.161   491   588 W skia    : AGTM parsing failed flags.readFromStream(s) at 159
09-19 15:25:18.261   491   588 W skia    : AGTM parsing failed flags.readFromStream(s) at 159
09-19 15:25:18.261   491   588 W skia    : AGTM parsing failed flags.readFromStream(s) at 159
09-19 15:25:18.362   491   588 W skia    : AGTM parsing failed flags.readFromStream(s) at 159
09-19 15:25:18.362   491   588 W skia    : AGTM parsing failed flags.readFromStream(s) at 159
09-19 15:25:18.465   491   588 W skia    : AGTM parsing failed flags.readFromStream(s) at 159
09-19 15:25:18.465   491   588 W skia    : AGTM parsing failed flags.readFromStream(s) at 159
09-19 15:25:18.575   491   588 W skia    : AGTM parsing failed flags.readFromStream(s) at 159
09-19 15:25:18.575   491   588 W skia    : AGTM parsing failed flags.readFromStream(s) at 159
09-19 15:25:18.694   491   588 W skia    : AGTM parsing failed flags.readFromStream(s) at 159
09-19 15:25:18.694   491   588 W skia    : AGTM parsing failed flags.readFromStream(s) at 159
09-19 15:25:18.799   491   588 W skia    : AGTM parsing failed flags.readFromStream(s) at 159
09-19 15:25:18.799   491   588 W skia    : AGTM parsing failed flags.readFromStream(s) at 159
09-19 15:25:18.915   491   588 W skia    : AGTM parsing failed flags.readFromStream(s) at 159
09-19 15:25:18.915   491   588 W skia    : AGTM parsing failed flags.readFromStream(s) at 159
09-19 15:25:19.031   491   588 W skia    : AGTM parsing failed flags.readFromStream(s) at 159
09-19 15:25:19.031   491   588 W skia    : AGTM parsing failed flags.readFromStream(s) at 159
09-19 15:25:19.137   491   588 W skia    : AGTM parsing failed flags.readFromStream(s) at 159
09-19 15:25:19.137   491   588 W skia    : AGTM parsing failed flags.readFromStream(s) at 159
09-19 15:25:19.241   491   588 W skia    : AGTM parsing failed flags.readFromStream(s) at 159
09-19 15:25:19.241   491   588 W skia    : AGTM parsing failed flags.readFromStream(s) at 159
09-19 15:25:19.346   491   588 W skia    : AGTM parsing failed flags.readFromStream(s) at 159
09-19 15:25:19.346   491   588 W skia    : AGTM parsing failed flags.readFromStream(s) at 159
09-19 15:25:19.451   491   588 W skia    : AGTM parsing failed flags.readFromStream(s) at 159
09-19 15:25:19.451   491   588 W skia    : AGTM parsing failed flags.readFromStream(s) at 159
09-19 15:25:19.567   491   588 W skia    : AGTM parsing failed flags.readFromStream(s) at 159
09-19 15:25:19.567   491   588 W skia    : AGTM parsing failed flags.readFromStream(s) at 159
09-19 15:25:19.682   491   588 W skia    : AGTM parsing failed flags.readFromStream(s) at 159
09-19 15:25:19.682   491   588 W skia    : AGTM parsing failed flags.readFromStream(s) at 159
09-19 15:25:19.782   491   588 W skia    : AGTM parsing failed flags.readFromStream(s) at 159
09-19 15:25:19.783   491   588 W skia    : AGTM parsing failed flags.readFromStream(s) at 159
09-19 15:25:19.835   645   800 D WifiClientModeImpl[3810:wlan0]: updateLinkLayerStatsRssiSpeedFrequencyCapabilities rssi=-50 TxLinkspeed=1 freq=2447 RxLinkSpeed=2
09-19 15:25:19.835   645   800 D WifiDataStall: tx tput in kbps: 11000
09-19 15:25:19.835   645   800 D WifiDataStall: rx tput in kbps: 11000
09-19 15:25:19.835   645   800 V WifiConfigManager: Updating scan detail cache freq=2447 BSSID=00:13:10:85:fe:01 RSSI=-50 for "AndroidWifi"NONE
09-19 15:25:19.835   645   800 D WifiThroughputPredictor:  utilization (LLS) 80 isBluetoothConnected: false final utilization: 80
09-19 15:25:19.835   645   800 D WifiThroughputPredictor:  BW: 0 RSSI: -50 Nss: 1 Mode: 1 symDur: 4000 snrDb 30 bitPerTone: 4500 rate: 54 throughput: 11
09-19 15:25:19.835   645   800 D WifiThroughputPredictor:  utilization (LLS) 80 isBluetoothConnected: false final utilization: 80
09-19 15:25:19.835   645   800 D WifiThroughputPredictor:  BW: 0 RSSI: -50 Nss: 1 Mode: 1 symDur: 4000 snrDb 30 bitPerTone: 4500 rate: 54 throughput: 11
09-19 15:25:19.835   645   800 D WifiThroughputPredictor:  utilization (LLS) 80 isBluetoothConnected: false final utilization: 80
09-19 15:25:19.835   645   800 D WifiThroughputPredictor:  BW: 0 RSSI: -50 Nss: 1 Mode: 1 symDur: 4000 snrDb 30 bitPerTone: 4500 rate: 54 throughput: 11
09-19 15:25:19.835   645   800 D WifiThroughputPredictor:  utilization (LLS) 80 isBluetoothConnected: false final utilization: 80
09-19 15:25:19.835   645   800 D WifiThroughputPredictor:  BW: 0 RSSI: -50 Nss: 1 Mode: 1 symDur: 4000 snrDb 30 bitPerTone: 4500 rate: 54 throughput: 11
09-19 15:25:19.839   645   800 I HalDevMgr: bestIfaceCreationProposal is null, requestIface=STA, existingIface=[name=wlan0 type=STA]
09-19 15:25:19.839   645   800 D WifiScoreCard: BSSID update SIGNAL_POLL ID: 760286919 SSID: "AndroidWifi", BSSID: 00:13:10:85:fe:01, MAC: 02:15:b2:00:00:00, IP: /10.0.2.16, Security type: 0, Supplicant state: COMPLETED, Wi-Fi standard: legacy, RSSI: -50, Link speed: 1Mbps, Tx Link speed: 1Mbps, Max Supported Tx Link speed: 11Mbps, Calculated Tx : 0Mbps, Rx Link speed: 2Mbps, Max Supported Rx Link speed: 11Mbps, Calculated Rx : 0Mbps, Frequency: 2447MHz, Net ID: 0, Metered hint: false, score: 100, isUsable: true, CarrierMerged: false, SubscriptionId: -1, IsPrimary: 1, Trusted: true, Restricted: false, Ephemeral: false, OEM paid: false, OEM private: false, OSU AP: false, FQDN: <none>, Provider friendly name: <none>, Requesting package name: <none>"AndroidWifi"openMLO Information: , Is TID-To-Link negotiation supported by the AP: false, AP MLD Address: <none>, AP MLO Link Id: <none>, AP MLO Affiliated links: <none>, Vendor Data: <none>
09-19 15:25:19.839   645   800 D WifiScoreCard: txRate: 1 txSpeed: 1
09-19 15:25:19.839   645   800 D WifiScoreCard: network update SIGNAL_POLL "AndroidWifi" ID: 673433585 RSSI -50 txSpeed -1
09-19 15:25:19.839   645   800 D WifiClientModeImpl[3810:wlan0]:  ClientModeImpl$L2ConnectedState screen=on 26 0 "AndroidWifi" 00:13:10:85:fe:01 rssi=-50 f=2447 sc=100 link=1 tx=0.0, 0.0, 0.0 rx=0.0 bcn=0 [on:0 tx:0 rx:0 period:3006] from screen [on:0 period:-1202242593] score=100
09-19 15:25:19.894   491   588 W skia    : AGTM parsing failed flags.readFromStream(s) at 159
09-19 15:25:19.894   491   588 W skia    : AGTM parsing failed flags.readFromStream(s) at 159
09-19 15:25:20.011   491   588 W skia    : AGTM parsing failed flags.readFromStream(s) at 159
09-19 15:25:20.011   491   588 W skia    : AGTM parsing failed flags.readFromStream(s) at 159
09-19 15:25:20.111   491   588 W skia    : AGTM parsing failed flags.readFromStream(s) at 159
09-19 15:25:20.112   491   588 W skia    : AGTM parsing failed flags.readFromStream(s) at 159
09-19 15:25:20.215   491   588 W skia    : AGTM parsing failed flags.readFromStream(s) at 159
09-19 15:25:20.215   491   588 W skia    : AGTM parsing failed flags.readFromStream(s) at 159
09-19 15:25:20.314   491   588 W skia    : AGTM parsing failed flags.readFromStream(s) at 159
09-19 15:25:20.315   491   588 W skia    : AGTM parsing failed flags.readFromStream(s) at 159
09-19 15:25:20.334   892   892 D wpa_supplicant: nl80211: Drv Event 64 (NL80211_CMD_NOTIFY_CQM) received for wlan0
09-19 15:25:20.334   892   892 D wpa_supplicant: nl80211: Beacon loss event
09-19 15:25:20.334   892   892 D wpa_supplicant: wlan0: Event BEACON_LOSS (53) received
09-19 15:25:20.334   892   892 I wpa_supplicant: wlan0: CTRL-EVENT-BEACON-LOSS 
09-19 15:25:20.427   491   588 W skia    : AGTM parsing failed flags.readFromStream(s) at 159
09-19 15:25:20.427   491   588 W skia    : AGTM parsing failed flags.readFromStream(s) at 159
09-19 15:25:20.554   491   588 W skia    : AGTM parsing failed flags.readFromStream(s) at 159
09-19 15:25:20.554   491   588 W skia    : AGTM parsing failed flags.readFromStream(s) at 159
09-19 15:25:20.663   491   588 W skia    : AGTM parsing failed flags.readFromStream(s) at 159
09-19 15:25:20.663   491   588 W skia    : AGTM parsing failed flags.readFromStream(s) at 159
09-19 15:25:20.768   491   588 W skia    : AGTM parsing failed flags.readFromStream(s) at 159
09-19 15:25:20.768   491   588 W skia    : AGTM parsing failed flags.readFromStream(s) at 159
09-19 15:25:20.865   491   588 W skia    : AGTM parsing failed flags.readFromStream(s) at 159
09-19 15:25:20.866   491   588 W skia    : AGTM parsing failed flags.readFromStream(s) at 159
09-19 15:25:20.978   491   588 W skia    : AGTM parsing failed flags.readFromStream(s) at 159
09-19 15:25:20.978   491   588 W skia    : AGTM parsing failed flags.readFromStream(s) at 159
09-19 15:25:21.081   491   588 W skia    : AGTM parsing failed flags.readFromStream(s) at 159
09-19 15:25:21.082   491   588 W skia    : AGTM parsing failed flags.readFromStream(s) at 159
09-19 15:25:21.184   491   588 W skia    : AGTM parsing failed flags.readFromStream(s) at 159
09-19 15:25:21.184   491   588 W skia    : AGTM parsing failed flags.readFromStream(s) at 159
09-19 15:25:21.298   491   588 W skia    : AGTM parsing failed flags.readFromStream(s) at 159
09-19 15:25:21.298   491   588 W skia    : AGTM parsing failed flags.readFromStream(s) at 159
09-19 15:25:21.414   491   588 W skia    : AGTM parsing failed flags.readFromStream(s) at 159
09-19 15:25:21.414   491   588 W skia    : AGTM parsing failed flags.readFromStream(s) at 159
09-19 15:25:21.515   491   588 W skia    : AGTM parsing failed flags.readFromStream(s) at 159
09-19 15:25:21.515   491   588 W skia    : AGTM parsing failed flags.readFromStream(s) at 159
09-19 15:25:21.615   491   588 W skia    : AGTM parsing failed flags.readFromStream(s) at 159
09-19 15:25:21.615   491   588 W skia    : AGTM parsing failed flags.readFromStream(s) at 159
09-19 15:25:21.716   491   588 W skia    : AGTM parsing failed flags.readFromStream(s) at 159
09-19 15:25:21.716   491   588 W skia    : AGTM parsing failed flags.readFromStream(s) at 159
09-19 15:25:21.780 21446 21446 I flutter : RN_VALIDATION_CHUNK START {"schema":1,"runner":"flutter_flame_godot","event":"snapshot","scenario":"fire","device_pixel_ratio":2.625,"physical_size":[1080.0,2424.0],"path_tiles":[[0.5,0.5],[1.5,0.5],[1.5,1.5],[1.5,2.5],[2.5,2.5],[3.5,2.5],[4.5,2.5],[4.5,3.5],[4.5,4.5],[5.5,4.5],[6.5,4.5],[6.5,5.5],[6.5,6.5],[5.5,6.5],[4.5,6.5],[3.5,6.5],[2.5,6.5],[1.5,6.5],[1.5,7.5],[1.5,8.5],[1.5,9.5],[2.5,9.5],[3.5,9.5],[4.5,9.5],[5.5,9.5],[6.5,9.5]],"frame":{"seq":1,"sceneEpoch":1789799032192451,"viewportRevision":0,"presentationVersion":2,"presentation":{"labels":{"logicalTileSize":45.25714141845703,"enemies":[{"id":618,"position":[6.500000335471809,6.4836965912379885],"size":[29.417142868041992,29.417142868041992],"hp":999999848
09-19 15:25:21.780 21446 21446 I flutter : RN_VALIDATION_CHUNK CONT .4000015,"maxHp":1000000000.0,"armor":0.0,"maxArmor":0.0,"shield":0.0,"maxShield":0.0,"effectTime":8.049999999999981,"enemyCount":3,"burning":true,"slowed":false,"poisoned":false,"riftMarked":false,"diamondCarrier":false},{"id":619,"position":[5.4999996678997665,6.4836965912379885],"size":[29.417142868041992,29.417142868041992],"hp":1000000000.0,"maxHp":1000000000.0,"armor":0.0,"maxArmor":0.0,"shield":0.0,"maxShield":0.0,"effectTime":8.049999999999981,"enemyCount":3,"burning":false,"slowed":false,"poisoned":false,"riftMarked":false,"diamondCarrier":false},{"id":620,"position":[4.500000011800516,6.4836965912379885],"size":[29.417142868041992,29.417142868041992],"hp":999999512.4000015,"maxHp":
09-19 15:25:21.780 21446 21446 I flutter : RN_VALIDATION_CHUNK CONT 1000000000.0,"armor":0.0,"maxArmor":0.0,"shield":0.0,"maxShield":0.0,"effectTime":8.049999999999981,"enemyCount":3,"burning":true,"slowed":false,"poisoned":false,"riftMarked":false,"diamondCarrier":false}],"core":null},"effects":{"shake":[0.0,0.0],"events":[{"id":769,"kind":"damage","age":0.0,"duration":0.75,"x":6.412049404633291,"y":6.433112609066352,"tileSize":45.25714141845703,"color":4294937130,"radius":0.0,"scale":1.0,"text":"2","feedback":"neutral","motion":"fallArc","arcDirection":1,"style":"","enemyType":"","enemyTypeIndex":0,"hasImage":false,"screenOffset":[0.0,0.0],"points":[],"born":79.79999599999911,"bornSquared":2.050556212200003,"retainedAge":0.06666699999999537,"retainedSquare
09-19 15:25:21.780 21446 21446 I flutter : RN_VALIDATION_CHUNK CONT d":0.0022222444449999657},{"id":770,"kind":"damage","age":0.0,"duration":0.75,"x":4.483704847964142,"y":6.386043385534028,"tileSize":45.25714141845703,"color":4294937130,"radius":0.0,"scale":1.0,"text":"2","feedback":"neutral","motion":"fallArc","arcDirection":-1,"style":"","enemyType":"","enemyTypeIndex":0,"hasImage":false,"screenOffset":[0.0,0.0],"points":[],"born":79.79999599999911,"bornSquared":2.050556212200003,"retainedAge":0.06666699999999537,"retainedSquared":0.0022222444449999657}],"clock":79.86666299999911,"generation":3,"squaredSteps":2.052778456645003,"items":[]},"selection":{"logicalTileSize":45.25714141845703,"visualScale":0.9428571128845215,"time":79.86666299999911,"rewardTarg
09-19 15:25:21.780 21446 21446 I flutter : RN_VALIDATION_CHUNK CONT eting":false,"rewardViewport":null,"turrets":[{"position":[5.4999996678997665,5.499999962912664],"color":4294925882,"range":2.25,"selected":false,"previewRange":null,"auraTier":0,"animationPhase":0.0,"gemColors":[],"aimTarget":null,"aimProgress":0.0},{"position":[5.4999996678997665,7.4999999494263605],"color":4294925882,"range":2.25,"selected":false,"previewRange":null,"auraTier":0,"animationPhase":0.0,"gemColors":[],"aimTarget":null,"aimProgress":0.0},{"position":[4.500000011800516,5.499999962912664],"color":4294925882,"range":2.25,"selected":false,"previewRange":null,"auraTier":0,"animationPhase":0.0,"gemColors":[],"aimTarget":null,"aimProgress":0.0},{"position":[4.500000011800516,7.499999
09-19 15:25:21.780 21446 21446 I flutter : RN_VALIDATION_CHUNK CONT 9494263605],"color":4294925882,"range":2.25,"selected":false,"previewRange":null,"auraTier":0,"animationPhase":0.0,"gemColors":[],"aimTarget":null,"aimProgress":0.0},{"position":[6.500000335471809,7.4999999494263605],"color":4294925882,"range":2.25,"selected":false,"previewRange":null,"auraTier":0,"animationPhase":0.0,"gemColors":[],"aimTarget":null,"aimProgress":0.0},{"position":[7.500000328728658,6.499999956169512],"color":4294925882,"range":2.25,"selected":false,"previewRange":null,"auraTier":0,"animationPhase":0.0,"gemColors":[],"aimTarget":null,"aimProgress":0.0}],"tiles":[],"rewardTargets":[]}},"time":79.86666299999911,"map":{"theme":"chapterOne","columns":8,"rows":10,"tiles":["spawn",
09-19 15:25:21.780 21446 21446 I flutter : RN_VALIDATION_CHUNK CONT "path","build","build","blocked","blocked","blocked","blocked","build","path","build","build","build","build","blocked","blocked","blocked","path","path","path","path","build","build","blocked","blocked","build","build","build","path","build","blocked","blocked","blocked","blocked","build","build","path","path","path","build","blocked","blocked","blocked","build","build","build","path","build","blocked","path","path","path","path","path","path","build","build","path","build","build","build","build","build","build","build","path","build","build","blocked","blocked","blocked","blocked","build","path","path","path","path","path","core","blocked"]},"turrets":[[621,5.4999996678997665,5.4999999629
09-19 15:25:21.780 21446 21446 I flutter : RN_VALIDATION_CHUNK CONT 12664,2.3561943216135166,5,0.0,"magic",1],[622,5.4999996678997665,7.4999999494263605,-2.3561943216135166,5,0.0,"magic",1],[623,4.500000011800516,5.499999962912664,1.5707963267948966,5,0.0,"magic",1],[624,4.500000011800516,7.4999999494263605,-1.5707963267948966,5,0.0,"magic",1],[625,6.500000335471809,7.4999999494263605,-2.677945112020498,5,0.0,"magic",1],[626,7.500000328728658,6.499999956169512,3.141592653589793,5,0.0,"magic",1]],"buildPreview":null,"enemies":[[618,6.500000335471809,6.4836965912379885,3.141592653589793,0.0,0.6500000209037711,0.0,"tank",true,false,false,false],[619,5.4999996678997665,6.4836965912379885,3.141592653589793,0.0,0.6500000209037711,0.0,"tank",false,false,false,false
09-19 15:25:21.780 21446 21446 I flutter : RN_VALIDATION_CHUNK CONT ],[620,4.500000011800516,6.4836965912379885,3.141592653589793,0.0,0.6500000209037711,0.0,"tank",true,false,false,false]],"projectileEvents":{"generation":12,"clock":79.86666299999911,"through":423,"events":[{"event":364,"data":[627,5.074675021715141,5.925324271939693,-0.7071067690849304,0.7071067690849304,"magic",5.384034312299413,5.615965318513018,621,1,false,-1,null,null],"clock":71.89999699999956,"speed":8.75,"remaining":3.1458333333333326},{"event":365,"data":[628,5.074675021715141,7.074675640399332,-0.7071067690849304,-0.7071067690849304,"magic",5.384034312299413,7.384034593826007,622,1,false,-1,null,null],"clock":71.89999699999956,"speed":8.75,"remaining":3.1458333333333326},{"event":3
09-19 15:25:21.780 21446 21446 I flutter : RN_VALIDATION_CHUNK CONT 66,"data":[629,4.500000011800516,6.101499905585758,0.0,1.0,"magic",4.500000011800516,5.664000161404085,623,1,false,-1,null,null],"clock":71.89999699999956,"speed":8.75,"remaining":3.1458333333333326},{"event":367,"data":[630,4.500000011800516,6.898500006753267,0.0,-1.0,"magic",4.500000011800516,7.335999750934939,624,1,false,-1,null,null],"clock":71.89999699999956,"speed":8.75,"remaining":3.1458333333333326},{"event":368,"data":[631,5.961999980363942,7.231006177866775,-0.894433319568634,-0.4472014009952545,"magic",6.353314528233479,7.426656708649598,625,1,false,-1,null,null],"clock":71.89999699999956,"speed":8.75,"remaining":3.1458333333333326},{"event":369,"data":[632,6.898500386055564,6.499
09-19 15:25:21.780 21446 21446 I flutter : RN_VALIDATION_CHUNK CONT 999956169512,-1.0,0.0,"magic",7.336000130237236,6.499999956169512,626,1,false,-1,null,null],"clock":71.89999699999956,"speed":8.75,"remaining":3.1458333333333326},{"event":370,"data":[629,4.500000011800516,6.143666857652959,0.0,1.0,"magic",4.500000011800516,5.664000161404085,623,1,false,71.91666299999956,4.500000011800516,6.499999956169512],"clock":71.91666299999956,"speed":0.0},{"event":371,"data":[630,4.500000011800516,6.856333054686066,0.0,-1.0,"magic",4.500000011800516,7.335999750934939,624,1,false,71.91666299999956,4.500000011800516,6.499999956169512],"clock":71.91666299999956,"speed":0.0},{"event":372,"data":[632,6.856333433988363,6.499999956169512,-1.0,0.0,"magic",7.336000130237236,6.
09-19 15:25:21.780 21446 21446 I flutter : RN_VALIDATION_CHUNK CONT 499999956169512,626,1,false,71.91666299999956,6.500000335471809,6.499999956169512],"clock":71.91666299999956,"speed":0.0},{"event":373,"data":[627,4.751965301749542,6.248033991905291,-0.7071067690849304,0.7071067690849304,"magic",5.384034312299413,5.615965318513018,621,1,false,71.96666299999956,4.500000011800516,6.499999956169512],"clock":71.96666299999956,"speed":0.0},{"event":374,"data":[628,4.751965301749542,6.751965920433734,-0.7071067690849304,-0.7071067690849304,"magic",5.384034312299413,7.384034593826007,622,1,false,71.96666299999956,4.500000011800516,6.499999956169512],"clock":71.96666299999956,"speed":0.0},{"event":375,"data":[631,4.8187042995098786,6.6593770496863955,-0.89443331956
09-19 15:25:21.780 21446 21446 I flutter : RN_VALIDATION_CHUNK CONT 8634,-0.4472014009952545,"magic",6.353314528233479,7.426656708649598,625,1,false,72.04999699999955,4.500000011800516,6.499999956169512],"clock":72.04999699999955,"speed":0.0},{"event":376,"data":[655,4.500000011800516,7.190163580841872,0.0,-1.0,"magic",4.500000011800516,7.335999750934939,624,2,false,-1,null,null],"clock":73.49999699999947,"speed":8.75,"remaining":3.437497083333333},{"event":377,"data":[655,4.500000011800516,6.856333054686066,0.0,-1.0,"magic",4.500000011800516,7.335999750934939,624,2,false,73.56666299999947,4.500000011800516,6.499999956169512],"clock":73.56666299999947,"speed":0.0},{"event":378,"data":[658,5.177797032960547,5.822202597851884,-0.7071067690849304,0.707106769084
09-19 15:25:21.780 21446 21446 I flutter : RN_VALIDATION_CHUNK CONT 9304,"magic",5.384034312299413,5.615965318513018,621,2,false,-1,null,null],"clock":73.56666299999947,"speed":8.75,"remaining":3.2916695833333334},{"event":379,"data":[659,5.177797032960547,7.17779731448714,-0.7071067690849304,-0.7071067690849304,"magic",5.384034312299413,7.384034593826007,622,2,false,-1,null,null],"clock":73.56666299999947,"speed":8.75,"remaining":3.2916695833333334},{"event":380,"data":[660,4.500000011800516,5.95566373549269,0.0,1.0,"magic",4.500000011800516,5.664000161404085,623,2,false,-1,null,null],"clock":73.56666299999947,"speed":8.75,"remaining":3.2916695833333334},{"event":381,"data":[661,7.190163960144169,6.499999956169512,-1.0,0.0,"magic",7.336000130237236,6.499999
09-19 15:25:21.780 21446 21446 I flutter : RN_VALIDATION_CHUNK CONT 956169512,626,2,false,-1,null,null],"clock":73.58332999999946,"speed":8.75,"remaining":3.437497083333333},{"event":382,"data":[660,4.500000011800516,6.143666857652959,0.0,1.0,"magic",4.500000011800516,5.664000161404085,623,2,false,73.59999699999946,4.500000011800516,6.499999956169512],"clock":73.59999699999946,"speed":0.0},{"event":383,"data":[661,6.856333433988363,6.499999956169512,-1.0,0.0,"magic",7.336000130237236,6.499999956169512,626,2,false,73.63332999999946,6.500000335471809,6.499999956169512],"clock":73.63332999999946,"speed":0.0},{"event":384,"data":[658,4.75196563890714,6.248033991905291,-0.7071067690849304,0.7071067690849304,"magic",5.384034312299413,5.615965318513018,621,2,false,
09-19 15:25:21.780 21446 21446 I flutter : RN_VALIDATION_CHUNK CONT 73.66666299999946,4.500000011800516,6.499999956169512],"clock":73.66666299999946,"speed":0.0},{"event":385,"data":[659,4.75196563890714,6.751965920433734,-0.7071067690849304,-0.7071067690849304,"magic",5.384034312299413,7.384034593826007,622,2,false,73.66666299999946,4.500000011800516,6.499999956169512],"clock":73.66666299999946,"speed":0.0},{"event":386,"data":[672,6.092440860247899,7.296224594863171,-0.894433319568634,-0.4472014009952545,"magic",6.353314528233479,7.426656708649598,625,2,false,-1,null,null],"clock":73.66666299999946,"speed":8.75,"remaining":3.2916695833333334},{"event":387,"data":[672,4.818703962352282,6.65937772400159,-0.894433319568634,-0.4472014009952545,"magic",6.353314
09-19 15:25:21.780 21446 21446 I flutter : RN_VALIDATION_CHUNK CONT 528233479,7.426656708649598,625,2,false,73.86666299999945,4.500000011800516,6.499999956169512],"clock":73.86666299999945,"speed":0.0},{"event":388,"data":[685,5.177790964123795,7.177791245650389,-0.7071067690849304,-0.7071067690849304,"magic",5.384034312299413,7.384034593826007,622,3,false,-1,null,null],"clock":75.19999699999937,"speed":8.75,"remaining":3.291660833333333},{"event":389,"data":[686,4.500000011800516,5.95566373549269,0.0,1.0,"magic",4.500000011800516,5.664000161404085,623,3,false,-1,null,null],"clock":75.23332999999937,"speed":8.75,"remaining":3.2916695833333334},{"event":390,"data":[687,4.500000011800516,7.044336176846334,0.0,-1.0,"magic",4.500000011800516,7.335999750934939,62
09-19 15:25:21.780 21446 21446 I flutter : RN_VALIDATION_CHUNK CONT 4,3,false,-1,null,null],"clock":75.23332999999937,"speed":8.75,"remaining":3.2916695833333334},{"event":391,"data":[686,4.500000011800516,6.143666857652959,0.0,1.0,"magic",4.500000011800516,5.664000161404085,623,3,false,75.26666299999937,4.500000011800516,6.499999956169512],"clock":75.26666299999937,"speed":0.0},{"event":392,"data":[687,4.500000011800516,6.856333054686066,0.0,-1.0,"magic",4.500000011800516,7.335999750934939,624,3,false,75.26666299999937,4.500000011800516,6.499999956169512],"clock":75.26666299999937,"speed":0.0},{"event":393,"data":[685,4.75196563890714,6.751965920433734,-0.7071067690849304,-0.7071067690849304,"magic",5.384034312299413,7.384034593826007,622,3,false,75.2999969
09-19 15:25:21.780 21446 21446 I flutter : RN_VALIDATION_CHUNK CONT 9999937,4.500000011800516,6.499999956169512],"clock":75.29999699999937,"speed":0.0},{"event":394,"data":[694,5.177797032960547,5.822202597851884,-0.7071067690849304,0.7071067690849304,"magic",5.384034312299413,5.615965318513018,621,3,false,-1,null,null],"clock":75.33332999999936,"speed":8.75,"remaining":3.2916695833333334},{"event":395,"data":[695,6.092440860247899,7.296224594863171,-0.894433319568634,-0.4472014009952545,"magic",6.353314528233479,7.426656708649598,625,3,false,-1,null,null],"clock":75.33332999999936,"speed":8.75,"remaining":3.2916695833333334},{"event":396,"data":[696,7.0443365561486315,6.499999956169512,-1.0,0.0,"magic",7.336000130237236,6.499999956169512,626,3,false,-1,null
09-19 15:25:21.780 21446 21446 I flutter : RN_VALIDATION_CHUNK CONT ,null],"clock":75.36666299999936,"speed":8.75,"remaining":3.2916695833333334},{"event":397,"data":[696,6.856333433988363,6.499999956169512,-1.0,0.0,"magic",7.336000130237236,6.499999956169512,626,3,false,75.39999699999936,6.500000335471809,6.499999956169512],"clock":75.39999699999936,"speed":0.0},{"event":398,"data":[694,4.751965301749542,6.248033991905291,-0.7071067690849304,0.7071067690849304,"magic",5.384034312299413,5.615965318513018,621,3,false,75.41666299999936,4.500000011800516,6.499999956169512],"clock":75.41666299999936,"speed":0.0},{"event":399,"data":[695,4.818703625194684,6.659378398316785,-0.894433319568634,-0.4472014009952545,"magic",6.353314528233479,7.426656708649598,625,3,fa
09-19 15:25:21.780 21446 21446 I flutter : RN_VALIDATION_CHUNK CONT lse,75.49999699999935,4.500000011800516,6.499999956169512],"clock":75.49999699999935,"speed":0.0},{"event":400,"data":[715,5.177790964123795,7.177791245650389,-0.7071067690849304,-0.7071067690849304,"magic",5.384034312299413,7.384034593826007,622,4,false,-1,null,null],"clock":76.88332999999928,"speed":8.75,"remaining":3.291660833333333},{"event":401,"data":[716,4.500000011800516,7.044327410748804,0.0,-1.0,"magic",4.500000011800516,7.335999750934939,624,4,false,-1,null,null],"clock":76.88332999999928,"speed":8.75,"remaining":3.291660833333333},{"event":402,"data":[716,4.500000011800516,6.856333054686066,0.0,-1.0,"magic",4.500000011800516,7.335999750934939,624,4,false,76.91666299999928,4.50000
09-19 15:25:21.780 21446 21446 I flutter : RN_VALIDATION_CHUNK CONT 0011800516,6.499999956169512],"clock":76.91666299999928,"speed":0.0},{"event":403,"data":[715,4.75196563890714,6.751965920433734,-0.7071067690849304,-0.7071067690849304,"magic",5.384034312299413,7.384034593826007,622,4,false,76.98332999999927,4.500000011800516,6.499999956169512],"clock":76.98332999999927,"speed":0.0},{"event":404,"data":[721,4.500000011800516,5.955672501590221,0.0,1.0,"magic",4.500000011800516,5.664000161404085,623,4,false,-1,null,null],"clock":76.98332999999927,"speed":8.75,"remaining":3.291660833333333},{"event":405,"data":[721,4.500000011800516,6.143666857652959,0.0,1.0,"magic",4.500000011800516,5.664000161404085,623,4,false,77.01666299999927,4.500000011800516,6.499999956
09-19 15:25:21.780 21446 21446 I flutter : RN_VALIDATION_CHUNK CONT 169512],"clock":77.01666299999927,"speed":0.0},{"event":406,"data":[724,7.0443365561486315,6.499999956169512,-1.0,0.0,"magic",7.336000130237236,6.499999956169512,626,4,false,-1,null,null],"clock":77.04999599999927,"speed":8.75,"remaining":3.2916695833333334},{"event":407,"data":[724,6.856333433988363,6.499999956169512,-1.0,0.0,"magic",7.336000130237236,6.499999956169512,626,4,false,77.08332999999926,6.500000335471809,6.499999956169512],"clock":77.08332999999926,"speed":0.0},{"event":408,"data":[727,6.092432768465564,7.296220548972003,-0.894433319568634,-0.4472014009952545,"magic",6.353314528233479,7.426656708649598,625,4,false,-1,null,null],"clock":77.08332999999926,"speed":8.75,"remaining":
09-19 15:25:21.780 21446 21446 I flutter : RN_VALIDATION_CHUNK CONT 3.291660833333333},{"event":409,"data":[728,5.177797032960547,5.822202597851884,-0.7071067690849304,0.7071067690849304,"magic",5.384034312299413,5.615965318513018,621,4,false,-1,null,null],"clock":77.11666299999926,"speed":8.75,"remaining":3.2916695833333334},{"event":410,"data":[728,4.75196563890714,6.248033991905291,-0.7071067690849304,0.7071067690849304,"magic",5.384034312299413,5.615965318513018,621,4,false,77.21666299999926,4.500000011800516,6.499999956169512],"clock":77.21666299999926,"speed":0.0},{"event":411,"data":[727,4.818703625194684,6.659378398316785,-0.894433319568634,-0.4472014009952545,"magic",6.353314528233479,7.426656708649598,625,4,false,77.24999599999926,4.500000011800516
09-19 15:25:21.780 21446 21446 I flutter : RN_VALIDATION_CHUNK CONT ,6.499999956169512],"clock":77.24999599999926,"speed":0.0},{"event":412,"data":[745,4.500000011800516,7.190163580841872,0.0,-1.0,"magic",4.500000011800516,7.335999750934939,624,5,false,-1,null,null],"clock":78.61666299999918,"speed":8.75,"remaining":3.437497083333333},{"event":413,"data":[746,5.177797032960547,7.17779731448714,-0.7071067690849304,-0.7071067690849304,"magic",5.384034312299413,7.384034593826007,622,5,false,-1,null,null],"clock":78.64999599999918,"speed":8.75,"remaining":3.2916695833333334},{"event":414,"data":[745,4.500000011800516,6.856333054686066,0.0,-1.0,"magic",4.500000011800516,7.335999750934939,624,5,false,78.68332999999917,4.500000011800516,6.499999956169512],"clock":7
09-19 15:25:21.780 21446 21446 I flutter : RN_VALIDATION_CHUNK CONT 8.68332999999917,"speed":0.0},{"event":415,"data":[749,4.500000011800516,5.95566373549269,0.0,1.0,"magic",4.500000011800516,5.664000161404085,623,5,false,-1,null,null],"clock":78.71666299999917,"speed":8.75,"remaining":3.2916695833333334},{"event":416,"data":[750,7.0443365561486315,6.499999956169512,-1.0,0.0,"magic",7.336000130237236,6.499999956169512,626,5,false,-1,null,null],"clock":78.71666299999917,"speed":8.75,"remaining":3.2916695833333334},{"event":417,"data":[746,4.751965301749542,6.751965920433734,-0.7071067690849304,-0.7071067690849304,"magic",5.384034312299413,7.384034593826007,622,5,false,78.74999599999917,4.500000011800516,6.499999956169512],"clock":78.74999599999917,"speed":0.0
09-19 15:25:21.780 21446 21446 I flutter : RN_VALIDATION_CHUNK CONT },{"event":418,"data":[749,4.500000011800516,6.143666857652959,0.0,1.0,"magic",4.500000011800516,5.664000161404085,623,5,false,78.74999599999917,4.500000011800516,6.499999956169512],"clock":78.74999599999917,"speed":0.0},{"event":419,"data":[750,6.856333433988363,6.499999956169512,-1.0,0.0,"magic",7.336000130237236,6.499999956169512,626,5,false,78.74999599999917,6.500000335471809,6.499999956169512],"clock":78.74999599999917,"speed":0.0},{"event":420,"data":[757,5.177797032960547,5.822202597851884,-0.7071067690849304,0.7071067690849304,"magic",5.384034312299413,5.615965318513018,621,5,false,-1,null,null],"clock":78.74999599999917,"speed":8.75,"remaining":3.2916695833333334},{"event":421,"data
09-19 15:25:21.780 21446 21446 I flutter : RN_VALIDATION_CHUNK CONT ":[758,6.092440860247899,7.296224594863171,-0.894433319568634,-0.4472014009952545,"magic",6.353314528233479,7.426656708649598,625,5,false,-1,null,null],"clock":78.74999599999917,"speed":8.75,"remaining":3.2916695833333334},{"event":422,"data":[757,4.751965301749542,6.248033991905291,-0.7071067690849304,0.7071067690849304,"magic",5.384034312299413,5.615965318513018,621,5,false,78.84999599999917,4.500000011800516,6.499999956169512],"clock":78.84999599999917,"speed":0.0},{"event":423,"data":[758,4.818703625194684,6.659378398316785,-0.894433319568634,-0.4472014009952545,"magic",6.353314528233479,7.426656708649598,625,5,false,78.91666299999916,4.500000011800516,6.499999956169512],"clock":78.91666
09-19 15:25:21.780 21446 21446 I flutter : RN_VALIDATION_CHUNK CONT 299999916,"speed":0.0}]},"projectiles":[],"impacts":[],"viewport":[411.4285583496094,923.4285888671875],"screenCenter":[205.7142791748047,347.21429443359375],"pixelsPerTile":45.25714141845703,"zoom":1.0,"nexusHpRatio":1.0,"nexusHit":0.0,"portalAlert":0.0}}
09-19 15:25:21.780 21446 21446 I flutter : RN_VALIDATION_END
09-19 15:25:21.826   491   588 W skia    : AGTM parsing failed flags.readFromStream(s) at 159
09-19 15:25:21.826   491   588 W skia    : AGTM parsing failed flags.readFromStream(s) at 159
09-19 15:25:21.929   491   588 W skia    : AGTM parsing failed flags.readFromStream(s) at 159
09-19 15:25:21.929   491   588 W skia    : AGTM parsing failed flags.readFromStream(s) at 159
09-19 15:25:21.983 21446 21451 I us.godotpreview: NativeAlloc concurrent mark compact GC freed 130KB AllocSpace bytes, 5(100KB) LOS objects, 49% free, 2315KB/4630KB, paused 99us,9.687ms total 20.926ms
09-19 15:25:22.033   491   588 W skia    : AGTM parsing failed flags.readFromStream(s) at 159
09-19 15:25:22.033   491   588 W skia    : AGTM parsing failed flags.readFromStream(s) at 159
09-19 15:25:22.146   491   588 W skia    : AGTM parsing failed flags.readFromStream(s) at 159
09-19 15:25:22.146   491   588 W skia    : AGTM parsing failed flags.readFromStream(s) at 159
09-19 15:25:22.262   491   588 W skia    : AGTM parsing failed flags.readFromStream(s) at 159
09-19 15:25:22.262   491   588 W skia    : AGTM parsing failed flags.readFromStream(s) at 159
09-19 15:25:22.364   491   588 W skia    : AGTM parsing failed flags.readFromStream(s) at 159
09-19 15:25:22.364   491   588 W skia    : AGTM parsing failed flags.readFromStream(s) at 159
09-19 15:25:22.484   491   588 W skia    : AGTM parsing failed flags.readFromStream(s) at 159
09-19 15:25:22.484   491   588 W skia    : AGTM parsing failed flags.readFromStream(s) at 159
09-19 15:25:22.605   491   588 W skia    : AGTM parsing failed flags.readFromStream(s) at 159
09-19 15:25:22.605   491   588 W skia    : AGTM parsing failed flags.readFromStream(s) at 159
09-19 15:25:22.724   491   588 W skia    : AGTM parsing failed flags.readFromStream(s) at 159
09-19 15:25:22.724   491   588 W skia    : AGTM parsing failed flags.readFromStream(s) at 159
09-19 15:25:22.830   491   588 W skia    : AGTM parsing failed flags.readFromStream(s) at 159
09-19 15:25:22.830   491   588 W skia    : AGTM parsing failed flags.readFromStream(s) at 159
09-19 15:25:22.843   645   800 D WifiClientModeImpl[3810:wlan0]: updateLinkLayerStatsRssiSpeedFrequencyCapabilities rssi=-50 TxLinkspeed=1 freq=2447 RxLinkSpeed=2
09-19 15:25:22.844   645   800 D WifiDataStall: tx tput in kbps: 11000
09-19 15:25:22.844   645   800 D WifiDataStall: rx tput in kbps: 11000
09-19 15:25:22.844   645   800 V WifiConfigManager: Updating scan detail cache freq=2447 BSSID=00:13:10:85:fe:01 RSSI=-50 for "AndroidWifi"NONE
09-19 15:25:22.845   645   800 D WifiThroughputPredictor:  utilization (LLS) 80 isBluetoothConnected: false final utilization: 80
09-19 15:25:22.845   645   800 D WifiThroughputPredictor:  BW: 0 RSSI: -50 Nss: 1 Mode: 1 symDur: 4000 snrDb 30 bitPerTone: 4500 rate: 54 throughput: 11
09-19 15:25:22.845   645   800 D WifiThroughputPredictor:  utilization (LLS) 80 isBluetoothConnected: false final utilization: 80
09-19 15:25:22.845   645   800 D WifiThroughputPredictor:  BW: 0 RSSI: -50 Nss: 1 Mode: 1 symDur: 4000 snrDb 30 bitPerTone: 4500 rate: 54 throughput: 11
09-19 15:25:22.845   645   800 D WifiThroughputPredictor:  utilization (LLS) 80 isBluetoothConnected: false final utilization: 80
09-19 15:25:22.845   645   800 D WifiThroughputPredictor:  BW: 0 RSSI: -50 Nss: 1 Mode: 1 symDur: 4000 snrDb 30 bitPerTone: 4500 rate: 54 throughput: 11
09-19 15:25:22.845   645   800 D WifiThroughputPredictor:  utilization (LLS) 80 isBluetoothConnected: false final utilization: 80
09-19 15:25:22.845   645   800 D WifiThroughputPredictor:  BW: 0 RSSI: -50 Nss: 1 Mode: 1 symDur: 4000 snrDb 30 bitPerTone: 4500 rate: 54 throughput: 11
09-19 15:25:22.847   645   800 I HalDevMgr: bestIfaceCreationProposal is null, requestIface=STA, existingIface=[name=wlan0 type=STA]
09-19 15:25:22.847   645   800 D WifiScoreCard: BSSID update SIGNAL_POLL ID: 760286919 SSID: "AndroidWifi", BSSID: 00:13:10:85:fe:01, MAC: 02:15:b2:00:00:00, IP: /10.0.2.16, Security type: 0, Supplicant state: COMPLETED, Wi-Fi standard: legacy, RSSI: -50, Link speed: 1Mbps, Tx Link speed: 1Mbps, Max Supported Tx Link speed: 11Mbps, Calculated Tx : 0Mbps, Rx Link speed: 2Mbps, Max Supported Rx Link speed: 11Mbps, Calculated Rx : 0Mbps, Frequency: 2447MHz, Net ID: 0, Metered hint: false, score: 100, isUsable: true, CarrierMerged: false, SubscriptionId: -1, IsPrimary: 1, Trusted: true, Restricted: false, Ephemeral: false, OEM paid: false, OEM private: false, OSU AP: false, FQDN: <none>, Provider friendly name: <none>, Requesting package name: <none>"AndroidWifi"openMLO Information: , Is TID-To-Link negotiation supported by the AP: false, AP MLD Address: <none>, AP MLO Link Id: <none>, AP MLO Affiliated links: <none>, Vendor Data: <none>
09-19 15:25:22.847   645   800 D WifiScoreCard: txRate: 1 txSpeed: 1
09-19 15:25:22.847   645   800 D WifiScoreCard: network update SIGNAL_POLL "AndroidWifi" ID: 673433585 RSSI -50 txSpeed -1
09-19 15:25:22.848   645   800 D WifiClientModeImpl[3810:wlan0]:  ClientModeImpl$L2ConnectedState screen=on 26 0 "AndroidWifi" 00:13:10:85:fe:01 rssi=-50 f=2447 sc=100 link=1 tx=0.0, 0.0, 0.0 rx=0.0 bcn=0 [on:0 tx:0 rx:0 period:3009] from screen [on:0 period:-1202239584] score=100
09-19 15:25:22.929   491   588 W skia    : AGTM parsing failed flags.readFromStream(s) at 159
09-19 15:25:22.929   491   588 W skia    : AGTM parsing failed flags.readFromStream(s) at 159
09-19 15:25:23.032   491   588 W skia    : AGTM parsing failed flags.readFromStream(s) at 159
09-19 15:25:23.032   491   588 W skia    : AGTM parsing failed flags.readFromStream(s) at 159
09-19 15:25:23.134   491   588 W skia    : AGTM parsing failed flags.readFromStream(s) at 159
09-19 15:25:23.134   491   588 W skia    : AGTM parsing failed flags.readFromStream(s) at 159
09-19 15:25:23.249   491   588 W skia    : AGTM parsing failed flags.readFromStream(s) at 159
09-19 15:25:23.249   491   588 W skia    : AGTM parsing failed flags.readFromStream(s) at 159
09-19 15:25:23.367   491   588 W skia    : AGTM parsing failed flags.readFromStream(s) at 159
09-19 15:25:23.367   491   588 W skia    : AGTM parsing failed flags.readFromStream(s) at 159
09-19 15:25:23.494   491   588 W skia    : AGTM parsing failed flags.readFromStream(s) at 159
09-19 15:25:23.495   491   588 W skia    : AGTM parsing failed flags.readFromStream(s) at 159
09-19 15:25:23.597   491   588 W skia    : AGTM parsing failed flags.readFromStream(s) at 159
09-19 15:25:23.598   491   588 W skia    : AGTM parsing failed flags.readFromStream(s) at 159
09-19 15:25:23.699   491   588 W skia    : AGTM parsing failed flags.readFromStream(s) at 159
09-19 15:25:23.699   491   588 W skia    : AGTM parsing failed flags.readFromStream(s) at 159
09-19 15:25:23.784 21446 21446 I flutter : RN_VALIDATION_CHUNK START {"schema":1,"runner":"flutter_flame_godot","event":"begin","scenario":"fire","speed":1,"duration_seconds":60,"fixture":"six_turrets_stationary_immortal_tanks","stress":false,"target_fps":60,"enemies":3,"burning":2,"turrets":6,"projectiles":0,"effects":0}
09-19 15:25:23.785 21446 21446 I flutter : RN_VALIDATION_END
09-19 15:25:23.799   491   588 W skia    : AGTM parsing failed flags.readFromStream(s) at 159
09-19 15:25:23.800   491   588 W skia    : AGTM parsing failed flags.readFromStream(s) at 159
09-19 15:25:23.845 16828 16828 I adbd    : adbd service requested 'shell,v2,TERM=dumb,raw:dumpsys SurfaceFlinger --timestats -clear -enable'
09-19 15:25:23.880   491   554 D surfaceflinger: Cleared global stats
09-19 15:25:23.880   491   554 D surfaceflinger: Cleared layer stats
09-19 15:25:23.880   491   554 D surfaceflinger: Enabled
09-19 15:25:23.899   491   588 W skia    : AGTM parsing failed flags.readFromStream(s) at 159
09-19 15:25:23.899   491   588 W skia    : AGTM parsing failed flags.readFromStream(s) at 159
09-19 15:25:24.012   491   588 W skia    : AGTM parsing failed flags.readFromStream(s) at 159
09-19 15:25:24.012   491   588 W skia    : AGTM parsing failed flags.readFromStream(s) at 159
09-19 15:25:24.124   491   588 W skia    : AGTM parsing failed flags.readFromStream(s) at 159
09-19 15:25:24.124   491   588 W skia    : AGTM parsing failed flags.readFromStream(s) at 159
09-19 15:25:24.227   491   588 W skia    : AGTM parsing failed flags.readFromStream(s) at 159
09-19 15:25:24.227   491   588 W skia    : AGTM parsing failed flags.readFromStream(s) at 159
09-19 15:25:24.330   491   588 W skia    : AGTM parsing failed flags.readFromStream(s) at 159
09-19 15:25:24.330   491   588 W skia    : AGTM parsing failed flags.readFromStream(s) at 159
09-19 15:25:24.443   491   588 W skia    : AGTM parsing failed flags.readFromStream(s) at 159
09-19 15:25:24.443   491   588 W skia    : AGTM parsing failed flags.readFromStream(s) at 159
09-19 15:25:24.561   491   588 W skia    : AGTM parsing failed flags.readFromStream(s) at 159
09-19 15:25:24.562   491   588 W skia    : AGTM parsing failed flags.readFromStream(s) at 159
09-19 15:25:24.668   491   588 W skia    : AGTM parsing failed flags.readFromStream(s) at 159
09-19 15:25:24.668   491   588 W skia    : AGTM parsing failed flags.readFromStream(s) at 159
09-19 15:25:24.777   491   588 W skia    : AGTM parsing failed flags.readFromStream(s) at 159
09-19 15:25:24.777   491   588 W skia    : AGTM parsing failed flags.readFromStream(s) at 159
09-19 15:25:24.810 21446 21446 I flutter : RN_VALIDATION_CHUNK START {"schema":1,"runner":"flutter_flame_godot","event":"sample","scenario":"fire","sample":0,"elapsed_ms":1026,"rss_bytes":555180032,"enemies":3,"burning":2,"turrets":6,"projectiles":0,"effects":0,"metrics":{"authored_terrain":true,"draw_calls":151.0,"fps":32.4110798749784,"frame_ms":30.8536464646465,"max_frame_ms":44.862,"objects":224.0,"primitives":414107.0,"received_frames":2998,"renderer":"mobile","sequence":3674,"viewport":[880.0,1976.0]}}
09-19 15:25:24.810 21446 21446 I flutter : RN_VALIDATION_END
09-19 15:25:24.893   491   588 W skia    : AGTM parsing failed flags.readFromStream(s) at 159
09-19 15:25:24.893   491   588 W skia    : AGTM parsing failed flags.readFromStream(s) at 159
09-19 15:25:24.995   491   588 W skia    : AGTM parsing failed flags.readFromStream(s) at 159
09-19 15:25:24.995   491   588 W skia    : AGTM parsing failed flags.readFromStream(s) at 159
09-19 15:25:25.095   491   588 W skia    : AGTM parsing failed flags.readFromStream(s) at 159
09-19 15:25:25.095   491   588 W skia    : AGTM parsing failed flags.readFromStream(s) at 159
09-19 15:25:25.217   491   588 W skia    : AGTM parsing failed flags.readFromStream(s) at 159
09-19 15:25:25.217   491   588 W skia    : AGTM parsing failed flags.readFromStream(s) at 159
09-19 15:25:25.316   491   588 W skia    : AGTM parsing failed flags.readFromStream(s) at 159
09-19 15:25:25.316   491   588 W skia    : AGTM parsing failed flags.readFromStream(s) at 159
09-19 15:25:25.416   491   588 W skia    : AGTM parsing failed flags.readFromStream(s) at 159
09-19 15:25:25.416   491   588 W skia    : AGTM parsing failed flags.readFromStream(s) at 159
09-19 15:25:25.522   491   588 W skia    : AGTM parsing failed flags.readFromStream(s) at 159
09-19 15:25:25.522   491   588 W skia    : AGTM parsing failed flags.readFromStream(s) at 159
09-19 15:25:25.644   491   588 W skia    : AGTM parsing failed flags.readFromStream(s) at 159
09-19 15:25:25.645   491   588 W skia    : AGTM parsing failed flags.readFromStream(s) at 159
09-19 15:25:25.746   491   588 W skia    : AGTM parsing failed flags.readFromStream(s) at 159
09-19 15:25:25.746   491   588 W skia    : AGTM parsing failed flags.readFromStream(s) at 159
09-19 15:25:25.836 21446 21446 I flutter : RN_VALIDATION_CHUNK START {"schema":1,"runner":"flutter_flame_godot","event":"sample","scenario":"fire","sample":1,"elapsed_ms":2050,"rss_bytes":555159552,"enemies":3,"burning":2,"turrets":6,"projectiles":0,"effects":0,"metrics":{"authored_terrain":true,"draw_calls":132.0,"fps":44.2622950819672,"frame_ms":22.5925925925926,"max_frame_ms":43.1496666666668,"objects":142.0,"primitives":416053.0,"received_frames":3026,"renderer":"mobile","sequence":3705,"viewport":[880.0,1976.0]}}
09-19 15:25:25.837 21446 21446 I flutter : RN_VALIDATION_END
09-19 15:25:25.855   645   800 D WifiClientModeImpl[3810:wlan0]: updateLinkLayerStatsRssiSpeedFrequencyCapabilities rssi=-50 TxLinkspeed=1 freq=2447 RxLinkSpeed=2
09-19 15:25:25.856   645   800 D WifiDataStall: tx tput in kbps: 11000
09-19 15:25:25.856   645   800 D WifiDataStall: rx tput in kbps: 11000
09-19 15:25:25.856   645   800 V WifiConfigManager: Updating scan detail cache freq=2447 BSSID=00:13:10:85:fe:01 RSSI=-50 for "AndroidWifi"NONE
09-19 15:25:25.856   645   800 D WifiThroughputPredictor:  utilization (LLS) 80 isBluetoothConnected: false final utilization: 80
09-19 15:25:25.856   645   800 D WifiThroughputPredictor:  BW: 0 RSSI: -50 Nss: 1 Mode: 1 symDur: 4000 snrDb 30 bitPerTone: 4500 rate: 54 throughput: 11
09-19 15:25:25.856   645   800 D WifiThroughputPredictor:  utilization (LLS) 80 isBluetoothConnected: false final utilization: 80
09-19 15:25:25.856   645   800 D WifiThroughputPredictor:  BW: 0 RSSI: -50 Nss: 1 Mode: 1 symDur: 4000 snrDb 30 bitPerTone: 4500 rate: 54 throughput: 11
09-19 15:25:25.857   645   800 D WifiThroughputPredictor:  utilization (LLS) 80 isBluetoothConnected: false final utilization: 80
09-19 15:25:25.857   645   800 D WifiThroughputPredictor:  BW: 0 RSSI: -50 Nss: 1 Mode: 1 symDur: 4000 snrDb 30 bitPerTone: 4500 rate: 54 throughput: 11
09-19 15:25:25.857   645   800 D WifiThroughputPredictor:  utilization (LLS) 80 isBluetoothConnected: false final utilization: 80
09-19 15:25:25.857   645   800 D WifiThroughputPredictor:  BW: 0 RSSI: -50 Nss: 1 Mode: 1 symDur: 4000 snrDb 30 bitPerTone: 4500 rate: 54 throughput: 11
09-19 15:25:25.859   645   800 I HalDevMgr: bestIfaceCreationProposal is null, requestIface=STA, existingIface=[name=wlan0 type=STA]
09-19 15:25:25.859   645   800 D WifiScoreCard: BSSID update SIGNAL_POLL ID: 760286919 SSID: "AndroidWifi", BSSID: 00:13:10:85:fe:01, MAC: 02:15:b2:00:00:00, IP: /10.0.2.16, Security type: 0, Supplicant state: COMPLETED, Wi-Fi standard: legacy, RSSI: -50, Link speed: 1Mbps, Tx Link speed: 1Mbps, Max Supported Tx Link speed: 11Mbps, Calculated Tx : 0Mbps, Rx Link speed: 2Mbps, Max Supported Rx Link speed: 11Mbps, Calculated Rx : 0Mbps, Frequency: 2447MHz, Net ID: 0, Metered hint: false, score: 100, isUsable: true, CarrierMerged: false, SubscriptionId: -1, IsPrimary: 1, Trusted: true, Restricted: false, Ephemeral: false, OEM paid: false, OEM private: false, OSU AP: false, FQDN: <none>, Provider friendly name: <none>, Requesting package name: <none>"AndroidWifi"openMLO Information: , Is TID-To-Link negotiation supported by the AP: false, AP MLD Address: <none>, AP MLO Link Id: <none>, AP MLO Affiliated links: <none>, Vendor Data: <none>
09-19 15:25:25.859   645   800 D WifiScoreCard: txRate: 1 txSpeed: 1
09-19 15:25:25.859   645   800 D WifiScoreCard: network update SIGNAL_POLL "AndroidWifi" ID: 673433585 RSSI -50 txSpeed -1
09-19 15:25:25.859   645   800 D WifiClientModeImpl[3810:wlan0]:  ClientModeImpl$L2ConnectedState screen=on 26 0 "AndroidWifi" 00:13:10:85:fe:01 rssi=-50 f=2447 sc=100 link=1 tx=0.0, 0.0, 0.0 rx=0.0 bcn=0 [on:0 tx:0 rx:0 period:3011] from screen [on:0 period:-1202236573] score=100
09-19 15:25:25.878   491   588 W skia    : AGTM parsing failed flags.readFromStream(s) at 159
09-19 15:25:25.878   491   588 W skia    : AGTM parsing failed flags.readFromStream(s) at 159
09-19 15:25:25.978   491   588 W skia    : AGTM parsing failed flags.readFromStream(s) at 159
09-19 15:25:25.978   491   588 W skia    : AGTM parsing failed flags.readFromStream(s) at 159
09-19 15:25:26.083   491   588 W skia    : AGTM parsing failed flags.readFromStream(s) at 159
09-19 15:25:26.083   491   588 W skia    : AGTM parsing failed flags.readFromStream(s) at 159
09-19 15:25:26.209   491   588 W skia    : AGTM parsing failed flags.readFromStream(s) at 159
09-19 15:25:26.209   491   588 W skia    : AGTM parsing failed flags.readFromStream(s) at 159
09-19 15:25:26.325   491   588 W skia    : AGTM parsing failed flags.readFromStream(s) at 159
09-19 15:25:26.325   491   588 W skia    : AGTM parsing failed flags.readFromStream(s) at 159
09-19 15:25:26.379  1012  1174 D SatelliteController: isInCarrierRoamingNbIotNtn: satellite is disabled
09-19 15:25:26.379  1012  1174 D SatelliteController: getCarrierRoamingNtnConnectType: Checking connect type from PLMN config for subId: 1
09-19 15:25:26.379  1012  1174 D TelephonyConfigUpdateInstallReceiver: getConfigParser: domain=satellite
09-19 15:25:26.379  1012  1174 V SatelliteController: satelliteConfigParser is not ready
09-19 15:25:26.379  1012  1174 D SatelliteController: isSatelliteAttachSupportedViaConfigupdater: return null (satelliteConfig is null)
09-19 15:25:26.383  1012  1174 D SatelliteController: getSatellitePerPlmnConfiguration: invalid subId or not supported via carrier.
09-19 15:25:26.386  1012  1174 D SatelliteController: getCarrierRoamingNtnConnectType: config: null
09-19 15:25:26.386  1012  1174 D TelephonyConfigUpdateInstallReceiver: getConfigParser: domain=satellite
09-19 15:25:26.386  1012  1174 V SatelliteController: satelliteConfigParser is not ready
09-19 15:25:26.386  1012  1174 D SatelliteController: getCarrierRoamingNtnConnectTypeViaConfigUpdater: return null (satelliteConfig is null)
09-19 15:25:26.386  1012  1174 D SatelliteController: getCarrierRoamingNtnConnectType: Falling back to global carrier config connect type: 0
09-19 15:25:26.386  1012  1174 D TelephonyConfigUpdateInstallReceiver: getConfigParser: domain=satellite
09-19 15:25:26.386  1012  1174 V SatelliteController: satelliteConfigParser is not ready
09-19 15:25:26.386  1012  1174 D SatelliteController: isSatelliteAttachSupportedViaConfigupdater: return null (satelliteConfig is null)
09-19 15:25:26.400  1012  1174 D SatelliteController: getCarrierRoamingNtnConnectType: Checking connect type from PLMN config for subId: 1
09-19 15:25:26.400  1012  1174 D TelephonyConfigUpdateInstallReceiver: getConfigParser: domain=satellite
09-19 15:25:26.400  1012  1174 V SatelliteController: satelliteConfigParser is not ready
09-19 15:25:26.400  1012  1174 D SatelliteController: isSatelliteAttachSupportedViaConfigupdater: return null (satelliteConfig is null)
09-19 15:25:26.404  1012  1174 D SatelliteController: getSatellitePerPlmnConfiguration: invalid subId or not supported via carrier.
09-19 15:25:26.404  1012  1174 D SatelliteController: getCarrierRoamingNtnConnectType: config: null
09-19 15:25:26.404  1012  1174 D TelephonyConfigUpdateInstallReceiver: getConfigParser: domain=satellite
09-19 15:25:26.405  1012  1174 V SatelliteController: satelliteConfigParser is not ready
09-19 15:25:26.405  1012  1174 D SatelliteController: getCarrierRoamingNtnConnectTypeViaConfigUpdater: return null (satelliteConfig is null)
09-19 15:25:26.407  1012  1174 D SatelliteController: getCarrierRoamingNtnConnectType: Falling back to global carrier config connect type: 0
09-19 15:25:26.408  1012  1174 D TelephonyConfigUpdateInstallReceiver: getConfigParser: domain=satellite
09-19 15:25:26.408  1012  1174 V SatelliteController: satelliteConfigParser is not ready
09-19 15:25:26.409  1012  1174 D SatelliteController: isSatelliteAttachSupportedViaConfigupdater: return null (satelliteConfig is null)
09-19 15:25:26.430   491   588 W skia    : AGTM parsing failed flags.readFromStream(s) at 159
09-19 15:25:26.430   491   588 W skia    : AGTM parsing failed flags.readFromStream(s) at 159
09-19 15:25:26.530   491   588 W skia    : AGTM parsing failed flags.readFromStream(s) at 159
09-19 15:25:26.530   491   588 W skia    : AGTM parsing failed flags.readFromStream(s) at 159
09-19 15:25:26.632   491   588 W skia    : AGTM parsing failed flags.readFromStream(s) at 159
09-19 15:25:26.632   491   588 W skia    : AGTM parsing failed flags.readFromStream(s) at 159
09-19 15:25:26.783   491   588 W skia    : AGTM parsing failed flags.readFromStream(s) at 159
09-19 15:25:26.783   491   588 W skia    : AGTM parsing failed flags.readFromStream(s) at 159
09-19 15:25:26.902 21446 21446 I flutter : RN_VALIDATION_CHUNK START {"schema":1,"runner":"flutter_flame_godot","event":"sample","scenario":"fire","sample":2,"elapsed_ms":3117,"rss_bytes":555167744,"enemies":3,"burning":2,"turrets":6,"projectiles":0,"effects":0,"metrics":{"authored_terrain":true,"draw_calls":120.0,"fps":40.7322494675713,"frame_ms":24.5505714285714,"max_frame_ms":44.7703333333333,"objects":130.0,"primitives":412845.0,"received_frames":3052,"renderer":"mobile","sequence":3733,"viewport":[880.0,1976.0]}}
09-19 15:25:26.903 21446 21446 I flutter : RN_VALIDATION_END
09-19 15:25:26.917   491   588 W skia    : AGTM parsing failed flags.readFromStream(s) at 159
09-19 15:25:26.917   491   588 W skia    : AGTM parsing failed flags.readFromStream(s) at 159
09-19 15:25:27.062   491   588 W skia    : AGTM parsing failed flags.readFromStream(s) at 159
09-19 15:25:27.062   491   588 W skia    : AGTM parsing failed flags.readFromStream(s) at 159
09-19 15:25:27.164   491   588 W skia    : AGTM parsing failed flags.readFromStream(s) at 159
09-19 15:25:27.164   491   588 W skia    : AGTM parsing failed flags.readFromStream(s) at 159
09-19 15:25:27.277   491   588 W skia    : AGTM parsing failed flags.readFromStream(s) at 159
09-19 15:25:27.277   491   588 W skia    : AGTM parsing failed flags.readFromStream(s) at 159
09-19 15:25:27.383   491   588 W skia    : AGTM parsing failed flags.readFromStream(s) at 159
09-19 15:25:27.383   491   588 W skia    : AGTM parsing failed flags.readFromStream(s) at 159
09-19 15:25:27.434 21446 21451 I us.godotpreview: NativeAlloc concurrent mark compact GC freed 202KB AllocSpace bytes, 0(0B) LOS objects, 49% free, 2271KB/4542KB, paused 54us,6.166ms total 20.133ms
09-19 15:25:27.477   491   588 W skia    : AGTM parsing failed flags.readFromStream(s) at 159
09-19 15:25:27.477   491   588 W skia    : AGTM parsing failed flags.readFromStream(s) at 159
09-19 15:25:27.580   491   588 W skia    : AGTM parsing failed flags.readFromStream(s) at 159
09-19 15:25:27.580   491   588 W skia    : AGTM parsing failed flags.readFromStream(s) at 159
09-19 15:25:27.682   491   588 W skia    : AGTM parsing failed flags.readFromStream(s) at 159
09-19 15:25:27.682   491   588 W skia    : AGTM parsing failed flags.readFromStream(s) at 159
09-19 15:25:27.797   491   588 W skia    : AGTM parsing failed flags.readFromStream(s) at 159
09-19 15:25:27.797   491   588 W skia    : AGTM parsing failed flags.readFromStream(s) at 159
09-19 15:25:27.910   491   588 W skia    : AGTM parsing failed flags.readFromStream(s) at 159
09-19 15:25:27.910   491   588 W skia    : AGTM parsing failed flags.readFromStream(s) at 159
09-19 15:25:27.979 21446 21446 I flutter : RN_VALIDATION_CHUNK START {"schema":1,"runner":"flutter_flame_godot","event":"sample","scenario":"fire","sample":3,"elapsed_ms":4194,"rss_bytes":555229184,"enemies":3,"burning":2,"turrets":6,"projectiles":0,"effects":0,"metrics":{"authored_terrain":true,"draw_calls":141.0,"fps":38.1663950437184,"frame_ms":26.2010598290598,"max_frame_ms":41.952,"objects":163.0,"primitives":414901.0,"received_frames":3077,"renderer":"mobile","sequence":3758,"viewport":[880.0,1976.0]}}
09-19 15:25:27.979 21446 21446 I flutter : RN_VALIDATION_END
09-19 15:25:28.015   491   588 W skia    : AGTM parsing failed flags.readFromStream(s) at 159
09-19 15:25:28.015   491   588 W skia    : AGTM parsing failed flags.readFromStream(s) at 159
09-19 15:25:28.130   491   588 W skia    : AGTM parsing failed flags.readFromStream(s) at 159
09-19 15:25:28.130   491   588 W skia    : AGTM parsing failed flags.readFromStream(s) at 159
09-19 15:25:28.231   491   588 W skia    : AGTM parsing failed flags.readFromStream(s) at 159
09-19 15:25:28.231   491   588 W skia    : AGTM parsing failed flags.readFromStream(s) at 159
09-19 15:25:28.284   487   531 D AudioFlinger: mixer(0xb400006ff95ca790) throttle end: throttle time(2)
09-19 15:25:28.361   491   588 W skia    : AGTM parsing failed flags.readFromStream(s) at 159
09-19 15:25:28.361   491   588 W skia    : AGTM parsing failed flags.readFromStream(s) at 159
09-19 15:25:28.422   487   531 D AudioFlinger: mixer(0xb400006ff95ca790) throttle end: throttle time(1)
09-19 15:25:28.464   491   588 W skia    : AGTM parsing failed flags.readFromStream(s) at 159
09-19 15:25:28.464   491   588 W skia    : AGTM parsing failed flags.readFromStream(s) at 159
09-19 15:25:28.528   892   892 D wpa_supplicant: nl80211: Drv Event 64 (NL80211_CMD_NOTIFY_CQM) received for wlan0
09-19 15:25:28.528   892   892 D wpa_supplicant: nl80211: Beacon loss event
09-19 15:25:28.528   892   892 D wpa_supplicant: wlan0: Event BEACON_LOSS (53) received
09-19 15:25:28.528   892   892 I wpa_supplicant: wlan0: CTRL-EVENT-BEACON-LOSS 
09-19 15:25:28.569   491   588 W skia    : AGTM parsing failed flags.readFromStream(s) at 159
09-19 15:25:28.569   491   588 W skia    : AGTM parsing failed flags.readFromStream(s) at 159
09-19 15:25:28.681   491   588 W skia    : AGTM parsing failed flags.readFromStream(s) at 159
09-19 15:25:28.681   491   588 W skia    : AGTM parsing failed flags.readFromStream(s) at 159
09-19 15:25:28.781   491   588 W skia    : AGTM parsing failed flags.readFromStream(s) at 159
09-19 15:25:28.782   491   588 W skia    : AGTM parsing failed flags.readFromStream(s) at 159
09-19 15:25:28.863   645   800 D WifiClientModeImpl[3810:wlan0]: updateLinkLayerStatsRssiSpeedFrequencyCapabilities rssi=-50 TxLinkspeed=1 freq=2447 RxLinkSpeed=2
09-19 15:25:28.863   645   800 D WifiDataStall: tx tput in kbps: 11000
09-19 15:25:28.863   645   800 D WifiDataStall: rx tput in kbps: 11000
09-19 15:25:28.863   645   800 V WifiConfigManager: Updating scan detail cache freq=2447 BSSID=00:13:10:85:fe:01 RSSI=-50 for "AndroidWifi"NONE
09-19 15:25:28.863   645   800 D WifiThroughputPredictor:  utilization (LLS) 80 isBluetoothConnected: false final utilization: 80
09-19 15:25:28.864   645   800 D WifiThroughputPredictor:  BW: 0 RSSI: -50 Nss: 1 Mode: 1 symDur: 4000 snrDb 30 bitPerTone: 4500 rate: 54 throughput: 11
09-19 15:25:28.864   645   800 D WifiThroughputPredictor:  utilization (LLS) 80 isBluetoothConnected: false final utilization: 80
09-19 15:25:28.864   645   800 D WifiThroughputPredictor:  BW: 0 RSSI: -50 Nss: 1 Mode: 1 symDur: 4000 snrDb 30 bitPerTone: 4500 rate: 54 throughput: 11
09-19 15:25:28.865   645   800 D WifiThroughputPredictor:  utilization (LLS) 80 isBluetoothConnected: false final utilization: 80
09-19 15:25:28.865   645   800 D WifiThroughputPredictor:  BW: 0 RSSI: -50 Nss: 1 Mode: 1 symDur: 4000 snrDb 30 bitPerTone: 4500 rate: 54 throughput: 11
09-19 15:25:28.865   645   800 D WifiThroughputPredictor:  utilization (LLS) 80 isBluetoothConnected: false final utilization: 80
09-19 15:25:28.865   645   800 D WifiThroughputPredictor:  BW: 0 RSSI: -50 Nss: 1 Mode: 1 symDur: 4000 snrDb 30 bitPerTone: 4500 rate: 54 throughput: 11
09-19 15:25:28.867   645   800 I HalDevMgr: bestIfaceCreationProposal is null, requestIface=STA, existingIface=[name=wlan0 type=STA]
09-19 15:25:28.867   645   800 D WifiScoreCard: BSSID update SIGNAL_POLL ID: 760286919 SSID: "AndroidWifi", BSSID: 00:13:10:85:fe:01, MAC: 02:15:b2:00:00:00, IP: /10.0.2.16, Security type: 0, Supplicant state: COMPLETED, Wi-Fi standard: legacy, RSSI: -50, Link speed: 1Mbps, Tx Link speed: 1Mbps, Max Supported Tx Link speed: 11Mbps, Calculated Tx : 0Mbps, Rx Link speed: 2Mbps, Max Supported Rx Link speed: 11Mbps, Calculated Rx : 0Mbps, Frequency: 2447MHz, Net ID: 0, Metered hint: false, score: 100, isUsable: true, CarrierMerged: false, SubscriptionId: -1, IsPrimary: 1, Trusted: true, Restricted: false, Ephemeral: false, OEM paid: false, OEM private: false, OSU AP: false, FQDN: <none>, Provider friendly name: <none>, Requesting package name: <none>"AndroidWifi"openMLO Information: , Is TID-To-Link negotiation supported by the AP: false, AP MLD Address: <none>, AP MLO Link Id: <none>, AP MLO Affiliated links: <none>, Vendor Data: <none>
09-19 15:25:28.867   645   800 D WifiScoreCard: txRate: 1 txSpeed: 1
09-19 15:25:28.867   645   800 D WifiScoreCard: network update SIGNAL_POLL "AndroidWifi" ID: 673433585 RSSI -50 txSpeed -1
09-19 15:25:28.868   645   800 D WifiClientModeImpl[3810:wlan0]:  ClientModeImpl$L2ConnectedState screen=on 26 0 "AndroidWifi" 00:13:10:85:fe:01 rssi=-50 f=2447 sc=100 link=1 tx=0.0, 0.0, 0.0 rx=0.0 bcn=0 [on:0 tx:0 rx:0 period:3009] from screen [on:0 period:-1202233564] score=100
09-19 15:25:28.882   491   588 W skia    : AGTM parsing failed flags.readFromStream(s) at 159
09-19 15:25:28.882   491   588 W skia    : AGTM parsing failed flags.readFromStream(s) at 159
09-19 15:25:29.025   491   588 W skia    : AGTM parsing failed flags.readFromStream(s) at 159
09-19 15:25:29.026   491   588 W skia    : AGTM parsing failed flags.readFromStream(s) at 159
09-19 15:25:29.034 21446 21446 I flutter : RN_VALIDATION_CHUNK START {"schema":1,"runner":"flutter_flame_godot","event":"sample","scenario":"fire","sample":4,"elapsed_ms":5249,"rss_bytes":555200512,"enemies":3,"burning":2,"turrets":6,"projectiles":0,"effects":0,"metrics":{"authored_terrain":true,"draw_calls":120.0,"fps":40.690076817656,"frame_ms":24.5760165182604,"max_frame_ms":36.692,"objects":130.0,"primitives":412845.0,"received_frames":3102,"renderer":"mobile","sequence":3783,"viewport":[880.0,1976.0]}}
09-19 15:25:29.034 21446 21446 I flutter : RN_VALIDATION_END
09-19 15:25:29.128   491   588 W skia    : AGTM parsing failed flags.readFromStream(s) at 159
09-19 15:25:29.128   491   588 W skia    : AGTM parsing failed flags.readFromStream(s) at 159
09-19 15:25:29.228   491   588 W skia    : AGTM parsing failed flags.readFromStream(s) at 159
09-19 15:25:29.228   491   588 W skia    : AGTM parsing failed flags.readFromStream(s) at 159
09-19 15:25:29.346   491   588 W skia    : AGTM parsing failed flags.readFromStream(s) at 159
09-19 15:25:29.346   491   588 W skia    : AGTM parsing failed flags.readFromStream(s) at 159
09-19 15:25:29.446   491   588 W skia    : AGTM parsing failed flags.readFromStream(s) at 159
09-19 15:25:29.447   491   588 W skia    : AGTM parsing failed flags.readFromStream(s) at 159
09-19 15:25:29.463   487   531 D AudioFlinger: mixer(0xb400006ff95ca790) throttle end: throttle time(3)
09-19 15:25:29.554   491   588 W skia    : AGTM parsing failed flags.readFromStream(s) at 159
09-19 15:25:29.554   491   588 W skia    : AGTM parsing failed flags.readFromStream(s) at 159
09-19 15:25:29.655   491   588 W skia    : AGTM parsing failed flags.readFromStream(s) at 159
09-19 15:25:29.655   491   588 W skia    : AGTM parsing failed flags.readFromStream(s) at 159
09-19 15:25:29.763   491   588 W skia    : AGTM parsing failed flags.readFromStream(s) at 159
09-19 15:25:29.763   491   588 W skia    : AGTM parsing failed flags.readFromStream(s) at 159
09-19 15:25:29.870   491   588 W skia    : AGTM parsing failed flags.readFromStream(s) at 159
09-19 15:25:29.870   491   588 W skia    : AGTM parsing failed flags.readFromStream(s) at 159
09-19 15:25:30.003   491   588 W skia    : AGTM parsing failed flags.readFromStream(s) at 159
09-19 15:25:30.003   491   588 W skia    : AGTM parsing failed flags.readFromStream(s) at 159
09-19 15:25:30.118 21446 21446 I flutter : RN_VALIDATION_CHUNK START {"schema":1,"runner":"flutter_flame_godot","event":"sample","scenario":"fire","sample":5,"elapsed_ms":6333,"rss_bytes":555192320,"enemies":3,"burning":2,"turrets":6,"projectiles":0,"effects":0,"metrics":{"authored_terrain":true,"draw_calls":132.0,"fps":40.0163192633221,"frame_ms":24.989804619951,"max_frame_ms":39.879,"objects":154.0,"primitives":412893.0,"received_frames":3126,"renderer":"mobile","sequence":3810,"viewport":[880.0,1976.0]}}
09-19 15:25:30.118 21446 21446 I flutter : RN_VALIDATION_END
09-19 15:25:30.174   491   588 W skia    : AGTM parsing failed flags.readFromStream(s) at 159
09-19 15:25:30.174   491   588 W skia    : AGTM parsing failed flags.readFromStream(s) at 159
09-19 15:25:30.285   491   588 W skia    : AGTM parsing failed flags.readFromStream(s) at 159
09-19 15:25:30.285   491   588 W skia    : AGTM parsing failed flags.readFromStream(s) at 159
09-19 15:25:30.429   491   588 W skia    : AGTM parsing failed flags.readFromStream(s) at 159
09-19 15:25:30.429   491   588 W skia    : AGTM parsing failed flags.readFromStream(s) at 159
09-19 15:25:30.534   491   588 W skia    : AGTM parsing failed flags.readFromStream(s) at 159
09-19 15:25:30.534   491   588 W skia    : AGTM parsing failed flags.readFromStream(s) at 159
09-19 15:25:30.647   491   588 W skia    : AGTM parsing failed flags.readFromStream(s) at 159
09-19 15:25:30.647   491   588 W skia    : AGTM parsing failed flags.readFromStream(s) at 159
09-19 15:25:30.771   491   588 W skia    : AGTM parsing failed flags.readFromStream(s) at 159
09-19 15:25:30.771   491   588 W skia    : AGTM parsing failed flags.readFromStream(s) at 159
09-19 15:25:30.881   491   588 W skia    : AGTM parsing failed flags.readFromStream(s) at 159
09-19 15:25:30.881   491   588 W skia    : AGTM parsing failed flags.readFromStream(s) at 159
09-19 15:25:30.982   491   588 W skia    : AGTM parsing failed flags.readFromStream(s) at 159
09-19 15:25:30.983   491   588 W skia    : AGTM parsing failed flags.readFromStream(s) at 159
09-19 15:25:31.100   491   588 W skia    : AGTM parsing failed flags.readFromStream(s) at 159
09-19 15:25:31.100   491   588 W skia    : AGTM parsing failed flags.readFromStream(s) at 159
09-19 15:25:31.161 21446 21446 I flutter : RN_VALIDATION_CHUNK START {"schema":1,"runner":"flutter_flame_godot","event":"sample","scenario":"fire","sample":6,"elapsed_ms":7376,"rss_bytes":555237376,"enemies":3,"burning":2,"turrets":6,"projectiles":0,"effects":0,"metrics":{"authored_terrain":true,"draw_calls":134.0,"fps":32.3545530300202,"frame_ms":30.9075510662177,"max_frame_ms":51.987,"objects":146.0,"primitives":416061.0,"received_frames":3145,"renderer":"mobile","sequence":3830,"viewport":[880.0,1976.0]}}
09-19 15:25:31.161 21446 21446 I flutter : RN_VALIDATION_END
09-19 15:25:31.196   491   588 W skia    : AGTM parsing failed flags.readFromStream(s) at 159
09-19 15:25:31.196   491   588 W skia    : AGTM parsing failed flags.readFromStream(s) at 159
09-19 15:25:31.296   491   588 W skia    : AGTM parsing failed flags.readFromStream(s) at 159
09-19 15:25:31.296   491   588 W skia    : AGTM parsing failed flags.readFromStream(s) at 159
09-19 15:25:31.400   491   588 W skia    : AGTM parsing failed flags.readFromStream(s) at 159
09-19 15:25:31.400   491   588 W skia    : AGTM parsing failed flags.readFromStream(s) at 159
09-19 15:25:31.507   491   588 W skia    : AGTM parsing failed flags.readFromStream(s) at 159
09-19 15:25:31.507   491   588 W skia    : AGTM parsing failed flags.readFromStream(s) at 159
09-19 15:25:31.616   491   588 W skia    : AGTM parsing failed flags.readFromStream(s) at 159
09-19 15:25:31.618   491   588 W skia    : AGTM parsing failed flags.readFromStream(s) at 159
09-19 15:25:31.661   487   531 D AudioFlinger: mixer(0xb400006ff95ca790) throttle end: throttle time(2)
09-19 15:25:31.716   491   588 W skia    : AGTM parsing failed flags.readFromStream(s) at 159
09-19 15:25:31.716   491   588 W skia    : AGTM parsing failed flags.readFromStream(s) at 159
09-19 15:25:31.860   491   588 W skia    : AGTM parsing failed flags.readFromStream(s) at 159
09-19 15:25:31.860   491   588 W skia    : AGTM parsing failed flags.readFromStream(s) at 159
09-19 15:25:31.876   645   800 D WifiClientModeImpl[3810:wlan0]: updateLinkLayerStatsRssiSpeedFrequencyCapabilities rssi=-50 TxLinkspeed=1 freq=2447 RxLinkSpeed=2
09-19 15:25:31.876   645   800 D WifiDataStall: tx tput in kbps: 11000
09-19 15:25:31.876   645   800 D WifiDataStall: rx tput in kbps: 11000
09-19 15:25:31.876   645   800 V WifiConfigManager: Updating scan detail cache freq=2447 BSSID=00:13:10:85:fe:01 RSSI=-50 for "AndroidWifi"NONE
09-19 15:25:31.877   645   800 D WifiThroughputPredictor:  utilization (LLS) 80 isBluetoothConnected: false final utilization: 80
09-19 15:25:31.877   645   800 D WifiThroughputPredictor:  BW: 0 RSSI: -50 Nss: 1 Mode: 1 symDur: 4000 snrDb 30 bitPerTone: 4500 rate: 54 throughput: 11
09-19 15:25:31.877   645   800 D WifiThroughputPredictor:  utilization (LLS) 80 isBluetoothConnected: false final utilization: 80
09-19 15:25:31.877   645   800 D WifiThroughputPredictor:  BW: 0 RSSI: -50 Nss: 1 Mode: 1 symDur: 4000 snrDb 30 bitPerTone: 4500 rate: 54 throughput: 11
09-19 15:25:31.878   645   800 D WifiThroughputPredictor:  utilization (LLS) 80 isBluetoothConnected: false final utilization: 80
09-19 15:25:31.878   645   800 D WifiThroughputPredictor:  BW: 0 RSSI: -50 Nss: 1 Mode: 1 symDur: 4000 snrDb 30 bitPerTone: 4500 rate: 54 throughput: 11
09-19 15:25:31.878   645   800 D WifiThroughputPredictor:  utilization (LLS) 80 isBluetoothConnected: false final utilization: 80
09-19 15:25:31.878   645   800 D WifiThroughputPredictor:  BW: 0 RSSI: -50 Nss: 1 Mode: 1 symDur: 4000 snrDb 30 bitPerTone: 4500 rate: 54 throughput: 11
09-19 15:25:31.882   645   800 I HalDevMgr: bestIfaceCreationProposal is null, requestIface=STA, existingIface=[name=wlan0 type=STA]
09-19 15:25:31.883   645   800 D WifiScoreCard: BSSID update SIGNAL_POLL ID: 760286919 SSID: "AndroidWifi", BSSID: 00:13:10:85:fe:01, MAC: 02:15:b2:00:00:00, IP: /10.0.2.16, Security type: 0, Supplicant state: COMPLETED, Wi-Fi standard: legacy, RSSI: -50, Link speed: 1Mbps, Tx Link speed: 1Mbps, Max Supported Tx Link speed: 11Mbps, Calculated Tx : 0Mbps, Rx Link speed: 2Mbps, Max Supported Rx Link speed: 11Mbps, Calculated Rx : 0Mbps, Frequency: 2447MHz, Net ID: 0, Metered hint: false, score: 100, isUsable: true, CarrierMerged: false, SubscriptionId: -1, IsPrimary: 1, Trusted: true, Restricted: false, Ephemeral: false, OEM paid: false, OEM private: false, OSU AP: false, FQDN: <none>, Provider friendly name: <none>, Requesting package name: <none>"AndroidWifi"openMLO Information: , Is TID-To-Link negotiation supported by the AP: false, AP MLD Address: <none>, AP MLO Link Id: <none>, AP MLO Affiliated links: <none>, Vendor Data: <none>
09-19 15:25:31.883   645   800 D WifiScoreCard: txRate: 1 txSpeed: 1
09-19 15:25:31.883   645   800 D WifiScoreCard: network update SIGNAL_POLL "AndroidWifi" ID: 673433585 RSSI -50 txSpeed -1
09-19 15:25:31.883   645   800 D WifiClientModeImpl[3810:wlan0]:  ClientModeImpl$L2ConnectedState screen=on 26 0 "AndroidWifi" 00:13:10:85:fe:01 rssi=-50 f=2447 sc=100 link=1 tx=0.0, 0.0, 0.0 rx=0.0 bcn=0 [on:0 tx:0 rx:0 period:3015] from screen [on:0 period:-1202230549] score=100
09-19 15:25:31.977   491   588 W skia    : AGTM parsing failed flags.readFromStream(s) at 159
09-19 15:25:31.977   491   588 W skia    : AGTM parsing failed flags.readFromStream(s) at 159
09-19 15:25:32.084   491   588 W skia    : AGTM parsing failed flags.readFromStream(s) at 159
09-19 15:25:32.087   491   588 W skia    : AGTM parsing failed flags.readFromStream(s) at 159
09-19 15:25:32.193   491   588 W skia    : AGTM parsing failed flags.readFromStream(s) at 159
09-19 15:25:32.193   491   588 W skia    : AGTM parsing failed flags.readFromStream(s) at 159
09-19 15:25:32.205 21446 21446 I flutter : RN_VALIDATION_CHUNK START {"schema":1,"runner":"flutter_flame_godot","event":"sample","scenario":"fire","sample":7,"elapsed_ms":8420,"rss_bytes":555175936,"enemies":3,"burning":2,"turrets":6,"projectiles":0,"effects":0,"metrics":{"authored_terrain":true,"draw_calls":124.0,"fps":44.826351017335,"frame_ms":22.3083069958848,"max_frame_ms":32.0425555555557,"objects":134.0,"primitives":412853.0,"received_frames":3173,"renderer":"mobile","sequence":3859,"viewport":[880.0,1976.0]}}
09-19 15:25:32.205 21446 21446 I flutter : RN_VALIDATION_END
09-19 15:25:32.296   491   588 W skia    : AGTM parsing failed flags.readFromStream(s) at 159
09-19 15:25:32.296   491   588 W skia    : AGTM parsing failed flags.readFromStream(s) at 159
09-19 15:25:32.432   491   588 W skia    : AGTM parsing failed flags.readFromStream(s) at 159
09-19 15:25:32.432   491   588 W skia    : AGTM parsing failed flags.readFromStream(s) at 159
09-19 15:25:32.479   439 21518 D android.hardware.audio@7.1-impl.ranchu: 544 frames of silence written
09-19 15:25:32.523   487   531 D AudioFlinger: mixer(0xb400006ff95ca790) throttle end: throttle time(15)
09-19 15:25:32.532   491   588 W skia    : AGTM parsing failed flags.readFromStream(s) at 159
09-19 15:25:32.532   491   588 W skia    : AGTM parsing failed flags.readFromStream(s) at 159
09-19 15:25:32.645   491   588 W skia    : AGTM parsing failed flags.readFromStream(s) at 159
09-19 15:25:32.645   491   588 W skia    : AGTM parsing failed flags.readFromStream(s) at 159
09-19 15:25:32.747   491   588 W skia    : AGTM parsing failed flags.readFromStream(s) at 159
09-19 15:25:32.747   491   588 W skia    : AGTM parsing failed flags.readFromStream(s) at 159
09-19 15:25:32.860   491   588 W skia    : AGTM parsing failed flags.readFromStream(s) at 159
09-19 15:25:32.860   491   588 W skia    : AGTM parsing failed flags.readFromStream(s) at 159
09-19 15:25:32.973   491   588 W skia    : AGTM parsing failed flags.readFromStream(s) at 159
09-19 15:25:32.974   491   588 W skia    : AGTM parsing failed flags.readFromStream(s) at 159
09-19 15:25:33.084   491   588 W skia    : AGTM parsing failed flags.readFromStream(s) at 159
09-19 15:25:33.084   491   588 W skia    : AGTM parsing failed flags.readFromStream(s) at 159
09-19 15:25:33.195   491   588 W skia    : AGTM parsing failed flags.readFromStream(s) at 159
09-19 15:25:33.195   491   588 W skia    : AGTM parsing failed flags.readFromStream(s) at 159
09-19 15:25:33.262 21446 21446 I flutter : RN_VALIDATION_CHUNK START {"schema":1,"runner":"flutter_flame_godot","event":"sample","scenario":"fire","sample":8,"elapsed_ms":9477,"rss_bytes":555302912,"enemies":3,"burning":2,"turrets":6,"projectiles":0,"effects":0,"metrics":{"authored_terrain":true,"draw_calls":144.0,"fps":41.7456701370424,"frame_ms":23.9545801209373,"max_frame_ms":25.2752857142855,"objects":166.0,"primitives":416101.0,"received_frames":3196,"renderer":"mobile","sequence":3885,"viewport":[880.0,1976.0]}}
09-19 15:25:33.262 21446 21446 I flutter : RN_VALIDATION_END
09-19 15:25:33.299   491   588 W skia    : AGTM parsing failed flags.readFromStream(s) at 159
09-19 15:25:33.299   491   588 W skia    : AGTM parsing failed flags.readFromStream(s) at 159
09-19 15:25:33.399   491   588 W skia    : AGTM parsing failed flags.readFromStream(s) at 159
09-19 15:25:33.399   491   588 W skia    : AGTM parsing failed flags.readFromStream(s) at 159
09-19 15:25:33.499   491   588 W skia    : AGTM parsing failed flags.readFromStream(s) at 159
09-19 15:25:33.499   491   588 W skia    : AGTM parsing failed flags.readFromStream(s) at 159
09-19 15:25:33.626   491   588 W skia    : AGTM parsing failed flags.readFromStream(s) at 159
09-19 15:25:33.626   491   588 W skia    : AGTM parsing failed flags.readFromStream(s) at 159
09-19 15:25:33.746   491   588 W skia    : AGTM parsing failed flags.readFromStream(s) at 159
09-19 15:25:33.746   491   588 W skia    : AGTM parsing failed flags.readFromStream(s) at 159
09-19 15:25:33.847   491   588 W skia    : AGTM parsing failed flags.readFromStream(s) at 159
09-19 15:25:33.847   491   588 W skia    : AGTM parsing failed flags.readFromStream(s) at 159
09-19 15:25:33.958   491   588 W skia    : AGTM parsing failed flags.readFromStream(s) at 159
09-19 15:25:33.958   491   588 W skia    : AGTM parsing failed flags.readFromStream(s) at 159
09-19 15:25:34.060   491   588 W skia    : AGTM parsing failed flags.readFromStream(s) at 159
09-19 15:25:34.060   491   588 W skia    : AGTM parsing failed flags.readFromStream(s) at 159
09-19 15:25:34.161   491   588 W skia    : AGTM parsing failed flags.readFromStream(s) at 159
09-19 15:25:34.161   491   588 W skia    : AGTM parsing failed flags.readFromStream(s) at 159
09-19 15:25:34.261   491   588 W skia    : AGTM parsing failed flags.readFromStream(s) at 159
09-19 15:25:34.261   491   588 W skia    : AGTM parsing failed flags.readFromStream(s) at 159
09-19 15:25:34.291 21446 21446 I flutter : RN_VALIDATION_CHUNK START {"schema":1,"runner":"flutter_flame_godot","event":"sample","scenario":"fire","sample":9,"elapsed_ms":10506,"rss_bytes":555376640,"enemies":3,"burning":2,"turrets":6,"projectiles":0,"effects":0,"metrics":{"authored_terrain":true,"draw_calls":124.0,"fps":45.2494339917245,"frame_ms":22.09972394755,"max_frame_ms":26.4431428571431,"objects":134.0,"primitives":412853.0,"received_frames":3224,"renderer":"mobile","sequence":3914,"viewport":[880.0,1976.0]}}
09-19 15:25:34.291 21446 21446 I flutter : RN_VALIDATION_END
09-19 15:25:34.366   491   588 W skia    : AGTM parsing failed flags.readFromStream(s) at 159
09-19 15:25:34.367   491   588 W skia    : AGTM parsing failed flags.readFromStream(s) at 159
09-19 15:25:34.477   491   588 W skia    : AGTM parsing failed flags.readFromStream(s) at 159
09-19 15:25:34.477   491   588 W skia    : AGTM parsing failed flags.readFromStream(s) at 159
09-19 15:25:34.578   491   588 W skia    : AGTM parsing failed flags.readFromStream(s) at 159
09-19 15:25:34.578   491   588 W skia    : AGTM parsing failed flags.readFromStream(s) at 159
09-19 15:25:34.680   491   588 W skia    : AGTM parsing failed flags.readFromStream(s) at 159
09-19 15:25:34.680   491   588 W skia    : AGTM parsing failed flags.readFromStream(s) at 159
09-19 15:25:34.796   491   588 W skia    : AGTM parsing failed flags.readFromStream(s) at 159
09-19 15:25:34.796   491   588 W skia    : AGTM parsing failed flags.readFromStream(s) at 159
09-19 15:25:34.887   645   800 D WifiClientModeImpl[3810:wlan0]: updateLinkLayerStatsRssiSpeedFrequencyCapabilities rssi=-50 TxLinkspeed=1 freq=2447 RxLinkSpeed=2
09-19 15:25:34.888   645   800 D WifiDataStall: tx tput in kbps: 11000
09-19 15:25:34.888   645   800 D WifiDataStall: rx tput in kbps: 11000
09-19 15:25:34.888   645   800 V WifiConfigManager: Updating scan detail cache freq=2447 BSSID=00:13:10:85:fe:01 RSSI=-50 for "AndroidWifi"NONE
09-19 15:25:34.888   645   800 D WifiThroughputPredictor:  utilization (LLS) 80 isBluetoothConnected: false final utilization: 80
09-19 15:25:34.888   645   800 D WifiThroughputPredictor:  BW: 0 RSSI: -50 Nss: 1 Mode: 1 symDur: 4000 snrDb 30 bitPerTone: 4500 rate: 54 throughput: 11
09-19 15:25:34.888   645   800 D WifiThroughputPredictor:  utilization (LLS) 80 isBluetoothConnected: false final utilization: 80
09-19 15:25:34.888   645   800 D WifiThroughputPredictor:  BW: 0 RSSI: -50 Nss: 1 Mode: 1 symDur: 4000 snrDb 30 bitPerTone: 4500 rate: 54 throughput: 11
09-19 15:25:34.888   645   800 D WifiThroughputPredictor:  utilization (LLS) 80 isBluetoothConnected: false final utilization: 80
09-19 15:25:34.888   645   800 D WifiThroughputPredictor:  BW: 0 RSSI: -50 Nss: 1 Mode: 1 symDur: 4000 snrDb 30 bitPerTone: 4500 rate: 54 throughput: 11
09-19 15:25:34.888   645   800 D WifiThroughputPredictor:  utilization (LLS) 80 isBluetoothConnected: false final utilization: 80
09-19 15:25:34.888   645   800 D WifiThroughputPredictor:  BW: 0 RSSI: -50 Nss: 1 Mode: 1 symDur: 4000 snrDb 30 bitPerTone: 4500 rate: 54 throughput: 11
09-19 15:25:34.893   645   800 I HalDevMgr: bestIfaceCreationProposal is null, requestIface=STA, existingIface=[name=wlan0 type=STA]
09-19 15:25:34.893   645   800 D WifiScoreCard: BSSID update SIGNAL_POLL ID: 760286919 SSID: "AndroidWifi", BSSID: 00:13:10:85:fe:01, MAC: 02:15:b2:00:00:00, IP: /10.0.2.16, Security type: 0, Supplicant state: COMPLETED, Wi-Fi standard: legacy, RSSI: -50, Link speed: 1Mbps, Tx Link speed: 1Mbps, Max Supported Tx Link speed: 11Mbps, Calculated Tx : 0Mbps, Rx Link speed: 2Mbps, Max Supported Rx Link speed: 11Mbps, Calculated Rx : 0Mbps, Frequency: 2447MHz, Net ID: 0, Metered hint: false, score: 100, isUsable: true, CarrierMerged: false, SubscriptionId: -1, IsPrimary: 1, Trusted: true, Restricted: false, Ephemeral: false, OEM paid: false, OEM private: false, OSU AP: false, FQDN: <none>, Provider friendly name: <none>, Requesting package name: <none>"AndroidWifi"openMLO Information: , Is TID-To-Link negotiation supported by the AP: false, AP MLD Address: <none>, AP MLO Link Id: <none>, AP MLO Affiliated links: <none>, Vendor Data: <none>
09-19 15:25:34.893   645   800 D WifiScoreCard: txRate: 1 txSpeed: 1
09-19 15:25:34.893   645   800 D WifiScoreCard: network update SIGNAL_POLL "AndroidWifi" ID: 673433585 RSSI -50 txSpeed -1
09-19 15:25:34.893   645   800 D WifiClientModeImpl[3810:wlan0]:  ClientModeImpl$L2ConnectedState screen=on 26 0 "AndroidWifi" 00:13:10:85:fe:01 rssi=-50 f=2447 sc=100 link=1 tx=0.0, 0.0, 0.0 rx=0.0 bcn=0 [on:0 tx:0 rx:0 period:3010] from screen [on:0 period:-1202227539] score=100
09-19 15:25:34.899   491   588 W skia    : AGTM parsing failed flags.readFromStream(s) at 159
09-19 15:25:34.899   491   588 W skia    : AGTM parsing failed flags.readFromStream(s) at 159
09-19 15:25:34.997   491   588 W skia    : AGTM parsing failed flags.readFromStream(s) at 159
09-19 15:25:34.997   491   588 W skia    : AGTM parsing failed flags.readFromStream(s) at 159
09-19 15:25:35.098   491   588 W skia    : AGTM parsing failed flags.readFromStream(s) at 159
09-19 15:25:35.098   491   588 W skia    : AGTM parsing failed flags.readFromStream(s) at 159
09-19 15:25:35.199   491   588 W skia    : AGTM parsing failed flags.readFromStream(s) at 159
09-19 15:25:35.199   491   588 W skia    : AGTM parsing failed flags.readFromStream(s) at 159
09-19 15:25:35.298   491   588 W skia    : AGTM parsing failed flags.readFromStream(s) at 159
09-19 15:25:35.298   491   588 W skia    : AGTM parsing failed flags.readFromStream(s) at 159
09-19 15:25:35.311 21446 21446 I flutter : RN_VALIDATION_CHUNK START {"schema":1,"runner":"flutter_flame_godot","event":"sample","scenario":"fire","sample":10,"elapsed_ms":11525,"rss_bytes":555286528,"enemies":3,"burning":2,"turrets":6,"projectiles":0,"effects":0,"metrics":{"authored_terrain":true,"draw_calls":137.0,"fps":42.5742574257426,"frame_ms":23.4883720930233,"max_frame_ms":31.402,"objects":159.0,"primitives":413301.0,"received_frames":3255,"renderer":"mobile","sequence":3946,"viewport":[880.0,1976.0]}}
09-19 15:25:35.311 21446 21446 I flutter : RN_VALIDATION_END
09-19 15:25:35.415   491   588 W skia    : AGTM parsing failed flags.readFromStream(s) at 159
09-19 15:25:35.415   491   588 W skia    : AGTM parsing failed flags.readFromStream(s) at 159
09-19 15:25:35.516   491   588 W skia    : AGTM parsing failed flags.readFromStream(s) at 159
09-19 15:25:35.516   491   588 W skia    : AGTM parsing failed flags.readFromStream(s) at 159
09-19 15:25:35.625   491   588 W skia    : AGTM parsing failed flags.readFromStream(s) at 159
09-19 15:25:35.625   491   588 W skia    : AGTM parsing failed flags.readFromStream(s) at 159
09-19 15:25:35.741   491   588 W skia    : AGTM parsing failed flags.readFromStream(s) at 159
09-19 15:25:35.741   491   588 W skia    : AGTM parsing failed flags.readFromStream(s) at 159
09-19 15:25:35.846   491   588 W skia    : AGTM parsing failed flags.readFromStream(s) at 159
09-19 15:25:35.846   491   588 W skia    : AGTM parsing failed flags.readFromStream(s) at 159
09-19 15:25:35.950   491   588 W skia    : AGTM parsing failed flags.readFromStream(s) at 159
09-19 15:25:35.950   491   588 W skia    : AGTM parsing failed flags.readFromStream(s) at 159
09-19 15:25:36.062   491   588 W skia    : AGTM parsing failed flags.readFromStream(s) at 159
09-19 15:25:36.062   491   588 W skia    : AGTM parsing failed flags.readFromStream(s) at 159
09-19 15:25:36.164   491   588 W skia    : AGTM parsing failed flags.readFromStream(s) at 159
09-19 15:25:36.164   491   588 W skia    : AGTM parsing failed flags.readFromStream(s) at 159
09-19 15:25:36.265   491   588 W skia    : AGTM parsing failed flags.readFromStream(s) at 159
09-19 15:25:36.265   491   588 W skia    : AGTM parsing failed flags.readFromStream(s) at 159
09-19 15:25:36.345 21446 21446 I flutter : RN_VALIDATION_CHUNK START {"schema":1,"runner":"flutter_flame_godot","event":"sample","scenario":"fire","sample":11,"elapsed_ms":12559,"rss_bytes":555347968,"enemies":3,"burning":2,"turrets":6,"projectiles":0,"effects":0,"metrics":{"authored_terrain":true,"draw_calls":130.0,"fps":47.9166463316701,"frame_ms":20.8695740740741,"max_frame_ms":26.621,"objects":142.0,"primitives":416053.0,"received_frames":3286,"renderer":"mobile","sequence":3978,"viewport":[880.0,1976.0]}}
09-19 15:25:36.345 21446 21446 I flutter : RN_VALIDATION_END
09-19 15:25:36.366   491   588 W skia    : AGTM parsing failed flags.readFromStream(s) at 159
09-19 15:25:36.366   491   588 W skia    : AGTM parsing failed flags.readFromStream(s) at 159
09-19 15:25:36.379  1012  1174 D SatelliteController: isInCarrierRoamingNbIotNtn: satellite is disabled
09-19 15:25:36.379  1012  1174 D SatelliteController: getCarrierRoamingNtnConnectType: Checking connect type from PLMN config for subId: 1
09-19 15:25:36.379  1012  1174 D TelephonyConfigUpdateInstallReceiver: getConfigParser: domain=satellite
09-19 15:25:36.379  1012  1174 V SatelliteController: satelliteConfigParser is not ready
09-19 15:25:36.379  1012  1174 D SatelliteController: isSatelliteAttachSupportedViaConfigupdater: return null (satelliteConfig is null)
09-19 15:25:36.379  1012  1174 D SatelliteController: getSatellitePerPlmnConfiguration: invalid subId or not supported via carrier.
09-19 15:25:36.379  1012  1174 D SatelliteController: getCarrierRoamingNtnConnectType: config: null
09-19 15:25:36.379  1012  1174 D TelephonyConfigUpdateInstallReceiver: getConfigParser: domain=satellite
09-19 15:25:36.379  1012  1174 V SatelliteController: satelliteConfigParser is not ready
09-19 15:25:36.379  1012  1174 D SatelliteController: getCarrierRoamingNtnConnectTypeViaConfigUpdater: return null (satelliteConfig is null)
09-19 15:25:36.379  1012  1174 D SatelliteController: getCarrierRoamingNtnConnectType: Falling back to global carrier config connect type: 0
09-19 15:25:36.379  1012  1174 D TelephonyConfigUpdateInstallReceiver: getConfigParser: domain=satellite
09-19 15:25:36.379  1012  1174 V SatelliteController: satelliteConfigParser is not ready
09-19 15:25:36.379  1012  1174 D SatelliteController: isSatelliteAttachSupportedViaConfigupdater: return null (satelliteConfig is null)
09-19 15:25:36.379  1012  1174 D SatelliteController: getCarrierRoamingNtnConnectType: Checking connect type from PLMN config for subId: 1
09-19 15:25:36.379  1012  1174 D TelephonyConfigUpdateInstallReceiver: getConfigParser: domain=satellite
09-19 15:25:36.379  1012  1174 V SatelliteController: satelliteConfigParser is not ready
09-19 15:25:36.379  1012  1174 D SatelliteController: isSatelliteAttachSupportedViaConfigupdater: return null (satelliteConfig is null)
09-19 15:25:36.379  1012  1174 D SatelliteController: getSatellitePerPlmnConfiguration: invalid subId or not supported via carrier.
09-19 15:25:36.379  1012  1174 D SatelliteController: getCarrierRoamingNtnConnectType: config: null
09-19 15:25:36.379  1012  1174 D TelephonyConfigUpdateInstallReceiver: getConfigParser: domain=satellite
09-19 15:25:36.379  1012  1174 V SatelliteController: satelliteConfigParser is not ready
09-19 15:25:36.379  1012  1174 D SatelliteController: getCarrierRoamingNtnConnectTypeViaConfigUpdater: return null (satelliteConfig is null)
09-19 15:25:36.379  1012  1174 D SatelliteController: getCarrierRoamingNtnConnectType: Falling back to global carrier config connect type: 0
09-19 15:25:36.379  1012  1174 D TelephonyConfigUpdateInstallReceiver: getConfigParser: domain=satellite
09-19 15:25:36.379  1012  1174 V SatelliteController: satelliteConfigParser is not ready
09-19 15:25:36.379  1012  1174 D SatelliteController: isSatelliteAttachSupportedViaConfigupdater: return null (satelliteConfig is null)
09-19 15:25:36.459   892   892 D wpa_supplicant: nl80211: Drv Event 64 (NL80211_CMD_NOTIFY_CQM) received for wlan0
09-19 15:25:36.459   892   892 D wpa_supplicant: nl80211: Beacon loss event
09-19 15:25:36.459   892   892 D wpa_supplicant: wlan0: Event BEACON_LOSS (53) received
09-19 15:25:36.459   892   892 I wpa_supplicant: wlan0: CTRL-EVENT-BEACON-LOSS 
09-19 15:25:36.479   491   588 W skia    : AGTM parsing failed flags.readFromStream(s) at 159
09-19 15:25:36.479   491   588 W skia    : AGTM parsing failed flags.readFromStream(s) at 159
09-19 15:25:36.580   491   588 W skia    : AGTM parsing failed flags.readFromStream(s) at 159
09-19 15:25:36.580   491   588 W skia    : AGTM parsing failed flags.readFromStream(s) at 159
09-19 15:25:36.713   491   588 W skia    : AGTM parsing failed flags.readFromStream(s) at 159
09-19 15:25:36.713   491   588 W skia    : AGTM parsing failed flags.readFromStream(s) at 159
09-19 15:25:36.813   491   588 W skia    : AGTM parsing failed flags.readFromStream(s) at 159
09-19 15:25:36.813   491   588 W skia    : AGTM parsing failed flags.readFromStream(s) at 159
09-19 15:25:36.914   491   588 W skia    : AGTM parsing failed flags.readFromStream(s) at 159
09-19 15:25:36.915   491   588 W skia    : AGTM parsing failed flags.readFromStream(s) at 159
09-19 15:25:36.976 21446 21451 I us.godotpreview: NativeAlloc concurrent mark compact GC freed 127KB AllocSpace bytes, 8(224KB) LOS objects, 49% free, 2259KB/4518KB, paused 314us,5.034ms total 14.806ms
09-19 15:25:37.016   491   588 W skia    : AGTM parsing failed flags.readFromStream(s) at 159
09-19 15:25:37.016   491   588 W skia    : AGTM parsing failed flags.readFromStream(s) at 159
09-19 15:25:37.133   491   588 W skia    : AGTM parsing failed flags.readFromStream(s) at 159
09-19 15:25:37.133   491   588 W skia    : AGTM parsing failed flags.readFromStream(s) at 159
09-19 15:25:37.249   491   588 W skia    : AGTM parsing failed flags.readFromStream(s) at 159
09-19 15:25:37.250   491   588 W skia    : AGTM parsing failed flags.readFromStream(s) at 159
09-19 15:25:37.353   491   588 W skia    : AGTM parsing failed flags.readFromStream(s) at 159
09-19 15:25:37.353   491   588 W skia    : AGTM parsing failed flags.readFromStream(s) at 159
09-19 15:25:37.403 21446 21446 I flutter : RN_VALIDATION_CHUNK START {"schema":1,"runner":"flutter_flame_godot","event":"sample","scenario":"fire","sample":12,"elapsed_ms":13618,"rss_bytes":555253760,"enemies":3,"burning":2,"turrets":6,"projectiles":0,"effects":0,"metrics":{"authored_terrain":true,"draw_calls":126.0,"fps":42.9911915825247,"frame_ms":23.2605788113695,"max_frame_ms":27.727,"objects":138.0,"primitives":412861.0,"received_frames":3314,"renderer":"mobile","sequence":4009,"viewport":[880.0,1976.0]}}
09-19 15:25:37.403 21446 21446 I flutter : RN_VALIDATION_END
09-19 15:25:37.462   491   588 W skia    : AGTM parsing failed flags.readFromStream(s) at 159
09-19 15:25:37.462   491   588 W skia    : AGTM parsing failed flags.readFromStream(s) at 159
09-19 15:25:37.563   491   588 W skia    : AGTM parsing failed flags.readFromStream(s) at 159
09-19 15:25:37.563   491   588 W skia    : AGTM parsing failed flags.readFromStream(s) at 159
09-19 15:25:37.663   491   588 W skia    : AGTM parsing failed flags.readFromStream(s) at 159
09-19 15:25:37.663   491   588 W skia    : AGTM parsing failed flags.readFromStream(s) at 159
09-19 15:25:37.764   491   588 W skia    : AGTM parsing failed flags.readFromStream(s) at 159
09-19 15:25:37.764   491   588 W skia    : AGTM parsing failed flags.readFromStream(s) at 159
09-19 15:25:37.865   491   588 W skia    : AGTM parsing failed flags.readFromStream(s) at 159
09-19 15:25:37.865   491   588 W skia    : AGTM parsing failed flags.readFromStream(s) at 159
09-19 15:25:37.896   645   800 D WifiClientModeImpl[3810:wlan0]: updateLinkLayerStatsRssiSpeedFrequencyCapabilities rssi=-50 TxLinkspeed=1 freq=2447 RxLinkSpeed=2
09-19 15:25:37.896   645   800 D WifiDataStall: tx tput in kbps: 11000
09-19 15:25:37.896   645   800 D WifiDataStall: rx tput in kbps: 11000
09-19 15:25:37.896   645   800 V WifiConfigManager: Updating scan detail cache freq=2447 BSSID=00:13:10:85:fe:01 RSSI=-50 for "AndroidWifi"NONE
09-19 15:25:37.896   645   800 D WifiThroughputPredictor:  utilization (LLS) 80 isBluetoothConnected: false final utilization: 80
09-19 15:25:37.896   645   800 D WifiThroughputPredictor:  BW: 0 RSSI: -50 Nss: 1 Mode: 1 symDur: 4000 snrDb 30 bitPerTone: 4500 rate: 54 throughput: 11
09-19 15:25:37.896   645   800 D WifiThroughputPredictor:  utilization (LLS) 80 isBluetoothConnected: false final utilization: 80
09-19 15:25:37.896   645   800 D WifiThroughputPredictor:  BW: 0 RSSI: -50 Nss: 1 Mode: 1 symDur: 4000 snrDb 30 bitPerTone: 4500 rate: 54 throughput: 11
09-19 15:25:37.896   645   800 D WifiThroughputPredictor:  utilization (LLS) 80 isBluetoothConnected: false final utilization: 80
09-19 15:25:37.896   645   800 D WifiThroughputPredictor:  BW: 0 RSSI: -50 Nss: 1 Mode: 1 symDur: 4000 snrDb 30 bitPerTone: 4500 rate: 54 throughput: 11
09-19 15:25:37.896   645   800 D WifiThroughputPredictor:  utilization (LLS) 80 isBluetoothConnected: false final utilization: 80
09-19 15:25:37.896   645   800 D WifiThroughputPredictor:  BW: 0 RSSI: -50 Nss: 1 Mode: 1 symDur: 4000 snrDb 30 bitPerTone: 4500 rate: 54 throughput: 11
09-19 15:25:37.901   645   800 I HalDevMgr: bestIfaceCreationProposal is null, requestIface=STA, existingIface=[name=wlan0 type=STA]
09-19 15:25:37.901   645   800 D WifiScoreCard: BSSID update SIGNAL_POLL ID: 760286919 SSID: "AndroidWifi", BSSID: 00:13:10:85:fe:01, MAC: 02:15:b2:00:00:00, IP: /10.0.2.16, Security type: 0, Supplicant state: COMPLETED, Wi-Fi standard: legacy, RSSI: -50, Link speed: 1Mbps, Tx Link speed: 1Mbps, Max Supported Tx Link speed: 11Mbps, Calculated Tx : 0Mbps, Rx Link speed: 2Mbps, Max Supported Rx Link speed: 11Mbps, Calculated Rx : 0Mbps, Frequency: 2447MHz, Net ID: 0, Metered hint: false, score: 100, isUsable: true, CarrierMerged: false, SubscriptionId: -1, IsPrimary: 1, Trusted: true, Restricted: false, Ephemeral: false, OEM paid: false, OEM private: false, OSU AP: false, FQDN: <none>, Provider friendly name: <none>, Requesting package name: <none>"AndroidWifi"openMLO Information: , Is TID-To-Link negotiation supported by the AP: false, AP MLD Address: <none>, AP MLO Link Id: <none>, AP MLO Affiliated links: <none>, Vendor Data: <none>
09-19 15:25:37.901   645   800 D WifiScoreCard: txRate: 1 txSpeed: 1
09-19 15:25:37.901   645   800 D WifiScoreCard: network update SIGNAL_POLL "AndroidWifi" ID: 673433585 RSSI -50 txSpeed -1
09-19 15:25:37.902   645   800 D WifiClientModeImpl[3810:wlan0]:  ClientModeImpl$L2ConnectedState screen=on 26 0 "AndroidWifi" 00:13:10:85:fe:01 rssi=-50 f=2447 sc=100 link=1 tx=0.0, 0.0, 0.0 rx=0.0 bcn=0 [on:0 tx:0 rx:0 period:3007] from screen [on:0 period:-1202224530] score=100
09-19 15:25:37.966   491   588 W skia    : AGTM parsing failed flags.readFromStream(s) at 159
09-19 15:25:37.966   491   588 W skia    : AGTM parsing failed flags.readFromStream(s) at 159
09-19 15:25:38.031   487   531 D AudioFlinger: mixer(0xb400006ff95ca790) throttle end: throttle time(1)
09-19 15:25:38.085   491   588 W skia    : AGTM parsing failed flags.readFromStream(s) at 159
09-19 15:25:38.085   491   588 W skia    : AGTM parsing failed flags.readFromStream(s) at 159
09-19 15:25:38.186   491   588 W skia    : AGTM parsing failed flags.readFromStream(s) at 159
09-19 15:25:38.186   491   588 W skia    : AGTM parsing failed flags.readFromStream(s) at 159
09-19 15:25:38.298   491   588 W skia    : AGTM parsing failed flags.readFromStream(s) at 159
09-19 15:25:38.298   491   588 W skia    : AGTM parsing failed flags.readFromStream(s) at 159
09-19 15:25:38.400   491   588 W skia    : AGTM parsing failed flags.readFromStream(s) at 159
09-19 15:25:38.400   491   588 W skia    : AGTM parsing failed flags.readFromStream(s) at 159
09-19 15:25:38.487 21446 21446 I flutter : RN_VALIDATION_CHUNK START {"schema":1,"runner":"flutter_flame_godot","event":"sample","scenario":"fire","sample":13,"elapsed_ms":14702,"rss_bytes":555454464,"enemies":3,"burning":2,"turrets":6,"projectiles":0,"effects":0,"metrics":{"authored_terrain":true,"draw_calls":156.0,"fps":38.2814612262784,"frame_ms":26.1223048433049,"max_frame_ms":49.3576666666667,"objects":227.0,"primitives":416899.0,"received_frames":3345,"renderer":"mobile","sequence":4044,"viewport":[880.0,1976.0]}}
09-19 15:25:38.488 21446 21446 I flutter : RN_VALIDATION_END
09-19 15:25:38.511   491   588 W skia    : AGTM parsing failed flags.readFromStream(s) at 159
09-19 15:25:38.511   491   588 W skia    : AGTM parsing failed flags.readFromStream(s) at 159
09-19 15:25:38.614   491   588 W skia    : AGTM parsing failed flags.readFromStream(s) at 159
09-19 15:25:38.614   491   588 W skia    : AGTM parsing failed flags.readFromStream(s) at 159
09-19 15:25:38.715   491   588 W skia    : AGTM parsing failed flags.readFromStream(s) at 159
09-19 15:25:38.715   491   588 W skia    : AGTM parsing failed flags.readFromStream(s) at 159
09-19 15:25:38.832   491   588 W skia    : AGTM parsing failed flags.readFromStream(s) at 159
09-19 15:25:38.832   491   588 W skia    : AGTM parsing failed flags.readFromStream(s) at 159
09-19 15:25:38.949   491   588 W skia    : AGTM parsing failed flags.readFromStream(s) at 159
09-19 15:25:38.950   491   588 W skia    : AGTM parsing failed flags.readFromStream(s) at 159
09-19 15:25:39.060   491   588 W skia    : AGTM parsing failed flags.readFromStream(s) at 159
09-19 15:25:39.060   491   588 W skia    : AGTM parsing failed flags.readFromStream(s) at 159
09-19 15:25:39.164   491   588 W skia    : AGTM parsing failed flags.readFromStream(s) at 159
09-19 15:25:39.164   491   588 W skia    : AGTM parsing failed flags.readFromStream(s) at 159
09-19 15:25:39.266   491   588 W skia    : AGTM parsing failed flags.readFromStream(s) at 159
09-19 15:25:39.267   491   588 W skia    : AGTM parsing failed flags.readFromStream(s) at 159
09-19 15:25:39.366   491   588 W skia    : AGTM parsing failed flags.readFromStream(s) at 159
09-19 15:25:39.366   491   588 W skia    : AGTM parsing failed flags.readFromStream(s) at 159
09-19 15:25:39.492   491   588 W skia    : AGTM parsing failed flags.readFromStream(s) at 159
09-19 15:25:39.493   491   588 W skia    : AGTM parsing failed flags.readFromStream(s) at 159
09-19 15:25:39.517 21446 21446 I flutter : RN_VALIDATION_CHUNK START {"schema":1,"runner":"flutter_flame_godot","event":"sample","scenario":"fire","sample":14,"elapsed_ms":15732,"rss_bytes":555487232,"enemies":3,"burning":2,"turrets":6,"projectiles":0,"effects":0,"metrics":{"authored_terrain":true,"draw_calls":124.0,"fps":37.2201509897458,"frame_ms":26.8671666666667,"max_frame_ms":42.5925925925926,"objects":134.0,"primitives":412853.0,"received_frames":3373,"renderer":"mobile","sequence":4076,"viewport":[880.0,1976.0]}}
09-19 15:25:39.517 21446 21446 I flutter : RN_VALIDATION_END
09-19 15:25:39.601   491   588 W skia    : AGTM parsing failed flags.readFromStream(s) at 159
09-19 15:25:39.601   491   588 W skia    : AGTM parsing failed flags.readFromStream(s) at 159
09-19 15:25:39.726   491   588 W skia    : AGTM parsing failed flags.readFromStream(s) at 159
09-19 15:25:39.726   491   588 W skia    : AGTM parsing failed flags.readFromStream(s) at 159
09-19 15:25:39.826   491   588 W skia    : AGTM parsing failed flags.readFromStream(s) at 159
09-19 15:25:39.826   491   588 W skia    : AGTM parsing failed flags.readFromStream(s) at 159
09-19 15:25:39.942   491   588 W skia    : AGTM parsing failed flags.readFromStream(s) at 159
09-19 15:25:39.943   491   588 W skia    : AGTM parsing failed flags.readFromStream(s) at 159
09-19 15:25:40.048   491   588 W skia    : AGTM parsing failed flags.readFromStream(s) at 159
09-19 15:25:40.048   491   588 W skia    : AGTM parsing failed flags.readFromStream(s) at 159
09-19 15:25:40.160   491   588 W skia    : AGTM parsing failed flags.readFromStream(s) at 159
09-19 15:25:40.160   491   588 W skia    : AGTM parsing failed flags.readFromStream(s) at 159
09-19 15:25:40.264   491   588 W skia    : AGTM parsing failed flags.readFromStream(s) at 159
09-19 15:25:40.264   491   588 W skia    : AGTM parsing failed flags.readFromStream(s) at 159
09-19 15:25:40.345   487   531 D AF::Track: interceptBuffer: took 620us to intercept 0 tracks
09-19 15:25:40.365   491   588 W skia    : AGTM parsing failed flags.readFromStream(s) at 159
09-19 15:25:40.365   491   588 W skia    : AGTM parsing failed flags.readFromStream(s) at 159
09-19 15:25:40.465   491   588 W skia    : AGTM parsing failed flags.readFromStream(s) at 159
09-19 15:25:40.465   491   588 W skia    : AGTM parsing failed flags.readFromStream(s) at 159
09-19 15:25:40.550 21446 21446 I flutter : RN_VALIDATION_CHUNK START {"schema":1,"runner":"flutter_flame_godot","event":"sample","scenario":"fire","sample":15,"elapsed_ms":16764,"rss_bytes":555327488,"enemies":3,"burning":2,"turrets":6,"projectiles":0,"effects":0,"metrics":{"authored_terrain":true,"draw_calls":133.0,"fps":43.6940686956824,"frame_ms":22.8864015151515,"max_frame_ms":29.626,"objects":155.0,"primitives":413293.0,"received_frames":3402,"renderer":"mobile","sequence":4108,"viewport":[880.0,1976.0]}}
09-19 15:25:40.550 21446 21446 I flutter : RN_VALIDATION_END
09-19 15:25:40.578   491   588 W skia    : AGTM parsing failed flags.readFromStream(s) at 159
09-19 15:25:40.578   491   588 W skia    : AGTM parsing failed flags.readFromStream(s) at 159
09-19 15:25:40.681   491   588 W skia    : AGTM parsing failed flags.readFromStream(s) at 159
09-19 15:25:40.681   491   588 W skia    : AGTM parsing failed flags.readFromStream(s) at 159
09-19 15:25:40.783   491   588 W skia    : AGTM parsing failed flags.readFromStream(s) at 159
09-19 15:25:40.783   491   588 W skia    : AGTM parsing failed flags.readFromStream(s) at 159
09-19 15:25:40.883   491   588 W skia    : AGTM parsing failed flags.readFromStream(s) at 159
09-19 15:25:40.884   491   588 W skia    : AGTM parsing failed flags.readFromStream(s) at 159
09-19 15:25:40.905   645   800 D WifiClientModeImpl[3810:wlan0]: updateLinkLayerStatsRssiSpeedFrequencyCapabilities rssi=-50 TxLinkspeed=1 freq=2447 RxLinkSpeed=2
09-19 15:25:40.906   645   800 D WifiDataStall: tx tput in kbps: 11000
09-19 15:25:40.906   645   800 D WifiDataStall: rx tput in kbps: 11000
09-19 15:25:40.906   645   800 V WifiConfigManager: Updating scan detail cache freq=2447 BSSID=00:13:10:85:fe:01 RSSI=-50 for "AndroidWifi"NONE
09-19 15:25:40.906   645   800 D WifiThroughputPredictor:  utilization (LLS) 80 isBluetoothConnected: false final utilization: 80
09-19 15:25:40.906   645   800 D WifiThroughputPredictor:  BW: 0 RSSI: -50 Nss: 1 Mode: 1 symDur: 4000 snrDb 30 bitPerTone: 4500 rate: 54 throughput: 11
09-19 15:25:40.906   645   800 D WifiThroughputPredictor:  utilization (LLS) 80 isBluetoothConnected: false final utilization: 80
09-19 15:25:40.906   645   800 D WifiThroughputPredictor:  BW: 0 RSSI: -50 Nss: 1 Mode: 1 symDur: 4000 snrDb 30 bitPerTone: 4500 rate: 54 throughput: 11
09-19 15:25:40.907   645   800 D WifiThroughputPredictor:  utilization (LLS) 80 isBluetoothConnected: false final utilization: 80
09-19 15:25:40.907   645   800 D WifiThroughputPredictor:  BW: 0 RSSI: -50 Nss: 1 Mode: 1 symDur: 4000 snrDb 30 bitPerTone: 4500 rate: 54 throughput: 11
09-19 15:25:40.907   645   800 D WifiThroughputPredictor:  utilization (LLS) 80 isBluetoothConnected: false final utilization: 80
09-19 15:25:40.907   645   800 D WifiThroughputPredictor:  BW: 0 RSSI: -50 Nss: 1 Mode: 1 symDur: 4000 snrDb 30 bitPerTone: 4500 rate: 54 throughput: 11
09-19 15:25:40.907   645   800 I HalDevMgr: bestIfaceCreationProposal is null, requestIface=STA, existingIface=[name=wlan0 type=STA]
09-19 15:25:40.908   645   800 D WifiScoreCard: BSSID update SIGNAL_POLL ID: 760286919 SSID: "AndroidWifi", BSSID: 00:13:10:85:fe:01, MAC: 02:15:b2:00:00:00, IP: /10.0.2.16, Security type: 0, Supplicant state: COMPLETED, Wi-Fi standard: legacy, RSSI: -50, Link speed: 1Mbps, Tx Link speed: 1Mbps, Max Supported Tx Link speed: 11Mbps, Calculated Tx : 0Mbps, Rx Link speed: 2Mbps, Max Supported Rx Link speed: 11Mbps, Calculated Rx : 0Mbps, Frequency: 2447MHz, Net ID: 0, Metered hint: false, score: 100, isUsable: true, CarrierMerged: false, SubscriptionId: -1, IsPrimary: 1, Trusted: true, Restricted: false, Ephemeral: false, OEM paid: false, OEM private: false, OSU AP: false, FQDN: <none>, Provider friendly name: <none>, Requesting package name: <none>"AndroidWifi"openMLO Information: , Is TID-To-Link negotiation supported by the AP: false, AP MLD Address: <none>, AP MLO Link Id: <none>, AP MLO Affiliated links: <none>, Vendor Data: <none>
09-19 15:25:40.908   645   800 D WifiScoreCard: txRate: 1 txSpeed: 1
09-19 15:25:40.908   645   800 D WifiScoreCard: network update SIGNAL_POLL "AndroidWifi" ID: 673433585 RSSI -50 txSpeed -1
09-19 15:25:40.908   645   800 D WifiClientModeImpl[3810:wlan0]:  ClientModeImpl$L2ConnectedState screen=on 26 0 "AndroidWifi" 00:13:10:85:fe:01 rssi=-50 f=2447 sc=100 link=1 tx=0.0, 0.0, 0.0 rx=0.0 bcn=0 [on:0 tx:0 rx:0 period:3006] from screen [on:0 period:-1202221524] score=100
09-19 15:25:40.983   491   588 W skia    : AGTM parsing failed flags.readFromStream(s) at 159
09-19 15:25:40.983   491   588 W skia    : AGTM parsing failed flags.readFromStream(s) at 159
09-19 15:25:41.087   491   588 W skia    : AGTM parsing failed flags.readFromStream(s) at 159
09-19 15:25:41.087   491   588 W skia    : AGTM parsing failed flags.readFromStream(s) at 159
09-19 15:25:41.191   491   588 W skia    : AGTM parsing failed flags.readFromStream(s) at 159
09-19 15:25:41.192   491   588 W skia    : AGTM parsing failed flags.readFromStream(s) at 159
09-19 15:25:41.299   491   588 W skia    : AGTM parsing failed flags.readFromStream(s) at 159
09-19 15:25:41.299   491   588 W skia    : AGTM parsing failed flags.readFromStream(s) at 159
09-19 15:25:41.399   491   588 W skia    : AGTM parsing failed flags.readFromStream(s) at 159
09-19 15:25:41.399   491   588 W skia    : AGTM parsing failed flags.readFromStream(s) at 159
09-19 15:25:41.499   491   588 W skia    : AGTM parsing failed flags.readFromStream(s) at 159
09-19 15:25:41.499   491   588 W skia    : AGTM parsing failed flags.readFromStream(s) at 159
09-19 15:25:41.564 21446 21446 I flutter : RN_VALIDATION_CHUNK START {"schema":1,"runner":"flutter_flame_godot","event":"sample","scenario":"fire","sample":16,"elapsed_ms":17779,"rss_bytes":556064768,"enemies":3,"burning":2,"turrets":6,"projectiles":0,"effects":0,"metrics":{"authored_terrain":true,"draw_calls":130.0,"fps":42.6495486586717,"frame_ms":23.4469069767442,"max_frame_ms":33.512,"objects":140.0,"primitives":415253.0,"received_frames":3433,"renderer":"mobile","sequence":4139,"viewport":[880.0,1976.0]}}
09-19 15:25:41.564 21446 21446 I flutter : RN_VALIDATION_END
09-19 15:25:41.601   491   588 W skia    : AGTM parsing failed flags.readFromStream(s) at 159
09-19 15:25:41.602   491   588 W skia    : AGTM parsing failed flags.readFromStream(s) at 159
09-19 15:25:41.709   491   588 W skia    : AGTM parsing failed flags.readFromStream(s) at 159
09-19 15:25:41.709   491   588 W skia    : AGTM parsing failed flags.readFromStream(s) at 159
09-19 15:25:41.813   491   588 W skia    : AGTM parsing failed flags.readFromStream(s) at 159
09-19 15:25:41.813   491   588 W skia    : AGTM parsing failed flags.readFromStream(s) at 159
09-19 15:25:41.914   491   588 W skia    : AGTM parsing failed flags.readFromStream(s) at 159
09-19 15:25:41.914   491   588 W skia    : AGTM parsing failed flags.readFromStream(s) at 159
09-19 15:25:42.017   491   588 W skia    : AGTM parsing failed flags.readFromStream(s) at 159
09-19 15:25:42.017   491   588 W skia    : AGTM parsing failed flags.readFromStream(s) at 159
09-19 15:25:42.129   491   588 W skia    : AGTM parsing failed flags.readFromStream(s) at 159
09-19 15:25:42.129   491   588 W skia    : AGTM parsing failed flags.readFromStream(s) at 159
09-19 15:25:42.232   491   588 W skia    : AGTM parsing failed flags.readFromStream(s) at 159
09-19 15:25:42.232   491   588 W skia    : AGTM parsing failed flags.readFromStream(s) at 159
09-19 15:25:42.332   491   588 W skia    : AGTM parsing failed flags.readFromStream(s) at 159
09-19 15:25:42.332   491   588 W skia    : AGTM parsing failed flags.readFromStream(s) at 159
09-19 15:25:42.433   491   588 W skia    : AGTM parsing failed flags.readFromStream(s) at 159
09-19 15:25:42.433   491   588 W skia    : AGTM parsing failed flags.readFromStream(s) at 159
09-19 15:25:42.540   491   588 W skia    : AGTM parsing failed flags.readFromStream(s) at 159
09-19 15:25:42.541   491   588 W skia    : AGTM parsing failed flags.readFromStream(s) at 159
09-19 15:25:42.630 21446 21446 I flutter : RN_VALIDATION_CHUNK START {"schema":1,"runner":"flutter_flame_godot","event":"sample","scenario":"fire","sample":17,"elapsed_ms":18845,"rss_bytes":555413504,"enemies":3,"burning":2,"turrets":6,"projectiles":0,"effects":0,"metrics":{"authored_terrain":true,"draw_calls":122.0,"fps":27.7884005922899,"frame_ms":35.9862380952381,"max_frame_ms":51.4233333333333,"objects":134.0,"primitives":412853.0,"received_frames":3459,"renderer":"mobile","sequence":4172,"viewport":[880.0,1976.0]}}
09-19 15:25:42.630 21446 21446 I flutter : RN_VALIDATION_END
09-19 15:25:42.660   491   588 W skia    : AGTM parsing failed flags.readFromStream(s) at 159
09-19 15:25:42.660   491   588 W skia    : AGTM parsing failed flags.readFromStream(s) at 159
09-19 15:25:42.762   491   588 W skia    : AGTM parsing failed flags.readFromStream(s) at 159
09-19 15:25:42.763   491   588 W skia    : AGTM parsing failed flags.readFromStream(s) at 159
09-19 15:25:42.863   491   588 W skia    : AGTM parsing failed flags.readFromStream(s) at 159
09-19 15:25:42.863   491   588 W skia    : AGTM parsing failed flags.readFromStream(s) at 159
09-19 15:25:42.963   491   588 W skia    : AGTM parsing failed flags.readFromStream(s) at 159
09-19 15:25:42.963   491   588 W skia    : AGTM parsing failed flags.readFromStream(s) at 159
09-19 15:25:43.065   491   588 W skia    : AGTM parsing failed flags.readFromStream(s) at 159
09-19 15:25:43.065   491   588 W skia    : AGTM parsing failed flags.readFromStream(s) at 159
09-19 15:25:43.164   491   588 W skia    : AGTM parsing failed flags.readFromStream(s) at 159
09-19 15:25:43.164   491   588 W skia    : AGTM parsing failed flags.readFromStream(s) at 159
09-19 15:25:43.265   491   588 W skia    : AGTM parsing failed flags.readFromStream(s) at 159
09-19 15:25:43.265   491   588 W skia    : AGTM parsing failed flags.readFromStream(s) at 159
09-19 15:25:43.380   491   588 W skia    : AGTM parsing failed flags.readFromStream(s) at 159
09-19 15:25:43.380   491   588 W skia    : AGTM parsing failed flags.readFromStream(s) at 159
09-19 15:25:43.480   491   588 W skia    : AGTM parsing failed flags.readFromStream(s) at 159
09-19 15:25:43.480   491   588 W skia    : AGTM parsing failed flags.readFromStream(s) at 159
09-19 15:25:43.580   491   588 W skia    : AGTM parsing failed flags.readFromStream(s) at 159
09-19 15:25:43.581   491   588 W skia    : AGTM parsing failed flags.readFromStream(s) at 159
09-19 15:25:43.693   491   588 W skia    : AGTM parsing failed flags.readFromStream(s) at 159
09-19 15:25:43.693   491   588 W skia    : AGTM parsing failed flags.readFromStream(s) at 159
09-19 15:25:43.696 21446 21446 I flutter : RN_VALIDATION_CHUNK START {"schema":1,"runner":"flutter_flame_godot","event":"sample","scenario":"fire","sample":18,"elapsed_ms":19911,"rss_bytes":555540480,"enemies":3,"burning":2,"turrets":6,"projectiles":0,"effects":0,"metrics":{"authored_terrain":true,"draw_calls":141.0,"fps":39.5622698588583,"frame_ms":25.2766083333333,"max_frame_ms":37.714,"objects":161.0,"primitives":415693.0,"received_frames":3487,"renderer":"mobile","sequence":4202,"viewport":[880.0,1976.0]}}
09-19 15:25:43.696 21446 21446 I flutter : RN_VALIDATION_END
09-19 15:25:43.797   491   588 W skia    : AGTM parsing failed flags.readFromStream(s) at 159
09-19 15:25:43.798   491   588 W skia    : AGTM parsing failed flags.readFromStream(s) at 159
09-19 15:25:43.909   491   588 W skia    : AGTM parsing failed flags.readFromStream(s) at 159
09-19 15:25:43.909   491   588 W skia    : AGTM parsing failed flags.readFromStream(s) at 159
09-19 15:25:43.912   645   800 D WifiClientModeImpl[3810:wlan0]: updateLinkLayerStatsRssiSpeedFrequencyCapabilities rssi=-50 TxLinkspeed=1 freq=2447 RxLinkSpeed=2
09-19 15:25:43.912   645   800 D WifiDataStall: tx tput in kbps: 11000
09-19 15:25:43.912   645   800 D WifiDataStall: rx tput in kbps: 11000
09-19 15:25:43.912   645   800 V WifiConfigManager: Updating scan detail cache freq=2447 BSSID=00:13:10:85:fe:01 RSSI=-50 for "AndroidWifi"NONE
09-19 15:25:43.912   645   800 D WifiThroughputPredictor:  utilization (LLS) 80 isBluetoothConnected: false final utilization: 80
09-19 15:25:43.912   645   800 D WifiThroughputPredictor:  BW: 0 RSSI: -50 Nss: 1 Mode: 1 symDur: 4000 snrDb 30 bitPerTone: 4500 rate: 54 throughput: 11
09-19 15:25:43.912   645   800 D WifiThroughputPredictor:  utilization (LLS) 80 isBluetoothConnected: false final utilization: 80
09-19 15:25:43.912   645   800 D WifiThroughputPredictor:  BW: 0 RSSI: -50 Nss: 1 Mode: 1 symDur: 4000 snrDb 30 bitPerTone: 4500 rate: 54 throughput: 11
09-19 15:25:43.912   645   800 D WifiThroughputPredictor:  utilization (LLS) 80 isBluetoothConnected: false final utilization: 80
09-19 15:25:43.912   645   800 D WifiThroughputPredictor:  BW: 0 RSSI: -50 Nss: 1 Mode: 1 symDur: 4000 snrDb 30 bitPerTone: 4500 rate: 54 throughput: 11
09-19 15:25:43.912   645   800 D WifiThroughputPredictor:  utilization (LLS) 80 isBluetoothConnected: false final utilization: 80
09-19 15:25:43.912   645   800 D WifiThroughputPredictor:  BW: 0 RSSI: -50 Nss: 1 Mode: 1 symDur: 4000 snrDb 30 bitPerTone: 4500 rate: 54 throughput: 11
09-19 15:25:43.914   645   800 I HalDevMgr: bestIfaceCreationProposal is null, requestIface=STA, existingIface=[name=wlan0 type=STA]
09-19 15:25:43.915   645   800 D WifiScoreCard: BSSID update SIGNAL_POLL ID: 760286919 SSID: "AndroidWifi", BSSID: 00:13:10:85:fe:01, MAC: 02:15:b2:00:00:00, IP: /10.0.2.16, Security type: 0, Supplicant state: COMPLETED, Wi-Fi standard: legacy, RSSI: -50, Link speed: 1Mbps, Tx Link speed: 1Mbps, Max Supported Tx Link speed: 11Mbps, Calculated Tx : 0Mbps, Rx Link speed: 2Mbps, Max Supported Rx Link speed: 11Mbps, Calculated Rx : 0Mbps, Frequency: 2447MHz, Net ID: 0, Metered hint: false, score: 100, isUsable: true, CarrierMerged: false, SubscriptionId: -1, IsPrimary: 1, Trusted: true, Restricted: false, Ephemeral: false, OEM paid: false, OEM private: false, OSU AP: false, FQDN: <none>, Provider friendly name: <none>, Requesting package name: <none>"AndroidWifi"openMLO Information: , Is TID-To-Link negotiation supported by the AP: false, AP MLD Address: <none>, AP MLO Link Id: <none>, AP MLO Affiliated links: <none>, Vendor Data: <none>
09-19 15:25:43.915   645   800 D WifiScoreCard: txRate: 1 txSpeed: 1
09-19 15:25:43.915   645   800 D WifiScoreCard: network update SIGNAL_POLL "AndroidWifi" ID: 673433585 RSSI -50 txSpeed -1
09-19 15:25:43.915   645   800 D WifiClientModeImpl[3810:wlan0]:  ClientModeImpl$L2ConnectedState screen=on 26 0 "AndroidWifi" 00:13:10:85:fe:01 rssi=-50 f=2447 sc=100 link=1 tx=0.0, 0.0, 0.0 rx=0.0 bcn=0 [on:0 tx:0 rx:0 period:3007] from screen [on:0 period:-1202218517] score=100
09-19 15:25:44.013   491   588 W skia    : AGTM parsing failed flags.readFromStream(s) at 159
09-19 15:25:44.013   491   588 W skia    : AGTM parsing failed flags.readFromStream(s) at 159
09-19 15:25:44.115   491   588 W skia    : AGTM parsing failed flags.readFromStream(s) at 159
09-19 15:25:44.115   491   588 W skia    : AGTM parsing failed flags.readFromStream(s) at 159
09-19 15:25:44.217   491   588 W skia    : AGTM parsing failed flags.readFromStream(s) at 159
09-19 15:25:44.217   491   588 W skia    : AGTM parsing failed flags.readFromStream(s) at 159
09-19 15:25:44.316   491   588 W skia    : AGTM parsing failed flags.readFromStream(s) at 159
09-19 15:25:44.316   491   588 W skia    : AGTM parsing failed flags.readFromStream(s) at 159
09-19 15:25:44.398   892   892 D wpa_supplicant: nl80211: Drv Event 64 (NL80211_CMD_NOTIFY_CQM) received for wlan0
09-19 15:25:44.398   892   892 D wpa_supplicant: nl80211: Beacon loss event
09-19 15:25:44.398   892   892 D wpa_supplicant: wlan0: Event BEACON_LOSS (53) received
09-19 15:25:44.398   892   892 I wpa_supplicant: wlan0: CTRL-EVENT-BEACON-LOSS 
09-19 15:25:44.428   491   588 W skia    : AGTM parsing failed flags.readFromStream(s) at 159
09-19 15:25:44.428   491   588 W skia    : AGTM parsing failed flags.readFromStream(s) at 159
09-19 15:25:44.546   491   588 W skia    : AGTM parsing failed flags.readFromStream(s) at 159
09-19 15:25:44.546   491   588 W skia    : AGTM parsing failed flags.readFromStream(s) at 159
09-19 15:25:44.645   491   588 W skia    : AGTM parsing failed flags.readFromStream(s) at 159
09-19 15:25:44.645   491   588 W skia    : AGTM parsing failed flags.readFromStream(s) at 159
09-19 15:25:44.747   491   588 W skia    : AGTM parsing failed flags.readFromStream(s) at 159
09-19 15:25:44.747   491   588 W skia    : AGTM parsing failed flags.readFromStream(s) at 159
09-19 15:25:44.750 21446 21446 I flutter : RN_VALIDATION_CHUNK START {"schema":1,"runner":"flutter_flame_godot","event":"sample","scenario":"fire","sample":19,"elapsed_ms":20965,"rss_bytes":555495424,"enemies":3,"burning":2,"turrets":6,"projectiles":0,"effects":0,"metrics":{"authored_terrain":true,"draw_calls":124.0,"fps":43.9561756928342,"frame_ms":22.7499318181818,"max_frame_ms":33.134,"objects":134.0,"primitives":412853.0,"received_frames":3518,"renderer":"mobile","sequence":4234,"viewport":[880.0,1976.0]}}
09-19 15:25:44.750 21446 21446 I flutter : RN_VALIDATION_END
09-19 15:25:44.848   491   588 W skia    : AGTM parsing failed flags.readFromStream(s) at 159
09-19 15:25:44.848   491   588 W skia    : AGTM parsing failed flags.readFromStream(s) at 159
09-19 15:25:44.948   491   588 W skia    : AGTM parsing failed flags.readFromStream(s) at 159
09-19 15:25:44.948   491   588 W skia    : AGTM parsing failed flags.readFromStream(s) at 159
09-19 15:25:45.049   491   588 W skia    : AGTM parsing failed flags.readFromStream(s) at 159
09-19 15:25:45.049   491   588 W skia    : AGTM parsing failed flags.readFromStream(s) at 159
09-19 15:25:45.161   491   588 W skia    : AGTM parsing failed flags.readFromStream(s) at 159
09-19 15:25:45.161   491   588 W skia    : AGTM parsing failed flags.readFromStream(s) at 159
09-19 15:25:45.216   487   531 D AudioFlinger: mixer(0xb400006ff95ca790) throttle end: throttle time(2)
09-19 15:25:45.262   491   588 W skia    : AGTM parsing failed flags.readFromStream(s) at 159
09-19 15:25:45.262   491   588 W skia    : AGTM parsing failed flags.readFromStream(s) at 159
09-19 15:25:45.362   491   588 W skia    : AGTM parsing failed flags.readFromStream(s) at 159
09-19 15:25:45.362   491   588 W skia    : AGTM parsing failed flags.readFromStream(s) at 159
09-19 15:25:45.464   491   588 W skia    : AGTM parsing failed flags.readFromStream(s) at 159
09-19 15:25:45.464   491   588 W skia    : AGTM parsing failed flags.readFromStream(s) at 159
09-19 15:25:45.568   491   588 W skia    : AGTM parsing failed flags.readFromStream(s) at 159
09-19 15:25:45.568   491   588 W skia    : AGTM parsing failed flags.readFromStream(s) at 159
09-19 15:25:45.679   491   588 W skia    : AGTM parsing failed flags.readFromStream(s) at 159
09-19 15:25:45.679   491   588 W skia    : AGTM parsing failed flags.readFromStream(s) at 159
09-19 15:25:45.780   491   588 W skia    : AGTM parsing failed flags.readFromStream(s) at 159
09-19 15:25:45.780   491   588 W skia    : AGTM parsing failed flags.readFromStream(s) at 159
09-19 15:25:45.796 21446 21446 I flutter : RN_VALIDATION_CHUNK START {"schema":1,"runner":"flutter_flame_godot","event":"sample","scenario":"fire","sample":20,"elapsed_ms":22011,"rss_bytes":555499520,"enemies":3,"burning":2,"turrets":6,"projectiles":0,"effects":0,"metrics":{"authored_terrain":true,"draw_calls":134.0,"fps":42.7244746104014,"frame_ms":23.4057881136951,"max_frame_ms":30.6283333333333,"objects":156.0,"primitives":413693.0,"received_frames":3550,"renderer":"mobile","sequence":4266,"viewport":[880.0,1976.0]}}
09-19 15:25:45.796 21446 21446 I flutter : RN_VALIDATION_END
09-19 15:25:45.880   491   588 W skia    : AGTM parsing failed flags.readFromStream(s) at 159
09-19 15:25:45.880   491   588 W skia    : AGTM parsing failed flags.readFromStream(s) at 159
09-19 15:25:45.982   491   588 W skia    : AGTM parsing failed flags.readFromStream(s) at 159
09-19 15:25:45.982   491   588 W skia    : AGTM parsing failed flags.readFromStream(s) at 159
09-19 15:25:46.097   491   588 W skia    : AGTM parsing failed flags.readFromStream(s) at 159
09-19 15:25:46.097   491   588 W skia    : AGTM parsing failed flags.readFromStream(s) at 159
09-19 15:25:46.198   491   588 W skia    : AGTM parsing failed flags.readFromStream(s) at 159
09-19 15:25:46.198   491   588 W skia    : AGTM parsing failed flags.readFromStream(s) at 159
09-19 15:25:46.305   491   588 W skia    : AGTM parsing failed flags.readFromStream(s) at 159
09-19 15:25:46.305   491   588 W skia    : AGTM parsing failed flags.readFromStream(s) at 159
09-19 15:25:46.374  1012  1174 D SatelliteController: isInCarrierRoamingNbIotNtn: satellite is disabled
09-19 15:25:46.375  1012  1174 D SatelliteController: getCarrierRoamingNtnConnectType: Checking connect type from PLMN config for subId: 1
09-19 15:25:46.375  1012  1174 D TelephonyConfigUpdateInstallReceiver: getConfigParser: domain=satellite
09-19 15:25:46.375  1012  1174 V SatelliteController: satelliteConfigParser is not ready
09-19 15:25:46.375  1012  1174 D SatelliteController: isSatelliteAttachSupportedViaConfigupdater: return null (satelliteConfig is null)
09-19 15:25:46.375  1012  1174 D SatelliteController: getSatellitePerPlmnConfiguration: invalid subId or not supported via carrier.
09-19 15:25:46.375  1012  1174 D SatelliteController: getCarrierRoamingNtnConnectType: config: null
09-19 15:25:46.375  1012  1174 D TelephonyConfigUpdateInstallReceiver: getConfigParser: domain=satellite
09-19 15:25:46.375  1012  1174 V SatelliteController: satelliteConfigParser is not ready
09-19 15:25:46.375  1012  1174 D SatelliteController: getCarrierRoamingNtnConnectTypeViaConfigUpdater: return null (satelliteConfig is null)
09-19 15:25:46.375  1012  1174 D SatelliteController: getCarrierRoamingNtnConnectType: Falling back to global carrier config connect type: 0
09-19 15:25:46.375  1012  1174 D TelephonyConfigUpdateInstallReceiver: getConfigParser: domain=satellite
09-19 15:25:46.375  1012  1174 V SatelliteController: satelliteConfigParser is not ready
09-19 15:25:46.375  1012  1174 D SatelliteController: isSatelliteAttachSupportedViaConfigupdater: return null (satelliteConfig is null)
09-19 15:25:46.375  1012  1174 D SatelliteController: getCarrierRoamingNtnConnectType: Checking connect type from PLMN config for subId: 1
09-19 15:25:46.375  1012  1174 D TelephonyConfigUpdateInstallReceiver: getConfigParser: domain=satellite
09-19 15:25:46.375  1012  1174 V SatelliteController: satelliteConfigParser is not ready
09-19 15:25:46.375  1012  1174 D SatelliteController: isSatelliteAttachSupportedViaConfigupdater: return null (satelliteConfig is null)
09-19 15:25:46.375  1012  1174 D SatelliteController: getSatellitePerPlmnConfiguration: invalid subId or not supported via carrier.
09-19 15:25:46.375  1012  1174 D SatelliteController: getCarrierRoamingNtnConnectType: config: null
09-19 15:25:46.375  1012  1174 D TelephonyConfigUpdateInstallReceiver: getConfigParser: domain=satellite
09-19 15:25:46.375  1012  1174 V SatelliteController: satelliteConfigParser is not ready
09-19 15:25:46.375  1012  1174 D SatelliteController: getCarrierRoamingNtnConnectTypeViaConfigUpdater: return null (satelliteConfig is null)
09-19 15:25:46.376  1012  1174 D SatelliteController: getCarrierRoamingNtnConnectType: Falling back to global carrier config connect type: 0
09-19 15:25:46.376  1012  1174 D TelephonyConfigUpdateInstallReceiver: getConfigParser: domain=satellite
09-19 15:25:46.376  1012  1174 V SatelliteController: satelliteConfigParser is not ready
09-19 15:25:46.376  1012  1174 D SatelliteController: isSatelliteAttachSupportedViaConfigupdater: return null (satelliteConfig is null)
09-19 15:25:46.407   491   588 W skia    : AGTM parsing failed flags.readFromStream(s) at 159
09-19 15:25:46.407   491   588 W skia    : AGTM parsing failed flags.readFromStream(s) at 159
09-19 15:25:46.513   491   588 W skia    : AGTM parsing failed flags.readFromStream(s) at 159
09-19 15:25:46.513   491   588 W skia    : AGTM parsing failed flags.readFromStream(s) at 159
09-19 15:25:46.615   491   588 W skia    : AGTM parsing failed flags.readFromStream(s) at 159
09-19 15:25:46.616   491   588 W skia    : AGTM parsing failed flags.readFromStream(s) at 159
09-19 15:25:46.727   491   588 W skia    : AGTM parsing failed flags.readFromStream(s) at 159
09-19 15:25:46.727   491   588 W skia    : AGTM parsing failed flags.readFromStream(s) at 159
09-19 15:25:46.827   491   588 W skia    : AGTM parsing failed flags.readFromStream(s) at 159
09-19 15:25:46.827   491   588 W skia    : AGTM parsing failed flags.readFromStream(s) at 159
09-19 15:25:46.828 21446 21446 I flutter : RN_VALIDATION_CHUNK START {"schema":1,"runner":"flutter_flame_godot","event":"sample","scenario":"fire","sample":21,"elapsed_ms":23043,"rss_bytes":555814912,"enemies":3,"burning":2,"turrets":6,"projectiles":0,"effects":0,"metrics":{"authored_terrain":true,"draw_calls":125.0,"fps":44.4293153179225,"frame_ms":22.5076617283951,"max_frame_ms":32.972,"objects":135.0,"primitives":413253.0,"received_frames":3580,"renderer":"mobile","sequence":4296,"viewport":[880.0,1976.0]}}
09-19 15:25:46.828 21446 21446 I flutter : RN_VALIDATION_END
09-19 15:25:46.918   645   800 D WifiClientModeImpl[3810:wlan0]: updateLinkLayerStatsRssiSpeedFrequencyCapabilities rssi=-50 TxLinkspeed=1 freq=2447 RxLinkSpeed=2
09-19 15:25:46.918   645   800 D WifiDataStall: tx tput in kbps: 11000
09-19 15:25:46.918   645   800 D WifiDataStall: rx tput in kbps: 11000
09-19 15:25:46.918   645   800 V WifiConfigManager: Updating scan detail cache freq=2447 BSSID=00:13:10:85:fe:01 RSSI=-50 for "AndroidWifi"NONE
09-19 15:25:46.918   645   800 D WifiThroughputPredictor:  utilization (LLS) 80 isBluetoothConnected: false final utilization: 80
09-19 15:25:46.929   645   800 D WifiThroughputPredictor:  BW: 0 RSSI: -50 Nss: 1 Mode: 1 symDur: 4000 snrDb 30 bitPerTone: 4500 rate: 54 throughput: 11
09-19 15:25:46.929   645   800 D WifiThroughputPredictor:  utilization (LLS) 80 isBluetoothConnected: false final utilization: 80
09-19 15:25:46.929   645   800 D WifiThroughputPredictor:  BW: 0 RSSI: -50 Nss: 1 Mode: 1 symDur: 4000 snrDb 30 bitPerTone: 4500 rate: 54 throughput: 11
09-19 15:25:46.929   645   800 D WifiThroughputPredictor:  utilization (LLS) 80 isBluetoothConnected: false final utilization: 80
09-19 15:25:46.929   645   800 D WifiThroughputPredictor:  BW: 0 RSSI: -50 Nss: 1 Mode: 1 symDur: 4000 snrDb 30 bitPerTone: 4500 rate: 54 throughput: 11
09-19 15:25:46.929   645   800 D WifiThroughputPredictor:  utilization (LLS) 80 isBluetoothConnected: false final utilization: 80
09-19 15:25:46.929   645   800 D WifiThroughputPredictor:  BW: 0 RSSI: -50 Nss: 1 Mode: 1 symDur: 4000 snrDb 30 bitPerTone: 4500 rate: 54 throughput: 11
09-19 15:25:46.930   491   588 W skia    : AGTM parsing failed flags.readFromStream(s) at 159
09-19 15:25:46.931   491   588 W skia    : AGTM parsing failed flags.readFromStream(s) at 159
09-19 15:25:46.931   645   800 I HalDevMgr: bestIfaceCreationProposal is null, requestIface=STA, existingIface=[name=wlan0 type=STA]
09-19 15:25:46.931   645   800 D WifiScoreCard: BSSID update SIGNAL_POLL ID: 760286919 SSID: "AndroidWifi", BSSID: 00:13:10:85:fe:01, MAC: 02:15:b2:00:00:00, IP: /10.0.2.16, Security type: 0, Supplicant state: COMPLETED, Wi-Fi standard: legacy, RSSI: -50, Link speed: 1Mbps, Tx Link speed: 1Mbps, Max Supported Tx Link speed: 11Mbps, Calculated Tx : 0Mbps, Rx Link speed: 2Mbps, Max Supported Rx Link speed: 11Mbps, Calculated Rx : 0Mbps, Frequency: 2447MHz, Net ID: 0, Metered hint: false, score: 100, isUsable: true, CarrierMerged: false, SubscriptionId: -1, IsPrimary: 1, Trusted: true, Restricted: false, Ephemeral: false, OEM paid: false, OEM private: false, OSU AP: false, FQDN: <none>, Provider friendly name: <none>, Requesting package name: <none>"AndroidWifi"openMLO Information: , Is TID-To-Link negotiation supported by the AP: false, AP MLD Address: <none>, AP MLO Link Id: <none>, AP MLO Affiliated links: <none>, Vendor Data: <none>
09-19 15:25:46.931   645   800 D WifiScoreCard: txRate: 1 txSpeed: 1
09-19 15:25:46.931   645   800 D WifiScoreCard: network update SIGNAL_POLL "AndroidWifi" ID: 673433585 RSSI -50 txSpeed -1
09-19 15:25:46.931   645   800 D WifiClientModeImpl[3810:wlan0]:  ClientModeImpl$L2ConnectedState screen=on 26 0 "AndroidWifi" 00:13:10:85:fe:01 rssi=-50 f=2447 sc=100 link=1 tx=0.0, 0.0, 0.0 rx=0.0 bcn=0 [on:0 tx:0 rx:0 period:3016] from screen [on:0 period:-1202215501] score=100
09-19 15:25:47.031   491   588 W skia    : AGTM parsing failed flags.readFromStream(s) at 159
09-19 15:25:47.031   491   588 W skia    : AGTM parsing failed flags.readFromStream(s) at 159
09-19 15:25:47.131   491   588 W skia    : AGTM parsing failed flags.readFromStream(s) at 159
09-19 15:25:47.131   491   588 W skia    : AGTM parsing failed flags.readFromStream(s) at 159
09-19 15:25:47.243   491   588 W skia    : AGTM parsing failed flags.readFromStream(s) at 159
09-19 15:25:47.243   491   588 W skia    : AGTM parsing failed flags.readFromStream(s) at 159
09-19 15:25:47.297 21446 21451 I us.godotpreview: NativeAlloc concurrent mark compact GC freed 130KB AllocSpace bytes, 5(220KB) LOS objects, 49% free, 2339KB/4678KB, paused 146us,8.174ms total 19.982ms
09-19 15:25:47.345   491   588 W skia    : AGTM parsing failed flags.readFromStream(s) at 159
09-19 15:25:47.345   491   588 W skia    : AGTM parsing failed flags.readFromStream(s) at 159
09-19 15:25:47.445   491   588 W skia    : AGTM parsing failed flags.readFromStream(s) at 159
09-19 15:25:47.445   491   588 W skia    : AGTM parsing failed flags.readFromStream(s) at 159
09-19 15:25:47.545   491   588 W skia    : AGTM parsing failed flags.readFromStream(s) at 159
09-19 15:25:47.545   491   588 W skia    : AGTM parsing failed flags.readFromStream(s) at 159
09-19 15:25:47.646   491   588 W skia    : AGTM parsing failed flags.readFromStream(s) at 159
09-19 15:25:47.646   491   588 W skia    : AGTM parsing failed flags.readFromStream(s) at 159
09-19 15:25:47.746   491   588 W skia    : AGTM parsing failed flags.readFromStream(s) at 159
09-19 15:25:47.746   491   588 W skia    : AGTM parsing failed flags.readFromStream(s) at 159
09-19 15:25:47.847   491   588 W skia    : AGTM parsing failed flags.readFromStream(s) at 159
09-19 15:25:47.847   491   588 W skia    : AGTM parsing failed flags.readFromStream(s) at 159
09-19 15:25:47.858 21446 21446 I flutter : RN_VALIDATION_CHUNK START {"schema":1,"runner":"flutter_flame_godot","event":"sample","scenario":"fire","sample":22,"elapsed_ms":24073,"rss_bytes":555520000,"enemies":3,"burning":2,"turrets":6,"projectiles":0,"effects":0,"metrics":{"authored_terrain":true,"draw_calls":125.0,"fps":43.8183728445593,"frame_ms":22.8214772727273,"max_frame_ms":30.393,"objects":139.0,"primitives":413261.0,"received_frames":3609,"renderer":"mobile","sequence":4326,"viewport":[880.0,1976.0]}}
09-19 15:25:47.858 21446 21446 I flutter : RN_VALIDATION_END
09-19 15:25:47.948   491   588 W skia    : AGTM parsing failed flags.readFromStream(s) at 159
09-19 15:25:47.948   491   588 W skia    : AGTM parsing failed flags.readFromStream(s) at 159
09-19 15:25:48.052   491   588 W skia    : AGTM parsing failed flags.readFromStream(s) at 159
09-19 15:25:48.053   491   588 W skia    : AGTM parsing failed flags.readFromStream(s) at 159
09-19 15:25:48.159   491   588 W skia    : AGTM parsing failed flags.readFromStream(s) at 159
09-19 15:25:48.159   491   588 W skia    : AGTM parsing failed flags.readFromStream(s) at 159
09-19 15:25:48.263   491   588 W skia    : AGTM parsing failed flags.readFromStream(s) at 159
09-19 15:25:48.263   491   588 W skia    : AGTM parsing failed flags.readFromStream(s) at 159
09-19 15:25:48.385   491   588 W skia    : AGTM parsing failed flags.readFromStream(s) at 159
09-19 15:25:48.385   491   588 W skia    : AGTM parsing failed flags.readFromStream(s) at 159
09-19 15:25:48.496   491   588 W skia    : AGTM parsing failed flags.readFromStream(s) at 159
09-19 15:25:48.496   491   588 W skia    : AGTM parsing failed flags.readFromStream(s) at 159
09-19 15:25:48.596   491   588 W skia    : AGTM parsing failed flags.readFromStream(s) at 159
09-19 15:25:48.596   491   588 W skia    : AGTM parsing failed flags.readFromStream(s) at 159
09-19 15:25:48.697   491   588 W skia    : AGTM parsing failed flags.readFromStream(s) at 159
09-19 15:25:48.697   491   588 W skia    : AGTM parsing failed flags.readFromStream(s) at 159
09-19 15:25:48.831   491   588 W skia    : AGTM parsing failed flags.readFromStream(s) at 159
09-19 15:25:48.831   491   588 W skia    : AGTM parsing failed flags.readFromStream(s) at 159
09-19 15:25:48.868 21446 21446 I flutter : RN_VALIDATION_CHUNK START {"schema":1,"runner":"flutter_flame_godot","event":"sample","scenario":"fire","sample":23,"elapsed_ms":25083,"rss_bytes":556003328,"enemies":3,"burning":2,"turrets":6,"projectiles":0,"effects":0,"metrics":{"authored_terrain":true,"draw_calls":145.0,"fps":42.4291860174453,"frame_ms":23.5686821705427,"max_frame_ms":33.224,"objects":165.0,"primitives":417293.0,"received_frames":3642,"renderer":"mobile","sequence":4360,"viewport":[880.0,1976.0]}}
09-19 15:25:48.868 21446 21446 I flutter : RN_VALIDATION_END
09-19 15:25:48.934   491   588 W skia    : AGTM parsing failed flags.readFromStream(s) at 159
09-19 15:25:48.937   491   588 W skia    : AGTM parsing failed flags.readFromStream(s) at 159
09-19 15:25:49.048   491   588 W skia    : AGTM parsing failed flags.readFromStream(s) at 159
09-19 15:25:49.048   491   588 W skia    : AGTM parsing failed flags.readFromStream(s) at 159
09-19 15:25:49.181   491   588 W skia    : AGTM parsing failed flags.readFromStream(s) at 159
09-19 15:25:49.181   491   588 W skia    : AGTM parsing failed flags.readFromStream(s) at 159
09-19 15:25:49.282   491   588 W skia    : AGTM parsing failed flags.readFromStream(s) at 159
09-19 15:25:49.282   491   588 W skia    : AGTM parsing failed flags.readFromStream(s) at 159
09-19 15:25:49.384   491   588 W skia    : AGTM parsing failed flags.readFromStream(s) at 159
09-19 15:25:49.384   491   588 W skia    : AGTM parsing failed flags.readFromStream(s) at 159
09-19 15:25:49.492   491   588 W skia    : AGTM parsing failed flags.readFromStream(s) at 159
09-19 15:25:49.492   491   588 W skia    : AGTM parsing failed flags.readFromStream(s) at 159
09-19 15:25:49.597   491   588 W skia    : AGTM parsing failed flags.readFromStream(s) at 159
09-19 15:25:49.597   491   588 W skia    : AGTM parsing failed flags.readFromStream(s) at 159
09-19 15:25:49.628 21446 21451 I us.godotpreview: NativeAlloc concurrent mark compact GC freed 128KB AllocSpace bytes, 3(144KB) LOS objects, 49% free, 2391KB/4783KB, paused 99us,5.516ms total 17.471ms
09-19 15:25:49.698   491   588 W skia    : AGTM parsing failed flags.readFromStream(s) at 159
09-19 15:25:49.698   491   588 W skia    : AGTM parsing failed flags.readFromStream(s) at 159
09-19 15:25:49.798   491   588 W skia    : AGTM parsing failed flags.readFromStream(s) at 159
09-19 15:25:49.798   491   588 W skia    : AGTM parsing failed flags.readFromStream(s) at 159
09-19 15:25:49.899   491   588 W skia    : AGTM parsing failed flags.readFromStream(s) at 159
09-19 15:25:49.900   491   588 W skia    : AGTM parsing failed flags.readFromStream(s) at 159
09-19 15:25:49.928 21446 21446 I flutter : RN_VALIDATION_CHUNK START {"schema":1,"runner":"flutter_flame_godot","event":"sample","scenario":"fire","sample":24,"elapsed_ms":26143,"rss_bytes":555876352,"enemies":3,"burning":2,"turrets":6,"projectiles":0,"effects":0,"metrics":{"authored_terrain":true,"draw_calls":122.0,"fps":43.249151481136,"frame_ms":23.1218409090909,"max_frame_ms":27.7777777777778,"objects":134.0,"primitives":412853.0,"received_frames":3671,"renderer":"mobile","sequence":4391,"viewport":[880.0,1976.0]}}
09-19 15:25:49.928 21446 21446 I flutter : RN_VALIDATION_END
09-19 15:25:49.935   645   800 D WifiClientModeImpl[3810:wlan0]: updateLinkLayerStatsRssiSpeedFrequencyCapabilities rssi=-50 TxLinkspeed=1 freq=2447 RxLinkSpeed=2
09-19 15:25:49.935   645   800 D WifiDataStall: tx tput in kbps: 11000
09-19 15:25:49.935   645   800 D WifiDataStall: rx tput in kbps: 11000
09-19 15:25:49.935   645   800 V WifiConfigManager: Updating scan detail cache freq=2447 BSSID=00:13:10:85:fe:01 RSSI=-50 for "AndroidWifi"NONE
09-19 15:25:49.936   645   800 D WifiThroughputPredictor:  utilization (LLS) 80 isBluetoothConnected: false final utilization: 80
09-19 15:25:49.936   645   800 D WifiThroughputPredictor:  BW: 0 RSSI: -50 Nss: 1 Mode: 1 symDur: 4000 snrDb 30 bitPerTone: 4500 rate: 54 throughput: 11
09-19 15:25:49.936   645   800 D WifiThroughputPredictor:  utilization (LLS) 80 isBluetoothConnected: false final utilization: 80
09-19 15:25:49.936   645   800 D WifiThroughputPredictor:  BW: 0 RSSI: -50 Nss: 1 Mode: 1 symDur: 4000 snrDb 30 bitPerTone: 4500 rate: 54 throughput: 11
09-19 15:25:49.936   645   800 D WifiThroughputPredictor:  utilization (LLS) 80 isBluetoothConnected: false final utilization: 80
09-19 15:25:49.936   645   800 D WifiThroughputPredictor:  BW: 0 RSSI: -50 Nss: 1 Mode: 1 symDur: 4000 snrDb 30 bitPerTone: 4500 rate: 54 throughput: 11
09-19 15:25:49.936   645   800 D WifiThroughputPredictor:  utilization (LLS) 80 isBluetoothConnected: false final utilization: 80
09-19 15:25:49.936   645   800 D WifiThroughputPredictor:  BW: 0 RSSI: -50 Nss: 1 Mode: 1 symDur: 4000 snrDb 30 bitPerTone: 4500 rate: 54 throughput: 11
09-19 15:25:49.945   645   800 I HalDevMgr: bestIfaceCreationProposal is null, requestIface=STA, existingIface=[name=wlan0 type=STA]
09-19 15:25:49.945   645   800 D WifiScoreCard: BSSID update SIGNAL_POLL ID: 760286919 SSID: "AndroidWifi", BSSID: 00:13:10:85:fe:01, MAC: 02:15:b2:00:00:00, IP: /10.0.2.16, Security type: 0, Supplicant state: COMPLETED, Wi-Fi standard: legacy, RSSI: -50, Link speed: 1Mbps, Tx Link speed: 1Mbps, Max Supported Tx Link speed: 11Mbps, Calculated Tx : 0Mbps, Rx Link speed: 2Mbps, Max Supported Rx Link speed: 11Mbps, Calculated Rx : 0Mbps, Frequency: 2447MHz, Net ID: 0, Metered hint: false, score: 100, isUsable: true, CarrierMerged: false, SubscriptionId: -1, IsPrimary: 1, Trusted: true, Restricted: false, Ephemeral: false, OEM paid: false, OEM private: false, OSU AP: false, FQDN: <none>, Provider friendly name: <none>, Requesting package name: <none>"AndroidWifi"openMLO Information: , Is TID-To-Link negotiation supported by the AP: false, AP MLD Address: <none>, AP MLO Link Id: <none>, AP MLO Affiliated links: <none>, Vendor Data: <none>
09-19 15:25:49.945   645   800 D WifiScoreCard: txRate: 1 txSpeed: 1
09-19 15:25:49.945   645   800 D WifiScoreCard: network update SIGNAL_POLL "AndroidWifi" ID: 673433585 RSSI -50 txSpeed -1
09-19 15:25:49.945   645   800 D WifiClientModeImpl[3810:wlan0]:  ClientModeImpl$L2ConnectedState screen=on 26 0 "AndroidWifi" 00:13:10:85:fe:01 rssi=-50 f=2447 sc=100 link=1 tx=0.0, 0.0, 0.0 rx=0.0 bcn=0 [on:0 tx:0 rx:0 period:3014] from screen [on:0 period:-1202212487] score=100
09-19 15:25:50.032   491   588 W skia    : AGTM parsing failed flags.readFromStream(s) at 159
09-19 15:25:50.032   491   588 W skia    : AGTM parsing failed flags.readFromStream(s) at 159
09-19 15:25:50.132   491   588 W skia    : AGTM parsing failed flags.readFromStream(s) at 159
09-19 15:25:50.132   491   588 W skia    : AGTM parsing failed flags.readFromStream(s) at 159
09-19 15:25:50.240   491   588 W skia    : AGTM parsing failed flags.readFromStream(s) at 159
09-19 15:25:50.240   491   588 W skia    : AGTM parsing failed flags.readFromStream(s) at 159
09-19 15:25:50.341   491   588 W skia    : AGTM parsing failed flags.readFromStream(s) at 159
09-19 15:25:50.341   491   588 W skia    : AGTM parsing failed flags.readFromStream(s) at 159
09-19 15:25:50.462   491   588 W skia    : AGTM parsing failed flags.readFromStream(s) at 159
09-19 15:25:50.462   491   588 W skia    : AGTM parsing failed flags.readFromStream(s) at 159
09-19 15:25:50.498   487   531 W AudioTrackShared: releaseBuffer: dropped wake
09-19 15:25:50.498 21446 21519 D AudioTrackShared: obtainBuffer: benign status 'Try again' (recheck)
09-19 15:25:50.563   491   588 W skia    : AGTM parsing failed flags.readFromStream(s) at 159
09-19 15:25:50.563   491   588 W skia    : AGTM parsing failed flags.readFromStream(s) at 159
09-19 15:25:50.664   491   588 W skia    : AGTM parsing failed flags.readFromStream(s) at 159
09-19 15:25:50.664   491   588 W skia    : AGTM parsing failed flags.readFromStream(s) at 159
09-19 15:25:50.767   491   588 W skia    : AGTM parsing failed flags.readFromStream(s) at 159
09-19 15:25:50.768   491   588 W skia    : AGTM parsing failed flags.readFromStream(s) at 159
09-19 15:25:50.865   491   588 W skia    : AGTM parsing failed flags.readFromStream(s) at 159
09-19 15:25:50.865   491   588 W skia    : AGTM parsing failed flags.readFromStream(s) at 159
09-19 15:25:50.965 21446 21446 I flutter : RN_VALIDATION_CHUNK START {"schema":1,"runner":"flutter_flame_godot","event":"sample","scenario":"fire","sample":25,"elapsed_ms":27180,"rss_bytes":555683840,"enemies":3,"burning":2,"turrets":6,"projectiles":0,"effects":0,"metrics":{"authored_terrain":true,"draw_calls":138.0,"fps":40.6500034701223,"frame_ms":24.600243902439,"max_frame_ms":40.225,"objects":158.0,"primitives":414493.0,"received_frames":3702,"renderer":"mobile","sequence":4422,"viewport":[880.0,1976.0]}}
09-19 15:25:50.965 21446 21446 I flutter : RN_VALIDATION_END
09-19 15:25:50.979   491   588 W skia    : AGTM parsing failed flags.readFromStream(s) at 159
09-19 15:25:50.979   491   588 W skia    : AGTM parsing failed flags.readFromStream(s) at 159
09-19 15:25:51.079   491   588 W skia    : AGTM parsing failed flags.readFromStream(s) at 159
09-19 15:25:51.079   491   588 W skia    : AGTM parsing failed flags.readFromStream(s) at 159
09-19 15:25:51.179   491   588 W skia    : AGTM parsing failed flags.readFromStream(s) at 159
09-19 15:25:51.179   491   588 W skia    : AGTM parsing failed flags.readFromStream(s) at 159
09-19 15:25:51.280   491   588 W skia    : AGTM parsing failed flags.readFromStream(s) at 159
09-19 15:25:51.280   491   588 W skia    : AGTM parsing failed flags.readFromStream(s) at 159
09-19 15:25:51.380   491   588 W skia    : AGTM parsing failed flags.readFromStream(s) at 159
09-19 15:25:51.381   491   588 W skia    : AGTM parsing failed flags.readFromStream(s) at 159
09-19 15:25:51.482   491   588 W skia    : AGTM parsing failed flags.readFromStream(s) at 159
09-19 15:25:51.482   491   588 W skia    : AGTM parsing failed flags.readFromStream(s) at 159
09-19 15:25:51.582   491   588 W skia    : AGTM parsing failed flags.readFromStream(s) at 159
09-19 15:25:51.582   491   588 W skia    : AGTM parsing failed flags.readFromStream(s) at 159
09-19 15:25:51.682   491   588 W skia    : AGTM parsing failed flags.readFromStream(s) at 159
09-19 15:25:51.682   491   588 W skia    : AGTM parsing failed flags.readFromStream(s) at 159
09-19 15:25:51.812   491   588 W skia    : AGTM parsing failed flags.readFromStream(s) at 159
09-19 15:25:51.812   491   588 W skia    : AGTM parsing failed flags.readFromStream(s) at 159
09-19 15:25:51.913   491   588 W skia    : AGTM parsing failed flags.readFromStream(s) at 159
09-19 15:25:51.914   491   588 W skia    : AGTM parsing failed flags.readFromStream(s) at 159
09-19 15:25:51.976 21446 21446 I flutter : RN_VALIDATION_CHUNK START {"schema":1,"runner":"flutter_flame_godot","event":"sample","scenario":"fire","sample":26,"elapsed_ms":28191,"rss_bytes":555868160,"enemies":3,"burning":2,"turrets":6,"projectiles":0,"effects":0,"metrics":{"authored_terrain":true,"draw_calls":124.0,"fps":40.9514497812038,"frame_ms":24.4191598915989,"max_frame_ms":34.296757575758,"objects":134.0,"primitives":412853.0,"received_frames":3731,"renderer":"mobile","sequence":4452,"viewport":[880.0,1976.0]}}
09-19 15:25:51.976 21446 21446 I flutter : RN_VALIDATION_END
09-19 15:25:52.013   491   588 W skia    : AGTM parsing failed flags.readFromStream(s) at 159
09-19 15:25:52.013   491   588 W skia    : AGTM parsing failed flags.readFromStream(s) at 159
09-19 15:25:52.116   491   588 W skia    : AGTM parsing failed flags.readFromStream(s) at 159
09-19 15:25:52.116   491   588 W skia    : AGTM parsing failed flags.readFromStream(s) at 159
09-19 15:25:52.232   491   588 W skia    : AGTM parsing failed flags.readFromStream(s) at 159
09-19 15:25:52.232   491   588 W skia    : AGTM parsing failed flags.readFromStream(s) at 159
09-19 15:25:52.331   491   588 W skia    : AGTM parsing failed flags.readFromStream(s) at 159
09-19 15:25:52.332   491   588 W skia    : AGTM parsing failed flags.readFromStream(s) at 159
09-19 15:25:52.340   892   892 D wpa_supplicant: nl80211: Drv Event 64 (NL80211_CMD_NOTIFY_CQM) received for wlan0
09-19 15:25:52.340   892   892 D wpa_supplicant: nl80211: Beacon loss event
09-19 15:25:52.341   892   892 D wpa_supplicant: wlan0: Event BEACON_LOSS (53) received
09-19 15:25:52.341   892   892 I wpa_supplicant: wlan0: CTRL-EVENT-BEACON-LOSS 
09-19 15:25:52.447   491   588 W skia    : AGTM parsing failed flags.readFromStream(s) at 159
09-19 15:25:52.447   491   588 W skia    : AGTM parsing failed flags.readFromStream(s) at 159
09-19 15:25:52.549   491   588 W skia    : AGTM parsing failed flags.readFromStream(s) at 159
09-19 15:25:52.549   491   588 W skia    : AGTM parsing failed flags.readFromStream(s) at 159
09-19 15:25:52.648   491   588 W skia    : AGTM parsing failed flags.readFromStream(s) at 159
09-19 15:25:52.648   491   588 W skia    : AGTM parsing failed flags.readFromStream(s) at 159
09-19 15:25:52.751   491   588 W skia    : AGTM parsing failed flags.readFromStream(s) at 159
09-19 15:25:52.752   491   588 W skia    : AGTM parsing failed flags.readFromStream(s) at 159
09-19 15:25:52.860   491   588 W skia    : AGTM parsing failed flags.readFromStream(s) at 159
09-19 15:25:52.860   491   588 W skia    : AGTM parsing failed flags.readFromStream(s) at 159
09-19 15:25:52.947   645   800 D WifiClientModeImpl[3810:wlan0]: updateLinkLayerStatsRssiSpeedFrequencyCapabilities rssi=-50 TxLinkspeed=1 freq=2447 RxLinkSpeed=2
09-19 15:25:52.947   645   800 D WifiDataStall: tx tput in kbps: 11000
09-19 15:25:52.947   645   800 D WifiDataStall: rx tput in kbps: 11000
09-19 15:25:52.947   645   800 V WifiConfigManager: Updating scan detail cache freq=2447 BSSID=00:13:10:85:fe:01 RSSI=-50 for "AndroidWifi"NONE
09-19 15:25:52.947   645   800 D WifiThroughputPredictor:  utilization (LLS) 80 isBluetoothConnected: false final utilization: 80
09-19 15:25:52.947   645   800 D WifiThroughputPredictor:  BW: 0 RSSI: -50 Nss: 1 Mode: 1 symDur: 4000 snrDb 30 bitPerTone: 4500 rate: 54 throughput: 11
09-19 15:25:52.947   645   800 D WifiThroughputPredictor:  utilization (LLS) 80 isBluetoothConnected: false final utilization: 80
09-19 15:25:52.947   645   800 D WifiThroughputPredictor:  BW: 0 RSSI: -50 Nss: 1 Mode: 1 symDur: 4000 snrDb 30 bitPerTone: 4500 rate: 54 throughput: 11
09-19 15:25:52.947   645   800 D WifiThroughputPredictor:  utilization (LLS) 80 isBluetoothConnected: false final utilization: 80
09-19 15:25:52.947   645   800 D WifiThroughputPredictor:  BW: 0 RSSI: -50 Nss: 1 Mode: 1 symDur: 4000 snrDb 30 bitPerTone: 4500 rate: 54 throughput: 11
09-19 15:25:52.947   645   800 D WifiThroughputPredictor:  utilization (LLS) 80 isBluetoothConnected: false final utilization: 80
09-19 15:25:52.947   645   800 D WifiThroughputPredictor:  BW: 0 RSSI: -50 Nss: 1 Mode: 1 symDur: 4000 snrDb 30 bitPerTone: 4500 rate: 54 throughput: 11
09-19 15:25:52.950   645   800 I HalDevMgr: bestIfaceCreationProposal is null, requestIface=STA, existingIface=[name=wlan0 type=STA]
09-19 15:25:52.951   645   800 D WifiScoreCard: BSSID update SIGNAL_POLL ID: 760286919 SSID: "AndroidWifi", BSSID: 00:13:10:85:fe:01, MAC: 02:15:b2:00:00:00, IP: /10.0.2.16, Security type: 0, Supplicant state: COMPLETED, Wi-Fi standard: legacy, RSSI: -50, Link speed: 1Mbps, Tx Link speed: 1Mbps, Max Supported Tx Link speed: 11Mbps, Calculated Tx : 0Mbps, Rx Link speed: 2Mbps, Max Supported Rx Link speed: 11Mbps, Calculated Rx : 0Mbps, Frequency: 2447MHz, Net ID: 0, Metered hint: false, score: 100, isUsable: true, CarrierMerged: false, SubscriptionId: -1, IsPrimary: 1, Trusted: true, Restricted: false, Ephemeral: false, OEM paid: false, OEM private: false, OSU AP: false, FQDN: <none>, Provider friendly name: <none>, Requesting package name: <none>"AndroidWifi"openMLO Information: , Is TID-To-Link negotiation supported by the AP: false, AP MLD Address: <none>, AP MLO Link Id: <none>, AP MLO Affiliated links: <none>, Vendor Data: <none>
09-19 15:25:52.951   645   800 D WifiScoreCard: txRate: 1 txSpeed: 1
09-19 15:25:52.951   645   800 D WifiScoreCard: network update SIGNAL_POLL "AndroidWifi" ID: 673433585 RSSI -50 txSpeed -1
09-19 15:25:52.951   645   800 D WifiClientModeImpl[3810:wlan0]:  ClientModeImpl$L2ConnectedState screen=on 26 0 "AndroidWifi" 00:13:10:85:fe:01 rssi=-50 f=2447 sc=100 link=1 tx=0.0, 0.0, 0.0 rx=0.0 bcn=0 [on:0 tx:0 rx:0 period:3006] from screen [on:0 period:-1202209481] score=100
09-19 15:25:52.962   491   588 W skia    : AGTM parsing failed flags.readFromStream(s) at 159
09-19 15:25:52.963   491   588 W skia    : AGTM parsing failed flags.readFromStream(s) at 159
09-19 15:25:52.991 21446 21446 I flutter : RN_VALIDATION_CHUNK START {"schema":1,"runner":"flutter_flame_godot","event":"sample","scenario":"fire","sample":27,"elapsed_ms":29206,"rss_bytes":555720704,"enemies":3,"burning":2,"turrets":6,"projectiles":0,"effects":0,"metrics":{"authored_terrain":true,"draw_calls":135.0,"fps":39.4172121388371,"frame_ms":25.3696277777778,"max_frame_ms":33.289,"objects":155.0,"primitives":413293.0,"received_frames":3758,"renderer":"mobile","sequence":4482,"viewport":[880.0,1976.0]}}
09-19 15:25:52.992 21446 21446 I flutter : RN_VALIDATION_END
09-19 15:25:53.063   491   588 W skia    : AGTM parsing failed flags.readFromStream(s) at 159
09-19 15:25:53.063   491   588 W skia    : AGTM parsing failed flags.readFromStream(s) at 159
09-19 15:25:53.167   491   588 W skia    : AGTM parsing failed flags.readFromStream(s) at 159
09-19 15:25:53.167   491   588 W skia    : AGTM parsing failed flags.readFromStream(s) at 159
09-19 15:25:53.279   491   588 W skia    : AGTM parsing failed flags.readFromStream(s) at 159
09-19 15:25:53.280   491   588 W skia    : AGTM parsing failed flags.readFromStream(s) at 159
09-19 15:25:53.379   491   588 W skia    : AGTM parsing failed flags.readFromStream(s) at 159
09-19 15:25:53.379   491   588 W skia    : AGTM parsing failed flags.readFromStream(s) at 159
09-19 15:25:53.482   491   588 W skia    : AGTM parsing failed flags.readFromStream(s) at 159
09-19 15:25:53.482   491   588 W skia    : AGTM parsing failed flags.readFromStream(s) at 159
09-19 15:25:53.581   491   588 W skia    : AGTM parsing failed flags.readFromStream(s) at 159
09-19 15:25:53.581   491   588 W skia    : AGTM parsing failed flags.readFromStream(s) at 159
09-19 15:25:53.714   491   588 W skia    : AGTM parsing failed flags.readFromStream(s) at 159
09-19 15:25:53.715   491   588 W skia    : AGTM parsing failed flags.readFromStream(s) at 159
09-19 15:25:53.814   491   588 W skia    : AGTM parsing failed flags.readFromStream(s) at 159
09-19 15:25:53.815   491   588 W skia    : AGTM parsing failed flags.readFromStream(s) at 159
09-19 15:25:53.914   491   588 W skia    : AGTM parsing failed flags.readFromStream(s) at 159
09-19 15:25:53.914   491   588 W skia    : AGTM parsing failed flags.readFromStream(s) at 159
09-19 15:25:54.018   491   588 W skia    : AGTM parsing failed flags.readFromStream(s) at 159
09-19 15:25:54.018   491   588 W skia    : AGTM parsing failed flags.readFromStream(s) at 159
09-19 15:25:54.049 21446 21446 I flutter : RN_VALIDATION_CHUNK START {"schema":1,"runner":"flutter_flame_godot","event":"sample","scenario":"fire","sample":28,"elapsed_ms":30264,"rss_bytes":555810816,"enemies":3,"burning":2,"turrets":6,"projectiles":0,"effects":0,"metrics":{"authored_terrain":true,"draw_calls":142.0,"fps":38.8739705873558,"frame_ms":25.7241538461539,"max_frame_ms":38.551,"objects":156.0,"primitives":418469.0,"received_frames":3785,"renderer":"mobile","sequence":4510,"viewport":[880.0,1976.0]}}
09-19 15:25:54.049 21446 21446 I flutter : RN_VALIDATION_END
09-19 15:25:54.145   491   588 W skia    : AGTM parsing failed flags.readFromStream(s) at 159
09-19 15:25:54.145   491   588 W skia    : AGTM parsing failed flags.readFromStream(s) at 159
09-19 15:25:54.171   487   531 D AudioFlinger: mixer(0xb400006ff95ca790) throttle end: throttle time(9)
09-19 15:25:54.245   491   588 W skia    : AGTM parsing failed flags.readFromStream(s) at 159
09-19 15:25:54.245   491   588 W skia    : AGTM parsing failed flags.readFromStream(s) at 159
09-19 15:25:54.346   491   588 W skia    : AGTM parsing failed flags.readFromStream(s) at 159
09-19 15:25:54.346   491   588 W skia    : AGTM parsing failed flags.readFromStream(s) at 159
09-19 15:25:54.451   491   588 W skia    : AGTM parsing failed flags.readFromStream(s) at 159
09-19 15:25:54.451   491   588 W skia    : AGTM parsing failed flags.readFromStream(s) at 159
09-19 15:25:54.487   487   531 D AudioFlinger: mixer(0xb400006ff95ca790) throttle end: throttle time(12)
09-19 15:25:54.548   491   588 W skia    : AGTM parsing failed flags.readFromStream(s) at 159
09-19 15:25:54.549   491   588 W skia    : AGTM parsing failed flags.readFromStream(s) at 159
09-19 15:25:54.659   491   588 W skia    : AGTM parsing failed flags.readFromStream(s) at 159
09-19 15:25:54.659   491   588 W skia    : AGTM parsing failed flags.readFromStream(s) at 159
09-19 15:25:54.762   491   588 W skia    : AGTM parsing failed flags.readFromStream(s) at 159
09-19 15:25:54.762   491   588 W skia    : AGTM parsing failed flags.readFromStream(s) at 159
09-19 15:25:54.861   491   588 W skia    : AGTM parsing failed flags.readFromStream(s) at 159
09-19 15:25:54.862   491   588 W skia    : AGTM parsing failed flags.readFromStream(s) at 159
09-19 15:25:54.966   491   588 W skia    : AGTM parsing failed flags.readFromStream(s) at 159
09-19 15:25:54.967   491   588 W skia    : AGTM parsing failed flags.readFromStream(s) at 159
09-19 15:25:55.080   491   588 W skia    : AGTM parsing failed flags.readFromStream(s) at 159
09-19 15:25:55.081   491   588 W skia    : AGTM parsing failed flags.readFromStream(s) at 159
09-19 15:25:55.099 21446 21446 I flutter : RN_VALIDATION_CHUNK START {"schema":1,"runner":"flutter_flame_godot","event":"sample","scenario":"fire","sample":29,"elapsed_ms":31313,"rss_bytes":556036096,"enemies":3,"burning":2,"turrets":6,"projectiles":0,"effects":0,"metrics":{"authored_terrain":true,"draw_calls":123.0,"fps":37.4660340822596,"frame_ms":26.6908421052632,"max_frame_ms":33.5656666666671,"objects":135.0,"primitives":413253.0,"received_frames":3813,"renderer":"mobile","sequence":4539,"viewport":[880.0,1976.0]}}
09-19 15:25:55.099 21446 21446 I flutter : RN_VALIDATION_END
09-19 15:25:55.181   491   588 W skia    : AGTM parsing failed flags.readFromStream(s) at 159
09-19 15:25:55.181   491   588 W skia    : AGTM parsing failed flags.readFromStream(s) at 159
09-19 15:25:55.283   491   588 W skia    : AGTM parsing failed flags.readFromStream(s) at 159
09-19 15:25:55.283   491   588 W skia    : AGTM parsing failed flags.readFromStream(s) at 159
09-19 15:25:55.393   491   588 W skia    : AGTM parsing failed flags.readFromStream(s) at 159
09-19 15:25:55.393   491   588 W skia    : AGTM parsing failed flags.readFromStream(s) at 159
09-19 15:25:55.493   491   588 W skia    : AGTM parsing failed flags.readFromStream(s) at 159
09-19 15:25:55.493   491   588 W skia    : AGTM parsing failed flags.readFromStream(s) at 159
09-19 15:25:55.598   491   588 W skia    : AGTM parsing failed flags.readFromStream(s) at 159
09-19 15:25:55.598   491   588 W skia    : AGTM parsing failed flags.readFromStream(s) at 159
09-19 15:25:55.697   491   588 W skia    : AGTM parsing failed flags.readFromStream(s) at 159
09-19 15:25:55.697   491   588 W skia    : AGTM parsing failed flags.readFromStream(s) at 159
09-19 15:25:55.798   491   588 W skia    : AGTM parsing failed flags.readFromStream(s) at 159
09-19 15:25:55.798   491   588 W skia    : AGTM parsing failed flags.readFromStream(s) at 159
09-19 15:25:55.910   491   588 W skia    : AGTM parsing failed flags.readFromStream(s) at 159
09-19 15:25:55.910   491   588 W skia    : AGTM parsing failed flags.readFromStream(s) at 159
09-19 15:25:55.957   645   800 D WifiClientModeImpl[3810:wlan0]: updateLinkLayerStatsRssiSpeedFrequencyCapabilities rssi=-50 TxLinkspeed=1 freq=2447 RxLinkSpeed=2
09-19 15:25:55.958   645   800 D WifiDataStall: tx tput in kbps: 11000
09-19 15:25:55.958   645   800 D WifiDataStall: rx tput in kbps: 11000
09-19 15:25:55.958   645   800 V WifiConfigManager: Updating scan detail cache freq=2447 BSSID=00:13:10:85:fe:01 RSSI=-50 for "AndroidWifi"NONE
09-19 15:25:55.958   645   800 D WifiThroughputPredictor:  utilization (LLS) 80 isBluetoothConnected: false final utilization: 80
09-19 15:25:55.958   645   800 D WifiThroughputPredictor:  BW: 0 RSSI: -50 Nss: 1 Mode: 1 symDur: 4000 snrDb 30 bitPerTone: 4500 rate: 54 throughput: 11
09-19 15:25:55.958   645   800 D WifiThroughputPredictor:  utilization (LLS) 80 isBluetoothConnected: false final utilization: 80
09-19 15:25:55.958   645   800 D WifiThroughputPredictor:  BW: 0 RSSI: -50 Nss: 1 Mode: 1 symDur: 4000 snrDb 30 bitPerTone: 4500 rate: 54 throughput: 11
09-19 15:25:55.958   645   800 D WifiThroughputPredictor:  utilization (LLS) 80 isBluetoothConnected: false final utilization: 80
09-19 15:25:55.958   645   800 D WifiThroughputPredictor:  BW: 0 RSSI: -50 Nss: 1 Mode: 1 symDur: 4000 snrDb 30 bitPerTone: 4500 rate: 54 throughput: 11
09-19 15:25:55.958   645   800 D WifiThroughputPredictor:  utilization (LLS) 80 isBluetoothConnected: false final utilization: 80
09-19 15:25:55.958   645   800 D WifiThroughputPredictor:  BW: 0 RSSI: -50 Nss: 1 Mode: 1 symDur: 4000 snrDb 30 bitPerTone: 4500 rate: 54 throughput: 11
09-19 15:25:55.961   645   800 I HalDevMgr: bestIfaceCreationProposal is null, requestIface=STA, existingIface=[name=wlan0 type=STA]
09-19 15:25:55.962   645   800 D WifiScoreCard: BSSID update SIGNAL_POLL ID: 760286919 SSID: "AndroidWifi", BSSID: 00:13:10:85:fe:01, MAC: 02:15:b2:00:00:00, IP: /10.0.2.16, Security type: 0, Supplicant state: COMPLETED, Wi-Fi standard: legacy, RSSI: -50, Link speed: 1Mbps, Tx Link speed: 1Mbps, Max Supported Tx Link speed: 11Mbps, Calculated Tx : 0Mbps, Rx Link speed: 2Mbps, Max Supported Rx Link speed: 11Mbps, Calculated Rx : 0Mbps, Frequency: 2447MHz, Net ID: 0, Metered hint: false, score: 100, isUsable: true, CarrierMerged: false, SubscriptionId: -1, IsPrimary: 1, Trusted: true, Restricted: false, Ephemeral: false, OEM paid: false, OEM private: false, OSU AP: false, FQDN: <none>, Provider friendly name: <none>, Requesting package name: <none>"AndroidWifi"openMLO Information: , Is TID-To-Link negotiation supported by the AP: false, AP MLD Address: <none>, AP MLO Link Id: <none>, AP MLO Affiliated links: <none>, Vendor Data: <none>
09-19 15:25:55.962   645   800 D WifiScoreCard: txRate: 1 txSpeed: 1
09-19 15:25:55.962   645   800 D WifiScoreCard: network update SIGNAL_POLL "AndroidWifi" ID: 673433585 RSSI -50 txSpeed -1
09-19 15:25:55.962   645   800 D WifiClientModeImpl[3810:wlan0]:  ClientModeImpl$L2ConnectedState screen=on 26 0 "AndroidWifi" 00:13:10:85:fe:01 rssi=-50 f=2447 sc=100 link=1 tx=0.0, 0.0, 0.0 rx=0.0 bcn=0 [on:0 tx:0 rx:0 period:3011] from screen [on:0 period:-1202206470] score=100
09-19 15:25:56.012   491   588 W skia    : AGTM parsing failed flags.readFromStream(s) at 159
09-19 15:25:56.012   491   588 W skia    : AGTM parsing failed flags.readFromStream(s) at 159
09-19 15:25:56.112   491   588 W skia    : AGTM parsing failed flags.readFromStream(s) at 159
09-19 15:25:56.112   491   588 W skia    : AGTM parsing failed flags.readFromStream(s) at 159
09-19 15:25:56.138 21446 21446 I flutter : RN_VALIDATION_CHUNK START {"schema":1,"runner":"flutter_flame_godot","event":"sample","scenario":"fire","sample":30,"elapsed_ms":32353,"rss_bytes":556032000,"enemies":3,"burning":2,"turrets":6,"projectiles":0,"effects":0,"metrics":{"authored_terrain":true,"draw_calls":120.0,"fps":42.3460995959629,"frame_ms":23.6149258028793,"max_frame_ms":34.964,"objects":130.0,"primitives":412845.0,"received_frames":3869,"renderer":"mobile","sequence":4598,"viewport":[880.0,1976.0]}}
09-19 15:25:56.139 21446 21446 I flutter : RN_VALIDATION_END
09-19 15:25:56.214   491   588 W skia    : AGTM parsing failed flags.readFromStream(s) at 159
09-19 15:25:56.214   491   588 W skia    : AGTM parsing failed flags.readFromStream(s) at 159
09-19 15:25:56.317   491   588 W skia    : AGTM parsing failed flags.readFromStream(s) at 159
09-19 15:25:56.317   491   588 W skia    : AGTM parsing failed flags.readFromStream(s) at 159
09-19 15:25:56.375  1012  1174 D SatelliteController: isInCarrierRoamingNbIotNtn: satellite is disabled
09-19 15:25:56.375  1012  1174 D SatelliteController: getCarrierRoamingNtnConnectType: Checking connect type from PLMN config for subId: 1
09-19 15:25:56.375  1012  1174 D TelephonyConfigUpdateInstallReceiver: getConfigParser: domain=satellite
09-19 15:25:56.375  1012  1174 V SatelliteController: satelliteConfigParser is not ready
09-19 15:25:56.375  1012  1174 D SatelliteController: isSatelliteAttachSupportedViaConfigupdater: return null (satelliteConfig is null)
09-19 15:25:56.375  1012  1174 D SatelliteController: getSatellitePerPlmnConfiguration: invalid subId or not supported via carrier.
09-19 15:25:56.375  1012  1174 D SatelliteController: getCarrierRoamingNtnConnectType: config: null
09-19 15:25:56.375  1012  1174 D TelephonyConfigUpdateInstallReceiver: getConfigParser: domain=satellite
09-19 15:25:56.375  1012  1174 V SatelliteController: satelliteConfigParser is not ready
09-19 15:25:56.375  1012  1174 D SatelliteController: getCarrierRoamingNtnConnectTypeViaConfigUpdater: return null (satelliteConfig is null)
09-19 15:25:56.375  1012  1174 D SatelliteController: getCarrierRoamingNtnConnectType: Falling back to global carrier config connect type: 0
09-19 15:25:56.375  1012  1174 D TelephonyConfigUpdateInstallReceiver: getConfigParser: domain=satellite
09-19 15:25:56.375  1012  1174 V SatelliteController: satelliteConfigParser is not ready
09-19 15:25:56.375  1012  1174 D SatelliteController: isSatelliteAttachSupportedViaConfigupdater: return null (satelliteConfig is null)
09-19 15:25:56.375  1012  1174 D SatelliteController: getCarrierRoamingNtnConnectType: Checking connect type from PLMN config for subId: 1
09-19 15:25:56.375  1012  1174 D TelephonyConfigUpdateInstallReceiver: getConfigParser: domain=satellite
09-19 15:25:56.375  1012  1174 V SatelliteController: satelliteConfigParser is not ready
09-19 15:25:56.375  1012  1174 D SatelliteController: isSatelliteAttachSupportedViaConfigupdater: return null (satelliteConfig is null)
09-19 15:25:56.375  1012  1174 D SatelliteController: getSatellitePerPlmnConfiguration: invalid subId or not supported via carrier.
09-19 15:25:56.375  1012  1174 D SatelliteController: getCarrierRoamingNtnConnectType: config: null
09-19 15:25:56.375  1012  1174 D TelephonyConfigUpdateInstallReceiver: getConfigParser: domain=satellite
09-19 15:25:56.375  1012  1174 V SatelliteController: satelliteConfigParser is not ready
09-19 15:25:56.375  1012  1174 D SatelliteController: getCarrierRoamingNtnConnectTypeViaConfigUpdater: return null (satelliteConfig is null)
09-19 15:25:56.375  1012  1174 D SatelliteController: getCarrierRoamingNtnConnectType: Falling back to global carrier config connect type: 0
09-19 15:25:56.375  1012  1174 D TelephonyConfigUpdateInstallReceiver: getConfigParser: domain=satellite
09-19 15:25:56.375  1012  1174 V SatelliteController: satelliteConfigParser is not ready
09-19 15:25:56.375  1012  1174 D SatelliteController: isSatelliteAttachSupportedViaConfigupdater: return null (satelliteConfig is null)
09-19 15:25:56.434   491   588 W skia    : AGTM parsing failed flags.readFromStream(s) at 159
09-19 15:25:56.434   491   588 W skia    : AGTM parsing failed flags.readFromStream(s) at 159
09-19 15:25:56.532   491   588 W skia    : AGTM parsing failed flags.readFromStream(s) at 159
09-19 15:25:56.532   491   588 W skia    : AGTM parsing failed flags.readFromStream(s) at 159
09-19 15:25:56.633   491   588 W skia    : AGTM parsing failed flags.readFromStream(s) at 159
09-19 15:25:56.633   491   588 W skia    : AGTM parsing failed flags.readFromStream(s) at 159
09-19 15:25:56.740   491   588 W skia    : AGTM parsing failed flags.readFromStream(s) at 159
09-19 15:25:56.740   491   588 W skia    : AGTM parsing failed flags.readFromStream(s) at 159
09-19 15:25:56.845   491   588 W skia    : AGTM parsing failed flags.readFromStream(s) at 159
09-19 15:25:56.845   491   588 W skia    : AGTM parsing failed flags.readFromStream(s) at 159
09-19 15:25:56.946   491   588 W skia    : AGTM parsing failed flags.readFromStream(s) at 159
09-19 15:25:56.947   491   588 W skia    : AGTM parsing failed flags.readFromStream(s) at 159
09-19 15:25:57.007 21446 21451 I us.godotpreview: NativeAlloc concurrent mark compact GC freed 129KB AllocSpace bytes, 5(300KB) LOS objects, 49% free, 2415KB/4831KB, paused 70us,5.127ms total 12.403ms
09-19 15:25:57.049   491   588 W skia    : AGTM parsing failed flags.readFromStream(s) at 159
09-19 15:25:57.049   491   588 W skia    : AGTM parsing failed flags.readFromStream(s) at 159
09-19 15:25:57.155 21446 21446 I flutter : RN_VALIDATION_CHUNK START {"schema":1,"runner":"flutter_flame_godot","event":"sample","scenario":"fire","sample":31,"elapsed_ms":33370,"rss_bytes":555679744,"enemies":3,"burning":2,"turrets":6,"projectiles":0,"effects":0,"metrics":{"authored_terrain":true,"draw_calls":135.0,"fps":41.3216635708214,"frame_ms":24.200380952381,"max_frame_ms":29.785848484848,"objects":155.0,"primitives":413293.0,"received_frames":3899,"renderer":"mobile","sequence":4630,"viewport":[880.0,1976.0]}}
09-19 15:25:57.155 21446 21446 I flutter : RN_VALIDATION_END
09-19 15:25:57.164   491   588 W skia    : AGTM parsing failed flags.readFromStream(s) at 159
09-19 15:25:57.164   491   588 W skia    : AGTM parsing failed flags.readFromStream(s) at 159
09-19 15:25:57.262   491   588 W skia    : AGTM parsing failed flags.readFromStream(s) at 159
09-19 15:25:57.262   491   588 W skia    : AGTM parsing failed flags.readFromStream(s) at 159
09-19 15:25:57.362   491   588 W skia    : AGTM parsing failed flags.readFromStream(s) at 159
09-19 15:25:57.362   491   588 W skia    : AGTM parsing failed flags.readFromStream(s) at 159
09-19 15:25:57.463   491   588 W skia    : AGTM parsing failed flags.readFromStream(s) at 159
09-19 15:25:57.463   491   588 W skia    : AGTM parsing failed flags.readFromStream(s) at 159
09-19 15:25:57.563   491   588 W skia    : AGTM parsing failed flags.readFromStream(s) at 159
09-19 15:25:57.563   491   588 W skia    : AGTM parsing failed flags.readFromStream(s) at 159
09-19 15:25:57.678   491   588 W skia    : AGTM parsing failed flags.readFromStream(s) at 159
09-19 15:25:57.678   491   588 W skia    : AGTM parsing failed flags.readFromStream(s) at 159
09-19 15:25:57.781   491   588 W skia    : AGTM parsing failed flags.readFromStream(s) at 159
09-19 15:25:57.782   491   588 W skia    : AGTM parsing failed flags.readFromStream(s) at 159
09-19 15:25:57.883   491   588 W skia    : AGTM parsing failed flags.readFromStream(s) at 159
09-19 15:25:57.883   491   588 W skia    : AGTM parsing failed flags.readFromStream(s) at 159
09-19 15:25:58.001   491   588 W skia    : AGTM parsing failed flags.readFromStream(s) at 159
09-19 15:25:58.001   491   588 W skia    : AGTM parsing failed flags.readFromStream(s) at 159
09-19 15:25:58.110   491   588 W skia    : AGTM parsing failed flags.readFromStream(s) at 159
09-19 15:25:58.110   491   588 W skia    : AGTM parsing failed flags.readFromStream(s) at 159
09-19 15:25:58.166 21446 21446 I flutter : RN_VALIDATION_CHUNK START {"schema":1,"runner":"flutter_flame_godot","event":"sample","scenario":"fire","sample":32,"elapsed_ms":34380,"rss_bytes":555941888,"enemies":3,"burning":2,"turrets":6,"projectiles":0,"effects":0,"metrics":{"authored_terrain":true,"draw_calls":130.0,"fps":40.4318782020897,"frame_ms":24.7329593495935,"max_frame_ms":30.767,"objects":144.0,"primitives":415261.0,"received_frames":3929,"renderer":"mobile","sequence":4661,"viewport":[880.0,1976.0]}}
09-19 15:25:58.166 21446 21446 I flutter : RN_VALIDATION_END
09-19 15:25:58.218   491   588 W skia    : AGTM parsing failed flags.readFromStream(s) at 159
09-19 15:25:58.218   491   588 W skia    : AGTM parsing failed flags.readFromStream(s) at 159
09-19 15:25:58.232 21446 21451 I us.godotpreview: NativeAlloc concurrent mark compact GC freed 130KB AllocSpace bytes, 6(368KB) LOS objects, 49% free, 2263KB/4526KB, paused 155us,13.559ms total 29.459ms
09-19 15:25:58.326   491   588 W skia    : AGTM parsing failed flags.readFromStream(s) at 159
09-19 15:25:58.326   491   588 W skia    : AGTM parsing failed flags.readFromStream(s) at 159
09-19 15:25:58.428   491   588 W skia    : AGTM parsing failed flags.readFromStream(s) at 159
09-19 15:25:58.428   491   588 W skia    : AGTM parsing failed flags.readFromStream(s) at 159
09-19 15:25:58.529   491   588 W skia    : AGTM parsing failed flags.readFromStream(s) at 159
09-19 15:25:58.529   491   588 W skia    : AGTM parsing failed flags.readFromStream(s) at 159
09-19 15:25:58.631   491   588 W skia    : AGTM parsing failed flags.readFromStream(s) at 159
09-19 15:25:58.631   491   588 W skia    : AGTM parsing failed flags.readFromStream(s) at 159
09-19 15:25:58.731   491   588 W skia    : AGTM parsing failed flags.readFromStream(s) at 159
09-19 15:25:58.731   491   588 W skia    : AGTM parsing failed flags.readFromStream(s) at 159
09-19 15:25:58.832   491   588 W skia    : AGTM parsing failed flags.readFromStream(s) at 159
09-19 15:25:58.832   491   588 W skia    : AGTM parsing failed flags.readFromStream(s) at 159
09-19 15:25:58.932   491   588 W skia    : AGTM parsing failed flags.readFromStream(s) at 159
09-19 15:25:58.932   491   588 W skia    : AGTM parsing failed flags.readFromStream(s) at 159
09-19 15:25:58.962   645   800 D WifiClientModeImpl[3810:wlan0]: updateLinkLayerStatsRssiSpeedFrequencyCapabilities rssi=-50 TxLinkspeed=1 freq=2447 RxLinkSpeed=2
09-19 15:25:58.963   645   800 D WifiDataStall: tx tput in kbps: 11000
09-19 15:25:58.963   645   800 D WifiDataStall: rx tput in kbps: 11000
09-19 15:25:58.963   645   800 V WifiConfigManager: Updating scan detail cache freq=2447 BSSID=00:13:10:85:fe:01 RSSI=-50 for "AndroidWifi"NONE
09-19 15:25:58.963   645   800 D WifiThroughputPredictor:  utilization (LLS) 80 isBluetoothConnected: false final utilization: 80
09-19 15:25:58.963   645   800 D WifiThroughputPredictor:  BW: 0 RSSI: -50 Nss: 1 Mode: 1 symDur: 4000 snrDb 30 bitPerTone: 4500 rate: 54 throughput: 11
09-19 15:25:58.963   645   800 D WifiThroughputPredictor:  utilization (LLS) 80 isBluetoothConnected: false final utilization: 80
09-19 15:25:58.963   645   800 D WifiThroughputPredictor:  BW: 0 RSSI: -50 Nss: 1 Mode: 1 symDur: 4000 snrDb 30 bitPerTone: 4500 rate: 54 throughput: 11
09-19 15:25:58.963   645   800 D WifiThroughputPredictor:  utilization (LLS) 80 isBluetoothConnected: false final utilization: 80
09-19 15:25:58.963   645   800 D WifiThroughputPredictor:  BW: 0 RSSI: -50 Nss: 1 Mode: 1 symDur: 4000 snrDb 30 bitPerTone: 4500 rate: 54 throughput: 11
09-19 15:25:58.963   645   800 D WifiThroughputPredictor:  utilization (LLS) 80 isBluetoothConnected: false final utilization: 80
09-19 15:25:58.963   645   800 D WifiThroughputPredictor:  BW: 0 RSSI: -50 Nss: 1 Mode: 1 symDur: 4000 snrDb 30 bitPerTone: 4500 rate: 54 throughput: 11
09-19 15:25:58.964   645   800 I HalDevMgr: bestIfaceCreationProposal is null, requestIface=STA, existingIface=[name=wlan0 type=STA]
09-19 15:25:58.964   645   800 D WifiScoreCard: BSSID update SIGNAL_POLL ID: 760286919 SSID: "AndroidWifi", BSSID: 00:13:10:85:fe:01, MAC: 02:15:b2:00:00:00, IP: /10.0.2.16, Security type: 0, Supplicant state: COMPLETED, Wi-Fi standard: legacy, RSSI: -50, Link speed: 1Mbps, Tx Link speed: 1Mbps, Max Supported Tx Link speed: 11Mbps, Calculated Tx : 0Mbps, Rx Link speed: 2Mbps, Max Supported Rx Link speed: 11Mbps, Calculated Rx : 0Mbps, Frequency: 2447MHz, Net ID: 0, Metered hint: false, score: 100, isUsable: true, CarrierMerged: false, SubscriptionId: -1, IsPrimary: 1, Trusted: true, Restricted: false, Ephemeral: false, OEM paid: false, OEM private: false, OSU AP: false, FQDN: <none>, Provider friendly name: <none>, Requesting package name: <none>"AndroidWifi"openMLO Information: , Is TID-To-Link negotiation supported by the AP: false, AP MLD Address: <none>, AP MLO Link Id: <none>, AP MLO Affiliated links: <none>, Vendor Data: <none>
09-19 15:25:58.964   645   800 D WifiScoreCard: txRate: 1 txSpeed: 1
09-19 15:25:58.964   645   800 D WifiScoreCard: network update SIGNAL_POLL "AndroidWifi" ID: 673433585 RSSI -50 txSpeed -1
09-19 15:25:58.964   645   800 D WifiClientModeImpl[3810:wlan0]:  ClientModeImpl$L2ConnectedState screen=on 26 0 "AndroidWifi" 00:13:10:85:fe:01 rssi=-50 f=2447 sc=100 link=1 tx=0.0, 0.0, 0.0 rx=0.0 bcn=0 [on:0 tx:0 rx:0 period:3002] from screen [on:0 period:-1202203468] score=100
09-19 15:25:59.033   491   588 W skia    : AGTM parsing failed flags.readFromStream(s) at 159
09-19 15:25:59.033   491   588 W skia    : AGTM parsing failed flags.readFromStream(s) at 159
09-19 15:25:59.143   491   588 W skia    : AGTM parsing failed flags.readFromStream(s) at 159
09-19 15:25:59.143   491   588 W skia    : AGTM parsing failed flags.readFromStream(s) at 159
09-19 15:25:59.189 21446 21446 I flutter : RN_VALIDATION_CHUNK START {"schema":1,"runner":"flutter_flame_godot","event":"sample","scenario":"fire","sample":33,"elapsed_ms":35403,"rss_bytes":555732992,"enemies":3,"burning":2,"turrets":6,"projectiles":0,"effects":0,"metrics":{"authored_terrain":true,"draw_calls":142.0,"fps":33.7514319541351,"frame_ms":29.6283725490196,"max_frame_ms":50.0,"objects":205.0,"primitives":414467.0,"received_frames":3955,"renderer":"mobile","sequence":4691,"viewport":[880.0,1976.0]}}
09-19 15:25:59.189 21446 21446 I flutter : RN_VALIDATION_END
09-19 15:25:59.244   491   588 W skia    : AGTM parsing failed flags.readFromStream(s) at 159
09-19 15:25:59.245   491   588 W skia    : AGTM parsing failed flags.readFromStream(s) at 159
09-19 15:25:59.344   491   588 W skia    : AGTM parsing failed flags.readFromStream(s) at 159
09-19 15:25:59.345   491   588 W skia    : AGTM parsing failed flags.readFromStream(s) at 159
09-19 15:25:59.446   491   588 W skia    : AGTM parsing failed flags.readFromStream(s) at 159
09-19 15:25:59.447   491   588 W skia    : AGTM parsing failed flags.readFromStream(s) at 159
09-19 15:25:59.547   491   588 W skia    : AGTM parsing failed flags.readFromStream(s) at 159
09-19 15:25:59.547   491   588 W skia    : AGTM parsing failed flags.readFromStream(s) at 159
09-19 15:25:59.647   491   588 W skia    : AGTM parsing failed flags.readFromStream(s) at 159
09-19 15:25:59.647   491   588 W skia    : AGTM parsing failed flags.readFromStream(s) at 159
09-19 15:25:59.748   491   588 W skia    : AGTM parsing failed flags.readFromStream(s) at 159
09-19 15:25:59.748   491   588 W skia    : AGTM parsing failed flags.readFromStream(s) at 159
09-19 15:25:59.851   491   588 W skia    : AGTM parsing failed flags.readFromStream(s) at 159
09-19 15:25:59.851   491   588 W skia    : AGTM parsing failed flags.readFromStream(s) at 159
09-19 15:25:59.964   491   588 W skia    : AGTM parsing failed flags.readFromStream(s) at 159
09-19 15:25:59.964   491   588 W skia    : AGTM parsing failed flags.readFromStream(s) at 159
09-19 15:26:00.081   491   588 W skia    : AGTM parsing failed flags.readFromStream(s) at 159
09-19 15:26:00.081   491   588 W skia    : AGTM parsing failed flags.readFromStream(s) at 159
09-19 15:26:00.182   491   588 W skia    : AGTM parsing failed flags.readFromStream(s) at 159
09-19 15:26:00.182   491   588 W skia    : AGTM parsing failed flags.readFromStream(s) at 159
09-19 15:26:00.228 21446 21446 I flutter : RN_VALIDATION_CHUNK START {"schema":1,"runner":"flutter_flame_godot","event":"sample","scenario":"fire","sample":34,"elapsed_ms":36443,"rss_bytes":556187648,"enemies":3,"burning":2,"turrets":6,"projectiles":0,"effects":0,"metrics":{"authored_terrain":true,"draw_calls":135.0,"fps":33.3833356061639,"frame_ms":29.9550653594771,"max_frame_ms":43.75,"objects":155.0,"primitives":414885.0,"received_frames":3982,"renderer":"mobile","sequence":4720,"viewport":[880.0,1976.0]}}
09-19 15:26:00.228 21446 21446 I flutter : RN_VALIDATION_END
09-19 15:26:00.297   491   588 W skia    : AGTM parsing failed flags.readFromStream(s) at 159
09-19 15:26:00.298   491   588 W skia    : AGTM parsing failed flags.readFromStream(s) at 159
09-19 15:26:00.397   491   588 W skia    : AGTM parsing failed flags.readFromStream(s) at 159
09-19 15:26:00.398   491   588 W skia    : AGTM parsing failed flags.readFromStream(s) at 159
09-19 15:26:00.500   491   588 W skia    : AGTM parsing failed flags.readFromStream(s) at 159
09-19 15:26:00.500   491   588 W skia    : AGTM parsing failed flags.readFromStream(s) at 159
09-19 15:26:00.522   892   892 D wpa_supplicant: nl80211: Drv Event 64 (NL80211_CMD_NOTIFY_CQM) received for wlan0
09-19 15:26:00.522   892   892 D wpa_supplicant: nl80211: Beacon loss event
09-19 15:26:00.522   892   892 D wpa_supplicant: wlan0: Event BEACON_LOSS (53) received
09-19 15:26:00.522   892   892 I wpa_supplicant: wlan0: CTRL-EVENT-BEACON-LOSS 
09-19 15:26:00.612   491   588 W skia    : AGTM parsing failed flags.readFromStream(s) at 159
09-19 15:26:00.612   491   588 W skia    : AGTM parsing failed flags.readFromStream(s) at 159
09-19 15:26:00.714   491   588 W skia    : AGTM parsing failed flags.readFromStream(s) at 159
09-19 15:26:00.714   491   588 W skia    : AGTM parsing failed flags.readFromStream(s) at 159
09-19 15:26:00.812   491   588 W skia    : AGTM parsing failed flags.readFromStream(s) at 159
09-19 15:26:00.812   491   588 W skia    : AGTM parsing failed flags.readFromStream(s) at 159
09-19 15:26:00.915   491   588 W skia    : AGTM parsing failed flags.readFromStream(s) at 159
09-19 15:26:00.915   491   588 W skia    : AGTM parsing failed flags.readFromStream(s) at 159
09-19 15:26:01.021   491   588 W skia    : AGTM parsing failed flags.readFromStream(s) at 159
09-19 15:26:01.021   491   588 W skia    : AGTM parsing failed flags.readFromStream(s) at 159
09-19 15:26:01.131   491   588 W skia    : AGTM parsing failed flags.readFromStream(s) at 159
09-19 15:26:01.132   491   588 W skia    : AGTM parsing failed flags.readFromStream(s) at 159
09-19 15:26:01.241   491   588 W skia    : AGTM parsing failed flags.readFromStream(s) at 159
09-19 15:26:01.241   491   588 W skia    : AGTM parsing failed flags.readFromStream(s) at 159
09-19 15:26:01.243 21446 21446 I flutter : RN_VALIDATION_CHUNK START {"schema":1,"runner":"flutter_flame_godot","event":"sample","scenario":"fire","sample":35,"elapsed_ms":37458,"rss_bytes":556351488,"enemies":3,"burning":2,"turrets":6,"projectiles":0,"effects":0,"metrics":{"authored_terrain":true,"draw_calls":141.0,"fps":29.7588561729732,"frame_ms":33.6034420875421,"max_frame_ms":43.793,"objects":204.0,"primitives":414067.0,"received_frames":4007,"renderer":"mobile","sequence":4752,"viewport":[880.0,1976.0]}}
09-19 15:26:01.244 21446 21446 I flutter : RN_VALIDATION_END
09-19 15:26:01.359   491   588 W skia    : AGTM parsing failed flags.readFromStream(s) at 159
09-19 15:26:01.360   491   588 W skia    : AGTM parsing failed flags.readFromStream(s) at 159
09-19 15:26:01.462   491   588 W skia    : AGTM parsing failed flags.readFromStream(s) at 159
09-19 15:26:01.462   491   588 W skia    : AGTM parsing failed flags.readFromStream(s) at 159
09-19 15:26:01.576   491   588 W skia    : AGTM parsing failed flags.readFromStream(s) at 159
09-19 15:26:01.576   491   588 W skia    : AGTM parsing failed flags.readFromStream(s) at 159
09-19 15:26:01.681   491   588 W skia    : AGTM parsing failed flags.readFromStream(s) at 159
09-19 15:26:01.682   491   588 W skia    : AGTM parsing failed flags.readFromStream(s) at 159
09-19 15:26:01.784   491   588 W skia    : AGTM parsing failed flags.readFromStream(s) at 159
09-19 15:26:01.784   491   588 W skia    : AGTM parsing failed flags.readFromStream(s) at 159
09-19 15:26:01.888   491   588 W skia    : AGTM parsing failed flags.readFromStream(s) at 159
09-19 15:26:01.888   491   588 W skia    : AGTM parsing failed flags.readFromStream(s) at 159
09-19 15:26:01.967   645   800 D WifiClientModeImpl[3810:wlan0]: updateLinkLayerStatsRssiSpeedFrequencyCapabilities rssi=-50 TxLinkspeed=1 freq=2447 RxLinkSpeed=2
09-19 15:26:01.967   645   800 D WifiDataStall: tx tput in kbps: 11000
09-19 15:26:01.967   645   800 D WifiDataStall: rx tput in kbps: 11000
09-19 15:26:01.967   645   800 V WifiConfigManager: Updating scan detail cache freq=2447 BSSID=00:13:10:85:fe:01 RSSI=-50 for "AndroidWifi"NONE
09-19 15:26:01.967   645   800 D WifiThroughputPredictor:  utilization (LLS) 80 isBluetoothConnected: false final utilization: 80
09-19 15:26:01.967   645   800 D WifiThroughputPredictor:  BW: 0 RSSI: -50 Nss: 1 Mode: 1 symDur: 4000 snrDb 30 bitPerTone: 4500 rate: 54 throughput: 11
09-19 15:26:01.967   645   800 D WifiThroughputPredictor:  utilization (LLS) 80 isBluetoothConnected: false final utilization: 80
09-19 15:26:01.967   645   800 D WifiThroughputPredictor:  BW: 0 RSSI: -50 Nss: 1 Mode: 1 symDur: 4000 snrDb 30 bitPerTone: 4500 rate: 54 throughput: 11
09-19 15:26:01.967   645   800 D WifiThroughputPredictor:  utilization (LLS) 80 isBluetoothConnected: false final utilization: 80
09-19 15:26:01.967   645   800 D WifiThroughputPredictor:  BW: 0 RSSI: -50 Nss: 1 Mode: 1 symDur: 4000 snrDb 30 bitPerTone: 4500 rate: 54 throughput: 11
09-19 15:26:01.967   645   800 D WifiThroughputPredictor:  utilization (LLS) 80 isBluetoothConnected: false final utilization: 80
09-19 15:26:01.967   645   800 D WifiThroughputPredictor:  BW: 0 RSSI: -50 Nss: 1 Mode: 1 symDur: 4000 snrDb 30 bitPerTone: 4500 rate: 54 throughput: 11
09-19 15:26:01.970   645   800 I HalDevMgr: bestIfaceCreationProposal is null, requestIface=STA, existingIface=[name=wlan0 type=STA]
09-19 15:26:01.970   645   800 D WifiScoreCard: BSSID update SIGNAL_POLL ID: 760286919 SSID: "AndroidWifi", BSSID: 00:13:10:85:fe:01, MAC: 02:15:b2:00:00:00, IP: /10.0.2.16, Security type: 0, Supplicant state: COMPLETED, Wi-Fi standard: legacy, RSSI: -50, Link speed: 1Mbps, Tx Link speed: 1Mbps, Max Supported Tx Link speed: 11Mbps, Calculated Tx : 0Mbps, Rx Link speed: 2Mbps, Max Supported Rx Link speed: 11Mbps, Calculated Rx : 0Mbps, Frequency: 2447MHz, Net ID: 0, Metered hint: false, score: 100, isUsable: true, CarrierMerged: false, SubscriptionId: -1, IsPrimary: 1, Trusted: true, Restricted: false, Ephemeral: false, OEM paid: false, OEM private: false, OSU AP: false, FQDN: <none>, Provider friendly name: <none>, Requesting package name: <none>"AndroidWifi"openMLO Information: , Is TID-To-Link negotiation supported by the AP: false, AP MLD Address: <none>, AP MLO Link Id: <none>, AP MLO Affiliated links: <none>, Vendor Data: <none>
09-19 15:26:01.970   645   800 D WifiScoreCard: txRate: 1 txSpeed: 1
09-19 15:26:01.970   645   800 D WifiScoreCard: network update SIGNAL_POLL "AndroidWifi" ID: 673433585 RSSI -50 txSpeed -1
09-19 15:26:01.971   645   800 D WifiClientModeImpl[3810:wlan0]:  ClientModeImpl$L2ConnectedState screen=on 26 0 "AndroidWifi" 00:13:10:85:fe:01 rssi=-50 f=2447 sc=100 link=1 tx=0.0, 0.0, 0.0 rx=0.0 bcn=0 [on:0 tx:0 rx:0 period:3006] from screen [on:0 period:-1202200462] score=100
09-19 15:26:02.001   491   588 W skia    : AGTM parsing failed flags.readFromStream(s) at 159
09-19 15:26:02.001   491   588 W skia    : AGTM parsing failed flags.readFromStream(s) at 159
09-19 15:26:02.103   491   588 W skia    : AGTM parsing failed flags.readFromStream(s) at 159
09-19 15:26:02.104   491   588 W skia    : AGTM parsing failed flags.readFromStream(s) at 159
09-19 15:26:02.246   491   588 W skia    : AGTM parsing failed flags.readFromStream(s) at 159
09-19 15:26:02.246   491   588 W skia    : AGTM parsing failed flags.readFromStream(s) at 159
09-19 15:26:02.298 21446 21446 I flutter : RN_VALIDATION_CHUNK START {"schema":1,"runner":"flutter_flame_godot","event":"sample","scenario":"fire","sample":36,"elapsed_ms":38513,"rss_bytes":556208128,"enemies":3,"burning":2,"turrets":6,"projectiles":0,"effects":0,"metrics":{"authored_terrain":true,"draw_calls":137.0,"fps":37.2121014109885,"frame_ms":26.8729784688995,"max_frame_ms":42.4242424242424,"objects":159.0,"primitives":413301.0,"received_frames":4037,"renderer":"mobile","sequence":4783,"viewport":[880.0,1976.0]}}
09-19 15:26:02.298 21446 21446 I flutter : RN_VALIDATION_END
09-19 15:26:02.372   491   588 W skia    : AGTM parsing failed flags.readFromStream(s) at 159
09-19 15:26:02.372   491   588 W skia    : AGTM parsing failed flags.readFromStream(s) at 159
09-19 15:26:02.466   491   588 W skia    : AGTM parsing failed flags.readFromStream(s) at 159
09-19 15:26:02.467   491   588 W skia    : AGTM parsing failed flags.readFromStream(s) at 159
09-19 15:26:02.577   491   588 W skia    : AGTM parsing failed flags.readFromStream(s) at 159
09-19 15:26:02.577   491   588 W skia    : AGTM parsing failed flags.readFromStream(s) at 159
09-19 15:26:02.687   491   588 W skia    : AGTM parsing failed flags.readFromStream(s) at 159
09-19 15:26:02.687   491   588 W skia    : AGTM parsing failed flags.readFromStream(s) at 159
09-19 15:26:02.794   491   588 W skia    : AGTM parsing failed flags.readFromStream(s) at 159
09-19 15:26:02.794   491   588 W skia    : AGTM parsing failed flags.readFromStream(s) at 159
09-19 15:26:02.874 21446 21451 W us.godotpreview: Suspending all threads took: 5.575ms
09-19 15:26:02.880 21446 21451 I us.godotpreview: NativeAlloc concurrent mark compact GC freed 130KB AllocSpace bytes, 8(544KB) LOS objects, 49% free, 2295KB/4590KB, paused 6.177ms,1.173ms total 19.934ms
09-19 15:26:02.904   491   588 W skia    : AGTM parsing failed flags.readFromStream(s) at 159
09-19 15:26:02.904   491   588 W skia    : AGTM parsing failed flags.readFromStream(s) at 159
09-19 15:26:03.012   491   588 W skia    : AGTM parsing failed flags.readFromStream(s) at 159
09-19 15:26:03.012   491   588 W skia    : AGTM parsing failed flags.readFromStream(s) at 159
09-19 15:26:03.113   491   588 W skia    : AGTM parsing failed flags.readFromStream(s) at 159
09-19 15:26:03.113   491   588 W skia    : AGTM parsing failed flags.readFromStream(s) at 159
09-19 15:26:03.214   491   588 W skia    : AGTM parsing failed flags.readFromStream(s) at 159
09-19 15:26:03.214   491   588 W skia    : AGTM parsing failed flags.readFromStream(s) at 159
09-19 15:26:03.301 21446 21446 I flutter : RN_VALIDATION_CHUNK START {"schema":1,"runner":"flutter_flame_godot","event":"sample","scenario":"fire","sample":37,"elapsed_ms":39516,"rss_bytes":556224512,"enemies":3,"burning":2,"turrets":6,"projectiles":0,"effects":0,"metrics":{"authored_terrain":true,"draw_calls":131.0,"fps":38.0425452218563,"frame_ms":26.286358974359,"max_frame_ms":41.338,"objects":141.0,"primitives":415653.0,"received_frames":4063,"renderer":"mobile","sequence":4811,"viewport":[880.0,1976.0]}}
09-19 15:26:03.302 21446 21446 I flutter : RN_VALIDATION_END
09-19 15:26:03.319   491   588 W skia    : AGTM parsing failed flags.readFromStream(s) at 159
09-19 15:26:03.319   491   588 W skia    : AGTM parsing failed flags.readFromStream(s) at 159
09-19 15:26:03.416   491   588 W skia    : AGTM parsing failed flags.readFromStream(s) at 159
09-19 15:26:03.416   491   588 W skia    : AGTM parsing failed flags.readFromStream(s) at 159
09-19 15:26:03.526   491   588 W skia    : AGTM parsing failed flags.readFromStream(s) at 159
09-19 15:26:03.526   491   588 W skia    : AGTM parsing failed flags.readFromStream(s) at 159
09-19 15:26:03.633   491   588 W skia    : AGTM parsing failed flags.readFromStream(s) at 159
09-19 15:26:03.633   491   588 W skia    : AGTM parsing failed flags.readFromStream(s) at 159
09-19 15:26:03.747   491   588 W skia    : AGTM parsing failed flags.readFromStream(s) at 159
09-19 15:26:03.747   491   588 W skia    : AGTM parsing failed flags.readFromStream(s) at 159
09-19 15:26:03.848   491   588 W skia    : AGTM parsing failed flags.readFromStream(s) at 159
09-19 15:26:03.848   491   588 W skia    : AGTM parsing failed flags.readFromStream(s) at 159
09-19 15:26:03.959   491   588 W skia    : AGTM parsing failed flags.readFromStream(s) at 159
09-19 15:26:03.959   491   588 W skia    : AGTM parsing failed flags.readFromStream(s) at 159
09-19 15:26:04.061   491   588 W skia    : AGTM parsing failed flags.readFromStream(s) at 159
09-19 15:26:04.061   491   588 W skia    : AGTM parsing failed flags.readFromStream(s) at 159
09-19 15:26:04.144   487   531 D AudioFlinger: mixer(0xb400006ff95ca790) throttle end: throttle time(3)
09-19 15:26:04.172   491   588 W skia    : AGTM parsing failed flags.readFromStream(s) at 159
09-19 15:26:04.172   491   588 W skia    : AGTM parsing failed flags.readFromStream(s) at 159
09-19 15:26:04.277   491   588 W skia    : AGTM parsing failed flags.readFromStream(s) at 159
09-19 15:26:04.277   491   588 W skia    : AGTM parsing failed flags.readFromStream(s) at 159
09-19 15:26:04.321 21446 21446 I flutter : RN_VALIDATION_CHUNK START {"schema":1,"runner":"flutter_flame_godot","event":"sample","scenario":"fire","sample":38,"elapsed_ms":40536,"rss_bytes":556236800,"enemies":3,"burning":2,"turrets":6,"projectiles":0,"effects":0,"metrics":{"authored_terrain":true,"draw_calls":127.0,"fps":37.3770491803279,"frame_ms":26.7543859649123,"max_frame_ms":31.768,"objects":139.0,"primitives":413261.0,"received_frames":4091,"renderer":"mobile","sequence":4841,"viewport":[880.0,1976.0]}}
09-19 15:26:04.322 21446 21446 I flutter : RN_VALIDATION_END
09-19 15:26:04.379   491   588 W skia    : AGTM parsing failed flags.readFromStream(s) at 159
09-19 15:26:04.379   491   588 W skia    : AGTM parsing failed flags.readFromStream(s) at 159
09-19 15:26:04.483   491   588 W skia    : AGTM parsing failed flags.readFromStream(s) at 159
09-19 15:26:04.483   491   588 W skia    : AGTM parsing failed flags.readFromStream(s) at 159
09-19 15:26:04.583   491   588 W skia    : AGTM parsing failed flags.readFromStream(s) at 159
09-19 15:26:04.583   491   588 W skia    : AGTM parsing failed flags.readFromStream(s) at 159
09-19 15:26:04.715   491   588 W skia    : AGTM parsing failed flags.readFromStream(s) at 159
09-19 15:26:04.715   491   588 W skia    : AGTM parsing failed flags.readFromStream(s) at 159
09-19 15:26:04.825   491   588 W skia    : AGTM parsing failed flags.readFromStream(s) at 159
09-19 15:26:04.826   491   588 W skia    : AGTM parsing failed flags.readFromStream(s) at 159
09-19 15:26:04.929   491   588 W skia    : AGTM parsing failed flags.readFromStream(s) at 159
09-19 15:26:04.929   491   588 W skia    : AGTM parsing failed flags.readFromStream(s) at 159
09-19 15:26:04.979   645   800 D WifiClientModeImpl[3810:wlan0]: updateLinkLayerStatsRssiSpeedFrequencyCapabilities rssi=-50 TxLinkspeed=1 freq=2447 RxLinkSpeed=2
09-19 15:26:04.980   645   800 D WifiDataStall: tx tput in kbps: 11000
09-19 15:26:04.980   645   800 D WifiDataStall: rx tput in kbps: 11000
09-19 15:26:04.980   645   800 V WifiConfigManager: Updating scan detail cache freq=2447 BSSID=00:13:10:85:fe:01 RSSI=-50 for "AndroidWifi"NONE
09-19 15:26:04.980   645   800 D WifiThroughputPredictor:  utilization (LLS) 80 isBluetoothConnected: false final utilization: 80
09-19 15:26:04.980   645   800 D WifiThroughputPredictor:  BW: 0 RSSI: -50 Nss: 1 Mode: 1 symDur: 4000 snrDb 30 bitPerTone: 4500 rate: 54 throughput: 11
09-19 15:26:04.980   645   800 D WifiThroughputPredictor:  utilization (LLS) 80 isBluetoothConnected: false final utilization: 80
09-19 15:26:04.980   645   800 D WifiThroughputPredictor:  BW: 0 RSSI: -50 Nss: 1 Mode: 1 symDur: 4000 snrDb 30 bitPerTone: 4500 rate: 54 throughput: 11
09-19 15:26:04.980   645   800 D WifiThroughputPredictor:  utilization (LLS) 80 isBluetoothConnected: false final utilization: 80
09-19 15:26:04.980   645   800 D WifiThroughputPredictor:  BW: 0 RSSI: -50 Nss: 1 Mode: 1 symDur: 4000 snrDb 30 bitPerTone: 4500 rate: 54 throughput: 11
09-19 15:26:04.980   645   800 D WifiThroughputPredictor:  utilization (LLS) 80 isBluetoothConnected: false final utilization: 80
09-19 15:26:04.980   645   800 D WifiThroughputPredictor:  BW: 0 RSSI: -50 Nss: 1 Mode: 1 symDur: 4000 snrDb 30 bitPerTone: 4500 rate: 54 throughput: 11
09-19 15:26:04.983   645   800 I HalDevMgr: bestIfaceCreationProposal is null, requestIface=STA, existingIface=[name=wlan0 type=STA]
09-19 15:26:04.984   645   800 D WifiScoreCard: BSSID update SIGNAL_POLL ID: 760286919 SSID: "AndroidWifi", BSSID: 00:13:10:85:fe:01, MAC: 02:15:b2:00:00:00, IP: /10.0.2.16, Security type: 0, Supplicant state: COMPLETED, Wi-Fi standard: legacy, RSSI: -50, Link speed: 1Mbps, Tx Link speed: 1Mbps, Max Supported Tx Link speed: 11Mbps, Calculated Tx : 0Mbps, Rx Link speed: 2Mbps, Max Supported Rx Link speed: 11Mbps, Calculated Rx : 0Mbps, Frequency: 2447MHz, Net ID: 0, Metered hint: false, score: 100, isUsable: true, CarrierMerged: false, SubscriptionId: -1, IsPrimary: 1, Trusted: true, Restricted: false, Ephemeral: false, OEM paid: false, OEM private: false, OSU AP: false, FQDN: <none>, Provider friendly name: <none>, Requesting package name: <none>"AndroidWifi"openMLO Information: , Is TID-To-Link negotiation supported by the AP: false, AP MLD Address: <none>, AP MLO Link Id: <none>, AP MLO Affiliated links: <none>, Vendor Data: <none>
09-19 15:26:04.984   645   800 D WifiScoreCard: txRate: 1 txSpeed: 1
09-19 15:26:04.984   645   800 D WifiScoreCard: network update SIGNAL_POLL "AndroidWifi" ID: 673433585 RSSI -50 txSpeed -1
09-19 15:26:04.984   645   800 D WifiClientModeImpl[3810:wlan0]:  ClientModeImpl$L2ConnectedState screen=on 26 0 "AndroidWifi" 00:13:10:85:fe:01 rssi=-50 f=2447 sc=100 link=1 tx=0.0, 0.0, 0.0 rx=0.0 bcn=0 [on:0 tx:0 rx:0 period:3013] from screen [on:0 period:-1202197448] score=100
09-19 15:26:05.030   491   588 W skia    : AGTM parsing failed flags.readFromStream(s) at 159
09-19 15:26:05.030   491   588 W skia    : AGTM parsing failed flags.readFromStream(s) at 159
09-19 15:26:05.132   491   588 W skia    : AGTM parsing failed flags.readFromStream(s) at 159
09-19 15:26:05.133   491   588 W skia    : AGTM parsing failed flags.readFromStream(s) at 159
09-19 15:26:05.243   491   588 W skia    : AGTM parsing failed flags.readFromStream(s) at 159
09-19 15:26:05.243   491   588 W skia    : AGTM parsing failed flags.readFromStream(s) at 159
09-19 15:26:05.349   491   588 W skia    : AGTM parsing failed flags.readFromStream(s) at 159
09-19 15:26:05.349   491   588 W skia    : AGTM parsing failed flags.readFromStream(s) at 159
09-19 15:26:05.367 21446 21446 I flutter : RN_VALIDATION_CHUNK START {"schema":1,"runner":"flutter_flame_godot","event":"sample","scenario":"fire","sample":39,"elapsed_ms":41582,"rss_bytes":556666880,"enemies":3,"burning":2,"turrets":6,"projectiles":0,"effects":0,"metrics":{"authored_terrain":true,"draw_calls":152.0,"fps":35.8558316688222,"frame_ms":27.8894660493827,"max_frame_ms":46.232,"objects":223.0,"primitives":416891.0,"received_frames":4117,"renderer":"mobile","sequence":4871,"viewport":[880.0,1976.0]}}
09-19 15:26:05.367 21446 21446 I flutter : RN_VALIDATION_END
09-19 15:26:05.453   491   588 W skia    : AGTM parsing failed flags.readFromStream(s) at 159
09-19 15:26:05.453   491   588 W skia    : AGTM parsing failed flags.readFromStream(s) at 159
09-19 15:26:05.560   491   588 W skia    : AGTM parsing failed flags.readFromStream(s) at 159
09-19 15:26:05.560   491   588 W skia    : AGTM parsing failed flags.readFromStream(s) at 159
09-19 15:26:05.663   491   588 W skia    : AGTM parsing failed flags.readFromStream(s) at 159
09-19 15:26:05.663   491   588 W skia    : AGTM parsing failed flags.readFromStream(s) at 159
09-19 15:26:05.764   491   588 W skia    : AGTM parsing failed flags.readFromStream(s) at 159
09-19 15:26:05.764   491   588 W skia    : AGTM parsing failed flags.readFromStream(s) at 159
09-19 15:26:05.877   491   588 W skia    : AGTM parsing failed flags.readFromStream(s) at 159
09-19 15:26:05.877   491   588 W skia    : AGTM parsing failed flags.readFromStream(s) at 159
09-19 15:26:05.981   491   588 W skia    : AGTM parsing failed flags.readFromStream(s) at 159
09-19 15:26:05.981   491   588 W skia    : AGTM parsing failed flags.readFromStream(s) at 159
09-19 15:26:06.084   491   588 W skia    : AGTM parsing failed flags.readFromStream(s) at 159
09-19 15:26:06.084   491   588 W skia    : AGTM parsing failed flags.readFromStream(s) at 159
09-19 15:26:06.182   491   588 W skia    : AGTM parsing failed flags.readFromStream(s) at 159
09-19 15:26:06.182   491   588 W skia    : AGTM parsing failed flags.readFromStream(s) at 159
09-19 15:26:06.297   491   588 W skia    : AGTM parsing failed flags.readFromStream(s) at 159
09-19 15:26:06.297   491   588 W skia    : AGTM parsing failed flags.readFromStream(s) at 159
09-19 15:26:06.377  1012  1174 D SatelliteController: isInCarrierRoamingNbIotNtn: satellite is disabled
09-19 15:26:06.377  1012  1174 D SatelliteController: getCarrierRoamingNtnConnectType: Checking connect type from PLMN config for subId: 1
09-19 15:26:06.377  1012  1174 D TelephonyConfigUpdateInstallReceiver: getConfigParser: domain=satellite
09-19 15:26:06.377  1012  1174 V SatelliteController: satelliteConfigParser is not ready
09-19 15:26:06.377  1012  1174 D SatelliteController: isSatelliteAttachSupportedViaConfigupdater: return null (satelliteConfig is null)
09-19 15:26:06.382  1012  1174 D SatelliteController: getSatellitePerPlmnConfiguration: invalid subId or not supported via carrier.
09-19 15:26:06.384  1012  1174 D SatelliteController: getCarrierRoamingNtnConnectType: config: null
09-19 15:26:06.384  1012  1174 D TelephonyConfigUpdateInstallReceiver: getConfigParser: domain=satellite
09-19 15:26:06.385  1012  1174 V SatelliteController: satelliteConfigParser is not ready
09-19 15:26:06.385  1012  1174 D SatelliteController: getCarrierRoamingNtnConnectTypeViaConfigUpdater: return null (satelliteConfig is null)
09-19 15:26:06.393  1012  1174 D SatelliteController: getCarrierRoamingNtnConnectType: Falling back to global carrier config connect type: 0
09-19 15:26:06.395  1012  1174 D TelephonyConfigUpdateInstallReceiver: getConfigParser: domain=satellite
09-19 15:26:06.395  1012  1174 V SatelliteController: satelliteConfigParser is not ready
09-19 15:26:06.395  1012  1174 D SatelliteController: isSatelliteAttachSupportedViaConfigupdater: return null (satelliteConfig is null)
09-19 15:26:06.396  1012  1174 D SatelliteController: getCarrierRoamingNtnConnectType: Checking connect type from PLMN config for subId: 1
09-19 15:26:06.397  1012  1174 D TelephonyConfigUpdateInstallReceiver: getConfigParser: domain=satellite
09-19 15:26:06.398  1012  1174 V SatelliteController: satelliteConfigParser is not ready
09-19 15:26:06.399  1012  1174 D SatelliteController: isSatelliteAttachSupportedViaConfigupdater: return null (satelliteConfig is null)
09-19 15:26:06.399   491   588 W skia    : AGTM parsing failed flags.readFromStream(s) at 159
09-19 15:26:06.399   491   588 W skia    : AGTM parsing failed flags.readFromStream(s) at 159
09-19 15:26:06.400  1012  1174 D SatelliteController: getSatellitePerPlmnConfiguration: invalid subId or not supported via carrier.
09-19 15:26:06.401  1012  1174 D SatelliteController: getCarrierRoamingNtnConnectType: config: null
09-19 15:26:06.402  1012  1174 D TelephonyConfigUpdateInstallReceiver: getConfigParser: domain=satellite
09-19 15:26:06.408  1012  1174 V SatelliteController: satelliteConfigParser is not ready
09-19 15:26:06.408  1012  1174 D SatelliteController: getCarrierRoamingNtnConnectTypeViaConfigUpdater: return null (satelliteConfig is null)
09-19 15:26:06.408  1012  1174 D SatelliteController: getCarrierRoamingNtnConnectType: Falling back to global carrier config connect type: 0
09-19 15:26:06.408  1012  1174 D TelephonyConfigUpdateInstallReceiver: getConfigParser: domain=satellite
09-19 15:26:06.408  1012  1174 V SatelliteController: satelliteConfigParser is not ready
09-19 15:26:06.408  1012  1174 D SatelliteController: isSatelliteAttachSupportedViaConfigupdater: return null (satelliteConfig is null)
09-19 15:26:06.413 21446 21446 I flutter : RN_VALIDATION_CHUNK START {"schema":1,"runner":"flutter_flame_godot","event":"sample","scenario":"fire","sample":40,"elapsed_ms":42628,"rss_bytes":556175360,"enemies":3,"burning":2,"turrets":6,"projectiles":0,"effects":0,"metrics":{"authored_terrain":true,"draw_calls":126.0,"fps":35.7493135359439,"frame_ms":27.9725650953984,"max_frame_ms":43.75,"objects":138.0,"primitives":412861.0,"received_frames":4146,"renderer":"mobile","sequence":4905,"viewport":[880.0,1976.0]}}
09-19 15:26:06.413 21446 21446 I flutter : RN_VALIDATION_END
09-19 15:26:06.499   491   588 W skia    : AGTM parsing failed flags.readFromStream(s) at 159
09-19 15:26:06.500   491   588 W skia    : AGTM parsing failed flags.readFromStream(s) at 159
09-19 15:26:06.608   491   588 W skia    : AGTM parsing failed flags.readFromStream(s) at 159
09-19 15:26:06.609   491   588 W skia    : AGTM parsing failed flags.readFromStream(s) at 159
09-19 15:26:06.708   491   588 W skia    : AGTM parsing failed flags.readFromStream(s) at 159
09-19 15:26:06.708   491   588 W skia    : AGTM parsing failed flags.readFromStream(s) at 159
09-19 15:26:06.810   491   588 W skia    : AGTM parsing failed flags.readFromStream(s) at 159
09-19 15:26:06.810   491   588 W skia    : AGTM parsing failed flags.readFromStream(s) at 159
09-19 15:26:06.911   491   588 W skia    : AGTM parsing failed flags.readFromStream(s) at 159
09-19 15:26:06.911   491   588 W skia    : AGTM parsing failed flags.readFromStream(s) at 159
09-19 15:26:07.012   491   588 W skia    : AGTM parsing failed flags.readFromStream(s) at 159
09-19 15:26:07.012   491   588 W skia    : AGTM parsing failed flags.readFromStream(s) at 159
09-19 15:26:07.114   491   588 W skia    : AGTM parsing failed flags.readFromStream(s) at 159
09-19 15:26:07.114   491   588 W skia    : AGTM parsing failed flags.readFromStream(s) at 159
09-19 15:26:07.214   491   588 W skia    : AGTM parsing failed flags.readFromStream(s) at 159
09-19 15:26:07.215   491   588 W skia    : AGTM parsing failed flags.readFromStream(s) at 159
09-19 15:26:07.315   491   588 W skia    : AGTM parsing failed flags.readFromStream(s) at 159
09-19 15:26:07.315   491   588 W skia    : AGTM parsing failed flags.readFromStream(s) at 159
09-19 15:26:07.423   491   588 W skia    : AGTM parsing failed flags.readFromStream(s) at 159
09-19 15:26:07.424   491   588 W skia    : AGTM parsing failed flags.readFromStream(s) at 159
09-19 15:26:07.436 21446 21446 I flutter : RN_VALIDATION_CHUNK START {"schema":1,"runner":"flutter_flame_godot","event":"sample","scenario":"fire","sample":41,"elapsed_ms":43651,"rss_bytes":556462080,"enemies":3,"burning":2,"turrets":6,"projectiles":0,"effects":0,"metrics":{"authored_terrain":true,"draw_calls":148.0,"fps":34.9515433724823,"frame_ms":28.6110398428732,"max_frame_ms":40.9418922558923,"objects":221.0,"primitives":414499.0,"received_frames":4178,"renderer":"mobile","sequence":4944,"viewport":[880.0,1976.0]}}
09-19 15:26:07.436 21446 21446 I flutter : RN_VALIDATION_END
09-19 15:26:07.525   491   588 W skia    : AGTM parsing failed flags.readFromStream(s) at 159
09-19 15:26:07.525   491   588 W skia    : AGTM parsing failed flags.readFromStream(s) at 159
09-19 15:26:07.630   491   588 W skia    : AGTM parsing failed flags.readFromStream(s) at 159
09-19 15:26:07.631   491   588 W skia    : AGTM parsing failed flags.readFromStream(s) at 159
09-19 15:26:07.730   491   588 W skia    : AGTM parsing failed flags.readFromStream(s) at 159
09-19 15:26:07.730   491   588 W skia    : AGTM parsing failed flags.readFromStream(s) at 159
09-19 15:26:07.831   491   588 W skia    : AGTM parsing failed flags.readFromStream(s) at 159
09-19 15:26:07.831   491   588 W skia    : AGTM parsing failed flags.readFromStream(s) at 159
09-19 15:26:07.931   491   588 W skia    : AGTM parsing failed flags.readFromStream(s) at 159
09-19 15:26:07.932   491   588 W skia    : AGTM parsing failed flags.readFromStream(s) at 159
09-19 15:26:07.987   645   800 D WifiClientModeImpl[3810:wlan0]: updateLinkLayerStatsRssiSpeedFrequencyCapabilities rssi=-50 TxLinkspeed=1 freq=2447 RxLinkSpeed=2
09-19 15:26:07.988   645   800 D WifiDataStall: tx tput in kbps: 11000
09-19 15:26:07.988   645   800 D WifiDataStall: rx tput in kbps: 11000
09-19 15:26:07.988   645   800 V WifiConfigManager: Updating scan detail cache freq=2447 BSSID=00:13:10:85:fe:01 RSSI=-50 for "AndroidWifi"NONE
09-19 15:26:07.989   645   800 D WifiThroughputPredictor:  utilization (LLS) 80 isBluetoothConnected: false final utilization: 80
09-19 15:26:07.989   645   800 D WifiThroughputPredictor:  BW: 0 RSSI: -50 Nss: 1 Mode: 1 symDur: 4000 snrDb 30 bitPerTone: 4500 rate: 54 throughput: 11
09-19 15:26:07.989   645   800 D WifiThroughputPredictor:  utilization (LLS) 80 isBluetoothConnected: false final utilization: 80
09-19 15:26:07.989   645   800 D WifiThroughputPredictor:  BW: 0 RSSI: -50 Nss: 1 Mode: 1 symDur: 4000 snrDb 30 bitPerTone: 4500 rate: 54 throughput: 11
09-19 15:26:07.989   645   800 D WifiThroughputPredictor:  utilization (LLS) 80 isBluetoothConnected: false final utilization: 80
09-19 15:26:07.989   645   800 D WifiThroughputPredictor:  BW: 0 RSSI: -50 Nss: 1 Mode: 1 symDur: 4000 snrDb 30 bitPerTone: 4500 rate: 54 throughput: 11
09-19 15:26:07.989   645   800 D WifiThroughputPredictor:  utilization (LLS) 80 isBluetoothConnected: false final utilization: 80
09-19 15:26:07.989   645   800 D WifiThroughputPredictor:  BW: 0 RSSI: -50 Nss: 1 Mode: 1 symDur: 4000 snrDb 30 bitPerTone: 4500 rate: 54 throughput: 11
09-19 15:26:07.995   645   800 I HalDevMgr: bestIfaceCreationProposal is null, requestIface=STA, existingIface=[name=wlan0 type=STA]
09-19 15:26:07.995   645   800 D WifiScoreCard: BSSID update SIGNAL_POLL ID: 760286919 SSID: "AndroidWifi", BSSID: 00:13:10:85:fe:01, MAC: 02:15:b2:00:00:00, IP: /10.0.2.16, Security type: 0, Supplicant state: COMPLETED, Wi-Fi standard: legacy, RSSI: -50, Link speed: 1Mbps, Tx Link speed: 1Mbps, Max Supported Tx Link speed: 11Mbps, Calculated Tx : 0Mbps, Rx Link speed: 2Mbps, Max Supported Rx Link speed: 11Mbps, Calculated Rx : 0Mbps, Frequency: 2447MHz, Net ID: 0, Metered hint: false, score: 100, isUsable: true, CarrierMerged: false, SubscriptionId: -1, IsPrimary: 1, Trusted: true, Restricted: false, Ephemeral: false, OEM paid: false, OEM private: false, OSU AP: false, FQDN: <none>, Provider friendly name: <none>, Requesting package name: <none>"AndroidWifi"openMLO Information: , Is TID-To-Link negotiation supported by the AP: false, AP MLD Address: <none>, AP MLO Link Id: <none>, AP MLO Affiliated links: <none>, Vendor Data: <none>
09-19 15:26:07.995   645   800 D WifiScoreCard: txRate: 1 txSpeed: 1
09-19 15:26:07.995   645   800 D WifiScoreCard: network update SIGNAL_POLL "AndroidWifi" ID: 673433585 RSSI -50 txSpeed -1
09-19 15:26:07.996   645   800 D WifiClientModeImpl[3810:wlan0]:  ClientModeImpl$L2ConnectedState screen=on 26 0 "AndroidWifi" 00:13:10:85:fe:01 rssi=-50 f=2447 sc=100 link=1 tx=0.0, 0.0, 0.0 rx=0.0 bcn=0 [on:0 tx:0 rx:0 period:3012] from screen [on:0 period:-1202194436] score=100
09-19 15:26:08.034   491   588 W skia    : AGTM parsing failed flags.readFromStream(s) at 159
09-19 15:26:08.034   491   588 W skia    : AGTM parsing failed flags.readFromStream(s) at 159
09-19 15:26:08.132   491   588 W skia    : AGTM parsing failed flags.readFromStream(s) at 159
09-19 15:26:08.132   491   588 W skia    : AGTM parsing failed flags.readFromStream(s) at 159
09-19 15:26:08.247   491   588 W skia    : AGTM parsing failed flags.readFromStream(s) at 159
09-19 15:26:08.247   491   588 W skia    : AGTM parsing failed flags.readFromStream(s) at 159
09-19 15:26:08.347   491   588 W skia    : AGTM parsing failed flags.readFromStream(s) at 159
09-19 15:26:08.347   491   588 W skia    : AGTM parsing failed flags.readFromStream(s) at 159
09-19 15:26:08.447   491   588 W skia    : AGTM parsing failed flags.readFromStream(s) at 159
09-19 15:26:08.447   491   588 W skia    : AGTM parsing failed flags.readFromStream(s) at 159
09-19 15:26:08.454 21446 21446 I flutter : RN_VALIDATION_CHUNK START {"schema":1,"runner":"flutter_flame_godot","event":"sample","scenario":"fire","sample":42,"elapsed_ms":44669,"rss_bytes":556142592,"enemies":3,"burning":2,"turrets":6,"projectiles":0,"effects":0,"metrics":{"authored_terrain":true,"draw_calls":134.0,"fps":48.9576328557611,"frame_ms":20.425824159967,"max_frame_ms":33.3333333333333,"objects":144.0,"primitives":416853.0,"received_frames":4216,"renderer":"mobile","sequence":4984,"viewport":[880.0,1976.0]}}
09-19 15:26:08.454 21446 21446 I flutter : RN_VALIDATION_END
09-19 15:26:08.458   892   892 D wpa_supplicant: nl80211: Drv Event 64 (NL80211_CMD_NOTIFY_CQM) received for wlan0
09-19 15:26:08.458   892   892 D wpa_supplicant: nl80211: Beacon loss event
09-19 15:26:08.458   892   892 D wpa_supplicant: wlan0: Event BEACON_LOSS (53) received
09-19 15:26:08.458   892   892 I wpa_supplicant: wlan0: CTRL-EVENT-BEACON-LOSS 
09-19 15:26:08.548   491   588 W skia    : AGTM parsing failed flags.readFromStream(s) at 159
09-19 15:26:08.548   491   588 W skia    : AGTM parsing failed flags.readFromStream(s) at 159
09-19 15:26:08.657   491   588 W skia    : AGTM parsing failed flags.readFromStream(s) at 159
09-19 15:26:08.657   491   588 W skia    : AGTM parsing failed flags.readFromStream(s) at 159
09-19 15:26:08.760   491   588 W skia    : AGTM parsing failed flags.readFromStream(s) at 159
09-19 15:26:08.760   491   588 W skia    : AGTM parsing failed flags.readFromStream(s) at 159
09-19 15:26:08.860   491   588 W skia    : AGTM parsing failed flags.readFromStream(s) at 159
09-19 15:26:08.860   491   588 W skia    : AGTM parsing failed flags.readFromStream(s) at 159
09-19 15:26:08.962   491   588 W skia    : AGTM parsing failed flags.readFromStream(s) at 159
09-19 15:26:08.962   491   588 W skia    : AGTM parsing failed flags.readFromStream(s) at 159
09-19 15:26:09.062   491   588 W skia    : AGTM parsing failed flags.readFromStream(s) at 159
09-19 15:26:09.062   491   588 W skia    : AGTM parsing failed flags.readFromStream(s) at 159
09-19 15:26:09.165   491   588 W skia    : AGTM parsing failed flags.readFromStream(s) at 159
09-19 15:26:09.166   491   588 W skia    : AGTM parsing failed flags.readFromStream(s) at 159
09-19 15:26:09.264   491   588 W skia    : AGTM parsing failed flags.readFromStream(s) at 159
09-19 15:26:09.264   491   588 W skia    : AGTM parsing failed flags.readFromStream(s) at 159
09-19 15:26:09.368   491   588 W skia    : AGTM parsing failed flags.readFromStream(s) at 159
09-19 15:26:09.369   491   588 W skia    : AGTM parsing failed flags.readFromStream(s) at 159
09-19 15:26:09.480   491   588 W skia    : AGTM parsing failed flags.readFromStream(s) at 159
09-19 15:26:09.480   491   588 W skia    : AGTM parsing failed flags.readFromStream(s) at 159
09-19 15:26:09.528 21446 21446 I flutter : RN_VALIDATION_CHUNK START {"schema":1,"runner":"flutter_flame_godot","event":"sample","scenario":"fire","sample":43,"elapsed_ms":45743,"rss_bytes":556216320,"enemies":3,"burning":2,"turrets":6,"projectiles":0,"effects":0,"metrics":{"authored_terrain":true,"draw_calls":123.0,"fps":31.3536837149056,"frame_ms":31.8941789772727,"max_frame_ms":42.495,"objects":135.0,"primitives":413253.0,"received_frames":4246,"renderer":"mobile","sequence":5023,"viewport":[880.0,1976.0]}}
09-19 15:26:09.528 21446 21446 I flutter : RN_VALIDATION_END
09-19 15:26:09.581   491   588 W skia    : AGTM parsing failed flags.readFromStream(s) at 159
09-19 15:26:09.581   491   588 W skia    : AGTM parsing failed flags.readFromStream(s) at 159
09-19 15:26:09.682   491   588 W skia    : AGTM parsing failed flags.readFromStream(s) at 159
09-19 15:26:09.682   491   588 W skia    : AGTM parsing failed flags.readFromStream(s) at 159
09-19 15:26:09.792   491   588 W skia    : AGTM parsing failed flags.readFromStream(s) at 159
09-19 15:26:09.792   491   588 W skia    : AGTM parsing failed flags.readFromStream(s) at 159
09-19 15:26:09.912   491   588 W skia    : AGTM parsing failed flags.readFromStream(s) at 159
09-19 15:26:09.912   491   588 W skia    : AGTM parsing failed flags.readFromStream(s) at 159
09-19 15:26:10.013   491   588 W skia    : AGTM parsing failed flags.readFromStream(s) at 159
09-19 15:26:10.014   491   588 W skia    : AGTM parsing failed flags.readFromStream(s) at 159
09-19 15:26:10.112   491   588 W skia    : AGTM parsing failed flags.readFromStream(s) at 159
09-19 15:26:10.112   491   588 W skia    : AGTM parsing failed flags.readFromStream(s) at 159
09-19 15:26:10.214   491   588 W skia    : AGTM parsing failed flags.readFromStream(s) at 159
09-19 15:26:10.214   491   588 W skia    : AGTM parsing failed flags.readFromStream(s) at 159
09-19 15:26:10.314   491   588 W skia    : AGTM parsing failed flags.readFromStream(s) at 159
09-19 15:26:10.315   491   588 W skia    : AGTM parsing failed flags.readFromStream(s) at 159
09-19 15:26:10.417   491   588 W skia    : AGTM parsing failed flags.readFromStream(s) at 159
09-19 15:26:10.417   491   588 W skia    : AGTM parsing failed flags.readFromStream(s) at 159
09-19 15:26:10.518   491   588 W skia    : AGTM parsing failed flags.readFromStream(s) at 159
09-19 15:26:10.518   491   588 W skia    : AGTM parsing failed flags.readFromStream(s) at 159
09-19 15:26:10.569 21446 21446 I flutter : RN_VALIDATION_CHUNK START {"schema":1,"runner":"flutter_flame_godot","event":"sample","scenario":"fire","sample":44,"elapsed_ms":46783,"rss_bytes":556646400,"enemies":3,"burning":2,"turrets":6,"projectiles":0,"effects":0,"metrics":{"authored_terrain":true,"draw_calls":156.0,"fps":36.6345332535515,"frame_ms":27.296649122807,"max_frame_ms":45.72,"objects":227.0,"primitives":416899.0,"received_frames":4272,"renderer":"mobile","sequence":5050,"viewport":[880.0,1976.0]}}
09-19 15:26:10.569 21446 21446 I flutter : RN_VALIDATION_END
09-19 15:26:10.619   491   588 W skia    : AGTM parsing failed flags.readFromStream(s) at 159
09-19 15:26:10.619   491   588 W skia    : AGTM parsing failed flags.readFromStream(s) at 159
09-19 15:26:10.700 21446 21451 I us.godotpreview: NativeAlloc concurrent mark compact GC freed 124KB AllocSpace bytes, 2(160KB) LOS objects, 49% free, 2535KB/5071KB, paused 270us,9.246ms total 21.240ms
09-19 15:26:10.721   491   588 W skia    : AGTM parsing failed flags.readFromStream(s) at 159
09-19 15:26:10.721   491   588 W skia    : AGTM parsing failed flags.readFromStream(s) at 159
09-19 15:26:10.848   491   588 W skia    : AGTM parsing failed flags.readFromStream(s) at 159
09-19 15:26:10.848   491   588 W skia    : AGTM parsing failed flags.readFromStream(s) at 159
09-19 15:26:10.948   491   588 W skia    : AGTM parsing failed flags.readFromStream(s) at 159
09-19 15:26:10.948   491   588 W skia    : AGTM parsing failed flags.readFromStream(s) at 159
09-19 15:26:10.999   645   800 D WifiClientModeImpl[3810:wlan0]: updateLinkLayerStatsRssiSpeedFrequencyCapabilities rssi=-50 TxLinkspeed=1 freq=2447 RxLinkSpeed=2
09-19 15:26:10.999   645   800 D WifiDataStall: tx tput in kbps: 11000
09-19 15:26:10.999   645   800 D WifiDataStall: rx tput in kbps: 11000
09-19 15:26:10.999   645   800 V WifiConfigManager: Updating scan detail cache freq=2447 BSSID=00:13:10:85:fe:01 RSSI=-50 for "AndroidWifi"NONE
09-19 15:26:10.999   645   800 D WifiThroughputPredictor:  utilization (LLS) 80 isBluetoothConnected: false final utilization: 80
09-19 15:26:10.999   645   800 D WifiThroughputPredictor:  BW: 0 RSSI: -50 Nss: 1 Mode: 1 symDur: 4000 snrDb 30 bitPerTone: 4500 rate: 54 throughput: 11
09-19 15:26:10.999   645   800 D WifiThroughputPredictor:  utilization (LLS) 80 isBluetoothConnected: false final utilization: 80
09-19 15:26:10.999   645   800 D WifiThroughputPredictor:  BW: 0 RSSI: -50 Nss: 1 Mode: 1 symDur: 4000 snrDb 30 bitPerTone: 4500 rate: 54 throughput: 11
09-19 15:26:11.000   645   800 D WifiThroughputPredictor:  utilization (LLS) 80 isBluetoothConnected: false final utilization: 80
09-19 15:26:11.000   645   800 D WifiThroughputPredictor:  BW: 0 RSSI: -50 Nss: 1 Mode: 1 symDur: 4000 snrDb 30 bitPerTone: 4500 rate: 54 throughput: 11
09-19 15:26:11.000   645   800 D WifiThroughputPredictor:  utilization (LLS) 80 isBluetoothConnected: false final utilization: 80
09-19 15:26:11.000   645   800 D WifiThroughputPredictor:  BW: 0 RSSI: -50 Nss: 1 Mode: 1 symDur: 4000 snrDb 30 bitPerTone: 4500 rate: 54 throughput: 11
09-19 15:26:11.005   645   800 I HalDevMgr: bestIfaceCreationProposal is null, requestIface=STA, existingIface=[name=wlan0 type=STA]
09-19 15:26:11.005   645   800 D WifiScoreCard: BSSID update SIGNAL_POLL ID: 760286919 SSID: "AndroidWifi", BSSID: 00:13:10:85:fe:01, MAC: 02:15:b2:00:00:00, IP: /10.0.2.16, Security type: 0, Supplicant state: COMPLETED, Wi-Fi standard: legacy, RSSI: -50, Link speed: 1Mbps, Tx Link speed: 1Mbps, Max Supported Tx Link speed: 11Mbps, Calculated Tx : 0Mbps, Rx Link speed: 2Mbps, Max Supported Rx Link speed: 11Mbps, Calculated Rx : 0Mbps, Frequency: 2447MHz, Net ID: 0, Metered hint: false, score: 100, isUsable: true, CarrierMerged: false, SubscriptionId: -1, IsPrimary: 1, Trusted: true, Restricted: false, Ephemeral: false, OEM paid: false, OEM private: false, OSU AP: false, FQDN: <none>, Provider friendly name: <none>, Requesting package name: <none>"AndroidWifi"openMLO Information: , Is TID-To-Link negotiation supported by the AP: false, AP MLD Address: <none>, AP MLO Link Id: <none>, AP MLO Affiliated links: <none>, Vendor Data: <none>
09-19 15:26:11.005   645   800 D WifiScoreCard: txRate: 1 txSpeed: 1
09-19 15:26:11.005   645   800 D WifiScoreCard: network update SIGNAL_POLL "AndroidWifi" ID: 673433585 RSSI -50 txSpeed -1
09-19 15:26:11.005   645   800 D WifiClientModeImpl[3810:wlan0]:  ClientModeImpl$L2ConnectedState screen=on 26 0 "AndroidWifi" 00:13:10:85:fe:01 rssi=-50 f=2447 sc=100 link=1 tx=0.0, 0.0, 0.0 rx=0.0 bcn=0 [on:0 tx:0 rx:0 period:3009] from screen [on:0 period:-1202191427] score=100
09-19 15:26:11.063   491   588 W skia    : AGTM parsing failed flags.readFromStream(s) at 159
09-19 15:26:11.063   491   588 W skia    : AGTM parsing failed flags.readFromStream(s) at 159
09-19 15:26:11.164   491   588 W skia    : AGTM parsing failed flags.readFromStream(s) at 159
09-19 15:26:11.164   491   588 W skia    : AGTM parsing failed flags.readFromStream(s) at 159
09-19 15:26:11.265   491   588 W skia    : AGTM parsing failed flags.readFromStream(s) at 159
09-19 15:26:11.265   491   588 W skia    : AGTM parsing failed flags.readFromStream(s) at 159
09-19 15:26:11.366   491   588 W skia    : AGTM parsing failed flags.readFromStream(s) at 159
09-19 15:26:11.366   491   588 W skia    : AGTM parsing failed flags.readFromStream(s) at 159
09-19 15:26:11.491   491   588 W skia    : AGTM parsing failed flags.readFromStream(s) at 159
09-19 15:26:11.491   491   588 W skia    : AGTM parsing failed flags.readFromStream(s) at 159
09-19 15:26:11.595   491   588 W skia    : AGTM parsing failed flags.readFromStream(s) at 159
09-19 15:26:11.595   491   588 W skia    : AGTM parsing failed flags.readFromStream(s) at 159
09-19 15:26:11.605 21446 21446 I flutter : RN_VALIDATION_CHUNK START {"schema":1,"runner":"flutter_flame_godot","event":"sample","scenario":"fire","sample":45,"elapsed_ms":47820,"rss_bytes":556752896,"enemies":3,"burning":2,"turrets":6,"projectiles":0,"effects":0,"metrics":{"authored_terrain":true,"draw_calls":122.0,"fps":27.7027038168719,"frame_ms":36.0975595238095,"max_frame_ms":53.992,"objects":134.0,"primitives":412853.0,"received_frames":4296,"renderer":"mobile","sequence":5080,"viewport":[880.0,1976.0]}}
09-19 15:26:11.605 21446 21446 I flutter : RN_VALIDATION_END
09-19 15:26:11.696   491   588 W skia    : AGTM parsing failed flags.readFromStream(s) at 159
09-19 15:26:11.696   491   588 W skia    : AGTM parsing failed flags.readFromStream(s) at 159
09-19 15:26:11.798   491   588 W skia    : AGTM parsing failed flags.readFromStream(s) at 159
09-19 15:26:11.798   491   588 W skia    : AGTM parsing failed flags.readFromStream(s) at 159
09-19 15:26:11.864  1009  1168 I bluetooth: system/gd/hci/le_address_manager.cc:557 GetNextPrivateAddressIntervalRange: client=LeAddressManager, nonwake=8m45s, wake=13m34s
09-19 15:26:11.874  1009  1168 I bluetooth: system/gd/hci/le_address_manager.cc:758 OnCommandComplete: Received command complete with op_code LE_SET_RANDOM_ADDRESS(0x2005)
09-19 15:26:11.874  1009  1168 I bluetooth: system/gd/hci/le_address_manager.cc:778 OnCommandComplete: update random address : xx:xx:xx:xx:d7:ce
09-19 15:26:11.874  1009  1168 I bluetooth: system/gd/hci/le_address_manager.cc:382 resume_registered_clients: Resuming registered clients
09-19 15:26:11.874  1009  1168 I bluetooth: system/gd/hci/le_scanning_manager_impl.cc:774 stop_scan: Scanning already stopped, return. caller=configure_scan
09-19 15:26:11.909   491   588 W skia    : AGTM parsing failed flags.readFromStream(s) at 159
09-19 15:26:11.909   491   588 W skia    : AGTM parsing failed flags.readFromStream(s) at 159
09-19 15:26:12.013   491   588 W skia    : AGTM parsing failed flags.readFromStream(s) at 159
09-19 15:26:12.013   491   588 W skia    : AGTM parsing failed flags.readFromStream(s) at 159
09-19 15:26:12.115   491   588 W skia    : AGTM parsing failed flags.readFromStream(s) at 159
09-19 15:26:12.116   491   588 W skia    : AGTM parsing failed flags.readFromStream(s) at 159
09-19 15:26:12.232   491   588 W skia    : AGTM parsing failed flags.readFromStream(s) at 159
09-19 15:26:12.232   491   588 W skia    : AGTM parsing failed flags.readFromStream(s) at 159
09-19 15:26:12.344   491   588 W skia    : AGTM parsing failed flags.readFromStream(s) at 159
09-19 15:26:12.344   491   588 W skia    : AGTM parsing failed flags.readFromStream(s) at 159
09-19 15:26:12.446   491   588 W skia    : AGTM parsing failed flags.readFromStream(s) at 159
09-19 15:26:12.446   491   588 W skia    : AGTM parsing failed flags.readFromStream(s) at 159
09-19 15:26:12.548   491   588 W skia    : AGTM parsing failed flags.readFromStream(s) at 159
09-19 15:26:12.548   491   588 W skia    : AGTM parsing failed flags.readFromStream(s) at 159
09-19 15:26:12.645 21446 21446 I flutter : RN_VALIDATION_CHUNK START {"schema":1,"runner":"flutter_flame_godot","event":"sample","scenario":"fire","sample":46,"elapsed_ms":48860,"rss_bytes":556683264,"enemies":3,"burning":2,"turrets":6,"projectiles":0,"effects":0,"metrics":{"authored_terrain":true,"draw_calls":133.0,"fps":34.9833413431508,"frame_ms":28.5850339506173,"max_frame_ms":42.0816666666672,"objects":151.0,"primitives":413285.0,"received_frames":4327,"renderer":"mobile","sequence":5111,"viewport":[880.0,1976.0]}}
09-19 15:26:12.645 21446 21446 I flutter : RN_VALIDATION_END
09-19 15:26:12.647   491   588 W skia    : AGTM parsing failed flags.readFromStream(s) at 159
09-19 15:26:12.648   491   588 W skia    : AGTM parsing failed flags.readFromStream(s) at 159
09-19 15:26:12.748   491   588 W skia    : AGTM parsing failed flags.readFromStream(s) at 159
09-19 15:26:12.748   491   588 W skia    : AGTM parsing failed flags.readFromStream(s) at 159
09-19 15:26:12.850   491   588 W skia    : AGTM parsing failed flags.readFromStream(s) at 159
09-19 15:26:12.851   491   588 W skia    : AGTM parsing failed flags.readFromStream(s) at 159
09-19 15:26:12.962   491   588 W skia    : AGTM parsing failed flags.readFromStream(s) at 159
09-19 15:26:12.963   491   588 W skia    : AGTM parsing failed flags.readFromStream(s) at 159
09-19 15:26:13.062   491   588 W skia    : AGTM parsing failed flags.readFromStream(s) at 159
09-19 15:26:13.062   491   588 W skia    : AGTM parsing failed flags.readFromStream(s) at 159
09-19 15:26:13.182   491   588 W skia    : AGTM parsing failed flags.readFromStream(s) at 159
09-19 15:26:13.182   491   588 W skia    : AGTM parsing failed flags.readFromStream(s) at 159
09-19 15:26:13.282   491   588 W skia    : AGTM parsing failed flags.readFromStream(s) at 159
09-19 15:26:13.282   491   588 W skia    : AGTM parsing failed flags.readFromStream(s) at 159
09-19 15:26:13.395   491   588 W skia    : AGTM parsing failed flags.readFromStream(s) at 159
09-19 15:26:13.395   491   588 W skia    : AGTM parsing failed flags.readFromStream(s) at 159
09-19 15:26:13.497   491   588 W skia    : AGTM parsing failed flags.readFromStream(s) at 159
09-19 15:26:13.497   491   588 W skia    : AGTM parsing failed flags.readFromStream(s) at 159
09-19 15:26:13.597   491   588 W skia    : AGTM parsing failed flags.readFromStream(s) at 159
09-19 15:26:13.597   491   588 W skia    : AGTM parsing failed flags.readFromStream(s) at 159
09-19 15:26:13.671 21446 21446 I flutter : RN_VALIDATION_CHUNK START {"schema":1,"runner":"flutter_flame_godot","event":"sample","scenario":"fire","sample":47,"elapsed_ms":49886,"rss_bytes":556765184,"enemies":3,"burning":2,"turrets":6,"projectiles":0,"effects":0,"metrics":{"authored_terrain":true,"draw_calls":130.0,"fps":39.2634910718639,"frame_ms":25.4689527777778,"max_frame_ms":43.5993333333333,"objects":142.0,"primitives":416053.0,"received_frames":4355,"renderer":"mobile","sequence":5139,"viewport":[880.0,1976.0]}}
09-19 15:26:13.671 21446 21446 I flutter : RN_VALIDATION_END
09-19 15:26:13.715   491   588 W skia    : AGTM parsing failed flags.readFromStream(s) at 159
09-19 15:26:13.715   491   588 W skia    : AGTM parsing failed flags.readFromStream(s) at 159
09-19 15:26:13.731   487   531 D AudioFlinger: mixer(0xb400006ff95ca790) throttle end: throttle time(2)
09-19 15:26:13.814   491   588 W skia    : AGTM parsing failed flags.readFromStream(s) at 159
09-19 15:26:13.814   491   588 W skia    : AGTM parsing failed flags.readFromStream(s) at 159
09-19 15:26:13.918   491   588 W skia    : AGTM parsing failed flags.readFromStream(s) at 159
09-19 15:26:13.918   491   588 W skia    : AGTM parsing failed flags.readFromStream(s) at 159
09-19 15:26:14.015   645   800 D WifiClientModeImpl[3810:wlan0]: updateLinkLayerStatsRssiSpeedFrequencyCapabilities rssi=-50 TxLinkspeed=1 freq=2447 RxLinkSpeed=2
09-19 15:26:14.015   645   800 D WifiDataStall: tx tput in kbps: 11000
09-19 15:26:14.015   645   800 D WifiDataStall: rx tput in kbps: 11000
09-19 15:26:14.015   645   800 V WifiConfigManager: Updating scan detail cache freq=2447 BSSID=00:13:10:85:fe:01 RSSI=-50 for "AndroidWifi"NONE
09-19 15:26:14.015   645   800 D WifiThroughputPredictor:  utilization (LLS) 80 isBluetoothConnected: false final utilization: 80
09-19 15:26:14.015   645   800 D WifiThroughputPredictor:  BW: 0 RSSI: -50 Nss: 1 Mode: 1 symDur: 4000 snrDb 30 bitPerTone: 4500 rate: 54 throughput: 11
09-19 15:26:14.015   645   800 D WifiThroughputPredictor:  utilization (LLS) 80 isBluetoothConnected: false final utilization: 80
09-19 15:26:14.015   645   800 D WifiThroughputPredictor:  BW: 0 RSSI: -50 Nss: 1 Mode: 1 symDur: 4000 snrDb 30 bitPerTone: 4500 rate: 54 throughput: 11
09-19 15:26:14.015   645   800 D WifiThroughputPredictor:  utilization (LLS) 80 isBluetoothConnected: false final utilization: 80
09-19 15:26:14.015   645   800 D WifiThroughputPredictor:  BW: 0 RSSI: -50 Nss: 1 Mode: 1 symDur: 4000 snrDb 30 bitPerTone: 4500 rate: 54 throughput: 11
09-19 15:26:14.015   645   800 D WifiThroughputPredictor:  utilization (LLS) 80 isBluetoothConnected: false final utilization: 80
09-19 15:26:14.015   645   800 D WifiThroughputPredictor:  BW: 0 RSSI: -50 Nss: 1 Mode: 1 symDur: 4000 snrDb 30 bitPerTone: 4500 rate: 54 throughput: 11
09-19 15:26:14.017   645   800 I HalDevMgr: bestIfaceCreationProposal is null, requestIface=STA, existingIface=[name=wlan0 type=STA]
09-19 15:26:14.017   645   800 D WifiScoreCard: BSSID update SIGNAL_POLL ID: 760286919 SSID: "AndroidWifi", BSSID: 00:13:10:85:fe:01, MAC: 02:15:b2:00:00:00, IP: /10.0.2.16, Security type: 0, Supplicant state: COMPLETED, Wi-Fi standard: legacy, RSSI: -50, Link speed: 1Mbps, Tx Link speed: 1Mbps, Max Supported Tx Link speed: 11Mbps, Calculated Tx : 0Mbps, Rx Link speed: 2Mbps, Max Supported Rx Link speed: 11Mbps, Calculated Rx : 0Mbps, Frequency: 2447MHz, Net ID: 0, Metered hint: false, score: 100, isUsable: true, CarrierMerged: false, SubscriptionId: -1, IsPrimary: 1, Trusted: true, Restricted: false, Ephemeral: false, OEM paid: false, OEM private: false, OSU AP: false, FQDN: <none>, Provider friendly name: <none>, Requesting package name: <none>"AndroidWifi"openMLO Information: , Is TID-To-Link negotiation supported by the AP: false, AP MLD Address: <none>, AP MLO Link Id: <none>, AP MLO Affiliated links: <none>, Vendor Data: <none>
09-19 15:26:14.017   645   800 D WifiScoreCard: txRate: 1 txSpeed: 1
09-19 15:26:14.017   645   800 D WifiScoreCard: network update SIGNAL_POLL "AndroidWifi" ID: 673433585 RSSI -50 txSpeed -1
09-19 15:26:14.017   645   800 D WifiClientModeImpl[3810:wlan0]:  ClientModeImpl$L2ConnectedState screen=on 26 0 "AndroidWifi" 00:13:10:85:fe:01 rssi=-50 f=2447 sc=100 link=1 tx=0.0, 0.0, 0.0 rx=0.0 bcn=0 [on:0 tx:0 rx:0 period:3012] from screen [on:0 period:-1202188415] score=100
09-19 15:26:14.018   491   588 W skia    : AGTM parsing failed flags.readFromStream(s) at 159
09-19 15:26:14.018   491   588 W skia    : AGTM parsing failed flags.readFromStream(s) at 159
09-19 15:26:14.125   491   588 W skia    : AGTM parsing failed flags.readFromStream(s) at 159
09-19 15:26:14.125   491   588 W skia    : AGTM parsing failed flags.readFromStream(s) at 159
09-19 15:26:14.226   491   588 W skia    : AGTM parsing failed flags.readFromStream(s) at 159
09-19 15:26:14.227   491   588 W skia    : AGTM parsing failed flags.readFromStream(s) at 159
09-19 15:26:14.328   491   588 W skia    : AGTM parsing failed flags.readFromStream(s) at 159
09-19 15:26:14.328   491   588 W skia    : AGTM parsing failed flags.readFromStream(s) at 159
09-19 15:26:14.430   491   588 W skia    : AGTM parsing failed flags.readFromStream(s) at 159
09-19 15:26:14.431   491   588 W skia    : AGTM parsing failed flags.readFromStream(s) at 159
09-19 15:26:14.544   491   588 W skia    : AGTM parsing failed flags.readFromStream(s) at 159
09-19 15:26:14.544   491   588 W skia    : AGTM parsing failed flags.readFromStream(s) at 159
09-19 15:26:14.645   491   588 W skia    : AGTM parsing failed flags.readFromStream(s) at 159
09-19 15:26:14.645   491   588 W skia    : AGTM parsing failed flags.readFromStream(s) at 159
09-19 15:26:14.699 21446 21446 I flutter : RN_VALIDATION_CHUNK START {"schema":1,"runner":"flutter_flame_godot","event":"sample","scenario":"fire","sample":48,"elapsed_ms":50913,"rss_bytes":556429312,"enemies":3,"burning":2,"turrets":6,"projectiles":0,"effects":0,"metrics":{"authored_terrain":true,"draw_calls":129.0,"fps":27.3170731707317,"frame_ms":36.6071428571429,"max_frame_ms":51.038,"objects":143.0,"primitives":413269.0,"received_frames":4380,"renderer":"mobile","sequence":5172,"viewport":[880.0,1976.0]}}
09-19 15:26:14.699 21446 21446 I flutter : RN_VALIDATION_END
09-19 15:26:14.747   491   588 W skia    : AGTM parsing failed flags.readFromStream(s) at 159
09-19 15:26:14.748   491   588 W skia    : AGTM parsing failed flags.readFromStream(s) at 159
09-19 15:26:14.848   491   588 W skia    : AGTM parsing failed flags.readFromStream(s) at 159
09-19 15:26:14.848   491   588 W skia    : AGTM parsing failed flags.readFromStream(s) at 159
09-19 15:26:14.950   491   588 W skia    : AGTM parsing failed flags.readFromStream(s) at 159
09-19 15:26:14.951   491   588 W skia    : AGTM parsing failed flags.readFromStream(s) at 159
09-19 15:26:15.063   491   588 W skia    : AGTM parsing failed flags.readFromStream(s) at 159
09-19 15:26:15.063   491   588 W skia    : AGTM parsing failed flags.readFromStream(s) at 159
09-19 15:26:15.173   491   588 W skia    : AGTM parsing failed flags.readFromStream(s) at 159
09-19 15:26:15.174   491   588 W skia    : AGTM parsing failed flags.readFromStream(s) at 159
09-19 15:26:15.276   491   588 W skia    : AGTM parsing failed flags.readFromStream(s) at 159
09-19 15:26:15.276   491   588 W skia    : AGTM parsing failed flags.readFromStream(s) at 159
09-19 15:26:15.378   491   588 W skia    : AGTM parsing failed flags.readFromStream(s) at 159
09-19 15:26:15.378   491   588 W skia    : AGTM parsing failed flags.readFromStream(s) at 159
09-19 15:26:15.478   491   588 W skia    : AGTM parsing failed flags.readFromStream(s) at 159
09-19 15:26:15.478   491   588 W skia    : AGTM parsing failed flags.readFromStream(s) at 159
09-19 15:26:15.579   491   588 W skia    : AGTM parsing failed flags.readFromStream(s) at 159
09-19 15:26:15.579   491   588 W skia    : AGTM parsing failed flags.readFromStream(s) at 159
09-19 15:26:15.680   491   588 W skia    : AGTM parsing failed flags.readFromStream(s) at 159
09-19 15:26:15.680   491   588 W skia    : AGTM parsing failed flags.readFromStream(s) at 159
09-19 15:26:15.730 21446 21446 I flutter : RN_VALIDATION_CHUNK START {"schema":1,"runner":"flutter_flame_godot","event":"sample","scenario":"fire","sample":49,"elapsed_ms":51945,"rss_bytes":556933120,"enemies":3,"burning":2,"turrets":6,"projectiles":0,"effects":0,"metrics":{"authored_terrain":true,"draw_calls":137.0,"fps":39.4408557526296,"frame_ms":25.3544194444444,"max_frame_ms":38.8888888888889,"objects":157.0,"primitives":415685.0,"received_frames":4410,"renderer":"mobile","sequence":5203,"viewport":[880.0,1976.0]}}
09-19 15:26:15.731 21446 21446 I flutter : RN_VALIDATION_END
09-19 15:26:15.782   491   588 W skia    : AGTM parsing failed flags.readFromStream(s) at 159
09-19 15:26:15.783   491   588 W skia    : AGTM parsing failed flags.readFromStream(s) at 159
09-19 15:26:15.883   491   588 W skia    : AGTM parsing failed flags.readFromStream(s) at 159
09-19 15:26:15.883   491   588 W skia    : AGTM parsing failed flags.readFromStream(s) at 159
09-19 15:26:15.992   491   588 W skia    : AGTM parsing failed flags.readFromStream(s) at 159
09-19 15:26:15.992   491   588 W skia    : AGTM parsing failed flags.readFromStream(s) at 159
09-19 15:26:16.094   491   588 W skia    : AGTM parsing failed flags.readFromStream(s) at 159
09-19 15:26:16.094   491   588 W skia    : AGTM parsing failed flags.readFromStream(s) at 159
09-19 15:26:16.195   491   588 W skia    : AGTM parsing failed flags.readFromStream(s) at 159
09-19 15:26:16.195   491   588 W skia    : AGTM parsing failed flags.readFromStream(s) at 159
09-19 15:26:16.296   491   588 W skia    : AGTM parsing failed flags.readFromStream(s) at 159
09-19 15:26:16.297   491   588 W skia    : AGTM parsing failed flags.readFromStream(s) at 159
09-19 15:26:16.382  1012  1174 D SatelliteController: isInCarrierRoamingNbIotNtn: satellite is disabled
09-19 15:26:16.382  1012  1174 D SatelliteController: getCarrierRoamingNtnConnectType: Checking connect type from PLMN config for subId: 1
09-19 15:26:16.382  1012  1174 D TelephonyConfigUpdateInstallReceiver: getConfigParser: domain=satellite
09-19 15:26:16.382  1012  1174 V SatelliteController: satelliteConfigParser is not ready
09-19 15:26:16.382  1012  1174 D SatelliteController: isSatelliteAttachSupportedViaConfigupdater: return null (satelliteConfig is null)
09-19 15:26:16.382  1012  1174 D SatelliteController: getSatellitePerPlmnConfiguration: invalid subId or not supported via carrier.
09-19 15:26:16.383  1012  1174 D SatelliteController: getCarrierRoamingNtnConnectType: config: null
09-19 15:26:16.384  1012  1174 D TelephonyConfigUpdateInstallReceiver: getConfigParser: domain=satellite
09-19 15:26:16.384  1012  1174 V SatelliteController: satelliteConfigParser is not ready
09-19 15:26:16.384  1012  1174 D SatelliteController: getCarrierRoamingNtnConnectTypeViaConfigUpdater: return null (satelliteConfig is null)
09-19 15:26:16.391  1012  1174 D SatelliteController: getCarrierRoamingNtnConnectType: Falling back to global carrier config connect type: 0
09-19 15:26:16.391  1012  1174 D TelephonyConfigUpdateInstallReceiver: getConfigParser: domain=satellite
09-19 15:26:16.391  1012  1174 V SatelliteController: satelliteConfigParser is not ready
09-19 15:26:16.391  1012  1174 D SatelliteController: isSatelliteAttachSupportedViaConfigupdater: return null (satelliteConfig is null)
09-19 15:26:16.391  1012  1174 D SatelliteController: getCarrierRoamingNtnConnectType: Checking connect type from PLMN config for subId: 1
09-19 15:26:16.391  1012  1174 D TelephonyConfigUpdateInstallReceiver: getConfigParser: domain=satellite
09-19 15:26:16.391  1012  1174 V SatelliteController: satelliteConfigParser is not ready
09-19 15:26:16.391  1012  1174 D SatelliteController: isSatelliteAttachSupportedViaConfigupdater: return null (satelliteConfig is null)
09-19 15:26:16.392  1012  1174 D SatelliteController: getSatellitePerPlmnConfiguration: invalid subId or not supported via carrier.
09-19 15:26:16.394  1012  1174 D SatelliteController: getCarrierRoamingNtnConnectType: config: null
09-19 15:26:16.394  1012  1174 D TelephonyConfigUpdateInstallReceiver: getConfigParser: domain=satellite
09-19 15:26:16.394  1012  1174 V SatelliteController: satelliteConfigParser is not ready
09-19 15:26:16.394  1012  1174 D SatelliteController: getCarrierRoamingNtnConnectTypeViaConfigUpdater: return null (satelliteConfig is null)
09-19 15:26:16.394  1012  1174 D SatelliteController: getCarrierRoamingNtnConnectType: Falling back to global carrier config connect type: 0
09-19 15:26:16.395  1012  1174 D TelephonyConfigUpdateInstallReceiver: getConfigParser: domain=satellite
09-19 15:26:16.395  1012  1174 V SatelliteController: satelliteConfigParser is not ready
09-19 15:26:16.395  1012  1174 D SatelliteController: isSatelliteAttachSupportedViaConfigupdater: return null (satelliteConfig is null)
09-19 15:26:16.396   892   892 D wpa_supplicant: nl80211: Drv Event 64 (NL80211_CMD_NOTIFY_CQM) received for wlan0
09-19 15:26:16.397   892   892 D wpa_supplicant: nl80211: Beacon loss event
09-19 15:26:16.397   892   892 D wpa_supplicant: wlan0: Event BEACON_LOSS (53) received
09-19 15:26:16.397   892   892 I wpa_supplicant: wlan0: CTRL-EVENT-BEACON-LOSS 
09-19 15:26:16.397   491   588 W skia    : AGTM parsing failed flags.readFromStream(s) at 159
09-19 15:26:16.397   491   588 W skia    : AGTM parsing failed flags.readFromStream(s) at 159
09-19 15:26:16.499   491   588 W skia    : AGTM parsing failed flags.readFromStream(s) at 159
09-19 15:26:16.499   491   588 W skia    : AGTM parsing failed flags.readFromStream(s) at 159
09-19 15:26:16.601   491   588 W skia    : AGTM parsing failed flags.readFromStream(s) at 159
09-19 15:26:16.601   491   588 W skia    : AGTM parsing failed flags.readFromStream(s) at 159
09-19 15:26:16.708   491   588 W skia    : AGTM parsing failed flags.readFromStream(s) at 159
09-19 15:26:16.708   491   588 W skia    : AGTM parsing failed flags.readFromStream(s) at 159
09-19 15:26:16.767 21446 21446 I flutter : RN_VALIDATION_CHUNK START {"schema":1,"runner":"flutter_flame_godot","event":"sample","scenario":"fire","sample":50,"elapsed_ms":52982,"rss_bytes":556576768,"enemies":3,"burning":2,"turrets":6,"projectiles":0,"effects":0,"metrics":{"authored_terrain":true,"draw_calls":122.0,"fps":38.5370277706417,"frame_ms":25.9490691900692,"max_frame_ms":35.095444444445,"objects":134.0,"primitives":412853.0,"received_frames":4438,"renderer":"mobile","sequence":5231,"viewport":[880.0,1976.0]}}
09-19 15:26:16.767 21446 21446 I flutter : RN_VALIDATION_END
09-19 15:26:16.825   491   588 W skia    : AGTM parsing failed flags.readFromStream(s) at 159
09-19 15:26:16.825   491   588 W skia    : AGTM parsing failed flags.readFromStream(s) at 159
09-19 15:26:16.927   491   588 W skia    : AGTM parsing failed flags.readFromStream(s) at 159
09-19 15:26:16.927   491   588 W skia    : AGTM parsing failed flags.readFromStream(s) at 159
09-19 15:26:17.020   645   800 D WifiClientModeImpl[3810:wlan0]: updateLinkLayerStatsRssiSpeedFrequencyCapabilities rssi=-50 TxLinkspeed=1 freq=2447 RxLinkSpeed=2
09-19 15:26:17.020   645   800 D WifiDataStall: tx tput in kbps: 11000
09-19 15:26:17.020   645   800 D WifiDataStall: rx tput in kbps: 11000
09-19 15:26:17.020   645   800 V WifiConfigManager: Updating scan detail cache freq=2447 BSSID=00:13:10:85:fe:01 RSSI=-50 for "AndroidWifi"NONE
09-19 15:26:17.020   645   800 D WifiThroughputPredictor:  utilization (LLS) 80 isBluetoothConnected: false final utilization: 80
09-19 15:26:17.020   645   800 D WifiThroughputPredictor:  BW: 0 RSSI: -50 Nss: 1 Mode: 1 symDur: 4000 snrDb 30 bitPerTone: 4500 rate: 54 throughput: 11
09-19 15:26:17.020   645   800 D WifiThroughputPredictor:  utilization (LLS) 80 isBluetoothConnected: false final utilization: 80
09-19 15:26:17.020   645   800 D WifiThroughputPredictor:  BW: 0 RSSI: -50 Nss: 1 Mode: 1 symDur: 4000 snrDb 30 bitPerTone: 4500 rate: 54 throughput: 11
09-19 15:26:17.020   645   800 D WifiThroughputPredictor:  utilization (LLS) 80 isBluetoothConnected: false final utilization: 80
09-19 15:26:17.020   645   800 D WifiThroughputPredictor:  BW: 0 RSSI: -50 Nss: 1 Mode: 1 symDur: 4000 snrDb 30 bitPerTone: 4500 rate: 54 throughput: 11
09-19 15:26:17.020   645   800 D WifiThroughputPredictor:  utilization (LLS) 80 isBluetoothConnected: false final utilization: 80
09-19 15:26:17.020   645   800 D WifiThroughputPredictor:  BW: 0 RSSI: -50 Nss: 1 Mode: 1 symDur: 4000 snrDb 30 bitPerTone: 4500 rate: 54 throughput: 11
09-19 15:26:17.022   645   800 I HalDevMgr: bestIfaceCreationProposal is null, requestIface=STA, existingIface=[name=wlan0 type=STA]
09-19 15:26:17.023   645   800 D WifiScoreCard: BSSID update SIGNAL_POLL ID: 760286919 SSID: "AndroidWifi", BSSID: 00:13:10:85:fe:01, MAC: 02:15:b2:00:00:00, IP: /10.0.2.16, Security type: 0, Supplicant state: COMPLETED, Wi-Fi standard: legacy, RSSI: -50, Link speed: 1Mbps, Tx Link speed: 1Mbps, Max Supported Tx Link speed: 11Mbps, Calculated Tx : 0Mbps, Rx Link speed: 2Mbps, Max Supported Rx Link speed: 11Mbps, Calculated Rx : 0Mbps, Frequency: 2447MHz, Net ID: 0, Metered hint: false, score: 100, isUsable: true, CarrierMerged: false, SubscriptionId: -1, IsPrimary: 1, Trusted: true, Restricted: false, Ephemeral: false, OEM paid: false, OEM private: false, OSU AP: false, FQDN: <none>, Provider friendly name: <none>, Requesting package name: <none>"AndroidWifi"openMLO Information: , Is TID-To-Link negotiation supported by the AP: false, AP MLD Address: <none>, AP MLO Link Id: <none>, AP MLO Affiliated links: <none>, Vendor Data: <none>
09-19 15:26:17.024   645   800 D WifiScoreCard: txRate: 1 txSpeed: 1
09-19 15:26:17.025   645   800 D WifiScoreCard: network update SIGNAL_POLL "AndroidWifi" ID: 673433585 RSSI -50 txSpeed -1
09-19 15:26:17.025   645   800 D WifiClientModeImpl[3810:wlan0]:  ClientModeImpl$L2ConnectedState screen=on 26 0 "AndroidWifi" 00:13:10:85:fe:01 rssi=-50 f=2447 sc=100 link=1 tx=0.0, 0.0, 0.0 rx=0.0 bcn=0 [on:0 tx:0 rx:0 period:3007] from screen [on:0 period:-1202185407] score=100
09-19 15:26:17.027   491   588 W skia    : AGTM parsing failed flags.readFromStream(s) at 159
09-19 15:26:17.027   491   588 W skia    : AGTM parsing failed flags.readFromStream(s) at 159
09-19 15:26:17.127   491   588 W skia    : AGTM parsing failed flags.readFromStream(s) at 159
09-19 15:26:17.128   491   588 W skia    : AGTM parsing failed flags.readFromStream(s) at 159
09-19 15:26:17.230   491   588 W skia    : AGTM parsing failed flags.readFromStream(s) at 159
09-19 15:26:17.230   491   588 W skia    : AGTM parsing failed flags.readFromStream(s) at 159
09-19 15:26:17.332   491   588 W skia    : AGTM parsing failed flags.readFromStream(s) at 159
09-19 15:26:17.332   491   588 W skia    : AGTM parsing failed flags.readFromStream(s) at 159
09-19 15:26:17.441   491   588 W skia    : AGTM parsing failed flags.readFromStream(s) at 159
09-19 15:26:17.441   491   588 W skia    : AGTM parsing failed flags.readFromStream(s) at 159
09-19 15:26:17.546   491   588 W skia    : AGTM parsing failed flags.readFromStream(s) at 159
09-19 15:26:17.546   491   588 W skia    : AGTM parsing failed flags.readFromStream(s) at 159
09-19 15:26:17.645   491   588 W skia    : AGTM parsing failed flags.readFromStream(s) at 159
09-19 15:26:17.646   491   588 W skia    : AGTM parsing failed flags.readFromStream(s) at 159
09-19 15:26:17.762   491   588 W skia    : AGTM parsing failed flags.readFromStream(s) at 159
09-19 15:26:17.762   491   588 W skia    : AGTM parsing failed flags.readFromStream(s) at 159
09-19 15:26:17.822 21446 21446 I flutter : RN_VALIDATION_CHUNK START {"schema":1,"runner":"flutter_flame_godot","event":"sample","scenario":"fire","sample":51,"elapsed_ms":54037,"rss_bytes":557355008,"enemies":3,"burning":2,"turrets":6,"projectiles":0,"effects":0,"metrics":{"authored_terrain":true,"draw_calls":134.0,"fps":37.2375174988334,"frame_ms":26.8546365914787,"max_frame_ms":36.825,"objects":154.0,"primitives":412893.0,"received_frames":4468,"renderer":"mobile","sequence":5262,"viewport":[880.0,1976.0]}}
09-19 15:26:17.823 21446 21446 I flutter : RN_VALIDATION_END
09-19 15:26:17.863   491   588 W skia    : AGTM parsing failed flags.readFromStream(s) at 159
09-19 15:26:17.863   491   588 W skia    : AGTM parsing failed flags.readFromStream(s) at 159
09-19 15:26:17.963   491   588 W skia    : AGTM parsing failed flags.readFromStream(s) at 159
09-19 15:26:17.963   491   588 W skia    : AGTM parsing failed flags.readFromStream(s) at 159
09-19 15:26:18.064   491   588 W skia    : AGTM parsing failed flags.readFromStream(s) at 159
09-19 15:26:18.064   491   588 W skia    : AGTM parsing failed flags.readFromStream(s) at 159
09-19 15:26:18.165   491   588 W skia    : AGTM parsing failed flags.readFromStream(s) at 159
09-19 15:26:18.165   491   588 W skia    : AGTM parsing failed flags.readFromStream(s) at 159
09-19 15:26:18.265   491   588 W skia    : AGTM parsing failed flags.readFromStream(s) at 159
09-19 15:26:18.265   491   588 W skia    : AGTM parsing failed flags.readFromStream(s) at 159
09-19 15:26:18.380   491   588 W skia    : AGTM parsing failed flags.readFromStream(s) at 159
09-19 15:26:18.380   491   588 W skia    : AGTM parsing failed flags.readFromStream(s) at 159
09-19 15:26:18.480   491   588 W skia    : AGTM parsing failed flags.readFromStream(s) at 159
09-19 15:26:18.480   491   588 W skia    : AGTM parsing failed flags.readFromStream(s) at 159
09-19 15:26:18.583   491   588 W skia    : AGTM parsing failed flags.readFromStream(s) at 159
09-19 15:26:18.583   491   588 W skia    : AGTM parsing failed flags.readFromStream(s) at 159
09-19 15:26:18.650   487   531 D AudioFlinger: mixer(0xb400006ff95ca790) throttle end: throttle time(1)
09-19 15:26:18.684   491   588 W skia    : AGTM parsing failed flags.readFromStream(s) at 159
09-19 15:26:18.685   491   588 W skia    : AGTM parsing failed flags.readFromStream(s) at 159
09-19 15:26:18.812   491   588 W skia    : AGTM parsing failed flags.readFromStream(s) at 159
09-19 15:26:18.812   491   588 W skia    : AGTM parsing failed flags.readFromStream(s) at 159
09-19 15:26:18.841 21446 21446 I flutter : RN_VALIDATION_CHUNK START {"schema":1,"runner":"flutter_flame_godot","event":"sample","scenario":"fire","sample":52,"elapsed_ms":55056,"rss_bytes":557244416,"enemies":3,"burning":2,"turrets":6,"projectiles":0,"effects":0,"metrics":{"authored_terrain":true,"draw_calls":121.0,"fps":36.1749931071972,"frame_ms":27.6434054054054,"max_frame_ms":44.8053333333333,"objects":131.0,"primitives":413245.0,"received_frames":4495,"renderer":"mobile","sequence":5290,"viewport":[880.0,1976.0]}}
09-19 15:26:18.841 21446 21446 I flutter : RN_VALIDATION_END
09-19 15:26:18.914   491   588 W skia    : AGTM parsing failed flags.readFromStream(s) at 159
09-19 15:26:18.915   491   588 W skia    : AGTM parsing failed flags.readFromStream(s) at 159
09-19 15:26:19.014   491   588 W skia    : AGTM parsing failed flags.readFromStream(s) at 159
09-19 15:26:19.014   491   588 W skia    : AGTM parsing failed flags.readFromStream(s) at 159
09-19 15:26:19.115   491   588 W skia    : AGTM parsing failed flags.readFromStream(s) at 159
09-19 15:26:19.115   491   588 W skia    : AGTM parsing failed flags.readFromStream(s) at 159
09-19 15:26:19.215   491   588 W skia    : AGTM parsing failed flags.readFromStream(s) at 159
09-19 15:26:19.215   491   588 W skia    : AGTM parsing failed flags.readFromStream(s) at 159
09-19 15:26:19.316   491   588 W skia    : AGTM parsing failed flags.readFromStream(s) at 159
09-19 15:26:19.316   491   588 W skia    : AGTM parsing failed flags.readFromStream(s) at 159
09-19 15:26:19.419   491   588 W skia    : AGTM parsing failed flags.readFromStream(s) at 159
09-19 15:26:19.419   491   588 W skia    : AGTM parsing failed flags.readFromStream(s) at 159
09-19 15:26:19.518   491   588 W skia    : AGTM parsing failed flags.readFromStream(s) at 159
09-19 15:26:19.519   491   588 W skia    : AGTM parsing failed flags.readFromStream(s) at 159
09-19 15:26:19.628   491   588 W skia    : AGTM parsing failed flags.readFromStream(s) at 159
09-19 15:26:19.628   491   588 W skia    : AGTM parsing failed flags.readFromStream(s) at 159
09-19 15:26:19.733   491   588 W skia    : AGTM parsing failed flags.readFromStream(s) at 159
09-19 15:26:19.733   491   588 W skia    : AGTM parsing failed flags.readFromStream(s) at 159
09-19 15:26:19.760   487   531 D AudioFlinger: mixer(0xb400006ff95ca790) throttle end: throttle time(1)
09-19 15:26:19.843   491   588 W skia    : AGTM parsing failed flags.readFromStream(s) at 159
09-19 15:26:19.844   491   588 W skia    : AGTM parsing failed flags.readFromStream(s) at 159
09-19 15:26:19.867 21446 21446 I flutter : RN_VALIDATION_CHUNK START {"schema":1,"runner":"flutter_flame_godot","event":"sample","scenario":"fire","sample":53,"elapsed_ms":56082,"rss_bytes":557264896,"enemies":3,"burning":2,"turrets":6,"projectiles":0,"effects":0,"metrics":{"authored_terrain":true,"draw_calls":129.0,"fps":36.3329869152148,"frame_ms":27.5231981981982,"max_frame_ms":38.253,"objects":143.0,"primitives":413269.0,"received_frames":4523,"renderer":"mobile","sequence":5320,"viewport":[880.0,1976.0]}}
09-19 15:26:19.867 21446 21446 I flutter : RN_VALIDATION_END
09-19 15:26:19.949   491   588 W skia    : AGTM parsing failed flags.readFromStream(s) at 159
09-19 15:26:19.949   491   588 W skia    : AGTM parsing failed flags.readFromStream(s) at 159
09-19 15:26:20.031   645   800 D WifiClientModeImpl[3810:wlan0]: updateLinkLayerStatsRssiSpeedFrequencyCapabilities rssi=-50 TxLinkspeed=1 freq=2447 RxLinkSpeed=2
09-19 15:26:20.031   645   800 D WifiDataStall: tx tput in kbps: 11000
09-19 15:26:20.031   645   800 D WifiDataStall: rx tput in kbps: 11000
09-19 15:26:20.031   645   800 V WifiConfigManager: Updating scan detail cache freq=2447 BSSID=00:13:10:85:fe:01 RSSI=-50 for "AndroidWifi"NONE
09-19 15:26:20.031   645   800 D WifiThroughputPredictor:  utilization (LLS) 80 isBluetoothConnected: false final utilization: 80
09-19 15:26:20.031   645   800 D WifiThroughputPredictor:  BW: 0 RSSI: -50 Nss: 1 Mode: 1 symDur: 4000 snrDb 30 bitPerTone: 4500 rate: 54 throughput: 11
09-19 15:26:20.031   645   800 D WifiThroughputPredictor:  utilization (LLS) 80 isBluetoothConnected: false final utilization: 80
09-19 15:26:20.031   645   800 D WifiThroughputPredictor:  BW: 0 RSSI: -50 Nss: 1 Mode: 1 symDur: 4000 snrDb 30 bitPerTone: 4500 rate: 54 throughput: 11
09-19 15:26:20.031   645   800 D WifiThroughputPredictor:  utilization (LLS) 80 isBluetoothConnected: false final utilization: 80
09-19 15:26:20.031   645   800 D WifiThroughputPredictor:  BW: 0 RSSI: -50 Nss: 1 Mode: 1 symDur: 4000 snrDb 30 bitPerTone: 4500 rate: 54 throughput: 11
09-19 15:26:20.031   645   800 D WifiThroughputPredictor:  utilization (LLS) 80 isBluetoothConnected: false final utilization: 80
09-19 15:26:20.031   645   800 D WifiThroughputPredictor:  BW: 0 RSSI: -50 Nss: 1 Mode: 1 symDur: 4000 snrDb 30 bitPerTone: 4500 rate: 54 throughput: 11
09-19 15:26:20.032   645   800 I HalDevMgr: bestIfaceCreationProposal is null, requestIface=STA, existingIface=[name=wlan0 type=STA]
09-19 15:26:20.033   645   800 D WifiScoreCard: BSSID update SIGNAL_POLL ID: 760286919 SSID: "AndroidWifi", BSSID: 00:13:10:85:fe:01, MAC: 02:15:b2:00:00:00, IP: /10.0.2.16, Security type: 0, Supplicant state: COMPLETED, Wi-Fi standard: legacy, RSSI: -50, Link speed: 1Mbps, Tx Link speed: 1Mbps, Max Supported Tx Link speed: 11Mbps, Calculated Tx : 0Mbps, Rx Link speed: 2Mbps, Max Supported Rx Link speed: 11Mbps, Calculated Rx : 0Mbps, Frequency: 2447MHz, Net ID: 0, Metered hint: false, score: 100, isUsable: true, CarrierMerged: false, SubscriptionId: -1, IsPrimary: 1, Trusted: true, Restricted: false, Ephemeral: false, OEM paid: false, OEM private: false, OSU AP: false, FQDN: <none>, Provider friendly name: <none>, Requesting package name: <none>"AndroidWifi"openMLO Information: , Is TID-To-Link negotiation supported by the AP: false, AP MLD Address: <none>, AP MLO Link Id: <none>, AP MLO Affiliated links: <none>, Vendor Data: <none>
09-19 15:26:20.033   645   800 D WifiScoreCard: txRate: 1 txSpeed: 1
09-19 15:26:20.033   645   800 D WifiScoreCard: network update SIGNAL_POLL "AndroidWifi" ID: 673433585 RSSI -50 txSpeed -1
09-19 15:26:20.033   645   800 D WifiClientModeImpl[3810:wlan0]:  ClientModeImpl$L2ConnectedState screen=on 26 0 "AndroidWifi" 00:13:10:85:fe:01 rssi=-50 f=2447 sc=100 link=1 tx=0.0, 0.0, 0.0 rx=0.0 bcn=0 [on:0 tx:0 rx:0 period:3008] from screen [on:0 period:-1202182399] score=100
09-19 15:26:20.061   491   588 W skia    : AGTM parsing failed flags.readFromStream(s) at 159
09-19 15:26:20.061   491   588 W skia    : AGTM parsing failed flags.readFromStream(s) at 159
09-19 15:26:20.165   491   588 W skia    : AGTM parsing failed flags.readFromStream(s) at 159
09-19 15:26:20.166   491   588 W skia    : AGTM parsing failed flags.readFromStream(s) at 159
09-19 15:26:20.266   491   588 W skia    : AGTM parsing failed flags.readFromStream(s) at 159
09-19 15:26:20.266   491   588 W skia    : AGTM parsing failed flags.readFromStream(s) at 159
09-19 15:26:20.380   491   588 W skia    : AGTM parsing failed flags.readFromStream(s) at 159
09-19 15:26:20.380   491   588 W skia    : AGTM parsing failed flags.readFromStream(s) at 159
09-19 15:26:20.483   491   588 W skia    : AGTM parsing failed flags.readFromStream(s) at 159
09-19 15:26:20.483   491   588 W skia    : AGTM parsing failed flags.readFromStream(s) at 159
09-19 15:26:20.578 21446 21451 I us.godotpreview: NativeAlloc concurrent mark compact GC freed 129KB AllocSpace bytes, 4(384KB) LOS objects, 49% free, 2487KB/4975KB, paused 82us,5.357ms total 22.269ms
09-19 15:26:20.596   491   588 W skia    : AGTM parsing failed flags.readFromStream(s) at 159
09-19 15:26:20.596   491   588 W skia    : AGTM parsing failed flags.readFromStream(s) at 159
09-19 15:26:20.697   491   588 W skia    : AGTM parsing failed flags.readFromStream(s) at 159
09-19 15:26:20.697   491   588 W skia    : AGTM parsing failed flags.readFromStream(s) at 159
09-19 15:26:20.797   491   588 W skia    : AGTM parsing failed flags.readFromStream(s) at 159
09-19 15:26:20.797   491   588 W skia    : AGTM parsing failed flags.readFromStream(s) at 159
09-19 15:26:20.900   491   588 W skia    : AGTM parsing failed flags.readFromStream(s) at 159
09-19 15:26:20.900   491   588 W skia    : AGTM parsing failed flags.readFromStream(s) at 159
09-19 15:26:20.908 21446 21446 I flutter : RN_VALIDATION_CHUNK START {"schema":1,"runner":"flutter_flame_godot","event":"sample","scenario":"fire","sample":54,"elapsed_ms":57123,"rss_bytes":557944832,"enemies":3,"burning":2,"turrets":6,"projectiles":0,"effects":0,"metrics":{"authored_terrain":true,"draw_calls":137.0,"fps":35.8579665943199,"frame_ms":27.8878055555556,"max_frame_ms":37.428,"objects":155.0,"primitives":416477.0,"received_frames":4550,"renderer":"mobile","sequence":5348,"viewport":[880.0,1976.0]}}
09-19 15:26:20.908 21446 21446 I flutter : RN_VALIDATION_END
09-19 15:26:21.002   491   588 W skia    : AGTM parsing failed flags.readFromStream(s) at 159
09-19 15:26:21.003   491   588 W skia    : AGTM parsing failed flags.readFromStream(s) at 159
09-19 15:26:21.103   491   588 W skia    : AGTM parsing failed flags.readFromStream(s) at 159
09-19 15:26:21.103   491   588 W skia    : AGTM parsing failed flags.readFromStream(s) at 159
09-19 15:26:21.213   491   588 W skia    : AGTM parsing failed flags.readFromStream(s) at 159
09-19 15:26:21.213   491   588 W skia    : AGTM parsing failed flags.readFromStream(s) at 159
09-19 15:26:21.313   491   588 W skia    : AGTM parsing failed flags.readFromStream(s) at 159
09-19 15:26:21.313   491   588 W skia    : AGTM parsing failed flags.readFromStream(s) at 159
09-19 15:26:21.415   491   588 W skia    : AGTM parsing failed flags.readFromStream(s) at 159
09-19 15:26:21.415   491   588 W skia    : AGTM parsing failed flags.readFromStream(s) at 159
09-19 15:26:21.514   491   588 W skia    : AGTM parsing failed flags.readFromStream(s) at 159
09-19 15:26:21.514   491   588 W skia    : AGTM parsing failed flags.readFromStream(s) at 159
09-19 15:26:21.615   491   588 W skia    : AGTM parsing failed flags.readFromStream(s) at 159
09-19 15:26:21.615   491   588 W skia    : AGTM parsing failed flags.readFromStream(s) at 159
09-19 15:26:21.717   491   588 W skia    : AGTM parsing failed flags.readFromStream(s) at 159
09-19 15:26:21.717   491   588 W skia    : AGTM parsing failed flags.readFromStream(s) at 159
09-19 15:26:21.801   487   531 D AudioFlinger: mixer(0xb400006ff95ca790) throttle end: throttle time(9)
09-19 15:26:21.825   491   588 W skia    : AGTM parsing failed flags.readFromStream(s) at 159
09-19 15:26:21.825   491   588 W skia    : AGTM parsing failed flags.readFromStream(s) at 159
09-19 15:26:21.928   491   588 W skia    : AGTM parsing failed flags.readFromStream(s) at 159
09-19 15:26:21.928   491   588 W skia    : AGTM parsing failed flags.readFromStream(s) at 159
09-19 15:26:21.929 21446 21446 I flutter : RN_VALIDATION_CHUNK START {"schema":1,"runner":"flutter_flame_godot","event":"sample","scenario":"fire","sample":55,"elapsed_ms":58144,"rss_bytes":557068288,"enemies":3,"burning":2,"turrets":6,"projectiles":0,"effects":0,"metrics":{"authored_terrain":true,"draw_calls":126.0,"fps":34.9816391381201,"frame_ms":28.5864248971194,"max_frame_ms":39.296,"objects":138.0,"primitives":412861.0,"received_frames":4580,"renderer":"mobile","sequence":5379,"viewport":[880.0,1976.0]}}
09-19 15:26:21.929 21446 21446 I flutter : RN_VALIDATION_END
09-19 15:26:22.029   491   588 W skia    : AGTM parsing failed flags.readFromStream(s) at 159
09-19 15:26:22.029   491   588 W skia    : AGTM parsing failed flags.readFromStream(s) at 159
09-19 15:26:22.095   487   531 D AudioFlinger: mixer(0xb400006ff95ca790) throttle end: throttle time(3)
09-19 15:26:22.130   491   588 W skia    : AGTM parsing failed flags.readFromStream(s) at 159
09-19 15:26:22.130   491   588 W skia    : AGTM parsing failed flags.readFromStream(s) at 159
09-19 15:26:22.231   491   588 W skia    : AGTM parsing failed flags.readFromStream(s) at 159
09-19 15:26:22.231   491   588 W skia    : AGTM parsing failed flags.readFromStream(s) at 159
09-19 15:26:22.331   491   588 W skia    : AGTM parsing failed flags.readFromStream(s) at 159
09-19 15:26:22.331   491   588 W skia    : AGTM parsing failed flags.readFromStream(s) at 159
09-19 15:26:22.431   491   588 W skia    : AGTM parsing failed flags.readFromStream(s) at 159
09-19 15:26:22.431   491   588 W skia    : AGTM parsing failed flags.readFromStream(s) at 159
09-19 15:26:22.532   491   588 W skia    : AGTM parsing failed flags.readFromStream(s) at 159
09-19 15:26:22.532   491   588 W skia    : AGTM parsing failed flags.readFromStream(s) at 159
09-19 15:26:22.632   491   588 W skia    : AGTM parsing failed flags.readFromStream(s) at 159
09-19 15:26:22.633   491   588 W skia    : AGTM parsing failed flags.readFromStream(s) at 159
09-19 15:26:22.744   491   588 W skia    : AGTM parsing failed flags.readFromStream(s) at 159
09-19 15:26:22.745   491   588 W skia    : AGTM parsing failed flags.readFromStream(s) at 159
09-19 15:26:22.845   491   588 W skia    : AGTM parsing failed flags.readFromStream(s) at 159
09-19 15:26:22.845   491   588 W skia    : AGTM parsing failed flags.readFromStream(s) at 159
09-19 15:26:22.940 21446 21446 I flutter : RN_VALIDATION_CHUNK START {"schema":1,"runner":"flutter_flame_godot","event":"sample","scenario":"fire","sample":56,"elapsed_ms":59155,"rss_bytes":557211648,"enemies":3,"burning":2,"turrets":6,"projectiles":0,"effects":0,"metrics":{"authored_terrain":true,"draw_calls":130.0,"fps":34.3434661337627,"frame_ms":29.1176201058201,"max_frame_ms":68.4013333333333,"objects":150.0,"primitives":412885.0,"received_frames":4607,"renderer":"mobile","sequence":5407,"viewport":[880.0,1976.0]}}
09-19 15:26:22.941 21446 21446 I flutter : RN_VALIDATION_END
09-19 15:26:22.949   491   588 W skia    : AGTM parsing failed flags.readFromStream(s) at 159
09-19 15:26:22.950   491   588 W skia    : AGTM parsing failed flags.readFromStream(s) at 159
09-19 15:26:23.034   645   800 D WifiClientModeImpl[3810:wlan0]: updateLinkLayerStatsRssiSpeedFrequencyCapabilities rssi=-50 TxLinkspeed=1 freq=2447 RxLinkSpeed=2
09-19 15:26:23.034   645   800 D WifiDataStall: tx tput in kbps: 11000
09-19 15:26:23.034   645   800 D WifiDataStall: rx tput in kbps: 11000
09-19 15:26:23.034   645   800 V WifiConfigManager: Updating scan detail cache freq=2447 BSSID=00:13:10:85:fe:01 RSSI=-50 for "AndroidWifi"NONE
09-19 15:26:23.034   645   800 D WifiThroughputPredictor:  utilization (LLS) 80 isBluetoothConnected: false final utilization: 80
09-19 15:26:23.034   645   800 D WifiThroughputPredictor:  BW: 0 RSSI: -50 Nss: 1 Mode: 1 symDur: 4000 snrDb 30 bitPerTone: 4500 rate: 54 throughput: 11
09-19 15:26:23.034   645   800 D WifiThroughputPredictor:  utilization (LLS) 80 isBluetoothConnected: false final utilization: 80
09-19 15:26:23.034   645   800 D WifiThroughputPredictor:  BW: 0 RSSI: -50 Nss: 1 Mode: 1 symDur: 4000 snrDb 30 bitPerTone: 4500 rate: 54 throughput: 11
09-19 15:26:23.034   645   800 D WifiThroughputPredictor:  utilization (LLS) 80 isBluetoothConnected: false final utilization: 80
09-19 15:26:23.034   645   800 D WifiThroughputPredictor:  BW: 0 RSSI: -50 Nss: 1 Mode: 1 symDur: 4000 snrDb 30 bitPerTone: 4500 rate: 54 throughput: 11
09-19 15:26:23.034   645   800 D WifiThroughputPredictor:  utilization (LLS) 80 isBluetoothConnected: false final utilization: 80
09-19 15:26:23.034   645   800 D WifiThroughputPredictor:  BW: 0 RSSI: -50 Nss: 1 Mode: 1 symDur: 4000 snrDb 30 bitPerTone: 4500 rate: 54 throughput: 11
09-19 15:26:23.036   645   800 I HalDevMgr: bestIfaceCreationProposal is null, requestIface=STA, existingIface=[name=wlan0 type=STA]
09-19 15:26:23.036   645   800 D WifiScoreCard: BSSID update SIGNAL_POLL ID: 760286919 SSID: "AndroidWifi", BSSID: 00:13:10:85:fe:01, MAC: 02:15:b2:00:00:00, IP: /10.0.2.16, Security type: 0, Supplicant state: COMPLETED, Wi-Fi standard: legacy, RSSI: -50, Link speed: 1Mbps, Tx Link speed: 1Mbps, Max Supported Tx Link speed: 11Mbps, Calculated Tx : 0Mbps, Rx Link speed: 2Mbps, Max Supported Rx Link speed: 11Mbps, Calculated Rx : 0Mbps, Frequency: 2447MHz, Net ID: 0, Metered hint: false, score: 100, isUsable: true, CarrierMerged: false, SubscriptionId: -1, IsPrimary: 1, Trusted: true, Restricted: false, Ephemeral: false, OEM paid: false, OEM private: false, OSU AP: false, FQDN: <none>, Provider friendly name: <none>, Requesting package name: <none>"AndroidWifi"openMLO Information: , Is TID-To-Link negotiation supported by the AP: false, AP MLD Address: <none>, AP MLO Link Id: <none>, AP MLO Affiliated links: <none>, Vendor Data: <none>
09-19 15:26:23.036   645   800 D WifiScoreCard: txRate: 1 txSpeed: 1
09-19 15:26:23.036   645   800 D WifiScoreCard: network update SIGNAL_POLL "AndroidWifi" ID: 673433585 RSSI -50 txSpeed -1
09-19 15:26:23.036   645   800 D WifiClientModeImpl[3810:wlan0]:  ClientModeImpl$L2ConnectedState screen=on 26 0 "AndroidWifi" 00:13:10:85:fe:01 rssi=-50 f=2447 sc=100 link=1 tx=0.0, 0.0, 0.0 rx=0.0 bcn=0 [on:0 tx:0 rx:0 period:3003] from screen [on:0 period:-1202179396] score=100
09-19 15:26:23.051   491   588 W skia    : AGTM parsing failed flags.readFromStream(s) at 159
09-19 15:26:23.051   491   588 W skia    : AGTM parsing failed flags.readFromStream(s) at 159
09-19 15:26:23.181   491   588 W skia    : AGTM parsing failed flags.readFromStream(s) at 159
09-19 15:26:23.181   491   588 W skia    : AGTM parsing failed flags.readFromStream(s) at 159
09-19 15:26:23.282   491   588 W skia    : AGTM parsing failed flags.readFromStream(s) at 159
09-19 15:26:23.283   491   588 W skia    : AGTM parsing failed flags.readFromStream(s) at 159
09-19 15:26:23.394   491   588 W skia    : AGTM parsing failed flags.readFromStream(s) at 159
09-19 15:26:23.394   491   588 W skia    : AGTM parsing failed flags.readFromStream(s) at 159
09-19 15:26:23.498   491   588 W skia    : AGTM parsing failed flags.readFromStream(s) at 159
09-19 15:26:23.498   491   588 W skia    : AGTM parsing failed flags.readFromStream(s) at 159
09-19 15:26:23.611   491   588 W skia    : AGTM parsing failed flags.readFromStream(s) at 159
09-19 15:26:23.612   491   588 W skia    : AGTM parsing failed flags.readFromStream(s) at 159
09-19 15:26:23.714   491   588 W skia    : AGTM parsing failed flags.readFromStream(s) at 159
09-19 15:26:23.715   491   588 W skia    : AGTM parsing failed flags.readFromStream(s) at 159
09-19 15:26:23.815   491   588 W skia    : AGTM parsing failed flags.readFromStream(s) at 159
09-19 15:26:23.816   491   588 W skia    : AGTM parsing failed flags.readFromStream(s) at 159
09-19 15:26:23.930   491   588 W skia    : AGTM parsing failed flags.readFromStream(s) at 159
09-19 15:26:23.930   491   588 W skia    : AGTM parsing failed flags.readFromStream(s) at 159
09-19 15:26:23.981 21446 21446 I flutter : RN_VALIDATION_CHUNK START {"schema":1,"runner":"flutter_flame_godot","event":"sample","scenario":"fire","sample":57,"elapsed_ms":60195,"rss_bytes":557555712,"enemies":3,"burning":2,"turrets":6,"projectiles":0,"effects":0,"metrics":{"authored_terrain":true,"draw_calls":125.0,"fps":37.6245074159885,"frame_ms":26.5784210526316,"max_frame_ms":35.219,"objects":137.0,"primitives":414053.0,"received_frames":4631,"renderer":"mobile","sequence":5433,"viewport":[880.0,1976.0]}}
09-19 15:26:23.981 21446 21446 I flutter : RN_VALIDATION_END
09-19 15:26:24.032   491   588 W skia    : AGTM parsing failed flags.readFromStream(s) at 159
09-19 15:26:24.032   491   588 W skia    : AGTM parsing failed flags.readFromStream(s) at 159
09-19 15:26:24.131   491   588 W skia    : AGTM parsing failed flags.readFromStream(s) at 159
09-19 15:26:24.131   491   588 W skia    : AGTM parsing failed flags.readFromStream(s) at 159
09-19 15:26:24.242   491   588 W skia    : AGTM parsing failed flags.readFromStream(s) at 159
09-19 15:26:24.242   491   588 W skia    : AGTM parsing failed flags.readFromStream(s) at 159
09-19 15:26:24.335   892   892 D wpa_supplicant: nl80211: Drv Event 64 (NL80211_CMD_NOTIFY_CQM) received for wlan0
09-19 15:26:24.335   892   892 D wpa_supplicant: nl80211: Beacon loss event
09-19 15:26:24.335   892   892 D wpa_supplicant: wlan0: Event BEACON_LOSS (53) received
09-19 15:26:24.336   892   892 I wpa_supplicant: wlan0: CTRL-EVENT-BEACON-LOSS 
09-19 15:26:24.345   491   588 W skia    : AGTM parsing failed flags.readFromStream(s) at 159
09-19 15:26:24.346   491   588 W skia    : AGTM parsing failed flags.readFromStream(s) at 159
09-19 15:26:24.447   491   588 W skia    : AGTM parsing failed flags.readFromStream(s) at 159
09-19 15:26:24.447   491   588 W skia    : AGTM parsing failed flags.readFromStream(s) at 159
09-19 15:26:24.547   491   588 W skia    : AGTM parsing failed flags.readFromStream(s) at 159
09-19 15:26:24.547   491   588 W skia    : AGTM parsing failed flags.readFromStream(s) at 159
09-19 15:26:24.647   491   588 W skia    : AGTM parsing failed flags.readFromStream(s) at 159
09-19 15:26:24.647   491   588 W skia    : AGTM parsing failed flags.readFromStream(s) at 159
09-19 15:26:24.748   491   588 W skia    : AGTM parsing failed flags.readFromStream(s) at 159
09-19 15:26:24.748   491   588 W skia    : AGTM parsing failed flags.readFromStream(s) at 159
09-19 15:26:24.848   491   588 W skia    : AGTM parsing failed flags.readFromStream(s) at 159
09-19 15:26:24.848   491   588 W skia    : AGTM parsing failed flags.readFromStream(s) at 159
09-19 15:26:24.963   491   588 W skia    : AGTM parsing failed flags.readFromStream(s) at 159
09-19 15:26:24.963   491   588 W skia    : AGTM parsing failed flags.readFromStream(s) at 159
09-19 15:26:24.992 21446 21446 I flutter : RN_VALIDATION_CHUNK START {"schema":1,"runner":"flutter_flame_godot","event":"sample","scenario":"fire","sample":58,"elapsed_ms":61207,"rss_bytes":557301760,"enemies":3,"burning":2,"turrets":6,"projectiles":0,"effects":0,"metrics":{"authored_terrain":true,"draw_calls":129.0,"fps":37.5665446852401,"frame_ms":26.6194298245614,"max_frame_ms":35.3344285714286,"objects":143.0,"primitives":413269.0,"received_frames":4656,"renderer":"mobile","sequence":5461,"viewport":[880.0,1976.0]}}
09-19 15:26:24.992 21446 21446 I flutter : RN_VALIDATION_END
09-19 15:26:25.064   491   588 W skia    : AGTM parsing failed flags.readFromStream(s) at 159
09-19 15:26:25.064   491   588 W skia    : AGTM parsing failed flags.readFromStream(s) at 159
09-19 15:26:25.166   491   588 W skia    : AGTM parsing failed flags.readFromStream(s) at 159
09-19 15:26:25.166   491   588 W skia    : AGTM parsing failed flags.readFromStream(s) at 159
09-19 15:26:25.266   491   588 W skia    : AGTM parsing failed flags.readFromStream(s) at 159
09-19 15:26:25.266   491   588 W skia    : AGTM parsing failed flags.readFromStream(s) at 159
09-19 15:26:25.382   491   588 W skia    : AGTM parsing failed flags.readFromStream(s) at 159
09-19 15:26:25.382   491   588 W skia    : AGTM parsing failed flags.readFromStream(s) at 159
09-19 15:26:25.496   491   588 W skia    : AGTM parsing failed flags.readFromStream(s) at 159
09-19 15:26:25.497   491   588 W skia    : AGTM parsing failed flags.readFromStream(s) at 159
09-19 15:26:25.610   491   588 W skia    : AGTM parsing failed flags.readFromStream(s) at 159
09-19 15:26:25.610   491   588 W skia    : AGTM parsing failed flags.readFromStream(s) at 159
09-19 15:26:25.712   491   588 W skia    : AGTM parsing failed flags.readFromStream(s) at 159
09-19 15:26:25.712   491   588 W skia    : AGTM parsing failed flags.readFromStream(s) at 159
09-19 15:26:25.813   491   588 W skia    : AGTM parsing failed flags.readFromStream(s) at 159
09-19 15:26:25.813   491   588 W skia    : AGTM parsing failed flags.readFromStream(s) at 159
09-19 15:26:25.914   491   588 W skia    : AGTM parsing failed flags.readFromStream(s) at 159
09-19 15:26:25.914   491   588 W skia    : AGTM parsing failed flags.readFromStream(s) at 159
09-19 15:26:26.014   491   588 W skia    : AGTM parsing failed flags.readFromStream(s) at 159
09-19 15:26:26.015   491   588 W skia    : AGTM parsing failed flags.readFromStream(s) at 159
09-19 15:26:26.029 21446 21446 I flutter : RN_VALIDATION_CHUNK START {"schema":1,"runner":"flutter_flame_godot","event":"sample","scenario":"fire","sample":59,"elapsed_ms":62244,"rss_bytes":557154304,"enemies":3,"burning":2,"turrets":6,"projectiles":0,"effects":0,"metrics":{"authored_terrain":true,"draw_calls":141.0,"fps":33.9079602327442,"frame_ms":29.4916,"max_frame_ms":45.4903333333339,"objects":161.0,"primitives":415693.0,"received_frames":4685,"renderer":"mobile","sequence":5490,"viewport":[880.0,1976.0]}}
09-19 15:26:26.029 21446 21446 I flutter : RN_VALIDATION_END
09-19 15:26:26.036 21446 21446 I flutter : RN_VALIDATION_CHUNK START {"schema":1,"runner":"flutter_flame_godot","event":"end","scenario":"fire","enemies":3,"burning":2,"turrets":6,"projectiles":0,"effects":0,"elapsed_ms":62244,"flutter_update_fps":29.930595720069405,"game_update_us":{"samples":1863,"mean":471.1492216854536,"p50":299,"p95":1344,"p99":3300,"max":7789,"over_16_667_ms_ratio":0.0,"over_33_334_ms_ratio":0.0},"flutter_update_gap_us":{"samples":1862,"mean":33415.422126745434,"p50":32383,"p95":48251,"p99":57857,"max":76056,"over_16_667_ms_ratio":0.9989258861439313,"over_33_334_ms_ratio":0.4505907626208378},"flutter_build_us":{"samples":1865,"mean":7286.195710455764,"p50":6694,"p95":12918,"p99":17995,"max":31737,"over_16_667_ms_ratio":0.012868632707774
09-19 15:26:26.036 21446 21446 I flutter : RN_VALIDATION_CHUNK CONT 798,"over_33_334_ms_ratio":0.0},"flutter_raster_us":{"samples":1865,"mean":17794.081501340483,"p50":17287,"p95":27110,"p99":34034,"max":56025,"over_16_667_ms_ratio":0.5517426273458444,"over_33_334_ms_ratio":0.012332439678284183},"flutter_total_span_us":{"samples":1865,"mean":43966.846648793566,"p50":43079,"p95":64452,"p99":79547,"max":110994,"over_16_667_ms_ratio":1.0,"over_33_334_ms_ratio":0.8359249329758713},"rss_bytes":557154304}
09-19 15:26:26.036 21446 21446 I flutter : RN_VALIDATION_END
