--------- beginning of main
09-19 14:23:33.329   491   588 W skia    : AGTM parsing failed flags.readFromStream(s) at 159
09-19 14:23:33.329   491   588 W skia    : AGTM parsing failed flags.readFromStream(s) at 159
09-19 14:23:33.385 16828 16828 I adbd    : adbd service requested 'shell,v2,TERM=dumb:export ANDROID_LOG_TAGS=''; exec logcat '-v' 'threadtime''
09-19 14:23:33.390 16828 16828 I adbd    : adbd service requested 'shell,v2,TERM=dumb,raw:am start -n com.example.rune_nexus.godotpreview/com.example.rune_nexus.GodotPreviewActivity'
--------- beginning of kernel
09-19 14:23:33.401   301   301 I logd    : logdr: UID=0 GID=0 PID=20538 b tail=0 logMask=99 pid=0 start=0ns deadline=0ns
09-19 14:23:33.430   491   588 W skia    : AGTM parsing failed flags.readFromStream(s) at 159
09-19 14:23:33.431   491   588 W skia    : AGTM parsing failed flags.readFromStream(s) at 159
--------- beginning of system
09-19 14:23:33.441   645  2005 W ActivityTaskManager: callingPackage for (uid=0, pid=20543) has no WPC
09-19 14:23:33.442   645  2005 V GrammaticalInflectionUtils: AttributionSource: AttributionSource { uid = 10231, packageName = null, attributionTag = null, token = android.os.Binder@5e8b328, deviceId = 0, next = null } does not have READ_SYSTEM_GRAMMATICAL_GENDER permission.
09-19 14:23:33.447  1031  1031 D RecentsView: onTaskDisplayChanged: 143, new displayId = 0
09-19 14:23:33.451   491   700 I libbinder.BpBinder: onLastStrongRef automatically unlinking death recipients for binder (0xb400007a0cc5e920) with descriptor: '(not cached)'
09-19 14:23:33.457   645  2005 D CorePackageUpdate: onRecentTaskRemoved Removing task: 130
09-19 14:23:33.458   645  2005 D CorePackageUpdate: Couldn't find a persistent state for task= 130
09-19 14:23:33.460   645  2005 V ActivityTaskManager: TaskLaunchParamsModifier: phase=3 task=Task{9fcb988 #143 type=standard I=com.example.rune_nexus.godotpreview/com.example.rune_nexus.GodotPreviewActivity} activity=ActivityRecord{247771435 u0 com.example.rune_nexus.godotpreview/com.example.rune_nexus.GodotPreviewActivity t-1} display-from-task=0 display-id=0 task-display-area-windowing-mode=1 suggested-display-area=DefaultTaskDisplayArea@217058776 inherit-from-task=fullscreen non-freeform-task-display-area display-area=DefaultTaskDisplayArea@217058776 skip-bounds-fullscreen
09-19 14:23:33.461   645  2005 I ActivityTaskManager: START u0 {flg=0x10000000 xflg=0x4 cmp=com.example.rune_nexus.godotpreview/com.example.rune_nexus.GodotPreviewActivity} with LAUNCH_SINGLE_TOP from uid 0 (com.android.shell) (BAL_ALLOW_ALLOWLISTED_UID) result code=0
09-19 14:23:33.461   906   973 V WindowManagerShell: Transition requested (#510): android.os.BinderProxy@21a74c7 TransitionRequestInfo { type = OPEN, triggerTask = TaskInfo{userId=0 taskId=143 effectiveUid=10231 displayId=0 isRunning=true baseIntent=Intent { flg=0x10000000 cmp=com.example.rune_nexus.godotpreview/com.example.rune_nexus.GodotPreviewActivity } baseActivity=ComponentInfo{com.example.rune_nexus.godotpreview/com.example.rune_nexus.GodotPreviewActivity} topActivity=ComponentInfo{com.example.rune_nexus.godotpreview/com.example.rune_nexus.GodotPreviewActivity} origActivity=null realActivity=ComponentInfo{com.example.rune_nexus.godotpreview/com.example.rune_nexus.GodotPreviewActivity} realActivityIsAppLockEnabled=false numActivities=1 lastActiveTime=662996965 supportsMultiWindow=true supportsMultiWindowWithoutConstraints=true resizeMode=1 isResizeable=true minWidth=-1 minHeight=-1 defaultMinSize=220 token=WCT{android.os.BinderProxy@dc28af4} topActivityType=1 pictureInPictureParams=null shouldDockBigOverlays=false launchIntoPipHostTaskId=-1 lastParentTaskIdBeforePip=-1 displayCutoutSafeInsets=Rect(0, 142 - 0, 0) topActivityInfo=ActivityInfo{ee3b21d com.example.rune_nexus.GodotPreviewActivity} launchCookies=[] positionInParent=Point(0, 0) parentTaskId=-1 isFocused=false isInteractive=false isVisible=false isVisibleRequested=false isTopActivityNoDisplay=false isSleeping=false locusId=null displayAreaFeatureId=1 isTopActivityTransparent=false isActivityStackTransparent=false lastNonFullscreenBounds=null leafTaskBoundsFromOptions= false capturedLink=null capturedLinkTimestamp=0 requestedVisibleTypes=503 topActivityRequestOpenInBrowserEducationTimestamp=0 appCompatTaskInfo=AppCompatTaskInfo { topActivityInSizeCompat=false isLeafTask= true eligibleForLetterboxEducation= false isLetterboxEducationEnabled= true isLetterboxDoubleTapEnabled= false eligibleForUserAspectRatioButton= false topActivityBoundsLetterboxed= false isFromLetterboxDoubleTap= false topActivityLetterboxVerticalPosition= -1 topActivityLetterboxHorizontalPosition= -1 topActivityLetterboxWidth=-1 topActivityLetterboxHeight=-1 topActivityAppBounds=Rect(0, 0 - 1080, 2424) isUserFullscreenOverrideEnabled=false isSystemFullscreenOverrideEnabled=false hasMinAspectRatioOverride=false topActivityLetterboxBounds=null topNonResizableActivityAspectRatio=-1.0} topActivityMainWindowFrame=null isAppBubble=false}, pipChange = null, remoteTransitionInfo = null, displayChanges = null, requestedLocation = null, userChange = null, windowingLayerChange = null, fullscreenRequestChange = null, flags = 0, debugId = 510 }
09-19 14:23:33.463   906   973 W DisconnectHandler: No disconnect change found in the transition, not handling request.
09-19 14:23:33.464   906   973 V ShellDesktopMode: DesktopTasksController: skipping handleRequest reason=triggerTask's display doesn't support desktop mode
09-19 14:23:33.464   906   973 D ShellSplitScreen: logExit: no-op, mLoggerSessionId is null
09-19 14:23:33.464   645   988 D CompatChangeReporter: Compat change id reported: 377864165; UID 10231; state: ENABLED
09-19 14:23:33.478   550  4243 W libbinder.IPCThreadState: Sending oneway calls to frozen process.
09-19 14:23:33.478   550  4243 W libbinder.IPCThreadState: Sending oneway calls to frozen process.
09-19 14:23:33.478   550  4243 W libbinder.IPCThreadState: Sending oneway calls to frozen process.
09-19 14:23:33.483   645  2005 D CompatChangeReporter: Compat change id reported: 463899193; UID 10231; state: ENABLED
09-19 14:23:33.484   645   800 D WifiClientModeImpl[3810:wlan0]: updateLinkLayerStatsRssiSpeedFrequencyCapabilities rssi=-50 TxLinkspeed=1 freq=2447 RxLinkSpeed=2
09-19 14:23:33.484   645   800 D WifiDataStall: tx tput in kbps: 11000
09-19 14:23:33.484   645   800 D WifiDataStall: rx tput in kbps: 11000
09-19 14:23:33.484   645   800 V WifiConfigManager: Updating scan detail cache freq=2447 BSSID=00:13:10:85:fe:01 RSSI=-50 for "AndroidWifi"NONE
09-19 14:23:33.484   645   800 D WifiThroughputPredictor:  utilization (LLS) 80 isBluetoothConnected: false final utilization: 80
09-19 14:23:33.491   906  1093 D SplashScreenView: Build android.window.SplashScreenView{989924 V.E...... ......ID 0,0-0,0}
09-19 14:23:33.491   906  1093 D SplashScreenView: Icon: view: android.widget.ImageView{57a5c8d V.ED..... ......I. 0,0-0,0 #1020575 android:id/splashscreen_icon_view} drawable: com.android.wm.shell.startingsurface.SplashscreenIconDrawableFactory$ImmobileIconDrawable@f5a8e42 size: 420
09-19 14:23:33.491   906  1093 D SplashScreenView: Branding: view: android.view.View{9f2de53 G.ED..... ......I. 0,0-0,0 #1020574 android:id/splashscreen_branding_view} drawable: null size w: 0 h: 0
09-19 14:23:33.492   431   475 I netd    : tetherGetStats() -> {[]} <0.71ms>
09-19 14:23:33.497   645  2005 W InputChannel-JNI: Channel already disposed.
09-19 14:23:33.497   645   800 D WifiThroughputPredictor:  BW: 0 RSSI: -50 Nss: 1 Mode: 1 symDur: 4000 snrDb 30 bitPerTone: 4500 rate: 54 throughput: 11
09-19 14:23:33.497   645   800 D WifiThroughputPredictor:  utilization (LLS) 80 isBluetoothConnected: false final utilization: 80
09-19 14:23:33.497   645   800 D WifiThroughputPredictor:  BW: 0 RSSI: -50 Nss: 1 Mode: 1 symDur: 4000 snrDb 30 bitPerTone: 4500 rate: 54 throughput: 11
09-19 14:23:33.498   645   800 D WifiThroughputPredictor:  utilization (LLS) 80 isBluetoothConnected: false final utilization: 80
09-19 14:23:33.498   645   800 D WifiThroughputPredictor:  BW: 0 RSSI: -50 Nss: 1 Mode: 1 symDur: 4000 snrDb 30 bitPerTone: 4500 rate: 54 throughput: 11
09-19 14:23:33.498   645   800 D WifiThroughputPredictor:  utilization (LLS) 80 isBluetoothConnected: false final utilization: 80
09-19 14:23:33.498   645   800 D WifiThroughputPredictor:  BW: 0 RSSI: -50 Nss: 1 Mode: 1 symDur: 4000 snrDb 30 bitPerTone: 4500 rate: 54 throughput: 11
09-19 14:23:33.498   645   800 I HalDevMgr: bestIfaceCreationProposal is null, requestIface=STA, existingIface=[name=wlan0 type=STA]
09-19 14:23:33.499   645   800 D WifiScoreCard: BSSID update SIGNAL_POLL ID: 760286919 SSID: "AndroidWifi", BSSID: 00:13:10:85:fe:01, MAC: 02:15:b2:00:00:00, IP: /10.0.2.16, Security type: 0, Supplicant state: COMPLETED, Wi-Fi standard: legacy, RSSI: -50, Link speed: 1Mbps, Tx Link speed: 1Mbps, Max Supported Tx Link speed: 11Mbps, Calculated Tx : 0Mbps, Rx Link speed: 2Mbps, Max Supported Rx Link speed: 11Mbps, Calculated Rx : 0Mbps, Frequency: 2447MHz, Net ID: 0, Metered hint: false, score: 100, isUsable: true, CarrierMerged: false, SubscriptionId: -1, IsPrimary: 1, Trusted: true, Restricted: false, Ephemeral: false, OEM paid: false, OEM private: false, OSU AP: false, FQDN: <none>, Provider friendly name: <none>, Requesting package name: <none>"AndroidWifi"openMLO Information: , Is TID-To-Link negotiation supported by the AP: false, AP MLD Address: <none>, AP MLO Link Id: <none>, AP MLO Affiliated links: <none>, Vendor Data: <none>
09-19 14:23:33.499   645   800 D WifiScoreCard: txRate: 1 txSpeed: 1
09-19 14:23:33.499   645   800 D WifiScoreCard: network update SIGNAL_POLL "AndroidWifi" ID: 673433585 RSSI -50 txSpeed -1
09-19 14:23:33.499   645   800 D WifiClientModeImpl[3810:wlan0]:  ClientModeImpl$L2ConnectedState screen=on 26 0 "AndroidWifi" 00:13:10:85:fe:01 rssi=-50 f=2447 sc=100 link=1 tx=0.0, 0.0, 0.0 rx=0.0 bcn=0 [on:0 tx:0 rx:0 period:3019] from screen [on:0 period:-1205948933] score=100
09-19 14:23:33.499 19634 19634 V Godot   : OnPause: p0.e@7e48f90
09-19 14:23:33.513   645   669 V GrammaticalInflectionUtils: AttributionSource: AttributionSource { uid = 10231, packageName = null, attributionTag = null, token = android.os.Binder@5e8b328, deviceId = 0, next = null } does not have READ_SYSTEM_GRAMMATICAL_GENDER permission.
09-19 14:23:33.517   645  2007 D WindowManager: setClientSurface Surface(name=VRI-Splash Screen com.example.rune_nexus.godotpreview#6810)/@0x1ec1aa3 for 967e634 Splash Screen com.example.rune_nexus.godotpreview
09-19 14:23:33.522 19634 19706 D mple.rune_nexus: PlayerBase::pause() from IPlayer
09-19 14:23:33.527   645   888 E AppOps  : attributionTag  not declared in manifest of com.example.rune_nexus
09-19 14:23:33.527   645   888 E AppOps  : attributionTag  not declared in manifest of com.example.rune_nexus
09-19 14:23:33.528 19634 19706 V VkRenderer: Renderer paused
09-19 14:23:33.528   645   835 I AppWidgetServiceImpl: Received broadcast: android.intent.action.PACKAGE_UNSTOPPED on user 0
09-19 14:23:33.529   645   835 I AppWidgetServiceImpl: Updating package stopped masked state for uid 10231 package com.example.rune_nexus.godotpreview isStopped false
09-19 14:23:33.533  1009  1009 I bluetooth: system/btif/avrcp/avrcp_service.cc:533 SendMediaUpdate: track_changed=false :  play_state=true :  queue=false
09-19 14:23:33.534  1009  1009 E MediaControlProfile: onCurrentPlayerStateUpdated: base actions not supported, player actions= 0, expected at least= 7f
09-19 14:23:33.535  1009  1009 W MediaControlGattService: Feature PLAYBACK_SPEED support: true
09-19 14:23:33.535  1009  1009 W MediaControlGattService: Feature PLAYBACK_SPEED support: true
09-19 14:23:33.535  1009  1009 W MediaControlGattService: Feature PLAYBACK_SPEED support: true
09-19 14:23:33.535  1009  1009 W MediaControlGattService: Feature PLAYBACK_SPEED_NOTIFY support: true
09-19 14:23:33.537   906   973 V RecentTasksController: Notify recent tasks changed
09-19 14:23:33.537  1031  1031 D RecentTasksList: invalidateLoadedTasks - previous requestLoadId: -1
09-19 14:23:33.538   906  1092 I Surface : Creating surface for consumer unnamed-906-237 with slotExpansion=1 for 64 slots
09-19 14:23:33.539   906  1092 I Surface : Creating surface for consumer VRI[godotpreview]#237(BLAST Consumer)237 with slotExpansion=1 for 64 slots
09-19 14:23:33.541   906   973 D ShellDesktopMode: DesktopRepository(0): Removes freeform task: taskId=130
09-19 14:23:33.541   906   973 W ShellDesktopMode: DesktopRepository(0): No display id found for task: taskId=130
09-19 14:23:33.541   906   973 V RecentTasksController: Notify recent tasks changed
09-19 14:23:33.542  1031  1031 D RecentTasksList: invalidateLoadedTasks - previous requestLoadId: -1
09-19 14:23:33.549  1009  1009 W MediaControlGattService: Feature TRACK_POSITION support: true
09-19 14:23:33.549  1009  1009 W MediaControlGattService: Feature TRACK_POSITION_NOTIFY support: true
09-19 14:23:33.549  1009  1009 W MediaControlGattService: Feature MEDIA_STATE support: true
09-19 14:23:33.549  1009  1009 W MediaControlGattService: Feature MEDIA_STATE support: true
09-19 14:23:33.550  1009  1009 W MediaControlGattService: Feature MEDIA_CONTROL_POINT_OPCODES_SUPPORTED support: true
09-19 14:23:33.550  1009  1009 W MediaControlGattService: Feature MEDIA_STATE support: true
09-19 14:23:33.550  1009  1009 W MediaControlGattService: Feature MEDIA_STATE support: true
09-19 14:23:33.551  1009  1009 W MediaControlGattService: Feature MEDIA_STATE support: true
09-19 14:23:33.551  1009  1009 W MediaControlGattService: Feature SEEKING_SPEED support: true
09-19 14:23:33.551  1009  1009 W MediaControlGattService: Feature SEEKING_SPEED support: true
09-19 14:23:33.551  1009  1009 W MediaControlGattService: Feature SEEKING_SPEED support: true
09-19 14:23:33.551  1009  1009 W MediaControlProfile: MCS service state fields left unhandled: 
09-19 14:23:33.551  1009  1009 W MediaControlProfile:    > PLAYER_NAME
09-19 14:23:33.551  1009  1009 W MediaControlProfile:    > PLAYING_ORDER_SUPPORTED
09-19 14:23:33.566   433   433 D Zygote  : Forked child process 20549
09-19 14:23:33.569   645   676 W ActivityManager: Slow operation: 54ms so far, now at startProcess: returned from zygote!
09-19 14:23:33.570   645   676 W ActivityManager: Slow operation: 55ms so far, now at startProcess: done updating battery stats
09-19 14:23:33.570   645   676 W ActivityManager: Slow operation: 55ms so far, now at startProcess: building log message
09-19 14:23:33.570   645   676 I ActivityManager: Start proc 20549:com.example.rune_nexus.godotpreview/u0a231 for next-top-activity {com.example.rune_nexus.godotpreview/com.example.rune_nexus.GodotPreviewActivity}
09-19 14:23:33.570   645   676 W ActivityManager: Slow operation: 56ms so far, now at startProcess: starting to update pids map
09-19 14:23:33.571   645   676 W ActivityManager: Slow operation: 56ms so far, now at startProcess: done updating pids map
09-19 14:23:33.581 20549 20549 I libprocessgroup: Created cgroup /sys/fs/cgroup/apps/uid_10231/pid_20549
09-19 14:23:33.601   906  1726 V WindowManagerShell: onTransitionReady(transaction=2770253952029)
09-19 14:23:33.604 20549 20549 I Zygote  : Process 20549 created for com.example.rune_nexus.godotpreview
09-19 14:23:33.604   491   588 W skia    : AGTM parsing failed flags.readFromStream(s) at 159
09-19 14:23:33.605   491   588 W skia    : AGTM parsing failed flags.readFromStream(s) at 159
09-19 14:23:33.605   491   588 W skia    : AGTM parsing failed flags.readFromStream(s) at 159
09-19 14:23:33.608 20549 20549 I us.godotpreview: Using generational CollectorTypeCMC GC.
09-19 14:23:33.613   906   973 V WindowManagerShell: onTransitionReady (#510) android.os.BinderProxy@21a74c7: {id=510 t=OPEN f=0x0 trk=0 r=[0@Point(0, 0)] c=[
09-19 14:23:33.613   906   973 V WindowManagerShell:         {m=OPEN f=MOVE_TO_TOP|FLAG_CHANGED_INTERACTIVE leash=Surface(name=Task=143#6807)/@0xb400243 sb=Rect(0, 0 - 1080, 2424) eb=Rect(0, 0 - 1080, 2424) epz=Point(1080, 2424) d=0 taskParent=-1 winMode=1 userId=0},
09-19 14:23:33.613   906   973 V WindowManagerShell:         {m=TO_BACK f=FLAG_CHANGED_INTERACTIVE leash=Surface(name=Task=142#6725)/@0xdc390c0 sb=Rect(0, 0 - 1080, 2424) eb=Rect(0, 0 - 1080, 2424) epz=Point(1080, 2424) d=0 taskParent=-1 winMode=1 userId=0}
09-19 14:23:33.613   906   973 V WindowManagerShell:     ]}
09-19 14:23:33.617   906   973 V WindowManagerShell: Playing animation for (#510) android.os.BinderProxy@21a74c7@0
09-19 14:23:33.617   906   973 D ShellSplitScreen: startAnimation: transition=510 isSplitActive=false
09-19 14:23:33.617   906   973 V ShellRecents: RecentsTransitionHandler.startAnimation: no controller found
09-19 14:23:33.618   906   973 V ShellDesktopMode: DesktopMixedTransitionHandler: No pending desktop transition
09-19 14:23:33.618   906   973 V WindowManagerShell: Transition doesn't have explicit remote, search filters for match for {id=510 t=OPEN f=0x0 trk=0 r=[0@Point(0, 0)] c=[{m=OPEN f=MOVE_TO_TOP|FLAG_CHANGED_INTERACTIVE leash=Surface(name=Task=143#6807)/@0xb400243 sb=Rect(0, 0 - 1080, 2424) eb=Rect(0, 0 - 1080, 2424) epz=Point(1080, 2424) d=0 taskParent=-1 winMode=1 userId=0},{m=TO_BACK f=FLAG_CHANGED_INTERACTIVE leash=Surface(name=Task=142#6725)/@0xdc390c0 sb=Rect(0, 0 - 1080, 2424) eb=Rect(0, 0 - 1080, 2424) epz=Point(1080, 2424) d=0 taskParent=-1 winMode=1 userId=0}]}
09-19 14:23:33.618   906   973 V WindowManagerShell:  Checking filter Pair{{types=[] flags=0x0 notFlags=0x0 checks=[{atype=undefined independent=true modes=[CLOSE,TO_BACK] flags=IN_TASK_WITH_EMBEDDED_ACTIVITY mustBeTask=false order=ANY topActivity=null launchCookie=null taskFragmentToken=android.os.BinderProxy@b58a295 windowingMode=undefined isCrossDisplayMove=false}]} RemoteTransition { remoteTransition = android.window.IRemoteTransition$Stub$Proxy@a84cfaa, appThread = android.app.IApplicationThread$Stub$Proxy@94e679b, debugName = overlayBackTransition, filter = {types=[] flags=0x0 notFlags=0x0 checks=[{atype=undefined independent=true modes=[CLOSE,TO_BACK] flags=IN_TASK_WITH_EMBEDDED_ACTIVITY mustBeTask=false order=ANY topActivity=null launchCookie=null taskFragmentToken=android.os.BinderProxy@b58a295 windowingMode=undefined isCrossDisplayMove=false}]} }}
09-19 14:23:33.618   906   973 V WindowManagerShell:  Checking filter Pair{{types=[] flags=0x0 notFlags=0x0 checks=[{atype=dream independent=true modes=[OPEN,TO_FRONT] flags=NONE mustBeTask=false order=ANY topActivity=null launchCookie=null windowingMode=undefined isCrossDisplayMove=false},{atype=home independent=true modes=[CLOSE,TO_BACK] flags=NONE mustBeTask=false order=ANY topActivity=null launchCookie=null windowingMode=undefined isCrossDisplayMove=false}]} RemoteTransition { remoteTransition = android.window.IRemoteTransition$Stub$Proxy@6d58738, appThread = android.app.IApplicationThread$Stub$Proxy@56dd311, debugName = LauncherToDream, filter = {types=[] flags=0x0 notFlags=0x0 checks=[{atype=dream independent=true modes=[OPEN,TO_FRONT] flags=NONE mustBeTask=false order=ANY topActivity=null launchCookie=null windowingMode=undefined isCrossDisplayMove=false},{atype=home independent=true modes=[CLOSE,TO_BACK] flags=NONE mustBeTask=false order=ANY topActivity=null launchCookie=null windowingMode=undefined isCrossDisplayMove=false}]} }}
09-19 14:23:33.618   906   973 V WindowManagerShell:  Checking filter Pair{{types=[] flags=0x0 notFlags=0x0 checks=[{atype=standard independent=false modes=[CHANGE] flags=NONE mustBeTask=true order=ANY topActivity=null launchCookie=null windowingMode=undefined isCrossDisplayMove=true}]} RemoteTransition { remoteTransition = android.window.IRemoteTransition$Stub$Proxy@6383c76, appThread = android.app.IApplicationThread$Stub$Proxy@1a1e277, debugName = QuickstepDisplayMove, filter = {types=[] flags=0x0 notFlags=0x0 checks=[{atype=standard independent=false modes=[CHANGE] flags=NONE mustBeTask=true order=ANY topActivity=null launchCookie=null windowingMode=undefined isCrossDisplayMove=true}]} }}
09-19 14:23:33.618   906   973 V WindowManagerShell:  Checking filter Pair{{types=[] flags=0x0 notFlags=0x100 checks=[{atype=home independent=true modes=[OPEN,TO_FRONT] flags=NONE mustBeTask=false order=ANY topActivity=ComponentInfo{com.google.android.apps.nexuslauncher/com.google.android.apps.nexuslauncher.NexusLauncherActivity} launchCookie=null windowingMode=undefined isCrossDisplayMove=false},{atype=standard independent=true modes=[CLOSE,TO_BACK] flags=NONE mustBeTask=false order=ANY topActivity=null launchCookie=null windowingMode=undefined isCrossDisplayMove=false},{NOT atype=undefined independent=true modes=[] flags=NONE mustBeTask=true order=ANY topActivity=null launchCookie=null customAnim=true windowingMode=undefined isCrossDisplayMove=false}]} RemoteTransition { remoteTransition = android.window.IRemoteTransition$Stub$Proxy@3f7dee4, appThread = android.app.IApplicationThread$Stub$Proxy@ecb8f4d, debugName = QuickstepLaunchHome, filter = {types=[] flags=0x0 notFlags=0x100 checks=[{atype=home independent=true modes=[OPEN,TO_FRONT] flags=NONE mustBeTask=false order=ANY topActivity=ComponentInfo{com.google.android.apps.nexuslauncher/com.google.android.apps.nexuslauncher.NexusLauncherActivity} launchCookie=null windowingMode=undefined isCrossDisplayMove=false},{atype=standard independent=true modes=[CLOSE,TO_BACK] flags=NONE mustBeTask=false order=ANY topActivity=null launchCookie=null windowingMode=undefined isCrossDisplayMove=false},{NOT atype=undefined independent=true modes=[] flags=NONE mustBeTask=true order=ANY topActivity=null launchCookie=null customAnim=true windowingMode=undefined isCrossDisplayMove=false}]} }}
09-19 14:23:33.618   906   973 V WindowManagerShell:  Checking filter Pair{{types=[OPEN,TO_FRONT] flags=0x0 notFlags=0x0 checks=[{atype=standard independent=true modes=[OPEN,TO_FRONT] flags=NONE mustBeTask=true order=ANY topActivity=null launchCookie=null windowingMode=freeform isCrossDisplayMove=false}]} RemoteTransition { remoteTransition = android.window.IRemoteTransition$Stub$Proxy@c0b5fa3, appThread = null, debugName = DesktopWindowLimitUnminimize, filter = {types=[OPEN,TO_FRONT] flags=0x0 notFlags=0x0 checks=[{atype=standard independent=true modes=[OPEN,TO_FRONT] flags=NONE mustBeTask=true order=ANY topActivity=null launchCookie=null windowingMode=freeform isCrossDisplayMove=false}]} }}
09-19 14:23:33.618   906   973 V WindowManagerShell:  Delegate animation for (#510) to null
09-19 14:23:33.618   906   973 V WindowManagerShell: start default transition animation, info = {id=510 t=OPEN f=0x0 trk=0 r=[0@Point(0, 0)] c=[{m=OPEN f=MOVE_TO_TOP|FLAG_CHANGED_INTERACTIVE leash=Surface(name=Task=143#6807)/@0xb400243 sb=Rect(0, 0 - 1080, 2424) eb=Rect(0, 0 - 1080, 2424) epz=Point(1080, 2424) d=0 taskParent=-1 winMode=1 userId=0},{m=TO_BACK f=FLAG_CHANGED_INTERACTIVE leash=Surface(name=Task=142#6725)/@0xdc390c0 sb=Rect(0, 0 - 1080, 2424) eb=Rect(0, 0 - 1080, 2424) epz=Point(1080, 2424) d=0 taskParent=-1 winMode=1 userId=0}]}
09-19 14:23:33.623   645   666 V WindowManager: Sent Transition (#510) createdAt=09-19 14:23:33.443 via request=TransitionRequestInfo { type = OPEN, triggerTask = TaskInfo{userId=0 taskId=143 effectiveUid=10231 displayId=0 isRunning=true baseIntent=Intent { flg=0x10000000 cmp=com.example.rune_nexus.godotpreview/com.example.rune_nexus.GodotPreviewActivity } baseActivity=ComponentInfo{com.example.rune_nexus.godotpreview/com.example.rune_nexus.GodotPreviewActivity} topActivity=ComponentInfo{com.example.rune_nexus.godotpreview/com.example.rune_nexus.GodotPreviewActivity} origActivity=null realActivity=ComponentInfo{com.example.rune_nexus.godotpreview/com.example.rune_nexus.GodotPreviewActivity} realActivityIsAppLockEnabled=false numActivities=1 lastActiveTime=662996965 supportsMultiWindow=true supportsMultiWindowWithoutConstraints=true resizeMode=1 isResizeable=true minWidth=-1 minHeight=-1 defaultMinSize=220 token=WCT{RemoteToken{c74b82 Task{9fcb988 #143 type=standard I=com.example.rune_nexus.godotpreview/com.example.rune_nexus.GodotPreviewActivity}}} topActivityType=1 pictureInPictureParams=null shouldDockBigOverlays=false launchIntoPipHostTaskId=-1 lastParentTaskIdBeforePip=-1 displayCutoutSafeInsets=Rect(0, 142 - 0, 0) topActivityInfo=ActivityInfo{668f293 com.example.rune_nexus.GodotPreviewActivity} launchCookies=[] positionInParent=Point(0, 0) parentTaskId=-1 isFocused=false isInteractive=false isVisible=false isVisibleRequested=false isTopActivityNoDisplay=false isSleeping=false locusId=null displayAreaFeatureId=1 isTopActivityTransparent=false isActivityStackTransparent=false lastNonFullscreenBounds=null leafTaskBoundsFromOptions= false capturedLink=null capturedLinkTimestamp=0 requestedVisibleTypes=503 topActivityRequestOpenInBrowserEducationTimestamp=0 appCompatTaskInfo=AppCompatTaskInfo { topActivityInSizeCompat=false isLeafTask= true eligibleForLetterboxEducation= false isLetterboxEducationEnabled= true isLetterboxDoubleTapEnabled= false eligibleForUserAspectRatioButton= false topActivityBoundsLetterboxed= false isFromLetterboxDoubleTap= false topActivityLetterboxVerticalPosition= -1 topActivityLetterboxHorizontalPosition= -1 topActivityLetterboxWidth=-1 topActivityLetterboxHeight=-1 topActivityAppBounds=Rect(0, 0 - 1080, 2424) isUserFullscreenOverrideEnabled=false isSystemFullscreenOverrideEnabled=false hasMinAspectRatioOverride=false topActivityLetterboxBounds=null topNonResizableActivityAspectRatio=-1.0} topActivityMainWindowFrame=null isAppBubble=false}, pipChange = null, remoteTransitionInfo = null, displayChanges = null, requestedLocation = null, userChange = null, windowingLayerChange = null, fullscreenRequestChange = null, flags = 0, debugId = 510 }
09-19 14:23:33.623   645   666 V WindowManager:     startWCT=WindowContainerTransaction { changes= {} hops= [] flags= 0 errorCallbackToken=null taskFragmentOrganizer=null }
09-19 14:23:33.623   645   666 V WindowManager:     info={id=510 t=OPEN f=0x0 trk=0 r=[0@Point(0, 0)] c=[
09-19 14:23:33.623   645   666 V WindowManager:         {WCT{RemoteToken{c74b82 Task{9fcb988 #143 type=standard I=com.example.rune_nexus.godotpreview/com.example.rune_nexus.GodotPreviewActivity}}} m=OPEN f=MOVE_TO_TOP|FLAG_CHANGED_INTERACTIVE leash=Surface(name=Task=143#6807)/@0x3556df7 sb=Rect(0, 0 - 1080, 2424) eb=Rect(0, 0 - 1080, 2424) epz=Point(1080, 2424) d=0 taskParent=-1 winMode=1 userId=0},
09-19 14:23:33.623   645   666 V WindowManager:         {WCT{RemoteToken{c6792ae Task{d10c026 #142 type=standard I=com.example.rune_nexus/.MainActivity}}} m=TO_BACK f=FLAG_CHANGED_INTERACTIVE leash=Surface(name=Task=142#6725)/@0x1c434b0 sb=Rect(0, 0 - 1080, 2424) eb=Rect(0, 0 - 1080, 2424) epz=Point(1080, 2424) d=0 taskParent=-1 winMode=1 userId=0}
09-19 14:23:33.623   645   666 V WindowManager:     ]}
09-19 14:23:33.629   906   973 V WindowManagerShell: loadAnimation: anim=android.view.animation.AnimationSet@eba14b5 animAttr=0x9 type=OPEN isEntrance=false
09-19 14:23:33.671   487   529 I APM_AudioPolicyManager: getNewOutputDevices io 13 recent device override {AUDIO_DEVICE_OUT_SPEAKER, @:}
09-19 14:23:33.675 20549 20549 D nativeloader: Load libframework-connectivity-tiramisu-jni.so using APEX ns com_android_tethering for caller /apex/com.android.tethering/javalib/framework-connectivity-t.jar: ok
09-19 14:23:33.729   906   973 V WindowManagerShell: loadAnimation: anim=android.view.animation.AnimationSet@a3ca9f0 animAttr=0x8 type=OPEN isEntrance=true
09-19 14:23:33.734   906   973 V WindowManagerShell:  animated by com.android.wm.shell.transition.DefaultTransitionHandler@7d13556
09-19 14:23:33.734   906   973 W Looper  : Slow dispatch took 133ms wmshell.main app=com.android.systemui main=false group=TOP_APP h=android.os.Handler c=com.android.wm.shell.transition.Transitions$TransitionPlayerImpl$$ExternalSyntheticLambda1@ed829ee m=0
09-19 14:23:33.748   906   973 V RecentTasksController: generateList(getRecentTasks)
09-19 14:23:33.749   906   973 V RecentTasksController: initializeDesksMap - allDeskIds: []
09-19 14:23:33.749   906   973 V RecentTasksController: Task 143 is not an active desktop task
09-19 14:23:33.749   906   973 V RecentTasksController: Added fullscreen task: 143
09-19 14:23:33.749   906   973 V RecentTasksController: Task 142 is not an active desktop task
09-19 14:23:33.749   906   973 V RecentTasksController: Added fullscreen task: 142
09-19 14:23:33.749   906   973 V RecentTasksController: Task 120 is not an active desktop task
09-19 14:23:33.749   906   973 V RecentTasksController: Added fullscreen task: 120
09-19 14:23:33.749   906   973 V RecentTasksController: generateList - complete
09-19 14:23:33.752   906   973 W Looper  : Slow delivery took 131ms wmshell.main app=com.android.systemui main=false group=TOP_APP h=android.os.Handler c=com.android.wm.shell.common.ShellExecutor$$ExternalSyntheticLambda0@dda9525 m=0
09-19 14:23:33.756   450   600 I RanchuHwc: logCompositionFallbackIfChanged: layer 1666 CompositionType fallback from 3 to 1
09-19 14:23:33.757  1031  1121 D PreloadThumbnailUseCase: Preloading thumbnails for task ids: [[id=120 windowingMode=1 user=0 lastActiveTime=528830531] null, [id=142 windowingMode=1 user=0 lastActiveTime=662996962] null, [id=143 windowingMode=1 user=0 lastActiveTime=662996965] null]
09-19 14:23:33.758   491   588 W skia    : AGTM parsing failed flags.readFromStream(s) at 159
09-19 14:23:33.758   491   588 W skia    : AGTM parsing failed flags.readFromStream(s) at 159
09-19 14:23:33.758   491   588 W skia    : AGTM parsing failed flags.readFromStream(s) at 159
09-19 14:23:33.758   491   588 W skia    : AGTM parsing failed flags.readFromStream(s) at 159
09-19 14:23:33.758   491   588 W skia    : AGTM parsing failed flags.readFromStream(s) at 159
09-19 14:23:33.758   491   588 W skia    : AGTM parsing failed flags.readFromStream(s) at 159
09-19 14:23:33.758   491   588 W skia    : AGTM parsing failed flags.readFromStream(s) at 159
09-19 14:23:33.763   906   973 V RecentTasksController: Notify recent tasks changed
09-19 14:23:33.765   906   973 V ShellTaskOrganizer: Task appeared taskId=143 listener=FullscreenTaskListener
09-19 14:23:33.765   906   973 V ShellTaskOrganizer: Fullscreen Task Appeared: #143
09-19 14:23:33.765   906   973 D ShellPackageUpdate: PackageUpdateController: Setting handlePackageUpdate for task: 143
09-19 14:23:33.765  1031  1031 D RecentTasksList: invalidateLoadedTasks - previous requestLoadId: -1
09-19 14:23:33.771   491   588 W skia    : AGTM parsing failed flags.readFromStream(s) at 159
09-19 14:23:33.771   491   588 W skia    : AGTM parsing failed flags.readFromStream(s) at 159
09-19 14:23:33.771   491   588 W skia    : AGTM parsing failed flags.readFromStream(s) at 159
09-19 14:23:33.771   491   588 W skia    : AGTM parsing failed flags.readFromStream(s) at 159
09-19 14:23:33.771   491   588 W skia    : AGTM parsing failed flags.readFromStream(s) at 159
09-19 14:23:33.771   491   588 W skia    : AGTM parsing failed flags.readFromStream(s) at 159
09-19 14:23:33.771   491   588 W skia    : AGTM parsing failed flags.readFromStream(s) at 159
09-19 14:23:33.771   645  2005 E TransitionChain: Can't collect into a chain with no transition
09-19 14:23:33.772   906   973 V RecentTasksController: Notify recent tasks changed
09-19 14:23:33.774  1031  1031 D RecentTasksList: invalidateLoadedTasks - previous requestLoadId: -1
09-19 14:23:33.800 20549 20549 D ApplicationLoaders: Returning zygote-cached class loader: /system_ext/framework/androidx.window.extensions.jar
09-19 14:23:33.801 20549 20549 D ApplicationLoaders: Returning zygote-cached class loader: /system_ext/framework/androidx.window.sidecar.jar
09-19 14:23:33.818 20549 20549 D nativeloader: Configuring clns-9 for other apk /data/app/~~5KdccV1CQF00JEwlWSmVgw==/com.example.rune_nexus.godotpreview-n-gVLFXZR6ARpZUSYgaMBw==/base.apk. target_sdk_version=36, uses_libraries=, library_path=/data/app/~~5KdccV1CQF00JEwlWSmVgw==/com.example.rune_nexus.godotpreview-n-gVLFXZR6ARpZUSYgaMBw==/lib/arm64:/data/app/~~5KdccV1CQF00JEwlWSmVgw==/com.example.rune_nexus.godotpreview-n-gVLFXZR6ARpZUSYgaMBw==/base.apk!/lib/arm64-v8a, permitted_path=/data:/mnt/expand:/data/user/0/com.example.rune_nexus.godotpreview
09-19 14:23:33.823   491   588 W skia    : AGTM parsing failed flags.readFromStream(s) at 159
09-19 14:23:33.823   491   588 W skia    : AGTM parsing failed flags.readFromStream(s) at 159
09-19 14:23:33.823   491   588 W skia    : AGTM parsing failed flags.readFromStream(s) at 159
09-19 14:23:33.823   491   588 W skia    : AGTM parsing failed flags.readFromStream(s) at 159
09-19 14:23:33.823   491   588 W skia    : AGTM parsing failed flags.readFromStream(s) at 159
09-19 14:23:33.823   491   588 W skia    : AGTM parsing failed flags.readFromStream(s) at 159
09-19 14:23:33.823   491   588 W skia    : AGTM parsing failed flags.readFromStream(s) at 159
09-19 14:23:33.824   906  1005 W Looper  : Slow delivery took 53ms wmshell.anim app=com.android.systemui main=false group=TOP_APP h=android.view.Choreographer$FrameHandler c=android.view.Choreographer$FrameDisplayEventReceiver@f673053 m=0
09-19 14:23:33.840   491   588 W skia    : AGTM parsing failed flags.readFromStream(s) at 159
09-19 14:23:33.840   491   588 W skia    : AGTM parsing failed flags.readFromStream(s) at 159
09-19 14:23:33.840   491   588 W skia    : AGTM parsing failed flags.readFromStream(s) at 159
09-19 14:23:33.840   491   588 W skia    : AGTM parsing failed flags.readFromStream(s) at 159
09-19 14:23:33.840   491   588 W skia    : AGTM parsing failed flags.readFromStream(s) at 159
09-19 14:23:33.840   491   588 W skia    : AGTM parsing failed flags.readFromStream(s) at 159
09-19 14:23:33.840   491   588 W skia    : AGTM parsing failed flags.readFromStream(s) at 159
09-19 14:23:33.840   491   588 W skia    : AGTM parsing failed flags.readFromStream(s) at 159
09-19 14:23:33.847   906  1005 W Looper  : Drained
09-19 14:23:33.849   491   588 W skia    : AGTM parsing failed flags.readFromStream(s) at 159
09-19 14:23:33.849   491   588 W skia    : AGTM parsing failed flags.readFromStream(s) at 159
09-19 14:23:33.849   491   588 W skia    : AGTM parsing failed flags.readFromStream(s) at 159
09-19 14:23:33.849   491   588 W skia    : AGTM parsing failed flags.readFromStream(s) at 159
09-19 14:23:33.859   491   588 W skia    : AGTM parsing failed flags.readFromStream(s) at 159
09-19 14:23:33.859   491   588 W skia    : AGTM parsing failed flags.readFromStream(s) at 159
09-19 14:23:33.859   491   588 W skia    : AGTM parsing failed flags.readFromStream(s) at 159
09-19 14:23:33.859   491   588 W skia    : AGTM parsing failed flags.readFromStream(s) at 159
09-19 14:23:33.859   491   588 W skia    : AGTM parsing failed flags.readFromStream(s) at 159
09-19 14:23:33.859   491   588 W skia    : AGTM parsing failed flags.readFromStream(s) at 159
09-19 14:23:33.859   491   588 W skia    : AGTM parsing failed flags.readFromStream(s) at 159
09-19 14:23:33.859   491   588 W skia    : AGTM parsing failed flags.readFromStream(s) at 159
09-19 14:23:33.863 20549 20549 V GraphicsEnvironment: Currently set values for:
09-19 14:23:33.864 20549 20549 V GraphicsEnvironment:   angle_gl_driver_selection_pkgs=[]
09-19 14:23:33.864 20549 20549 V GraphicsEnvironment:   angle_gl_driver_selection_values=[]
09-19 14:23:33.864 20549 20549 V GraphicsEnvironment: com.example.rune_nexus.godotpreview is not listed in per-application setting
09-19 14:23:33.867 20549 20549 V GraphicsEnvironment: No special selections for ANGLE, returning default driver choice
09-19 14:23:33.870 20549 20549 V GraphicsEnvironment: Neither updatable production driver nor prerelease driver is supported.
09-19 14:23:33.873   491   588 W skia    : AGTM parsing failed flags.readFromStream(s) at 159
09-19 14:23:33.873   491   588 W skia    : AGTM parsing failed flags.readFromStream(s) at 159
09-19 14:23:33.873   491   588 W skia    : AGTM parsing failed flags.readFromStream(s) at 159
09-19 14:23:33.873   491   588 W skia    : AGTM parsing failed flags.readFromStream(s) at 159
09-19 14:23:33.873   491   588 W skia    : AGTM parsing failed flags.readFromStream(s) at 159
09-19 14:23:33.873   491   588 W skia    : AGTM parsing failed flags.readFromStream(s) at 159
09-19 14:23:33.873   491   588 W skia    : AGTM parsing failed flags.readFromStream(s) at 159
09-19 14:23:33.873   491   588 W skia    : AGTM parsing failed flags.readFromStream(s) at 159
09-19 14:23:33.888   491   588 W skia    : AGTM parsing failed flags.readFromStream(s) at 159
09-19 14:23:33.888   491   588 W skia    : AGTM parsing failed flags.readFromStream(s) at 159
09-19 14:23:33.888   491   588 W skia    : AGTM parsing failed flags.readFromStream(s) at 159
09-19 14:23:33.888   491   588 W skia    : AGTM parsing failed flags.readFromStream(s) at 159
09-19 14:23:33.888   491   588 W skia    : AGTM parsing failed flags.readFromStream(s) at 159
09-19 14:23:33.888   491   588 W skia    : AGTM parsing failed flags.readFromStream(s) at 159
09-19 14:23:33.888   491   588 W skia    : AGTM parsing failed flags.readFromStream(s) at 159
09-19 14:23:33.888   491   588 W skia    : AGTM parsing failed flags.readFromStream(s) at 159
09-19 14:23:33.904   491   588 W skia    : AGTM parsing failed flags.readFromStream(s) at 159
09-19 14:23:33.905   491   588 W skia    : AGTM parsing failed flags.readFromStream(s) at 159
09-19 14:23:33.905   491   588 W skia    : AGTM parsing failed flags.readFromStream(s) at 159
09-19 14:23:33.905   491   588 W skia    : AGTM parsing failed flags.readFromStream(s) at 159
09-19 14:23:33.905   491   588 W skia    : AGTM parsing failed flags.readFromStream(s) at 159
09-19 14:23:33.905   491   588 W skia    : AGTM parsing failed flags.readFromStream(s) at 159
09-19 14:23:33.905   491   588 W skia    : AGTM parsing failed flags.readFromStream(s) at 159
09-19 14:23:33.905   491   588 W skia    : AGTM parsing failed flags.readFromStream(s) at 159
09-19 14:23:33.911   645  2007 D CorePackageUpdate: Couldn't find a persistent state for task= 143
09-19 14:23:33.921   491   588 W skia    : AGTM parsing failed flags.readFromStream(s) at 159
09-19 14:23:33.921   491   588 W skia    : AGTM parsing failed flags.readFromStream(s) at 159
09-19 14:23:33.921   491   588 W skia    : AGTM parsing failed flags.readFromStream(s) at 159
09-19 14:23:33.921   491   588 W skia    : AGTM parsing failed flags.readFromStream(s) at 159
09-19 14:23:33.921   491   588 W skia    : AGTM parsing failed flags.readFromStream(s) at 159
09-19 14:23:33.921   491   588 W skia    : AGTM parsing failed flags.readFromStream(s) at 159
09-19 14:23:33.921   491   588 W skia    : AGTM parsing failed flags.readFromStream(s) at 159
09-19 14:23:33.921   491   588 W skia    : AGTM parsing failed flags.readFromStream(s) at 159
09-19 14:23:33.932 20549 20561 I DisplayManager: Choreographer implicitly registered for the refresh rate.
09-19 14:23:33.936   491   588 W skia    : AGTM parsing failed flags.readFromStream(s) at 159
09-19 14:23:33.936   491   588 W skia    : AGTM parsing failed flags.readFromStream(s) at 159
09-19 14:23:33.936   491   588 W skia    : AGTM parsing failed flags.readFromStream(s) at 159
09-19 14:23:33.936   491   588 W skia    : AGTM parsing failed flags.readFromStream(s) at 159
09-19 14:23:33.936   491   588 W skia    : AGTM parsing failed flags.readFromStream(s) at 159
09-19 14:23:33.936   491   588 W skia    : AGTM parsing failed flags.readFromStream(s) at 159
09-19 14:23:33.936   491   588 W skia    : AGTM parsing failed flags.readFromStream(s) at 159
09-19 14:23:33.936   491   588 W skia    : AGTM parsing failed flags.readFromStream(s) at 159
09-19 14:23:33.957   491   588 W skia    : AGTM parsing failed flags.readFromStream(s) at 159
09-19 14:23:33.957   491   588 W skia    : AGTM parsing failed flags.readFromStream(s) at 159
09-19 14:23:33.957   491   588 W skia    : AGTM parsing failed flags.readFromStream(s) at 159
09-19 14:23:33.957   491   588 W skia    : AGTM parsing failed flags.readFromStream(s) at 159
09-19 14:23:33.957   491   588 W skia    : AGTM parsing failed flags.readFromStream(s) at 159
09-19 14:23:33.957   491   588 W skia    : AGTM parsing failed flags.readFromStream(s) at 159
09-19 14:23:33.957   491   588 W skia    : AGTM parsing failed flags.readFromStream(s) at 159
09-19 14:23:33.957   491   588 W skia    : AGTM parsing failed flags.readFromStream(s) at 159
09-19 14:23:33.968   906   973 W Looper  : Drained
09-19 14:23:33.971   491   588 W skia    : AGTM parsing failed flags.readFromStream(s) at 159
09-19 14:23:33.971   491   588 W skia    : AGTM parsing failed flags.readFromStream(s) at 159
09-19 14:23:33.971   491   588 W skia    : AGTM parsing failed flags.readFromStream(s) at 159
09-19 14:23:33.971   491   588 W skia    : AGTM parsing failed flags.readFromStream(s) at 159
09-19 14:23:33.971   491   588 W skia    : AGTM parsing failed flags.readFromStream(s) at 159
09-19 14:23:33.971   491   588 W skia    : AGTM parsing failed flags.readFromStream(s) at 159
09-19 14:23:33.971   491   588 W skia    : AGTM parsing failed flags.readFromStream(s) at 159
09-19 14:23:33.971   491   588 W skia    : AGTM parsing failed flags.readFromStream(s) at 159
09-19 14:23:33.982   491   588 W skia    : AGTM parsing failed flags.readFromStream(s) at 159
09-19 14:23:33.985 20549 20564 D nativeloader: Load /data/app/~~5KdccV1CQF00JEwlWSmVgw==/com.example.rune_nexus.godotpreview-n-gVLFXZR6ARpZUSYgaMBw==/base.apk!/lib/arm64-v8a/libflutter.so using class loader ns clns-9 (caller=/data/app/~~5KdccV1CQF00JEwlWSmVgw==/com.example.rune_nexus.godotpreview-n-gVLFXZR6ARpZUSYgaMBw==/base.apk): ok
09-19 14:23:33.987   491   588 W skia    : AGTM parsing failed flags.readFromStream(s) at 159
09-19 14:23:33.987   491   588 W skia    : AGTM parsing failed flags.readFromStream(s) at 159
09-19 14:23:33.987   491   588 W skia    : AGTM parsing failed flags.readFromStream(s) at 159
09-19 14:23:33.987   491   588 W skia    : AGTM parsing failed flags.readFromStream(s) at 159
09-19 14:23:33.987   491   588 W skia    : AGTM parsing failed flags.readFromStream(s) at 159
09-19 14:23:33.987   491   588 W skia    : AGTM parsing failed flags.readFromStream(s) at 159
09-19 14:23:33.987   491   588 W skia    : AGTM parsing failed flags.readFromStream(s) at 159
09-19 14:23:33.987   491   588 W skia    : AGTM parsing failed flags.readFromStream(s) at 159
09-19 14:23:33.996   645  2005 D FileUtils: Rounded bytes from 4105830400 to 8000000000
09-19 14:23:34.004   491   588 W skia    : AGTM parsing failed flags.readFromStream(s) at 159
09-19 14:23:34.005   491   588 W skia    : AGTM parsing failed flags.readFromStream(s) at 159
09-19 14:23:34.005   491   588 W skia    : AGTM parsing failed flags.readFromStream(s) at 159
09-19 14:23:34.005   491   588 W skia    : AGTM parsing failed flags.readFromStream(s) at 159
09-19 14:23:34.005   491   588 W skia    : AGTM parsing failed flags.readFromStream(s) at 159
09-19 14:23:34.005   491   588 W skia    : AGTM parsing failed flags.readFromStream(s) at 159
09-19 14:23:34.005   491   588 W skia    : AGTM parsing failed flags.readFromStream(s) at 159
09-19 14:23:34.005   491   588 W skia    : AGTM parsing failed flags.readFromStream(s) at 159
09-19 14:23:34.009 20549 20565 D skia    : [SkFontMgr Android Parser] '/product/etc/fonts_customization.xml' could not be opened
09-19 14:23:34.022   491   588 W skia    : AGTM parsing failed flags.readFromStream(s) at 159
09-19 14:23:34.022   491   588 W skia    : AGTM parsing failed flags.readFromStream(s) at 159
09-19 14:23:34.022   491   588 W skia    : AGTM parsing failed flags.readFromStream(s) at 159
09-19 14:23:34.023   491   588 W skia    : AGTM parsing failed flags.readFromStream(s) at 159
09-19 14:23:34.023   491   588 W skia    : AGTM parsing failed flags.readFromStream(s) at 159
09-19 14:23:34.038   491   588 W skia    : AGTM parsing failed flags.readFromStream(s) at 159
09-19 14:23:34.038   491   588 W skia    : AGTM parsing failed flags.readFromStream(s) at 159
09-19 14:23:34.039   491   588 W skia    : AGTM parsing failed flags.readFromStream(s) at 159
09-19 14:23:34.039   491   588 W skia    : AGTM parsing failed flags.readFromStream(s) at 159
09-19 14:23:34.039   491   588 W skia    : AGTM parsing failed flags.readFromStream(s) at 159
09-19 14:23:34.043 20549 20549 W us.godotpreview: type=1400 audit(0.0:1213): avc:  denied  { read } for  name="max_map_count" dev="proc" ino=44528 scontext=u:r:untrusted_app_34:s0:c231,c256,c512,c768 tcontext=u:object_r:proc_max_map_count:s0 tclass=file permissive=0 app=com.example.rune_nexus.godotpreview
09-19 14:23:34.054   491   588 W skia    : AGTM parsing failed flags.readFromStream(s) at 159
09-19 14:23:34.054   491   588 W skia    : AGTM parsing failed flags.readFromStream(s) at 159
09-19 14:23:34.054   491   588 W skia    : AGTM parsing failed flags.readFromStream(s) at 159
09-19 14:23:34.054   491   588 W skia    : AGTM parsing failed flags.readFromStream(s) at 159
09-19 14:23:34.054   491   588 W skia    : AGTM parsing failed flags.readFromStream(s) at 159
09-19 14:23:34.063 20549 20549 I flutter : [IMPORTANT:flutter/shell/common/shell.cc(528)] [Action Required]: Impeller opt-out deprecated.
09-19 14:23:34.063 20549 20549 I flutter :     The application opted out of Impeller by either using the
09-19 14:23:34.063 20549 20549 I flutter :     `--no-enable-impeller` flag or the
09-19 14:23:34.063 20549 20549 I flutter :     `io.flutter.embedding.android.EnableImpeller` `AndroidManifest.xml` entry.
09-19 14:23:34.063 20549 20549 I flutter :     These options are going to go away in an upcoming Flutter release. Remove
09-19 14:23:34.063 20549 20549 I flutter :     the explicit opt-out. If you need to opt-out, please report a bug describing
09-19 14:23:34.063 20549 20549 I flutter :     the issue.
09-19 14:23:34.063 20549 20549 I flutter : 
09-19 14:23:34.063 20549 20549 I flutter :     https://github.com/flutter/flutter/issues/new?template=02_bug.yml
09-19 14:23:34.063 20549 20549 I flutter : 
09-19 14:23:34.072   491   588 W skia    : AGTM parsing failed flags.readFromStream(s) at 159
09-19 14:23:34.072   491   588 W skia    : AGTM parsing failed flags.readFromStream(s) at 159
09-19 14:23:34.073   491   588 W skia    : AGTM parsing failed flags.readFromStream(s) at 159
09-19 14:23:34.073   491   588 W skia    : AGTM parsing failed flags.readFromStream(s) at 159
09-19 14:23:34.073   491   588 W skia    : AGTM parsing failed flags.readFromStream(s) at 159
09-19 14:23:34.079   491   588 W skia    : AGTM parsing failed flags.readFromStream(s) at 159
09-19 14:23:34.084 20549 20561 I GFXSTREAM: [eglDisplay.cpp(297)] Opening libGLESv1_CM_emulation.so
09-19 14:23:34.084 20549 20561 I GFXSTREAM: [eglDisplay.cpp(297)] Opening libGLESv2_emulation.so
09-19 14:23:34.151 20549 20561 W libc    : Access denied finding property "vendor.mesa.virtgpu.kumquat"
09-19 14:23:34.152   491   588 W skia    : AGTM parsing failed flags.readFromStream(s) at 159
09-19 14:23:34.153   491   588 W skia    : AGTM parsing failed flags.readFromStream(s) at 159
09-19 14:23:34.153   491   588 W skia    : AGTM parsing failed flags.readFromStream(s) at 159
09-19 14:23:34.153   491   588 W skia    : AGTM parsing failed flags.readFromStream(s) at 159
09-19 14:23:34.153   491   588 W skia    : AGTM parsing failed flags.readFromStream(s) at 159
09-19 14:23:34.153   906  1005 W Looper  : Slow delivery took 66ms wmshell.anim app=com.android.systemui main=false group=TOP_APP h=android.view.Choreographer$FrameHandler c=android.view.Choreographer$FrameDisplayEventReceiver@f673053 m=0
09-19 14:23:34.153   906  1005 W Looper  : Drained
09-19 14:23:34.164 20549 20549 W libc    : Access denied finding property "vendor.mesa.virtgpu.kumquat"
09-19 14:23:34.170 20549 20561 W HWUI    : Failed to choose config with EGL_SWAP_BEHAVIOR_PRESERVED, retrying without...
09-19 14:23:34.173   491   588 W skia    : AGTM parsing failed flags.readFromStream(s) at 159
09-19 14:23:34.173   491   588 W skia    : AGTM parsing failed flags.readFromStream(s) at 159
09-19 14:23:34.173   491   588 W skia    : AGTM parsing failed flags.readFromStream(s) at 159
09-19 14:23:34.173   491   588 W skia    : AGTM parsing failed flags.readFromStream(s) at 159
09-19 14:23:34.173   491   588 W skia    : AGTM parsing failed flags.readFromStream(s) at 159
09-19 14:23:34.174 20549 20561 W HWUI    : Failed to initialize 101010-2 format, error = EGL_SUCCESS
09-19 14:23:34.185   491   588 W skia    : AGTM parsing failed flags.readFromStream(s) at 159
09-19 14:23:34.192   491   588 W skia    : AGTM parsing failed flags.readFromStream(s) at 159
09-19 14:23:34.192   491   588 W skia    : AGTM parsing failed flags.readFromStream(s) at 159
09-19 14:23:34.192   491   588 W skia    : AGTM parsing failed flags.readFromStream(s) at 159
09-19 14:23:34.192   491   588 W skia    : AGTM parsing failed flags.readFromStream(s) at 159
09-19 14:23:34.192   491   588 W skia    : AGTM parsing failed flags.readFromStream(s) at 159
09-19 14:23:34.204   491   588 W skia    : AGTM parsing failed flags.readFromStream(s) at 159
09-19 14:23:34.204   491   588 W skia    : AGTM parsing failed flags.readFromStream(s) at 159
09-19 14:23:34.204   491   588 W skia    : AGTM parsing failed flags.readFromStream(s) at 159
09-19 14:23:34.204   491   588 W skia    : AGTM parsing failed flags.readFromStream(s) at 159
09-19 14:23:34.204   491   588 W skia    : AGTM parsing failed flags.readFromStream(s) at 159
09-19 14:23:34.204 20549 20567 W libc    : Access denied finding property "vendor.mesa.virtgpu.kumquat"
09-19 14:23:34.221   491   588 W skia    : AGTM parsing failed flags.readFromStream(s) at 159
09-19 14:23:34.221   491   588 W skia    : AGTM parsing failed flags.readFromStream(s) at 159
09-19 14:23:34.221   491   588 W skia    : AGTM parsing failed flags.readFromStream(s) at 159
09-19 14:23:34.221   491   588 W skia    : AGTM parsing failed flags.readFromStream(s) at 159
09-19 14:23:34.221   491   588 W skia    : AGTM parsing failed flags.readFromStream(s) at 159
09-19 14:23:34.237   491   588 W skia    : AGTM parsing failed flags.readFromStream(s) at 159
09-19 14:23:34.237   491   588 W skia    : AGTM parsing failed flags.readFromStream(s) at 159
09-19 14:23:34.237   491   588 W skia    : AGTM parsing failed flags.readFromStream(s) at 159
09-19 14:23:34.238   491   588 W skia    : AGTM parsing failed flags.readFromStream(s) at 159
09-19 14:23:34.238   491   588 W skia    : AGTM parsing failed flags.readFromStream(s) at 159
09-19 14:23:34.247 20549 20549 D nativeloader: Load /data/app/~~5KdccV1CQF00JEwlWSmVgw==/com.example.rune_nexus.godotpreview-n-gVLFXZR6ARpZUSYgaMBw==/base.apk!/lib/arm64-v8a/libdartjni.so using class loader ns clns-9 (caller=/data/app/~~5KdccV1CQF00JEwlWSmVgw==/com.example.rune_nexus.godotpreview-n-gVLFXZR6ARpZUSYgaMBw==/base.apk): ok
09-19 14:23:34.253   491   588 W skia    : AGTM parsing failed flags.readFromStream(s) at 159
09-19 14:23:34.254   491   588 W skia    : AGTM parsing failed flags.readFromStream(s) at 159
09-19 14:23:34.254   491   588 W skia    : AGTM parsing failed flags.readFromStream(s) at 159
09-19 14:23:34.254   491   588 W skia    : AGTM parsing failed flags.readFromStream(s) at 159
09-19 14:23:34.254   491   588 W skia    : AGTM parsing failed flags.readFromStream(s) at 159
09-19 14:23:34.254   906   973 V WindowManagerShell: Transition animation finished (aborted=false), notifying core (#510) android.os.BinderProxy@21a74c7@0
09-19 14:23:34.258   645   666 V WindowManager: Finish Transition (#510): created at 09-19 14:23:33.443 collect-started=0.042ms request-sent=16.563ms started=21.372ms ready=149.146ms sent=151.949ms commit=144.117ms finished=814.44ms
09-19 14:23:34.260   906   973 V WindowManagerShell: Track 0 became idle
09-19 14:23:34.260   906   973 V WindowManagerShell: All active transition animations finished
09-19 14:23:34.269 19634 19640 I mple.rune_nexus: NativeAlloc concurrent mark compact GC freed 160KB AllocSpace bytes, 0(0B) LOS objects, 49% free, 2372KB/4745KB, paused 253us,9.279ms total 39.674ms
09-19 14:23:34.282 20549 20549 D CompatChangeReporter: Compat change id reported: 377864165; UID 10231; state: ENABLED
09-19 14:23:34.283   491   588 W skia    : AGTM parsing failed flags.readFromStream(s) at 159
09-19 14:23:34.284   645   882 I Surface : Creating surface for consumer unnamed-645-122 with slotExpansion=1 for 64 slots
09-19 14:23:34.284   645   882 I Surface : Creating surface for consumer ImageReader-864x1939f1m1-645-122 with slotExpansion=1 for 64 slots
09-19 14:23:34.284   645   882 W ImageReader_JNI: Unable to acquire a buffer item, very likely client tried to acquire more than maxImages buffers
09-19 14:23:34.291 20549 20549 W HWUI    : Unknown dataspace 0
09-19 14:23:34.293   285   285 I servicemanager: Caller(pid=20549,uid=10231,sid=u:r:untrusted_app_34:s0:c231,c256,c512,c768) Found android.hardware.graphics.allocator.IAllocator/default in device VINTF manifest.
09-19 14:23:34.306   645   882 E ConsumerBase: [ImageReader-864x1939f1m1-645-122] abandonLocked: ConsumerBase is abandoned!
09-19 14:23:34.303   285   285 I servicemanager: Caller(pid=20549,uid=10231,sid=u:r:untrusted_app_34:s0:c231,c256,c512,c768) Found android.hardware.graphics.allocator.IAllocator/default in device VINTF manifest.
09-19 14:23:34.303   285   285 I servicemanager: Caller(pid=20549,uid=10231,sid=u:r:untrusted_app_34:s0:c231,c256,c512,c768) Found mapper/ranchu in device VINTF manifest.
09-19 14:23:34.313 20549 20572 W libc    : Access denied finding property "vendor.mesa.virtgpu.kumquat"
09-19 14:23:34.331   645  2005 W InputChannel-JNI: Channel already disposed.
09-19 14:23:34.337 19634 19634 D VRI[MainActivity]: visibilityChanged oldVisibility=true newVisibility=false
09-19 14:23:34.395   491   588 W skia    : AGTM parsing failed flags.readFromStream(s) at 159
09-19 14:23:34.411 19634 19634 V VkSurfaceView: On surface destroyed
09-19 14:23:34.412 19634 19706 E BufferQueueProducer: [4232584 SurfaceView[com.example.rune_nexus/com.example.rune_nexus.MainActivity]#6(BLAST Consumer)6](id:4cb200000009,api:0,p:-1,c:19634) dequeueBuffer: BufferQueue has no connected producer
09-19 14:23:34.413 19634 19706 E vulkan  : dequeueBuffer failed: No such device (-19)
09-19 14:23:34.471 20549 20549 D WindowOnBackDispatcher: setTopOnBackInvokedCallback (unwrapped): android.app.Activity$$ExternalSyntheticLambda0@9efb4ef
09-19 14:23:34.473   645  2005 D CoreBackPreview: Window{ebc2765 u0 com.example.rune_nexus.godotpreview/com.example.rune_nexus.GodotPreviewActivity}: Setting back callback OnBackInvokedCallbackInfo{mCallback=android.window.IOnBackInvokedCallback$Stub$Proxy@9196206, mPriority=-1, mIsAnimationCallback=false, mOverrideBehavior=0}
09-19 14:23:34.474 20549 20549 I WindowExtensionsImpl: Initializing Window Extensions, vendor API level=10, activity embedding enabled=true
09-19 14:23:34.487 20549 20549 W UiContextUtils: Requested context is a non-UI Context. Creating a UI-Context with display: 0. Context: Context=android.app.Application@c7afc41, of which baseContext=android.app.ContextImpl@d43c673
09-19 14:23:34.496   491   588 W skia    : AGTM parsing failed flags.readFromStream(s) at 159
09-19 14:23:34.498 20549 20549 D VRI[GodotPreviewActivity]: WindowInsets changed: 1080x2424 statusBars:[0,142,0,0] navigationBars:[0,0,0,63] mandatorySystemGestures:[0,174,0,84] 
09-19 14:23:34.502   645  2007 D WindowManager: setClientSurface Surface(name=VRI-com.example.rune_nexus.godotpreview/com.example.rune_nexus.GodotPreviewActivity#6817)/@0x40ea263 for ebc2765 com.example.rune_nexus.godotpreview/com.example.rune_nexus.GodotPreviewActivity
09-19 14:23:34.526 20549 20549 I Surface : Creating surface for consumer unnamed-20549-0 with slotExpansion=1 for 64 slots
09-19 14:23:34.527 20549 20549 I Surface : Creating surface for consumer VRI[GodotPreviewActivity]#0(BLAST Consumer)0 with slotExpansion=1 for 64 slots
09-19 14:23:34.532 20549 20549 I Surface : Creating surface for consumer unnamed-20549-1 with slotExpansion=1 for 64 slots
09-19 14:23:34.534 20549 20549 I Surface : Creating surface for consumer 5503765 SurfaceView[com.example.rune_nexus.godotpreview/com.example.rune_nexus.GodotPreviewActivity]#1(BLAST Consumer)1 with slotExpansion=1 for 64 slots
09-19 14:23:34.536 20549 20566 W libc    : Access denied finding property "vendor.mesa.virtgpu.kumquat"
09-19 14:23:34.596   491   588 W skia    : AGTM parsing failed flags.readFromStream(s) at 159
09-19 14:23:34.643 20549 20549 D WindowLayoutComponentImpl: Register WindowLayoutInfoListener on Context=com.example.rune_nexus.GodotPreviewActivity@aff90eb, of which baseContext=android.app.ContextImpl@9c450c7
09-19 14:23:34.696   491   588 W skia    : AGTM parsing failed flags.readFromStream(s) at 159
09-19 14:23:35.214   491   588 W skia    : AGTM parsing failed flags.readFromStream(s) at 159
09-19 14:23:35.286   645   666 I ActivityTaskManager: Displayed com.example.rune_nexus.godotpreview/com.example.rune_nexus.GodotPreviewActivity for user 0: +1s844ms
09-19 14:23:35.286   645   666 I ActivityTaskManager: Fully drawn com.example.rune_nexus.godotpreview/com.example.rune_nexus.GodotPreviewActivity: +1s844ms
09-19 14:23:35.313   491   588 W skia    : AGTM parsing failed flags.readFromStream(s) at 159
09-19 14:23:35.313   491   588 W skia    : AGTM parsing failed flags.readFromStream(s) at 159
09-19 14:23:35.313   491   588 W skia    : AGTM parsing failed flags.readFromStream(s) at 159
09-19 14:23:35.327   645   761 I ImeTracker: com.example.rune_nexus.godotpreview:262a6687: onRequestHide at ORIGIN_SERVER reason HIDE_UNSPECIFIED_WINDOW fromUser false userId 0 displayId 0
09-19 14:23:35.330 20549 20549 D InsetsController: hide(ime())
09-19 14:23:35.330 20549 20549 I ImeTracker: com.example.rune_nexus.godotpreview:262a6687: onCancelled at PHASE_CLIENT_ALREADY_HIDDEN
09-19 14:23:35.339   645  2005 D InputMethodManagerService: Attach new input but force hide
09-19 14:23:35.339   645  2005 I ImeTracker: com.example.rune_nexus.godotpreview:2f529005: onRequestHide at ORIGIN_SERVER reason HIDE_SOFT_INPUT fromUser false userId 0 displayId 0
09-19 14:23:35.339   645  2005 I ImeTracker: com.example.rune_nexus.godotpreview:2f529005: onCancelled at PHASE_SERVER_SHOULD_HIDE
09-19 14:23:35.342  1375  1375 I GoogleInputMethodService: GoogleInputMethodService.onFinishInput():2259 
09-19 14:23:35.344   645  2005 W InputChannel-JNI: Channel already disposed.
09-19 14:23:35.344  1375  1375 I Module  : DeviceLockedStatusModuleProvider$Module.updateDeviceLockedStatus():103 repeatCheckTimes = 0, locked = false
09-19 14:23:35.345  1375  1375 I GoogleInputMethodService: GoogleInputMethodService.onStartInput():1446 onStartInput(EditorInfo{EditorInfo{packageName=com.example.rune_nexus.godotpreview, inputType=0, inputTypeString=NULL, enableLearning=false, autoCorrection=false, autoComplete=false, imeOptions=0, privateImeOptions=null, actionName=UNSPECIFIED, actionLabel=null, initialSelStart=-1, initialSelEnd=-1, initialCapsMode=0, label=null, fieldId=0, fieldName=null, extras=null, hintText=null, hintLocales=[]}}, false)
09-19 14:23:35.345  1375  1375 W AndroidIME: LatinIMEBase.updateInputViewCoverNavigation():327 Null input view, cannot update padding!
09-19 14:23:35.348   645   888 I ImeTracker: system_server:61c10358: onRequestHide at ORIGIN_SERVER reason IME_REQUESTED_CHANGED_LISTENER fromUser false displayId 0
09-19 14:23:35.350   645   669 I ImeTracker: system_server:61c10358: onCancelled at PHASE_SERVER_SHOULD_HIDE
09-19 14:23:35.351  1375  1375 I Module  : DeviceLockedStatusModuleProvider$Module.updateDeviceLockedStatus():103 repeatCheckTimes = 1, locked = false
09-19 14:23:35.363   645   888 W PackageConfigPersister: App-specific configuration not found for packageName: com.example.rune_nexus.godotpreview and userId: 0
09-19 14:23:35.404 19634 19634 V Godot   : OnStop: p0.e@7e48f90
09-19 14:23:35.413   491   588 W skia    : AGTM parsing failed flags.readFromStream(s) at 159
09-19 14:23:35.413   491   588 W skia    : AGTM parsing failed flags.readFromStream(s) at 159
09-19 14:23:35.413   491   588 W skia    : AGTM parsing failed flags.readFromStream(s) at 159
09-19 14:23:35.532   491   588 W skia    : AGTM parsing failed flags.readFromStream(s) at 159
09-19 14:23:35.532   491   588 W skia    : AGTM parsing failed flags.readFromStream(s) at 159
09-19 14:23:35.532   491   588 W skia    : AGTM parsing failed flags.readFromStream(s) at 159
09-19 14:23:35.582 20549 20549 I Surface : Creating surface for consumer unnamed-20549-2 with slotExpansion=1 for 64 slots
09-19 14:23:35.582 20549 20549 I Surface : Creating surface for consumer ImageReader-1080x2424f1m3-20549-0 with slotExpansion=1 for 64 slots
09-19 14:23:35.613 20549 20549 V Godot   : Initializing Godot plugin registry
09-19 14:23:35.613 20549 20549 I GodotPluginRegistry: Registering runtime plugin AndroidRuntime
09-19 14:23:35.613 20549 20549 I GodotPluginRegistry: Registering runtime plugin RuneNexusPreview
09-19 14:23:35.613 20549 20549 V Godot   : InitEngine with params: [--main-pack, res://rune_nexus.pck, --rendering-method, mobile, --disable_godot_splash]
09-19 14:23:35.632   491   588 W skia    : AGTM parsing failed flags.readFromStream(s) at 159
09-19 14:23:35.633   491   588 W skia    : AGTM parsing failed flags.readFromStream(s) at 159
09-19 14:23:35.633   491   588 W skia    : AGTM parsing failed flags.readFromStream(s) at 159
09-19 14:23:35.650 20549 20549 D nativeloader: Load /data/app/~~5KdccV1CQF00JEwlWSmVgw==/com.example.rune_nexus.godotpreview-n-gVLFXZR6ARpZUSYgaMBw==/base.apk!/lib/arm64-v8a/libgodot_android.so using class loader ns clns-9 (caller=/data/app/~~5KdccV1CQF00JEwlWSmVgw==/com.example.rune_nexus.godotpreview-n-gVLFXZR6ARpZUSYgaMBw==/base.apk): ok
09-19 14:23:35.652 20549 20549 V Godot   : Godot native layer initialization completed: true
09-19 14:23:35.652 20549 20549 V Godot   : Setting up native layer with params: [--main-pack, res://rune_nexus.pck, --rendering-method, mobile]
09-19 14:23:35.683   550  4243 W libbinder.IPCThreadState: Sending oneway calls to frozen process.
09-19 14:23:35.683   550  4243 W libbinder.IPCThreadState: Sending oneway calls to frozen process.
09-19 14:23:35.683   550  4243 W libbinder.IPCThreadState: Sending oneway calls to frozen process.
09-19 14:23:35.699 20549 20549 V Godot   : Godot native layer setup completed
09-19 14:23:35.699 20549 20549 V Godot   : OnInitRenderView: f0.d@35a77ea
09-19 14:23:35.707 20549 20549 D AutofillManager: Fill dialog is enabled:false, hints=[]
09-19 14:23:35.708 20549 20549 D Godot   : Render view should be transparent: false
09-19 14:23:35.712 20549 20549 W libc    : Access denied finding property "vendor.mesa.virtgpu.kumquat"
09-19 14:23:35.712 20549 20549 W libc    : Access denied finding property "vendor.mesa.log"
09-19 14:23:35.712 20549 20549 W libc    : Access denied finding property "vendor.mesa.log.level"
09-19 14:23:35.712 20549 20549 W libc    : Access denied finding property "vendor.mesa.log.prefix"
09-19 14:23:35.713 20549 20549 W libc    : Access denied finding property "vendor.mesa.gallium.print.options"
09-19 14:23:35.713 20549 20549 W libc    : Access denied finding property "vendor.mesa.log.file.auto"
09-19 14:23:35.713 20549 20549 W libc    : Access denied finding property "vendor.mesa.log.file"
09-19 14:23:35.713 20549 20549 E MESA    : Failed to open rendernode: No such file or directory
09-19 14:23:35.713 20549 20549 W libc    : Access denied finding property "vendor.mesa.virtgpu.kumquat"
09-19 14:23:35.713 20549 20549 E MESA    : Failed to open rendernode: No such file or directory
09-19 14:23:35.713 20549 20549 W libc    : Access denied finding property "vendor.mesa.virtgpu.kumquat"
09-19 14:23:35.714   431   475 I netd    : tetherGetStats() -> {[]} <2.16ms>
09-19 14:23:35.717 20549 20549 W libc    : Access denied finding property "vendor.mesa.virtgpu.kumquat"
09-19 14:23:35.717 20549 20549 E MESA    : Failed to open rendernode: No such file or directory
09-19 14:23:35.735 20549 20549 D vulkan  : searching for layers in '/data/app/~~5KdccV1CQF00JEwlWSmVgw==/com.example.rune_nexus.godotpreview-n-gVLFXZR6ARpZUSYgaMBw==/lib/arm64'
09-19 14:23:35.735 20549 20549 D vulkan  : searching for layers in '/data/app/~~5KdccV1CQF00JEwlWSmVgw==/com.example.rune_nexus.godotpreview-n-gVLFXZR6ARpZUSYgaMBw==/base.apk!/lib/arm64-v8a'
09-19 14:23:35.735 20549 20549 W libc    : Access denied finding property "vendor.mesa.virtgpu.kumquat"
09-19 14:23:35.735 20549 20549 E MESA    : Failed to open rendernode: No such file or directory
09-19 14:23:35.736 20549 20549 W libc    : Access denied finding property "vendor.mesa.virtgpu.kumquat"
09-19 14:23:35.736 20549 20549 E MESA    : Failed to open rendernode: No such file or directory
09-19 14:23:35.736 20549 20549 W libc    : Access denied finding property "vendor.mesa.virtgpu.kumquat"
09-19 14:23:35.736 20549 20549 E MESA    : Failed to open rendernode: No such file or directory
09-19 14:23:35.736 20549 20549 W libc    : Access denied finding property "vendor.mesa.virtgpu.kumquat"
09-19 14:23:35.736 20549 20549 E MESA    : Failed to open rendernode: No such file or directory
09-19 14:23:35.737 20549 20549 W libc    : Access denied finding property "vendor.mesa.virtgpu.kumquat"
09-19 14:23:35.737 20549 20549 E MESA    : Failed to open rendernode: No such file or directory
09-19 14:23:35.737 20549 20549 W libc    : Access denied finding property "vendor.mesa.virtgpu.kumquat"
09-19 14:23:35.737 20549 20549 E MESA    : Failed to open rendernode: No such file or directory
09-19 14:23:35.737 20549 20549 W libc    : Access denied finding property "vendor.mesa.vk.trace"
09-19 14:23:35.737 20549 20549 W libc    : Access denied finding property "vendor.mesa.vk.trace.per.submit"
09-19 14:23:35.737 20549 20549 W libc    : Access denied finding property "vendor.mesa.vk.trace.frame"
09-19 14:23:35.737 20549 20549 W libc    : Access denied finding property "vendor.mesa.vk.trace.trigger"
09-19 14:23:35.741   491   588 W skia    : AGTM parsing failed flags.readFromStream(s) at 159
09-19 14:23:35.741   491   588 W skia    : AGTM parsing failed flags.readFromStream(s) at 159
09-19 14:23:35.741   491   588 W skia    : AGTM parsing failed flags.readFromStream(s) at 159
09-19 14:23:35.755 20549 20549 W libc    : Access denied finding property "vendor.mesa.vk.wsi.debug"
09-19 14:23:35.755 20549 20549 W libc    : Access denied finding property "vendor.mesa.virtgpu.kumquat"
09-19 14:23:35.755 20549 20549 E MESA    : Failed to open rendernode: No such file or directory
09-19 14:23:35.760 20549 20549 W libc    : Access denied finding property "vendor.mesa.virtgpu.kumquat"
09-19 14:23:35.760 20549 20549 E MESA    : Failed to open rendernode: No such file or directory
09-19 14:23:35.763 20549 20549 W libc    : Access denied finding property "vendor.mesa.vk.wsi.present.mode"
09-19 14:23:35.763 20549 20549 W libc    : Access denied finding property "vendor.mesa.vk.wsi.headless.swapchain"
09-19 14:23:35.763 20549 20549 W libc    : Access denied finding property "vendor.mesa.virtgpu.kumquat"
09-19 14:23:35.763 20549 20549 E MESA    : Failed to open rendernode: No such file or directory
09-19 14:23:35.764 20549 20549 E godot   : WARNING: Property not found: 'xr/shaders/enabled'.
09-19 14:23:35.764 20549 20549 E godot   :    at: get_setting_with_override (core/config/project_settings.cpp:435)
09-19 14:23:35.764 20549 20549 D Godot   : renderingDevice: vulkan (ProjectSettings)
09-19 14:23:35.764 20549 20549 D Godot   : 			renderer: mobile (Default)
09-19 14:23:35.765 20549 20549 V Godot   : OnStart: f0.d@35a77ea
09-19 14:23:35.765 20549 20549 V Godot   : OnResume: f0.d@35a77ea
09-19 14:23:35.768 20549 20585 V VkRenderer: Renderer resumed
09-19 14:23:35.776 20549 20549 I Surface : Creating surface for consumer unnamed-20549-3 with slotExpansion=1 for 64 slots
09-19 14:23:35.776 20549 20549 I Surface : Creating surface for consumer ImageReader-1080x2424f1m3-20549-1 with slotExpansion=1 for 64 slots
09-19 14:23:35.822 20549 20549 I HWUI    : Using FreeType backend (prop=Auto)
09-19 14:23:35.825 20549 20549 I Surface : Creating surface for consumer unnamed-20549-4 with slotExpansion=1 for 64 slots
09-19 14:23:35.826 20549 20549 I Surface : Creating surface for consumer e1413e SurfaceView[com.example.rune_nexus.godotpreview/com.example.rune_nexus.GodotPreviewActivity]#2(BLAST Consumer)2 with slotExpansion=1 for 64 slots
09-19 14:23:35.826 20549 20549 V VkSurfaceView: On surface created
09-19 14:23:35.826 20549 20549 V VkSurfaceView: On surface changed [4]: 1079 x 2424
09-19 14:23:35.826 20549 20585 V VkRenderer: Initializing renderer...
09-19 14:23:35.827 20549 20585 I godot   : Godot Engine v4.7.2.stable.official.ed1daf0bf - https://godotengine.org
09-19 14:23:35.844   491   588 W skia    : AGTM parsing failed flags.readFromStream(s) at 159
09-19 14:23:35.845   491   588 W skia    : AGTM parsing failed flags.readFromStream(s) at 159
09-19 14:23:35.845   491   588 W skia    : AGTM parsing failed flags.readFromStream(s) at 159
09-19 14:23:35.910 20549 20585 W libc    : Access denied finding property "vendor.mesa.virtgpu.kumquat"
09-19 14:23:35.910 20549 20585 E MESA    : Failed to open rendernode: No such file or directory
09-19 14:23:35.910 20549 20585 W libc    : Access denied finding property "vendor.mesa.virtgpu.kumquat"
09-19 14:23:35.910 20549 20585 E MESA    : Failed to open rendernode: No such file or directory
09-19 14:23:35.911 20549 20585 W libc    : Access denied finding property "vendor.mesa.virtgpu.kumquat"
09-19 14:23:35.911 20549 20585 E MESA    : Failed to open rendernode: No such file or directory
09-19 14:23:35.912 20549 20585 W libc    : Access denied finding property "vendor.mesa.virtgpu.kumquat"
09-19 14:23:35.912 20549 20585 E MESA    : Failed to open rendernode: No such file or directory
09-19 14:23:35.913 20549 20585 W libc    : Access denied finding property "vendor.mesa.virtgpu.kumquat"
09-19 14:23:35.913 20549 20585 E MESA    : Failed to open rendernode: No such file or directory
09-19 14:23:35.913 20549 20585 W libc    : Access denied finding property "vendor.mesa.virtgpu.kumquat"
09-19 14:23:35.913 20549 20585 E MESA    : Failed to open rendernode: No such file or directory
09-19 14:23:35.914 20549 20585 W libc    : Access denied finding property "vendor.mesa.virtgpu.kumquat"
09-19 14:23:35.914 20549 20585 E MESA    : Failed to open rendernode: No such file or directory
09-19 14:23:35.915 20549 20585 W libc    : Access denied finding property "vendor.mesa.virtgpu.kumquat"
09-19 14:23:35.915 20549 20585 E MESA    : Failed to open rendernode: No such file or directory
09-19 14:23:35.916 20549 20585 W libc    : Access denied finding property "vendor.mesa.virtgpu.kumquat"
09-19 14:23:35.917 20549 20585 E MESA    : Failed to open rendernode: No such file or directory
09-19 14:23:35.918 20549 20585 W libc    : Access denied finding property "vendor.mesa.virtgpu.kumquat"
09-19 14:23:35.918 20549 20585 E MESA    : Failed to open rendernode: No such file or directory
09-19 14:23:35.920 20549 20585 W libc    : Access denied finding property "vendor.mesa.virtgpu.kumquat"
09-19 14:23:35.920 20549 20585 E MESA    : Failed to open rendernode: No such file or directory
09-19 14:23:35.920 20549 20585 W libc    : Access denied finding property "vendor.mesa.virtgpu.kumquat"
09-19 14:23:35.920 20549 20585 E MESA    : Failed to open rendernode: No such file or directory
09-19 14:23:35.920 20549 20585 W libc    : Access denied finding property "vendor.mesa.virtgpu.kumquat"
09-19 14:23:35.920 20549 20585 E MESA    : Failed to open rendernode: No such file or directory
09-19 14:23:35.921 20549 20585 W libc    : Access denied finding property "vendor.mesa.virtgpu.kumquat"
09-19 14:23:35.921 20549 20585 E MESA    : Failed to open rendernode: No such file or directory
09-19 14:23:35.921 20549 20585 W libc    : Access denied finding property "vendor.mesa.virtgpu.kumquat"
09-19 14:23:35.921 20549 20585 E MESA    : Failed to open rendernode: No such file or directory
09-19 14:23:35.922 20549 20585 W libc    : Access denied finding property "vendor.mesa.virtgpu.kumquat"
09-19 14:23:35.922 20549 20585 E MESA    : Failed to open rendernode: No such file or directory
09-19 14:23:35.922 20549 20585 W libc    : Access denied finding property "vendor.mesa.virtgpu.kumquat"
09-19 14:23:35.922 20549 20585 E MESA    : Failed to open rendernode: No such file or directory
09-19 14:23:35.922 20549 20585 W libc    : Access denied finding property "vendor.mesa.virtgpu.kumquat"
09-19 14:23:35.923 20549 20585 E MESA    : Failed to open rendernode: No such file or directory
09-19 14:23:35.923 20549 20585 W libc    : Access denied finding property "vendor.mesa.virtgpu.kumquat"
09-19 14:23:35.923 20549 20585 E MESA    : Failed to open rendernode: No such file or directory
09-19 14:23:35.923 20549 20585 W libc    : Access denied finding property "vendor.mesa.virtgpu.kumquat"
09-19 14:23:35.923 20549 20585 E MESA    : Failed to open rendernode: No such file or directory
09-19 14:23:35.930 20549 20585 W libc    : Access denied finding property "vendor.mesa.virtgpu.kumquat"
09-19 14:23:35.931 20549 20585 E MESA    : Failed to open rendernode: No such file or directory
09-19 14:23:35.931 20549 20585 I godot   : Vulkan 1.3.0 - Forward Mobile - Using Device #0: Apple - Goldfish GFXStream (Apple M4)
09-19 14:23:35.946   491   588 W skia    : AGTM parsing failed flags.readFromStream(s) at 159
09-19 14:23:35.946   491   588 W skia    : AGTM parsing failed flags.readFromStream(s) at 159
09-19 14:23:35.960   645   761 W InputChannel-JNI: Channel already disposed.
09-19 14:23:35.962  1375  1375 I GoogleInputMethodService: GoogleInputMethodService.onFinishInput():2259 
09-19 14:23:35.964  1375  1375 I Module  : DeviceLockedStatusModuleProvider$Module.updateDeviceLockedStatus():103 repeatCheckTimes = 0, locked = false
09-19 14:23:35.966  1375  1375 I GoogleInputMethodService: GoogleInputMethodService.onStartInput():1446 onStartInput(EditorInfo{EditorInfo{packageName=com.example.rune_nexus.godotpreview, inputType=0, inputTypeString=NULL, enableLearning=false, autoCorrection=false, autoComplete=false, imeOptions=0, privateImeOptions=null, actionName=UNSPECIFIED, actionLabel=null, initialSelStart=-1, initialSelEnd=-1, initialCapsMode=0, label=null, fieldId=0, fieldName=null, extras=null, hintText=null, hintLocales=[]}}, false)
09-19 14:23:35.967  1375  1375 W AndroidIME: LatinIMEBase.updateInputViewCoverNavigation():327 Null input view, cannot update padding!
09-19 14:23:35.972  1375  1375 I Module  : DeviceLockedStatusModuleProvider$Module.updateDeviceLockedStatus():103 repeatCheckTimes = 1, locked = false
09-19 14:23:35.977   645  1630 W PackageConfigPersister: App-specific configuration not found for packageName: com.example.rune_nexus.godotpreview and userId: 0
09-19 14:23:35.991  1012  1174 D SatelliteController: isInCarrierRoamingNbIotNtn: satellite is disabled
09-19 14:23:35.991  1012  1174 D SatelliteController: getCarrierRoamingNtnConnectType: Checking connect type from PLMN config for subId: 1
09-19 14:23:35.991  1012  1174 D TelephonyConfigUpdateInstallReceiver: getConfigParser: domain=satellite
09-19 14:23:35.991  1012  1174 V SatelliteController: satelliteConfigParser is not ready
09-19 14:23:35.991  1012  1174 D SatelliteController: isSatelliteAttachSupportedViaConfigupdater: return null (satelliteConfig is null)
09-19 14:23:35.996  1012  1174 D SatelliteController: getSatellitePerPlmnConfiguration: invalid subId or not supported via carrier.
09-19 14:23:35.996  1012  1174 D SatelliteController: getCarrierRoamingNtnConnectType: config: null
09-19 14:23:35.996  1012  1174 D TelephonyConfigUpdateInstallReceiver: getConfigParser: domain=satellite
09-19 14:23:35.996  1012  1174 V SatelliteController: satelliteConfigParser is not ready
09-19 14:23:35.996  1012  1174 D SatelliteController: getCarrierRoamingNtnConnectTypeViaConfigUpdater: return null (satelliteConfig is null)
09-19 14:23:35.997  1012  1174 D SatelliteController: getCarrierRoamingNtnConnectType: Falling back to global carrier config connect type: 0
09-19 14:23:35.997  1012  1174 D TelephonyConfigUpdateInstallReceiver: getConfigParser: domain=satellite
09-19 14:23:35.997  1012  1174 V SatelliteController: satelliteConfigParser is not ready
09-19 14:23:35.997  1012  1174 D SatelliteController: isSatelliteAttachSupportedViaConfigupdater: return null (satelliteConfig is null)
09-19 14:23:35.997  1012  1174 D SatelliteController: getCarrierRoamingNtnConnectType: Checking connect type from PLMN config for subId: 1
09-19 14:23:35.997  1012  1174 D TelephonyConfigUpdateInstallReceiver: getConfigParser: domain=satellite
09-19 14:23:35.997  1012  1174 V SatelliteController: satelliteConfigParser is not ready
09-19 14:23:35.997  1012  1174 D SatelliteController: isSatelliteAttachSupportedViaConfigupdater: return null (satelliteConfig is null)
09-19 14:23:35.997  1012  1174 D SatelliteController: getSatellitePerPlmnConfiguration: invalid subId or not supported via carrier.
09-19 14:23:35.997  1012  1174 D SatelliteController: getCarrierRoamingNtnConnectType: config: null
09-19 14:23:35.997  1012  1174 D TelephonyConfigUpdateInstallReceiver: getConfigParser: domain=satellite
09-19 14:23:35.997  1012  1174 V SatelliteController: satelliteConfigParser is not ready
09-19 14:23:35.997  1012  1174 D SatelliteController: getCarrierRoamingNtnConnectTypeViaConfigUpdater: return null (satelliteConfig is null)
09-19 14:23:35.997  1012  1174 D SatelliteController: getCarrierRoamingNtnConnectType: Falling back to global carrier config connect type: 0
09-19 14:23:35.997  1012  1174 D TelephonyConfigUpdateInstallReceiver: getConfigParser: domain=satellite
09-19 14:23:35.997  1012  1174 V SatelliteController: satelliteConfigParser is not ready
09-19 14:23:35.997  1012  1174 D SatelliteController: isSatelliteAttachSupportedViaConfigupdater: return null (satelliteConfig is null)
09-19 14:23:36.045   491   588 W skia    : AGTM parsing failed flags.readFromStream(s) at 159
09-19 14:23:36.045   491   588 W skia    : AGTM parsing failed flags.readFromStream(s) at 159
09-19 14:23:36.146   491   588 W skia    : AGTM parsing failed flags.readFromStream(s) at 159
09-19 14:23:36.146   491   588 W skia    : AGTM parsing failed flags.readFromStream(s) at 159
09-19 14:23:36.247   491   588 W skia    : AGTM parsing failed flags.readFromStream(s) at 159
09-19 14:23:36.247   491   588 W skia    : AGTM parsing failed flags.readFromStream(s) at 159
09-19 14:23:36.304 20549 20581 W libc    : Access denied finding property "vendor.mesa.virtgpu.kumquat"
09-19 14:23:36.304 20549 20581 E MESA    : Failed to open rendernode: No such file or directory
09-19 14:23:36.332 20549 20583 W libc    : Access denied finding property "vendor.mesa.virtgpu.kumquat"
09-19 14:23:36.332 20549 20583 E MESA    : Failed to open rendernode: No such file or directory
09-19 14:23:36.337 20549 20582 W libc    : Access denied finding property "vendor.mesa.virtgpu.kumquat"
09-19 14:23:36.340 20549 20582 E MESA    : Failed to open rendernode: No such file or directory
09-19 14:23:36.343 20549 20584 W libc    : Access denied finding property "vendor.mesa.virtgpu.kumquat"
09-19 14:23:36.343 20549 20584 E MESA    : Failed to open rendernode: No such file or directory
09-19 14:23:36.351   491   588 W skia    : AGTM parsing failed flags.readFromStream(s) at 159
09-19 14:23:36.351   491   588 W skia    : AGTM parsing failed flags.readFromStream(s) at 159
09-19 14:23:36.461   491   588 W skia    : AGTM parsing failed flags.readFromStream(s) at 159
09-19 14:23:36.462   491   588 W skia    : AGTM parsing failed flags.readFromStream(s) at 159
09-19 14:23:36.502   645   800 D WifiClientModeImpl[3810:wlan0]: updateLinkLayerStatsRssiSpeedFrequencyCapabilities rssi=-50 TxLinkspeed=1 freq=2447 RxLinkSpeed=2
09-19 14:23:36.502   645   800 D WifiDataStall: tx tput in kbps: 11000
09-19 14:23:36.502   645   800 D WifiDataStall: rx tput in kbps: 11000
09-19 14:23:36.503   645   800 V WifiConfigManager: Updating scan detail cache freq=2447 BSSID=00:13:10:85:fe:01 RSSI=-50 for "AndroidWifi"NONE
09-19 14:23:36.503   645   800 D WifiThroughputPredictor:  utilization (LLS) 80 isBluetoothConnected: false final utilization: 80
09-19 14:23:36.503   645   800 D WifiThroughputPredictor:  BW: 0 RSSI: -50 Nss: 1 Mode: 1 symDur: 4000 snrDb 30 bitPerTone: 4500 rate: 54 throughput: 11
09-19 14:23:36.503   645   800 D WifiThroughputPredictor:  utilization (LLS) 80 isBluetoothConnected: false final utilization: 80
09-19 14:23:36.503   645   800 D WifiThroughputPredictor:  BW: 0 RSSI: -50 Nss: 1 Mode: 1 symDur: 4000 snrDb 30 bitPerTone: 4500 rate: 54 throughput: 11
09-19 14:23:36.503   645   800 D WifiThroughputPredictor:  utilization (LLS) 80 isBluetoothConnected: false final utilization: 80
09-19 14:23:36.503   645   800 D WifiThroughputPredictor:  BW: 0 RSSI: -50 Nss: 1 Mode: 1 symDur: 4000 snrDb 30 bitPerTone: 4500 rate: 54 throughput: 11
09-19 14:23:36.503   645   800 D WifiThroughputPredictor:  utilization (LLS) 80 isBluetoothConnected: false final utilization: 80
09-19 14:23:36.503   645   800 D WifiThroughputPredictor:  BW: 0 RSSI: -50 Nss: 1 Mode: 1 symDur: 4000 snrDb 30 bitPerTone: 4500 rate: 54 throughput: 11
09-19 14:23:36.504   645   800 I HalDevMgr: bestIfaceCreationProposal is null, requestIface=STA, existingIface=[name=wlan0 type=STA]
09-19 14:23:36.505   645   800 D WifiScoreCard: BSSID update SIGNAL_POLL ID: 760286919 SSID: "AndroidWifi", BSSID: 00:13:10:85:fe:01, MAC: 02:15:b2:00:00:00, IP: /10.0.2.16, Security type: 0, Supplicant state: COMPLETED, Wi-Fi standard: legacy, RSSI: -50, Link speed: 1Mbps, Tx Link speed: 1Mbps, Max Supported Tx Link speed: 11Mbps, Calculated Tx : 0Mbps, Rx Link speed: 2Mbps, Max Supported Rx Link speed: 11Mbps, Calculated Rx : 0Mbps, Frequency: 2447MHz, Net ID: 0, Metered hint: false, score: 100, isUsable: true, CarrierMerged: false, SubscriptionId: -1, IsPrimary: 1, Trusted: true, Restricted: false, Ephemeral: false, OEM paid: false, OEM private: false, OSU AP: false, FQDN: <none>, Provider friendly name: <none>, Requesting package name: <none>"AndroidWifi"openMLO Information: , Is TID-To-Link negotiation supported by the AP: false, AP MLD Address: <none>, AP MLO Link Id: <none>, AP MLO Affiliated links: <none>, Vendor Data: <none>
09-19 14:23:36.505   645   800 D WifiScoreCard: txRate: 1 txSpeed: 1
09-19 14:23:36.505   645   800 D WifiScoreCard: network update SIGNAL_POLL "AndroidWifi" ID: 673433585 RSSI -50 txSpeed -1
09-19 14:23:36.505   645   800 D WifiClientModeImpl[3810:wlan0]:  ClientModeImpl$L2ConnectedState screen=on 26 0 "AndroidWifi" 00:13:10:85:fe:01 rssi=-50 f=2447 sc=100 link=1 tx=0.0, 0.0, 0.0 rx=0.0 bcn=0 [on:0 tx:0 rx:0 period:3006] from screen [on:0 period:-1205945927] score=100
09-19 14:23:36.523   892   892 D wpa_supplicant: nl80211: Drv Event 64 (NL80211_CMD_NOTIFY_CQM) received for wlan0
09-19 14:23:36.523   892   892 D wpa_supplicant: nl80211: Beacon loss event
09-19 14:23:36.523   892   892 D wpa_supplicant: wlan0: Event BEACON_LOSS (53) received
09-19 14:23:36.523   892   892 I wpa_supplicant: wlan0: CTRL-EVENT-BEACON-LOSS 
09-19 14:23:36.535   439  3496 D android.hardware.audio@7.1-impl.ranchu: threadLoop: entering standby, frames: 21157619008
09-19 14:23:36.535   439  3496 D android.hardware.audio@7.1-impl.ranchu: ~TinyalsaSink: joining consumeThread
09-19 14:23:36.535   439 19849 D android.hardware.audio@7.1-impl.ranchu: consumeThread: exiting
09-19 14:23:36.535   439  3496 D android.hardware.audio@7.1-impl.ranchu: ~TinyalsaSink: stopping PCM stream
09-19 14:23:36.562   491   588 W skia    : AGTM parsing failed flags.readFromStream(s) at 159
09-19 14:23:36.562   491   588 W skia    : AGTM parsing failed flags.readFromStream(s) at 159
09-19 14:23:36.663   491   588 W skia    : AGTM parsing failed flags.readFromStream(s) at 159
09-19 14:23:36.663   491   588 W skia    : AGTM parsing failed flags.readFromStream(s) at 159
09-19 14:23:36.694   645   800 D WifiNetworkSelector: Current connected network: 0
09-19 14:23:36.694   645   800 V WifiConnectivityManager: No full band scan because current network is sufficient
09-19 14:23:36.696   645   804 I WifiScanningService: Registering listener= com.android.server.wifi.scanner.WifiScannerInternal$ScanListener@d9b70a8 uid=1000 packageName=null workSource=WorkSource{1000}
09-19 14:23:36.696   645   804 I WifiScanningService: start scan: ClientInfo[uid=1000, package=null, attributionTag=null, com.android.server.wifi.scanner.WifiScannerInternal$ScanListener@d9b70a8] package null AttributionTag null
09-19 14:23:36.696   645   804 I WifiScanningService: addSingleScanRequest: ClientInfo[uid=1000, package=null, attributionTag=null, com.android.server.wifi.scanner.WifiScannerInternal$ScanListener@d9b70a8],WorkSource{1010}, ScanSettings {  type:HIGH ACCURACY band:unspecified ignoreLocationSettings:false period:0 reportEvents:3 numBssidsPerScan:0 maxScansToCache:0 rnrSetting:2 6GhzPscOnlyEnabled:false channels:[ 2447  ]  } 
09-19 14:23:36.697   645   804 D WifiScanningService: replySucceeded onSuccess
09-19 14:23:36.697   645   804 E Nl80211Native: getChannelsMhzForBand: Wiphy index not recorded for band 8
09-19 14:23:36.697   645   804 E Nl80211Native: getChannelsMhzForBand: Wiphy index not recorded for band 16
09-19 14:23:36.697   645   804 D Nl80211Native: Ignoring unsupported scan type 2
09-19 14:23:36.697   645   804 I Nl80211Proxy: Sending Nl80211 message: GenericNetlinkMsg{ nlHeader{StructNlMsgHdr{ nlmsg_len{56}, nlmsg_type{29()}, nlmsg_flags{5(NLM_F_REQUEST|NLM_F_ACK)}, nlmsg_seq{12816}, nlmsg_pid{0} }}, genNlHeader{StructGenNlMsgHdr{ command{33}, version{1}, reserved{0} }}, attributes{[StructNlAttr{ nla_len{8}, nla_type{-32723}, nla_value{04000000}, }, StructNlAttr{ nla_len{8}, nla_type{3}, nla_value{10000000}, }, StructNlAttr{ nla_len{12}, nla_type{-32724}, nla_value{080000008F090000}, }, StructNlAttr{ nla_len{8}, nla_type{158}, nla_value{00000000}, }]} }
09-19 14:23:36.698   892   892 D wpa_supplicant: nl80211: Drv Event 33 (NL80211_CMD_TRIGGER_SCAN) received for wlan0
09-19 14:23:36.698   892   892 D wpa_supplicant: wlan0: nl80211: Scan trigger
09-19 14:23:36.698   892   892 D wpa_supplicant: wlan0: Event SCAN_STARTED (47) received
09-19 14:23:36.698   892   892 D wpa_supplicant: wlan0: External program started a scan
09-19 14:23:36.698   645   800 V WifiConnectivityManager: schedulePeriodicScanTimer intervalMs 160000
09-19 14:23:36.698   645   804 I Nl80211Proxy: Received NLMSG_ERROR with error 0 for message GenericNetlinkMsg{ nlHeader{StructNlMsgHdr{ nlmsg_len{56}, nlmsg_type{29()}, nlmsg_flags{5(NLM_F_REQUEST|NLM_F_ACK)}, nlmsg_seq{12816}, nlmsg_pid{0} }}, genNlHeader{StructGenNlMsgHdr{ command{33}, version{1}, reserved{0} }}, attributes{[StructNlAttr{ nla_len{8}, nla_type{-32723}, nla_value{04000000}, }, StructNlAttr{ nla_len{8}, nla_type{3}, nla_value{10000000}, }, StructNlAttr{ nla_len{12}, nla_type{-32724}, nla_value{080000008F090000}, }, StructNlAttr{ nla_len{8}, nla_type{158}, nla_value{00000000}, }]} }
09-19 14:23:36.705 20549 20553 I us.godotpreview: NativeAlloc concurrent mark compact GC freed 96KB AllocSpace bytes, 0(0B) LOS objects, 49% free, 2207KB/4414KB, paused 207us,5.841ms total 19.343ms
09-19 14:23:36.759   645   800 D Nl80211Native: Received NL80211 broadcast: GenericNetlinkMsg{ nlHeader{StructNlMsgHdr{ nlmsg_len{68}, nlmsg_type{29()}, nlmsg_flags{0()}, nlmsg_seq{0}, nlmsg_pid{0} }}, genNlHeader{StructGenNlMsgHdr{ command{34}, version{1}, reserved{0} }}, attributes{[StructNlAttr{ nla_len{8}, nla_type{1}, nla_value{01000000}, }, StructNlAttr{ nla_len{8}, nla_type{3}, nla_value{10000000}, }, StructNlAttr{ nla_len{12}, nla_type{153}, nla_value{0100000001000000}, }, StructNlAttr{ nla_len{12}, nla_type{44}, nla_value{080000008F090000}, }, StructNlAttr{ nla_len{8}, nla_type{45}, nla_value{04000000}, }]} }
09-19 14:23:36.759   645   800 D WifiNative: Scan result ready event
09-19 14:23:36.760   645   804 I Nl80211Proxy: Sending Nl80211 message: GenericNetlinkMsg{ nlHeader{StructNlMsgHdr{ nlmsg_len{20}, nlmsg_type{29()}, nlmsg_flags{769(NLM_F_REQUEST|NLM_F_DUMP)}, nlmsg_seq{12817}, nlmsg_pid{0} }}, genNlHeader{StructGenNlMsgHdr{ command{5}, version{1}, reserved{0} }}, attributes{[]} }
09-19 14:23:36.760   645   804 I Nl80211Proxy: Received NLMSG_DONE for message GenericNetlinkMsg{ nlHeader{StructNlMsgHdr{ nlmsg_len{20}, nlmsg_type{29()}, nlmsg_flags{769(NLM_F_REQUEST|NLM_F_DUMP)}, nlmsg_seq{12817}, nlmsg_pid{0} }}, genNlHeader{StructGenNlMsgHdr{ command{5}, version{1}, reserved{0} }}, attributes{[]} }
09-19 14:23:36.760   892   892 D wpa_supplicant: nl80211: Drv Event 34 (NL80211_CMD_NEW_SCAN_RESULTS) received for wlan0
09-19 14:23:36.760   892   892 D wpa_supplicant: wlan0: nl80211: New scan results available
09-19 14:23:36.760   892   892 D wpa_supplicant: nl80211: Scan probed for SSID ''
09-19 14:23:36.760   892   892 D wpa_supplicant: nl80211: Scan included frequencies: 2447
09-19 14:23:36.760   892   892 D wpa_supplicant: wlan0: Event SCAN_RESULTS (3) received
09-19 14:23:36.760   892   892 D wpa_supplicant: nl80211: Received scan results (1 BSSes)
09-19 14:23:36.760   892   892 D wpa_supplicant: nl80211: Scan results indicate BSS status with 00:13:10:85:fe:01 as associated
09-19 14:23:36.760   892   892 D wpa_supplicant: wlan0: BSS: Start scan result update 4240
09-19 14:23:36.760   892   892 D wpa_supplicant: BSS: last_scan_res_used=1/32
09-19 14:23:36.760   892   892 D wpa_supplicant: wlan0: New scan results available (own=0 ext=1)
09-19 14:23:36.760   892   892 D wpa_supplicant: wlan0: Do not use results from externally requested scan operation for network selection
09-19 14:23:36.761   645   804 W Nl80211Utils: Malformed NEW_INTERFACE response: missing attributes
09-19 14:23:36.761   645   804 I Nl80211Proxy: Sending Nl80211 message: GenericNetlinkMsg{ nlHeader{StructNlMsgHdr{ nlmsg_len{28}, nlmsg_type{29()}, nlmsg_flags{769(NLM_F_REQUEST|NLM_F_DUMP)}, nlmsg_seq{12818}, nlmsg_pid{0} }}, genNlHeader{StructGenNlMsgHdr{ command{32}, version{1}, reserved{0} }}, attributes{[StructNlAttr{ nla_len{8}, nla_type{3}, nla_value{10000000}, }]} }
09-19 14:23:36.761   645   804 I Nl80211Proxy: Received NLMSG_DONE for message GenericNetlinkMsg{ nlHeader{StructNlMsgHdr{ nlmsg_len{28}, nlmsg_type{29()}, nlmsg_flags{769(NLM_F_REQUEST|NLM_F_DUMP)}, nlmsg_seq{12818}, nlmsg_pid{0} }}, genNlHeader{StructGenNlMsgHdr{ command{32}, version{1}, reserved{0} }}, attributes{[StructNlAttr{ nla_len{8}, nla_type{3}, nla_value{10000000}, }]} }
09-19 14:23:36.761   645   804 D WifiNative: get 1 scan results from nl80211
09-19 14:23:36.763  2432  5852 I WifiScanner: onFullResults
09-19 14:23:36.764  2432  2441 I WifiScanner: onFullResults
09-19 14:23:36.764   491   588 W skia    : AGTM parsing failed flags.readFromStream(s) at 159
09-19 14:23:36.764   491   588 W skia    : AGTM parsing failed flags.readFromStream(s) at 159
09-19 14:23:36.765   645   804 I WifiScanningService: singleScanResults: ClientInfo[uid=1000, package=null, attributionTag=null, com.android.server.wifi.scanner.WifiScannerInternal$ScanListener@d9b70a8],results=1
09-19 14:23:36.765   645   804 I WifiScanningService: singleScanResults listener: ClientInfo[uid=1000, package=android, attributionTag=null, com.android.server.wifi.scanner.WifiScannerInternal$ScanListener@e9105f3],results=1
09-19 14:23:36.765   645   800 D WifiScanRequestProxy: Scan results received
09-19 14:23:36.765   645   800 D WifiScanRequestProxy: Received 1 scan results
09-19 14:23:36.765   645   804 I WifiScanningService: singleScanResults listener: ClientInfo[uid=1000, package=android, attributionTag=null, com.android.server.wifi.scanner.WifiScannerInternal$ScanListener@1c53a99],results=1
09-19 14:23:36.766   645   804 I WifiScanningService: singleScanResults listener: ClientInfo[uid=1000, package=android, attributionTag=null, com.android.server.wifi.scanner.WifiScannerInternal$ScanListener@45ad4de],results=1
09-19 14:23:36.767   645   804 I WifiScanningService: singleScanResults listener: ClientInfo[uid=10222, package=com.google.android.gms, attributionTag=network_location_provider, android.net.wifi.IWifiScannerListener$Stub$Proxy@5830870],results=1
09-19 14:23:36.767   645   800 I HalDevMgr: bestIfaceCreationProposal is null, requestIface=STA, existingIface=[name=wlan0 type=STA]
09-19 14:23:36.767   645   804 I WifiScanningService: singleScanResults listener: ClientInfo[uid=10222, package=com.google.android.gms, attributionTag=fused_location_provider, android.net.wifi.IWifiScannerListener$Stub$Proxy@33c8657],results=1
09-19 14:23:36.768   645   800 V WifiConnectivityManager: AllSingleScanListener onResults: start network selection
09-19 14:23:36.768   645   804 I WifiScanningService: Unregistering listener= com.android.server.wifi.scanner.WifiScannerInternal$ScanListener@d9b70a8 uid=1000 packageName=null workSource=WorkSource{1000}
09-19 14:23:36.771   645   800 V WifiConfigManager: getSavedNetworkFromScanResult Found "AndroidWifi"NONE for AndroidWifi[[ESS]]
09-19 14:23:36.772   645   800 D WifiNetworkSelector: Current connected network: 0
09-19 14:23:36.772   645   800 D WifiNetworkSelector: wlan0: Current connected network already sufficient. Skip network selection.
09-19 14:23:36.772   645   800 V WifiLastResortWatchdog: updateAvailableNetworks: size = 0
09-19 14:23:36.772   645   800 V WifiLastResortWatchdog: mWatchdogFeatureEnabled: true
09-19 14:23:36.772   645   800 V WifiLastResortWatchdog: mWatchdogAllowedToTrigger: true
09-19 14:23:36.772   645   800 V WifiLastResortWatchdog: mRecentAvailableNetworks: 0
09-19 14:23:36.772   645   800 V WifiLastResortWatchdog: mSsidFailureCount:
09-19 14:23:36.772   645   800 V WifiConnectivityManager: AllSingleScanListener:  No candidates
09-19 14:23:36.820 20549 20585 D AudioSystem: onNewServiceWithAdapter: media.audio_flinger service obtained 0xb400007ece58a8e0
09-19 14:23:36.822 20549 20585 D AudioSystem: getService: IAudioFlingerService retrieved: 0xb400007dde4e6360  IAudioFlinger cached: 0xb400007ece58a8e0
09-19 14:23:36.822   487  1803 D AudioFlinger: onStateChanged: pid:20549  uid:10231  state:unfrozen - no freeze activity
09-19 14:23:36.822 20549 20585 D us.godotpreview: PlayerBase::PlayerBase()
09-19 14:23:36.822 20549 20585 D us.godotpreview: TrackPlayerBase::TrackPlayerBase()
09-19 14:23:36.822 20549 20585 I libOpenSLES: Emulating old channel mask behavior (ignoring positional mask 0x3, using default mask 0x3 based on channel count of 2)
09-19 14:23:36.828   487   521 W AudioFlinger: createTrack_l(): mismatch between requested flags (00000104) and output flags (00000002)
09-19 14:23:36.830   487   521 D AudioFlinger: Client defaulted notificationFrames to 882 for frameCount 4012
09-19 14:23:36.831   487   521 I AF::AfPlaybackCommon: AfPlaybackCommon: creating track with enforcement level 1 reason TARGET_SDK shouldHarden 1
09-19 14:23:36.843   645   988 E AppOps  : attributionTag  not declared in manifest of com.example.rune_nexus.godotpreview
09-19 14:23:36.844   439 20593 D android.hardware.audio@7.1-impl.ranchu: 544 frames of silence written
09-19 14:23:36.844   439 20593 D android.hardware.audio@7.1-impl.ranchu: 544 frames of silence written
09-19 14:23:36.845   439 20593 D android.hardware.audio@7.1-impl.ranchu: 544 frames of silence written
09-19 14:23:36.845   439 20593 D android.hardware.audio@7.1-impl.ranchu: 544 frames of silence written
09-19 14:23:36.845   645  2005 E AppOps  : attributionTag  not declared in manifest of com.example.rune_nexus.godotpreview
09-19 14:23:36.846 20549 20585 I godot   : 
09-19 14:23:36.856  1009  1009 I bluetooth: system/btif/avrcp/avrcp_service.cc:533 SendMediaUpdate: track_changed=false :  play_state=true :  queue=false
09-19 14:23:36.859  1009  1009 E MediaControlProfile: onCurrentPlayerStateUpdated: base actions not supported, player actions= 0, expected at least= 7f
09-19 14:23:36.859  1009  1009 W MediaControlGattService: Feature PLAYBACK_SPEED support: true
09-19 14:23:36.859  1009  1009 W MediaControlGattService: Feature PLAYBACK_SPEED support: true
09-19 14:23:36.859  1009  1009 W MediaControlGattService: Feature PLAYBACK_SPEED support: true
09-19 14:23:36.859  1009  1009 W MediaControlGattService: Feature PLAYBACK_SPEED_NOTIFY support: true
09-19 14:23:36.864  1009  1009 W MediaControlGattService: Feature TRACK_POSITION support: true
09-19 14:23:36.864  1009  1009 W MediaControlGattService: Feature TRACK_POSITION_NOTIFY support: true
09-19 14:23:36.864  1009  1009 W MediaControlGattService: Feature MEDIA_STATE support: true
09-19 14:23:36.865   491   588 W skia    : AGTM parsing failed flags.readFromStream(s) at 159
09-19 14:23:36.865   491   588 W skia    : AGTM parsing failed flags.readFromStream(s) at 159
09-19 14:23:36.869  1009  1009 W MediaControlGattService: Feature MEDIA_CONTROL_POINT_OPCODES_SUPPORTED support: true
09-19 14:23:36.869  1009  1009 W MediaControlGattService: Feature MEDIA_STATE support: true
09-19 14:23:36.869  1009  1009 W MediaControlGattService: Feature MEDIA_STATE support: true
09-19 14:23:36.873  1009  1009 W MediaControlGattService: Feature MEDIA_STATE support: true
09-19 14:23:36.873  1009  1009 W MediaControlGattService: Feature SEEKING_SPEED support: true
09-19 14:23:36.873  1009  1009 W MediaControlGattService: Feature SEEKING_SPEED support: true
09-19 14:23:36.873  1009  1009 W MediaControlGattService: Feature SEEKING_SPEED support: true
09-19 14:23:36.873  1009  1009 W MediaControlProfile: MCS service state fields left unhandled: 
09-19 14:23:36.873  1009  1009 W MediaControlProfile:    > PLAYER_NAME
09-19 14:23:36.873  1009  1009 W MediaControlProfile:    > PLAYING_ORDER_SUPPORTED
09-19 14:23:36.942   487   531 D AudioFlinger: mixer(0xb400006ff95ca790) throttle end: throttle time(33)
09-19 14:23:36.970   491   588 W skia    : AGTM parsing failed flags.readFromStream(s) at 159
09-19 14:23:36.970   491   588 W skia    : AGTM parsing failed flags.readFromStream(s) at 159
09-19 14:23:37.040 20549 20585 W libc    : Access denied finding property "vendor.mesa.virtgpu.kumquat"
09-19 14:23:37.041 20549 20585 E MESA    : Failed to open rendernode: No such file or directory
09-19 14:23:37.042 20549 20585 W libc    : Access denied finding property "vendor.mesa.virtgpu.kumquat"
09-19 14:23:37.044 20549 20585 E MESA    : Failed to open rendernode: No such file or directory
09-19 14:23:37.064 20549 20585 I SwappyDisplayManager: Using internal com/google/androidgamesdk/SwappyDisplayManager class from dex bytes.
09-19 14:23:37.067 20549 20598 I SwappyDisplayManager: Starting looper thread
09-19 14:23:37.074   491   588 W skia    : AGTM parsing failed flags.readFromStream(s) at 159
09-19 14:23:37.074   491   588 W skia    : AGTM parsing failed flags.readFromStream(s) at 159
09-19 14:23:37.135 20549 20599 W libc    : Access denied finding property "vendor.mesa.virtgpu.kumquat"
09-19 14:23:37.135 20549 20599 E MESA    : Failed to open rendernode: No such file or directory
09-19 14:23:37.172   645  1526 E TaskPersister: File error accessing recents directory (directory doesn't exist?).
09-19 14:23:37.175   491   588 W skia    : AGTM parsing failed flags.readFromStream(s) at 159
09-19 14:23:37.175   491   588 W skia    : AGTM parsing failed flags.readFromStream(s) at 159
09-19 14:23:37.274   491   588 W skia    : AGTM parsing failed flags.readFromStream(s) at 159
09-19 14:23:37.275   491   588 W skia    : AGTM parsing failed flags.readFromStream(s) at 159
09-19 14:23:37.375   491   588 W skia    : AGTM parsing failed flags.readFromStream(s) at 159
09-19 14:23:37.375   491   588 W skia    : AGTM parsing failed flags.readFromStream(s) at 159
09-19 14:23:37.478   491   588 W skia    : AGTM parsing failed flags.readFromStream(s) at 159
09-19 14:23:37.478   491   588 W skia    : AGTM parsing failed flags.readFromStream(s) at 159
09-19 14:23:37.529 20549 20585 V Godot   : OnGodotSetupCompleted
09-19 14:23:37.536 20549 20585 V Godot   : OnGodotMainLoopStarted
09-19 14:23:37.580   491   588 W skia    : AGTM parsing failed flags.readFromStream(s) at 159
09-19 14:23:37.580   491   588 W skia    : AGTM parsing failed flags.readFromStream(s) at 159
09-19 14:23:37.682   491   588 W skia    : AGTM parsing failed flags.readFromStream(s) at 159
09-19 14:23:37.682   491   588 W skia    : AGTM parsing failed flags.readFromStream(s) at 159
09-19 14:23:37.782   491   588 W skia    : AGTM parsing failed flags.readFromStream(s) at 159
09-19 14:23:37.782   491   588 W skia    : AGTM parsing failed flags.readFromStream(s) at 159
09-19 14:23:37.883   491   588 W skia    : AGTM parsing failed flags.readFromStream(s) at 159
09-19 14:23:37.883   491   588 W skia    : AGTM parsing failed flags.readFromStream(s) at 159
09-19 14:23:37.985   491   588 W skia    : AGTM parsing failed flags.readFromStream(s) at 159
09-19 14:23:37.985   491   588 W skia    : AGTM parsing failed flags.readFromStream(s) at 159
09-19 14:23:38.095   491   588 W skia    : AGTM parsing failed flags.readFromStream(s) at 159
09-19 14:23:38.095   491   588 W skia    : AGTM parsing failed flags.readFromStream(s) at 159
09-19 14:23:38.102   645   740 D ActivityManager: freezing 1651 com.google.android.gms
09-19 14:23:38.196   491   588 W skia    : AGTM parsing failed flags.readFromStream(s) at 159
09-19 14:23:38.196   491   588 W skia    : AGTM parsing failed flags.readFromStream(s) at 159
09-19 14:23:38.299   491   588 W skia    : AGTM parsing failed flags.readFromStream(s) at 159
09-19 14:23:38.299   491   588 W skia    : AGTM parsing failed flags.readFromStream(s) at 159
09-19 14:23:38.399   491   588 W skia    : AGTM parsing failed flags.readFromStream(s) at 159
09-19 14:23:38.400   491   588 W skia    : AGTM parsing failed flags.readFromStream(s) at 159
09-19 14:23:38.504   491   588 W skia    : AGTM parsing failed flags.readFromStream(s) at 159
09-19 14:23:38.504   491   588 W skia    : AGTM parsing failed flags.readFromStream(s) at 159
09-19 14:23:38.615   491   588 W skia    : AGTM parsing failed flags.readFromStream(s) at 159
09-19 14:23:38.615   491   588 W skia    : AGTM parsing failed flags.readFromStream(s) at 159
09-19 14:23:38.713   491   588 W skia    : AGTM parsing failed flags.readFromStream(s) at 159
09-19 14:23:38.713   491   588 W skia    : AGTM parsing failed flags.readFromStream(s) at 159
09-19 14:23:38.818   491   588 W skia    : AGTM parsing failed flags.readFromStream(s) at 159
09-19 14:23:38.818   491   588 W skia    : AGTM parsing failed flags.readFromStream(s) at 159
09-19 14:23:38.915   491   588 W skia    : AGTM parsing failed flags.readFromStream(s) at 159
09-19 14:23:38.915   491   588 W skia    : AGTM parsing failed flags.readFromStream(s) at 159
09-19 14:23:39.016   491   588 W skia    : AGTM parsing failed flags.readFromStream(s) at 159
09-19 14:23:39.016   491   588 W skia    : AGTM parsing failed flags.readFromStream(s) at 159
09-19 14:23:39.116   491   588 W skia    : AGTM parsing failed flags.readFromStream(s) at 159
09-19 14:23:39.116   491   588 W skia    : AGTM parsing failed flags.readFromStream(s) at 159
09-19 14:23:39.219   491   588 W skia    : AGTM parsing failed flags.readFromStream(s) at 159
09-19 14:23:39.219   491   588 W skia    : AGTM parsing failed flags.readFromStream(s) at 159
09-19 14:23:39.320   491   588 W skia    : AGTM parsing failed flags.readFromStream(s) at 159
09-19 14:23:39.320   491   588 W skia    : AGTM parsing failed flags.readFromStream(s) at 159
09-19 14:23:39.436   491   588 W skia    : AGTM parsing failed flags.readFromStream(s) at 159
09-19 14:23:39.436   491   588 W skia    : AGTM parsing failed flags.readFromStream(s) at 159
09-19 14:23:39.512   645   800 D WifiClientModeImpl[3810:wlan0]: updateLinkLayerStatsRssiSpeedFrequencyCapabilities rssi=-50 TxLinkspeed=1 freq=2447 RxLinkSpeed=2
09-19 14:23:39.512   645   800 D WifiDataStall: tx tput in kbps: 11000
09-19 14:23:39.512   645   800 D WifiDataStall: rx tput in kbps: 11000
09-19 14:23:39.512   645   800 V WifiConfigManager: Updating scan detail cache freq=2447 BSSID=00:13:10:85:fe:01 RSSI=-50 for "AndroidWifi"NONE
09-19 14:23:39.513   645   800 D WifiThroughputPredictor:  utilization (LLS) 80 isBluetoothConnected: false final utilization: 80
09-19 14:23:39.513   645   800 D WifiThroughputPredictor:  BW: 0 RSSI: -50 Nss: 1 Mode: 1 symDur: 4000 snrDb 30 bitPerTone: 4500 rate: 54 throughput: 11
09-19 14:23:39.513   645   800 D WifiThroughputPredictor:  utilization (LLS) 80 isBluetoothConnected: false final utilization: 80
09-19 14:23:39.513   645   800 D WifiThroughputPredictor:  BW: 0 RSSI: -50 Nss: 1 Mode: 1 symDur: 4000 snrDb 30 bitPerTone: 4500 rate: 54 throughput: 11
09-19 14:23:39.513   645   800 D WifiThroughputPredictor:  utilization (LLS) 80 isBluetoothConnected: false final utilization: 80
09-19 14:23:39.513   645   800 D WifiThroughputPredictor:  BW: 0 RSSI: -50 Nss: 1 Mode: 1 symDur: 4000 snrDb 30 bitPerTone: 4500 rate: 54 throughput: 11
09-19 14:23:39.513   645   800 D WifiThroughputPredictor:  utilization (LLS) 80 isBluetoothConnected: false final utilization: 80
09-19 14:23:39.513   645   800 D WifiThroughputPredictor:  BW: 0 RSSI: -50 Nss: 1 Mode: 1 symDur: 4000 snrDb 30 bitPerTone: 4500 rate: 54 throughput: 11
09-19 14:23:39.518   645   800 I HalDevMgr: bestIfaceCreationProposal is null, requestIface=STA, existingIface=[name=wlan0 type=STA]
09-19 14:23:39.519   645   800 D WifiScoreCard: BSSID update SIGNAL_POLL ID: 760286919 SSID: "AndroidWifi", BSSID: 00:13:10:85:fe:01, MAC: 02:15:b2:00:00:00, IP: /10.0.2.16, Security type: 0, Supplicant state: COMPLETED, Wi-Fi standard: legacy, RSSI: -50, Link speed: 1Mbps, Tx Link speed: 1Mbps, Max Supported Tx Link speed: 11Mbps, Calculated Tx : 0Mbps, Rx Link speed: 2Mbps, Max Supported Rx Link speed: 11Mbps, Calculated Rx : 0Mbps, Frequency: 2447MHz, Net ID: 0, Metered hint: false, score: 100, isUsable: true, CarrierMerged: false, SubscriptionId: -1, IsPrimary: 1, Trusted: true, Restricted: false, Ephemeral: false, OEM paid: false, OEM private: false, OSU AP: false, FQDN: <none>, Provider friendly name: <none>, Requesting package name: <none>"AndroidWifi"openMLO Information: , Is TID-To-Link negotiation supported by the AP: false, AP MLD Address: <none>, AP MLO Link Id: <none>, AP MLO Affiliated links: <none>, Vendor Data: <none>
09-19 14:23:39.519   645   800 D WifiScoreCard: txRate: 1 txSpeed: 1
09-19 14:23:39.519   645   800 D WifiScoreCard: network update SIGNAL_POLL "AndroidWifi" ID: 673433585 RSSI -50 txSpeed -1
09-19 14:23:39.519   645   800 D WifiClientModeImpl[3810:wlan0]:  ClientModeImpl$L2ConnectedState screen=on 26 0 "AndroidWifi" 00:13:10:85:fe:01 rssi=-50 f=2447 sc=100 link=1 tx=0.0, 0.0, 0.0 rx=0.0 bcn=0 [on:0 tx:0 rx:0 period:3014] from screen [on:0 period:-1205942913] score=100
09-19 14:23:39.535   491   588 W skia    : AGTM parsing failed flags.readFromStream(s) at 159
09-19 14:23:39.536   491   588 W skia    : AGTM parsing failed flags.readFromStream(s) at 159
09-19 14:23:39.620   431   475 I netd    : tetherGetStats() -> {[]} <1.89ms>
09-19 14:23:39.642   491   588 W skia    : AGTM parsing failed flags.readFromStream(s) at 159
09-19 14:23:39.643   491   588 W skia    : AGTM parsing failed flags.readFromStream(s) at 159
09-19 14:23:39.747   491   588 W skia    : AGTM parsing failed flags.readFromStream(s) at 159
09-19 14:23:39.747   491   588 W skia    : AGTM parsing failed flags.readFromStream(s) at 159
09-19 14:23:39.848   491   588 W skia    : AGTM parsing failed flags.readFromStream(s) at 159
09-19 14:23:39.848   491   588 W skia    : AGTM parsing failed flags.readFromStream(s) at 159
09-19 14:23:39.946 20549 20601 D ProfileInstaller: Installing profile for com.example.rune_nexus.godotpreview
09-19 14:23:39.950   491   588 W skia    : AGTM parsing failed flags.readFromStream(s) at 159
09-19 14:23:39.951   491   588 W skia    : AGTM parsing failed flags.readFromStream(s) at 159
09-19 14:23:40.052   491   588 W skia    : AGTM parsing failed flags.readFromStream(s) at 159
09-19 14:23:40.052   491   588 W skia    : AGTM parsing failed flags.readFromStream(s) at 159
09-19 14:23:40.153   491   588 W skia    : AGTM parsing failed flags.readFromStream(s) at 159
09-19 14:23:40.153   491   588 W skia    : AGTM parsing failed flags.readFromStream(s) at 159
09-19 14:23:40.254   491   588 W skia    : AGTM parsing failed flags.readFromStream(s) at 159
09-19 14:23:40.254   491   588 W skia    : AGTM parsing failed flags.readFromStream(s) at 159
09-19 14:23:40.328   645   806 D InetDiagMessage: Destroyed 0 sockets, proto=IPPROTO_TCP, family=AF_INET, states=14
09-19 14:23:40.330   645   806 D InetDiagMessage: Destroyed 0 sockets, proto=IPPROTO_TCP, family=AF_INET6, states=14
09-19 14:23:40.330   645   806 D InetDiagMessage: Destroyed live tcp sockets for uids={10232} in 3ms
09-19 14:23:40.331   645   806 D InetDiagMessage: Destroyed 0 sockets, proto=IPPROTO_TCP, family=AF_INET, states=14
09-19 14:23:40.331   645   806 D InetDiagMessage: Destroyed 0 sockets, proto=IPPROTO_TCP, family=AF_INET6, states=14
09-19 14:23:40.331   645   806 D InetDiagMessage: Destroyed live tcp sockets for uids={20232} in 0ms
09-19 14:23:40.359   491   588 W skia    : AGTM parsing failed flags.readFromStream(s) at 159
09-19 14:23:40.359   491   588 W skia    : AGTM parsing failed flags.readFromStream(s) at 159
09-19 14:23:40.463   491   588 W skia    : AGTM parsing failed flags.readFromStream(s) at 159
09-19 14:23:40.463   491   588 W skia    : AGTM parsing failed flags.readFromStream(s) at 159
09-19 14:23:40.563   491   588 W skia    : AGTM parsing failed flags.readFromStream(s) at 159
09-19 14:23:40.563   491   588 W skia    : AGTM parsing failed flags.readFromStream(s) at 159
09-19 14:23:40.664   491   588 W skia    : AGTM parsing failed flags.readFromStream(s) at 159
09-19 14:23:40.665   491   588 W skia    : AGTM parsing failed flags.readFromStream(s) at 159
09-19 14:23:40.765   491   588 W skia    : AGTM parsing failed flags.readFromStream(s) at 159
09-19 14:23:40.765   491   588 W skia    : AGTM parsing failed flags.readFromStream(s) at 159
09-19 14:23:40.865   491   588 W skia    : AGTM parsing failed flags.readFromStream(s) at 159
09-19 14:23:40.866   491   588 W skia    : AGTM parsing failed flags.readFromStream(s) at 159
09-19 14:23:40.967   491   588 W skia    : AGTM parsing failed flags.readFromStream(s) at 159
09-19 14:23:40.967   491   588 W skia    : AGTM parsing failed flags.readFromStream(s) at 159
09-19 14:23:41.067   491   588 W skia    : AGTM parsing failed flags.readFromStream(s) at 159
09-19 14:23:41.068   491   588 W skia    : AGTM parsing failed flags.readFromStream(s) at 159
09-19 14:23:41.170   491   588 W skia    : AGTM parsing failed flags.readFromStream(s) at 159
09-19 14:23:41.170   491   588 W skia    : AGTM parsing failed flags.readFromStream(s) at 159
09-19 14:23:41.275   491   588 W skia    : AGTM parsing failed flags.readFromStream(s) at 159
09-19 14:23:41.275   491   588 W skia    : AGTM parsing failed flags.readFromStream(s) at 159
09-19 14:23:41.376   491   588 W skia    : AGTM parsing failed flags.readFromStream(s) at 159
09-19 14:23:41.376   491   588 W skia    : AGTM parsing failed flags.readFromStream(s) at 159
09-19 14:23:41.477   491   588 W skia    : AGTM parsing failed flags.readFromStream(s) at 159
09-19 14:23:41.477   491   588 W skia    : AGTM parsing failed flags.readFromStream(s) at 159
09-19 14:23:41.577   491   588 W skia    : AGTM parsing failed flags.readFromStream(s) at 159
09-19 14:23:41.577   491   588 W skia    : AGTM parsing failed flags.readFromStream(s) at 159
09-19 14:23:41.680   491   588 W skia    : AGTM parsing failed flags.readFromStream(s) at 159
09-19 14:23:41.680   491   588 W skia    : AGTM parsing failed flags.readFromStream(s) at 159
09-19 14:23:41.779   491   588 W skia    : AGTM parsing failed flags.readFromStream(s) at 159
09-19 14:23:41.779   491   588 W skia    : AGTM parsing failed flags.readFromStream(s) at 159
09-19 14:23:41.880   491   588 W skia    : AGTM parsing failed flags.readFromStream(s) at 159
09-19 14:23:41.880   491   588 W skia    : AGTM parsing failed flags.readFromStream(s) at 159
09-19 14:23:41.998   491   588 W skia    : AGTM parsing failed flags.readFromStream(s) at 159
09-19 14:23:41.998   491   588 W skia    : AGTM parsing failed flags.readFromStream(s) at 159
09-19 14:23:42.099   491   588 W skia    : AGTM parsing failed flags.readFromStream(s) at 159
09-19 14:23:42.099   491   588 W skia    : AGTM parsing failed flags.readFromStream(s) at 159
09-19 14:23:42.199   491   588 W skia    : AGTM parsing failed flags.readFromStream(s) at 159
09-19 14:23:42.199   491   588 W skia    : AGTM parsing failed flags.readFromStream(s) at 159
09-19 14:23:42.310   491   588 W skia    : AGTM parsing failed flags.readFromStream(s) at 159
09-19 14:23:42.310   491   588 W skia    : AGTM parsing failed flags.readFromStream(s) at 159
09-19 14:23:42.411   491   588 W skia    : AGTM parsing failed flags.readFromStream(s) at 159
09-19 14:23:42.411   491   588 W skia    : AGTM parsing failed flags.readFromStream(s) at 159
09-19 14:23:42.516   491   588 W skia    : AGTM parsing failed flags.readFromStream(s) at 159
09-19 14:23:42.516   491   588 W skia    : AGTM parsing failed flags.readFromStream(s) at 159
09-19 14:23:42.526   645   800 D WifiClientModeImpl[3810:wlan0]: updateLinkLayerStatsRssiSpeedFrequencyCapabilities rssi=-50 TxLinkspeed=1 freq=2447 RxLinkSpeed=2
09-19 14:23:42.526   645   800 D WifiDataStall: tx tput in kbps: 11000
09-19 14:23:42.526   645   800 D WifiDataStall: rx tput in kbps: 11000
09-19 14:23:42.526   645   800 V WifiConfigManager: Updating scan detail cache freq=2447 BSSID=00:13:10:85:fe:01 RSSI=-50 for "AndroidWifi"NONE
09-19 14:23:42.526   645   800 D WifiThroughputPredictor:  utilization (LLS) 80 isBluetoothConnected: false final utilization: 80
09-19 14:23:42.526   645   800 D WifiThroughputPredictor:  BW: 0 RSSI: -50 Nss: 1 Mode: 1 symDur: 4000 snrDb 30 bitPerTone: 4500 rate: 54 throughput: 11
09-19 14:23:42.526   645   800 D WifiThroughputPredictor:  utilization (LLS) 80 isBluetoothConnected: false final utilization: 80
09-19 14:23:42.526   645   800 D WifiThroughputPredictor:  BW: 0 RSSI: -50 Nss: 1 Mode: 1 symDur: 4000 snrDb 30 bitPerTone: 4500 rate: 54 throughput: 11
09-19 14:23:42.527   645   800 D WifiThroughputPredictor:  utilization (LLS) 80 isBluetoothConnected: false final utilization: 80
09-19 14:23:42.527   645   800 D WifiThroughputPredictor:  BW: 0 RSSI: -50 Nss: 1 Mode: 1 symDur: 4000 snrDb 30 bitPerTone: 4500 rate: 54 throughput: 11
09-19 14:23:42.527   645   800 D WifiThroughputPredictor:  utilization (LLS) 80 isBluetoothConnected: false final utilization: 80
09-19 14:23:42.527   645   800 D WifiThroughputPredictor:  BW: 0 RSSI: -50 Nss: 1 Mode: 1 symDur: 4000 snrDb 30 bitPerTone: 4500 rate: 54 throughput: 11
09-19 14:23:42.531   645   800 I HalDevMgr: bestIfaceCreationProposal is null, requestIface=STA, existingIface=[name=wlan0 type=STA]
09-19 14:23:42.531   645   800 D WifiScoreCard: BSSID update SIGNAL_POLL ID: 760286919 SSID: "AndroidWifi", BSSID: 00:13:10:85:fe:01, MAC: 02:15:b2:00:00:00, IP: /10.0.2.16, Security type: 0, Supplicant state: COMPLETED, Wi-Fi standard: legacy, RSSI: -50, Link speed: 1Mbps, Tx Link speed: 1Mbps, Max Supported Tx Link speed: 11Mbps, Calculated Tx : 0Mbps, Rx Link speed: 2Mbps, Max Supported Rx Link speed: 11Mbps, Calculated Rx : 0Mbps, Frequency: 2447MHz, Net ID: 0, Metered hint: false, score: 100, isUsable: true, CarrierMerged: false, SubscriptionId: -1, IsPrimary: 1, Trusted: true, Restricted: false, Ephemeral: false, OEM paid: false, OEM private: false, OSU AP: false, FQDN: <none>, Provider friendly name: <none>, Requesting package name: <none>"AndroidWifi"openMLO Information: , Is TID-To-Link negotiation supported by the AP: false, AP MLD Address: <none>, AP MLO Link Id: <none>, AP MLO Affiliated links: <none>, Vendor Data: <none>
09-19 14:23:42.531   645   800 D WifiScoreCard: txRate: 1 txSpeed: 1
09-19 14:23:42.531   645   800 D WifiScoreCard: network update SIGNAL_POLL "AndroidWifi" ID: 673433585 RSSI -50 txSpeed -1
09-19 14:23:42.531   645   800 D WifiClientModeImpl[3810:wlan0]:  ClientModeImpl$L2ConnectedState screen=on 26 0 "AndroidWifi" 00:13:10:85:fe:01 rssi=-50 f=2447 sc=100 link=1 tx=0.0, 0.0, 0.0 rx=0.0 bcn=0 [on:0 tx:0 rx:0 period:3012] from screen [on:0 period:-1205939901] score=100
09-19 14:23:42.614   491   588 W skia    : AGTM parsing failed flags.readFromStream(s) at 159
09-19 14:23:42.614   491   588 W skia    : AGTM parsing failed flags.readFromStream(s) at 159
09-19 14:23:42.713   491   588 W skia    : AGTM parsing failed flags.readFromStream(s) at 159
09-19 14:23:42.714   491   588 W skia    : AGTM parsing failed flags.readFromStream(s) at 159
09-19 14:23:42.814   491   588 W skia    : AGTM parsing failed flags.readFromStream(s) at 159
09-19 14:23:42.814   491   588 W skia    : AGTM parsing failed flags.readFromStream(s) at 159
09-19 14:23:42.914   491   588 W skia    : AGTM parsing failed flags.readFromStream(s) at 159
09-19 14:23:42.915   491   588 W skia    : AGTM parsing failed flags.readFromStream(s) at 159
09-19 14:23:43.018   491   588 W skia    : AGTM parsing failed flags.readFromStream(s) at 159
09-19 14:23:43.018   491   588 W skia    : AGTM parsing failed flags.readFromStream(s) at 159
09-19 14:23:43.117   491   588 W skia    : AGTM parsing failed flags.readFromStream(s) at 159
09-19 14:23:43.117   491   588 W skia    : AGTM parsing failed flags.readFromStream(s) at 159
09-19 14:23:43.219   491   588 W skia    : AGTM parsing failed flags.readFromStream(s) at 159
09-19 14:23:43.219   491   588 W skia    : AGTM parsing failed flags.readFromStream(s) at 159
09-19 14:23:43.320   491   588 W skia    : AGTM parsing failed flags.readFromStream(s) at 159
09-19 14:23:43.321   491   588 W skia    : AGTM parsing failed flags.readFromStream(s) at 159
09-19 14:23:43.428   491   588 W skia    : AGTM parsing failed flags.readFromStream(s) at 159
09-19 14:23:43.428   491   588 W skia    : AGTM parsing failed flags.readFromStream(s) at 159
09-19 14:23:43.531   491   588 W skia    : AGTM parsing failed flags.readFromStream(s) at 159
09-19 14:23:43.531   491   588 W skia    : AGTM parsing failed flags.readFromStream(s) at 159
09-19 14:23:43.631   491   588 W skia    : AGTM parsing failed flags.readFromStream(s) at 159
09-19 14:23:43.631   491   588 W skia    : AGTM parsing failed flags.readFromStream(s) at 159
09-19 14:23:43.733   491   588 W skia    : AGTM parsing failed flags.readFromStream(s) at 159
09-19 14:23:43.733   491   588 W skia    : AGTM parsing failed flags.readFromStream(s) at 159
09-19 14:23:43.847   491   588 W skia    : AGTM parsing failed flags.readFromStream(s) at 159
09-19 14:23:43.847   491   588 W skia    : AGTM parsing failed flags.readFromStream(s) at 159
09-19 14:23:43.948   491   588 W skia    : AGTM parsing failed flags.readFromStream(s) at 159
09-19 14:23:43.948   491   588 W skia    : AGTM parsing failed flags.readFromStream(s) at 159
09-19 14:23:44.048   491   588 W skia    : AGTM parsing failed flags.readFromStream(s) at 159
09-19 14:23:44.048   491   588 W skia    : AGTM parsing failed flags.readFromStream(s) at 159
09-19 14:23:44.152   491   588 W skia    : AGTM parsing failed flags.readFromStream(s) at 159
09-19 14:23:44.152   491   588 W skia    : AGTM parsing failed flags.readFromStream(s) at 159
09-19 14:23:44.249   491   588 W skia    : AGTM parsing failed flags.readFromStream(s) at 159
09-19 14:23:44.249   491   588 W skia    : AGTM parsing failed flags.readFromStream(s) at 159
09-19 14:23:44.354   487   531 D AudioFlinger: mixer(0xb400006ff95ca790) throttle end: throttle time(2)
09-19 14:23:44.392   491   588 W skia    : AGTM parsing failed flags.readFromStream(s) at 159
09-19 14:23:44.392   491   588 W skia    : AGTM parsing failed flags.readFromStream(s) at 159
09-19 14:23:44.471   491   588 W skia    : AGTM parsing failed flags.readFromStream(s) at 159
09-19 14:23:44.471   491   588 W skia    : AGTM parsing failed flags.readFromStream(s) at 159
09-19 14:23:44.480   892   892 D wpa_supplicant: nl80211: Drv Event 64 (NL80211_CMD_NOTIFY_CQM) received for wlan0
09-19 14:23:44.480   892   892 D wpa_supplicant: nl80211: Beacon loss event
09-19 14:23:44.481   892   892 D wpa_supplicant: wlan0: Event BEACON_LOSS (53) received
09-19 14:23:44.481   892   892 I wpa_supplicant: wlan0: CTRL-EVENT-BEACON-LOSS 
09-19 14:23:44.574   491   588 W skia    : AGTM parsing failed flags.readFromStream(s) at 159
09-19 14:23:44.574   491   588 W skia    : AGTM parsing failed flags.readFromStream(s) at 159
09-19 14:23:44.675   491   588 W skia    : AGTM parsing failed flags.readFromStream(s) at 159
09-19 14:23:44.675   491   588 W skia    : AGTM parsing failed flags.readFromStream(s) at 159
09-19 14:23:44.777   491   588 W skia    : AGTM parsing failed flags.readFromStream(s) at 159
09-19 14:23:44.777   491   588 W skia    : AGTM parsing failed flags.readFromStream(s) at 159
09-19 14:23:44.878   491   588 W skia    : AGTM parsing failed flags.readFromStream(s) at 159
09-19 14:23:44.878   491   588 W skia    : AGTM parsing failed flags.readFromStream(s) at 159
09-19 14:23:44.978   491   588 W skia    : AGTM parsing failed flags.readFromStream(s) at 159
09-19 14:23:44.978   491   588 W skia    : AGTM parsing failed flags.readFromStream(s) at 159
09-19 14:23:45.083   491   588 W skia    : AGTM parsing failed flags.readFromStream(s) at 159
09-19 14:23:45.083   491   588 W skia    : AGTM parsing failed flags.readFromStream(s) at 159
09-19 14:23:45.182   491   588 W skia    : AGTM parsing failed flags.readFromStream(s) at 159
09-19 14:23:45.182   491   588 W skia    : AGTM parsing failed flags.readFromStream(s) at 159
09-19 14:23:45.282   491   588 W skia    : AGTM parsing failed flags.readFromStream(s) at 159
09-19 14:23:45.282   491   588 W skia    : AGTM parsing failed flags.readFromStream(s) at 159
09-19 14:23:45.394   491   588 W skia    : AGTM parsing failed flags.readFromStream(s) at 159
09-19 14:23:45.394   491   588 W skia    : AGTM parsing failed flags.readFromStream(s) at 159
09-19 14:23:45.497   491   588 W skia    : AGTM parsing failed flags.readFromStream(s) at 159
09-19 14:23:45.497   491   588 W skia    : AGTM parsing failed flags.readFromStream(s) at 159
09-19 14:23:45.534   645   800 D WifiClientModeImpl[3810:wlan0]: updateLinkLayerStatsRssiSpeedFrequencyCapabilities rssi=-50 TxLinkspeed=1 freq=2447 RxLinkSpeed=2
09-19 14:23:45.534   645   800 D WifiDataStall: tx tput in kbps: 11000
09-19 14:23:45.534   645   800 D WifiDataStall: rx tput in kbps: 11000
09-19 14:23:45.534   645   800 V WifiConfigManager: Updating scan detail cache freq=2447 BSSID=00:13:10:85:fe:01 RSSI=-50 for "AndroidWifi"NONE
09-19 14:23:45.535   645   800 D WifiThroughputPredictor:  utilization (LLS) 80 isBluetoothConnected: false final utilization: 80
09-19 14:23:45.536   645   800 D WifiThroughputPredictor:  BW: 0 RSSI: -50 Nss: 1 Mode: 1 symDur: 4000 snrDb 30 bitPerTone: 4500 rate: 54 throughput: 11
09-19 14:23:45.536   645   800 D WifiThroughputPredictor:  utilization (LLS) 80 isBluetoothConnected: false final utilization: 80
09-19 14:23:45.536   645   800 D WifiThroughputPredictor:  BW: 0 RSSI: -50 Nss: 1 Mode: 1 symDur: 4000 snrDb 30 bitPerTone: 4500 rate: 54 throughput: 11
09-19 14:23:45.537   645   800 D WifiThroughputPredictor:  utilization (LLS) 80 isBluetoothConnected: false final utilization: 80
09-19 14:23:45.539   645   800 D WifiThroughputPredictor:  BW: 0 RSSI: -50 Nss: 1 Mode: 1 symDur: 4000 snrDb 30 bitPerTone: 4500 rate: 54 throughput: 11
09-19 14:23:45.539   645   800 D WifiThroughputPredictor:  utilization (LLS) 80 isBluetoothConnected: false final utilization: 80
09-19 14:23:45.539   645   800 D WifiThroughputPredictor:  BW: 0 RSSI: -50 Nss: 1 Mode: 1 symDur: 4000 snrDb 30 bitPerTone: 4500 rate: 54 throughput: 11
09-19 14:23:45.542   645   800 I HalDevMgr: bestIfaceCreationProposal is null, requestIface=STA, existingIface=[name=wlan0 type=STA]
09-19 14:23:45.543   645   800 D WifiScoreCard: BSSID update SIGNAL_POLL ID: 760286919 SSID: "AndroidWifi", BSSID: 00:13:10:85:fe:01, MAC: 02:15:b2:00:00:00, IP: /10.0.2.16, Security type: 0, Supplicant state: COMPLETED, Wi-Fi standard: legacy, RSSI: -50, Link speed: 1Mbps, Tx Link speed: 1Mbps, Max Supported Tx Link speed: 11Mbps, Calculated Tx : 0Mbps, Rx Link speed: 2Mbps, Max Supported Rx Link speed: 11Mbps, Calculated Rx : 0Mbps, Frequency: 2447MHz, Net ID: 0, Metered hint: false, score: 100, isUsable: true, CarrierMerged: false, SubscriptionId: -1, IsPrimary: 1, Trusted: true, Restricted: false, Ephemeral: false, OEM paid: false, OEM private: false, OSU AP: false, FQDN: <none>, Provider friendly name: <none>, Requesting package name: <none>"AndroidWifi"openMLO Information: , Is TID-To-Link negotiation supported by the AP: false, AP MLD Address: <none>, AP MLO Link Id: <none>, AP MLO Affiliated links: <none>, Vendor Data: <none>
09-19 14:23:45.543   645   800 D WifiScoreCard: txRate: 1 txSpeed: 1
09-19 14:23:45.543   645   800 D WifiScoreCard: network update SIGNAL_POLL "AndroidWifi" ID: 673433585 RSSI -50 txSpeed -1
09-19 14:23:45.547   645   800 D WifiClientModeImpl[3810:wlan0]:  ClientModeImpl$L2ConnectedState screen=on 26 0 "AndroidWifi" 00:13:10:85:fe:01 rssi=-50 f=2447 sc=100 link=1 tx=0.0, 0.0, 0.0 rx=0.0 bcn=0 [on:0 tx:0 rx:0 period:3014] from screen [on:0 period:-1205936886] score=100
09-19 14:23:45.598   491   588 W skia    : AGTM parsing failed flags.readFromStream(s) at 159
09-19 14:23:45.598   491   588 W skia    : AGTM parsing failed flags.readFromStream(s) at 159
09-19 14:23:45.698   491   588 W skia    : AGTM parsing failed flags.readFromStream(s) at 159
09-19 14:23:45.698   491   588 W skia    : AGTM parsing failed flags.readFromStream(s) at 159
09-19 14:23:45.798   491   588 W skia    : AGTM parsing failed flags.readFromStream(s) at 159
09-19 14:23:45.798   491   588 W skia    : AGTM parsing failed flags.readFromStream(s) at 159
09-19 14:23:45.899   491   588 W skia    : AGTM parsing failed flags.readFromStream(s) at 159
09-19 14:23:45.899   491   588 W skia    : AGTM parsing failed flags.readFromStream(s) at 159
09-19 14:23:45.993  1012  1174 D SatelliteController: isInCarrierRoamingNbIotNtn: satellite is disabled
09-19 14:23:45.993  1012  1174 D SatelliteController: getCarrierRoamingNtnConnectType: Checking connect type from PLMN config for subId: 1
09-19 14:23:45.993  1012  1174 D TelephonyConfigUpdateInstallReceiver: getConfigParser: domain=satellite
09-19 14:23:45.993  1012  1174 V SatelliteController: satelliteConfigParser is not ready
09-19 14:23:45.994  1012  1174 D SatelliteController: isSatelliteAttachSupportedViaConfigupdater: return null (satelliteConfig is null)
09-19 14:23:45.998  1012  1174 D SatelliteController: getSatellitePerPlmnConfiguration: invalid subId or not supported via carrier.
09-19 14:23:45.998  1012  1174 D SatelliteController: getCarrierRoamingNtnConnectType: config: null
09-19 14:23:45.998  1012  1174 D TelephonyConfigUpdateInstallReceiver: getConfigParser: domain=satellite
09-19 14:23:45.998  1012  1174 V SatelliteController: satelliteConfigParser is not ready
09-19 14:23:45.998  1012  1174 D SatelliteController: getCarrierRoamingNtnConnectTypeViaConfigUpdater: return null (satelliteConfig is null)
09-19 14:23:45.998  1012  1174 D SatelliteController: getCarrierRoamingNtnConnectType: Falling back to global carrier config connect type: 0
09-19 14:23:45.998  1012  1174 D TelephonyConfigUpdateInstallReceiver: getConfigParser: domain=satellite
09-19 14:23:45.998  1012  1174 V SatelliteController: satelliteConfigParser is not ready
09-19 14:23:45.998  1012  1174 D SatelliteController: isSatelliteAttachSupportedViaConfigupdater: return null (satelliteConfig is null)
09-19 14:23:45.998  1012  1174 D SatelliteController: getCarrierRoamingNtnConnectType: Checking connect type from PLMN config for subId: 1
09-19 14:23:45.998  1012  1174 D TelephonyConfigUpdateInstallReceiver: getConfigParser: domain=satellite
09-19 14:23:45.998  1012  1174 V SatelliteController: satelliteConfigParser is not ready
09-19 14:23:45.998  1012  1174 D SatelliteController: isSatelliteAttachSupportedViaConfigupdater: return null (satelliteConfig is null)
09-19 14:23:45.999  1012  1174 D SatelliteController: getSatellitePerPlmnConfiguration: invalid subId or not supported via carrier.
09-19 14:23:45.999  1012  1174 D SatelliteController: getCarrierRoamingNtnConnectType: config: null
09-19 14:23:45.999  1012  1174 D TelephonyConfigUpdateInstallReceiver: getConfigParser: domain=satellite
09-19 14:23:45.999  1012  1174 V SatelliteController: satelliteConfigParser is not ready
09-19 14:23:45.999  1012  1174 D SatelliteController: getCarrierRoamingNtnConnectTypeViaConfigUpdater: return null (satelliteConfig is null)
09-19 14:23:45.999  1012  1174 D SatelliteController: getCarrierRoamingNtnConnectType: Falling back to global carrier config connect type: 0
09-19 14:23:45.999  1012  1174 D TelephonyConfigUpdateInstallReceiver: getConfigParser: domain=satellite
09-19 14:23:45.999  1012  1174 V SatelliteController: satelliteConfigParser is not ready
09-19 14:23:45.999  1012  1174 D SatelliteController: isSatelliteAttachSupportedViaConfigupdater: return null (satelliteConfig is null)
09-19 14:23:46.001   491   588 W skia    : AGTM parsing failed flags.readFromStream(s) at 159
09-19 14:23:46.001   491   588 W skia    : AGTM parsing failed flags.readFromStream(s) at 159
09-19 14:23:46.101   491   588 W skia    : AGTM parsing failed flags.readFromStream(s) at 159
09-19 14:23:46.102   491   588 W skia    : AGTM parsing failed flags.readFromStream(s) at 159
09-19 14:23:46.212   491   588 W skia    : AGTM parsing failed flags.readFromStream(s) at 159
09-19 14:23:46.212   491   588 W skia    : AGTM parsing failed flags.readFromStream(s) at 159
09-19 14:23:46.260   487   531 D AudioFlinger: mixer(0xb400006ff95ca790) throttle end: throttle time(15)
09-19 14:23:46.313   491   588 W skia    : AGTM parsing failed flags.readFromStream(s) at 159
09-19 14:23:46.313   491   588 W skia    : AGTM parsing failed flags.readFromStream(s) at 159
09-19 14:23:46.416   491   588 W skia    : AGTM parsing failed flags.readFromStream(s) at 159
09-19 14:23:46.416   491   588 W skia    : AGTM parsing failed flags.readFromStream(s) at 159
09-19 14:23:46.527   491   588 W skia    : AGTM parsing failed flags.readFromStream(s) at 159
09-19 14:23:46.527   491   588 W skia    : AGTM parsing failed flags.readFromStream(s) at 159
09-19 14:23:46.630   491   588 W skia    : AGTM parsing failed flags.readFromStream(s) at 159
09-19 14:23:46.630   491   588 W skia    : AGTM parsing failed flags.readFromStream(s) at 159
09-19 14:23:46.732   491   588 W skia    : AGTM parsing failed flags.readFromStream(s) at 159
09-19 14:23:46.732   491   588 W skia    : AGTM parsing failed flags.readFromStream(s) at 159
09-19 14:23:46.847   491   588 W skia    : AGTM parsing failed flags.readFromStream(s) at 159
09-19 14:23:46.847   491   588 W skia    : AGTM parsing failed flags.readFromStream(s) at 159
09-19 14:23:46.947   491   588 W skia    : AGTM parsing failed flags.readFromStream(s) at 159
09-19 14:23:46.947   491   588 W skia    : AGTM parsing failed flags.readFromStream(s) at 159
09-19 14:23:47.052   491   588 W skia    : AGTM parsing failed flags.readFromStream(s) at 159
09-19 14:23:47.052   491   588 W skia    : AGTM parsing failed flags.readFromStream(s) at 159
09-19 14:23:47.152   491   588 W skia    : AGTM parsing failed flags.readFromStream(s) at 159
09-19 14:23:47.152   491   588 W skia    : AGTM parsing failed flags.readFromStream(s) at 159
09-19 14:23:47.262   491   588 W skia    : AGTM parsing failed flags.readFromStream(s) at 159
09-19 14:23:47.262   491   588 W skia    : AGTM parsing failed flags.readFromStream(s) at 159
09-19 14:23:47.365   491   588 W skia    : AGTM parsing failed flags.readFromStream(s) at 159
09-19 14:23:47.365   491   588 W skia    : AGTM parsing failed flags.readFromStream(s) at 159
09-19 14:23:47.465   491   588 W skia    : AGTM parsing failed flags.readFromStream(s) at 159
09-19 14:23:47.465   491   588 W skia    : AGTM parsing failed flags.readFromStream(s) at 159
09-19 14:23:47.576   491   588 W skia    : AGTM parsing failed flags.readFromStream(s) at 159
09-19 14:23:47.577   491   588 W skia    : AGTM parsing failed flags.readFromStream(s) at 159
09-19 14:23:47.679   491   588 W skia    : AGTM parsing failed flags.readFromStream(s) at 159
09-19 14:23:47.679   491   588 W skia    : AGTM parsing failed flags.readFromStream(s) at 159
09-19 14:23:47.780   491   588 W skia    : AGTM parsing failed flags.readFromStream(s) at 159
09-19 14:23:47.780   491   588 W skia    : AGTM parsing failed flags.readFromStream(s) at 159
09-19 14:23:47.879   491   588 W skia    : AGTM parsing failed flags.readFromStream(s) at 159
09-19 14:23:47.879   491   588 W skia    : AGTM parsing failed flags.readFromStream(s) at 159
09-19 14:23:47.983   491   588 W skia    : AGTM parsing failed flags.readFromStream(s) at 159
09-19 14:23:47.983   491   588 W skia    : AGTM parsing failed flags.readFromStream(s) at 159
09-19 14:23:48.082   491   588 W skia    : AGTM parsing failed flags.readFromStream(s) at 159
09-19 14:23:48.082   491   588 W skia    : AGTM parsing failed flags.readFromStream(s) at 159
09-19 14:23:48.182   491   588 W skia    : AGTM parsing failed flags.readFromStream(s) at 159
09-19 14:23:48.182   491   588 W skia    : AGTM parsing failed flags.readFromStream(s) at 159
09-19 14:23:48.299   491   588 W skia    : AGTM parsing failed flags.readFromStream(s) at 159
09-19 14:23:48.299   491   588 W skia    : AGTM parsing failed flags.readFromStream(s) at 159
09-19 14:23:48.311 20549 20553 I us.godotpreview: NativeAlloc concurrent mark compact GC freed 169KB AllocSpace bytes, 0(0B) LOS objects, 49% free, 2263KB/4527KB, paused 259us,8.992ms total 23.429ms
09-19 14:23:48.409   491   588 W skia    : AGTM parsing failed flags.readFromStream(s) at 159
09-19 14:23:48.409   491   588 W skia    : AGTM parsing failed flags.readFromStream(s) at 159
09-19 14:23:48.512   491   588 W skia    : AGTM parsing failed flags.readFromStream(s) at 159
09-19 14:23:48.512   491   588 W skia    : AGTM parsing failed flags.readFromStream(s) at 159
09-19 14:23:48.554   645   800 D WifiClientModeImpl[3810:wlan0]: updateLinkLayerStatsRssiSpeedFrequencyCapabilities rssi=-50 TxLinkspeed=1 freq=2447 RxLinkSpeed=2
09-19 14:23:48.554   645   800 D WifiDataStall: tx tput in kbps: 11000
09-19 14:23:48.554   645   800 D WifiDataStall: rx tput in kbps: 11000
09-19 14:23:48.554   645   800 V WifiConfigManager: Updating scan detail cache freq=2447 BSSID=00:13:10:85:fe:01 RSSI=-50 for "AndroidWifi"NONE
09-19 14:23:48.554   645   800 D WifiThroughputPredictor:  utilization (LLS) 80 isBluetoothConnected: false final utilization: 80
09-19 14:23:48.554   645   800 D WifiThroughputPredictor:  BW: 0 RSSI: -50 Nss: 1 Mode: 1 symDur: 4000 snrDb 30 bitPerTone: 4500 rate: 54 throughput: 11
09-19 14:23:48.554   645   800 D WifiThroughputPredictor:  utilization (LLS) 80 isBluetoothConnected: false final utilization: 80
09-19 14:23:48.554   645   800 D WifiThroughputPredictor:  BW: 0 RSSI: -50 Nss: 1 Mode: 1 symDur: 4000 snrDb 30 bitPerTone: 4500 rate: 54 throughput: 11
09-19 14:23:48.555   645   800 D WifiThroughputPredictor:  utilization (LLS) 80 isBluetoothConnected: false final utilization: 80
09-19 14:23:48.555   645   800 D WifiThroughputPredictor:  BW: 0 RSSI: -50 Nss: 1 Mode: 1 symDur: 4000 snrDb 30 bitPerTone: 4500 rate: 54 throughput: 11
09-19 14:23:48.555   645   800 D WifiThroughputPredictor:  utilization (LLS) 80 isBluetoothConnected: false final utilization: 80
09-19 14:23:48.555   645   800 D WifiThroughputPredictor:  BW: 0 RSSI: -50 Nss: 1 Mode: 1 symDur: 4000 snrDb 30 bitPerTone: 4500 rate: 54 throughput: 11
09-19 14:23:48.556   645   800 I HalDevMgr: bestIfaceCreationProposal is null, requestIface=STA, existingIface=[name=wlan0 type=STA]
09-19 14:23:48.557   645   800 D WifiScoreCard: BSSID update SIGNAL_POLL ID: 760286919 SSID: "AndroidWifi", BSSID: 00:13:10:85:fe:01, MAC: 02:15:b2:00:00:00, IP: /10.0.2.16, Security type: 0, Supplicant state: COMPLETED, Wi-Fi standard: legacy, RSSI: -50, Link speed: 1Mbps, Tx Link speed: 1Mbps, Max Supported Tx Link speed: 11Mbps, Calculated Tx : 0Mbps, Rx Link speed: 2Mbps, Max Supported Rx Link speed: 11Mbps, Calculated Rx : 0Mbps, Frequency: 2447MHz, Net ID: 0, Metered hint: false, score: 100, isUsable: true, CarrierMerged: false, SubscriptionId: -1, IsPrimary: 1, Trusted: true, Restricted: false, Ephemeral: false, OEM paid: false, OEM private: false, OSU AP: false, FQDN: <none>, Provider friendly name: <none>, Requesting package name: <none>"AndroidWifi"openMLO Information: , Is TID-To-Link negotiation supported by the AP: false, AP MLD Address: <none>, AP MLO Link Id: <none>, AP MLO Affiliated links: <none>, Vendor Data: <none>
09-19 14:23:48.557   645   800 D WifiScoreCard: txRate: 1 txSpeed: 1
09-19 14:23:48.557   645   800 D WifiScoreCard: network update SIGNAL_POLL "AndroidWifi" ID: 673433585 RSSI -50 txSpeed -1
09-19 14:23:48.557   645   800 D WifiClientModeImpl[3810:wlan0]:  ClientModeImpl$L2ConnectedState screen=on 26 0 "AndroidWifi" 00:13:10:85:fe:01 rssi=-50 f=2447 sc=100 link=1 tx=0.0, 0.0, 0.0 rx=0.0 bcn=0 [on:0 tx:0 rx:0 period:3009] from screen [on:0 period:-1205933875] score=100
09-19 14:23:48.614   491   588 W skia    : AGTM parsing failed flags.readFromStream(s) at 159
09-19 14:23:48.614   491   588 W skia    : AGTM parsing failed flags.readFromStream(s) at 159
09-19 14:23:48.728   491   588 W skia    : AGTM parsing failed flags.readFromStream(s) at 159
09-19 14:23:48.728   491   588 W skia    : AGTM parsing failed flags.readFromStream(s) at 159
09-19 14:23:48.828   491   588 W skia    : AGTM parsing failed flags.readFromStream(s) at 159
09-19 14:23:48.828   491   588 W skia    : AGTM parsing failed flags.readFromStream(s) at 159
09-19 14:23:48.931   491   588 W skia    : AGTM parsing failed flags.readFromStream(s) at 159
09-19 14:23:48.931   491   588 W skia    : AGTM parsing failed flags.readFromStream(s) at 159
09-19 14:23:49.031   491   588 W skia    : AGTM parsing failed flags.readFromStream(s) at 159
09-19 14:23:49.031   491   588 W skia    : AGTM parsing failed flags.readFromStream(s) at 159
09-19 14:23:49.132   491   588 W skia    : AGTM parsing failed flags.readFromStream(s) at 159
09-19 14:23:49.132   491   588 W skia    : AGTM parsing failed flags.readFromStream(s) at 159
09-19 14:23:49.233   491   588 W skia    : AGTM parsing failed flags.readFromStream(s) at 159
09-19 14:23:49.233   491   588 W skia    : AGTM parsing failed flags.readFromStream(s) at 159
09-19 14:23:49.361   491   588 W skia    : AGTM parsing failed flags.readFromStream(s) at 159
09-19 14:23:49.361   491   588 W skia    : AGTM parsing failed flags.readFromStream(s) at 159
09-19 14:23:49.484   491   588 W skia    : AGTM parsing failed flags.readFromStream(s) at 159
09-19 14:23:49.484   491   588 W skia    : AGTM parsing failed flags.readFromStream(s) at 159
09-19 14:23:49.595   491   588 W skia    : AGTM parsing failed flags.readFromStream(s) at 159
09-19 14:23:49.595   491   588 W skia    : AGTM parsing failed flags.readFromStream(s) at 159
09-19 14:23:49.649   645   740 D ActivityManager: freezing 1428 com.google.android.apps.wellbeing
09-19 14:23:49.668   645   806 D InetDiagMessage: Destroyed 0 sockets, proto=IPPROTO_TCP, family=AF_INET, states=14
09-19 14:23:49.670   645   806 D InetDiagMessage: Destroyed 0 sockets, proto=IPPROTO_TCP, family=AF_INET6, states=14
09-19 14:23:49.674   645   806 D InetDiagMessage: Destroyed live tcp sockets for uids={10149} in 6ms
09-19 14:23:49.696   491   588 W skia    : AGTM parsing failed flags.readFromStream(s) at 159
09-19 14:23:49.696   491   588 W skia    : AGTM parsing failed flags.readFromStream(s) at 159
09-19 14:23:49.797   491   588 W skia    : AGTM parsing failed flags.readFromStream(s) at 159
09-19 14:23:49.797   491   588 W skia    : AGTM parsing failed flags.readFromStream(s) at 159
09-19 14:23:49.898   491   588 W skia    : AGTM parsing failed flags.readFromStream(s) at 159
09-19 14:23:49.898   491   588 W skia    : AGTM parsing failed flags.readFromStream(s) at 159
09-19 14:23:49.998   491   588 W skia    : AGTM parsing failed flags.readFromStream(s) at 159
09-19 14:23:49.998   491   588 W skia    : AGTM parsing failed flags.readFromStream(s) at 159
09-19 14:23:50.099   491   588 W skia    : AGTM parsing failed flags.readFromStream(s) at 159
09-19 14:23:50.099   491   588 W skia    : AGTM parsing failed flags.readFromStream(s) at 159
09-19 14:23:50.199   491   588 W skia    : AGTM parsing failed flags.readFromStream(s) at 159
09-19 14:23:50.199   491   588 W skia    : AGTM parsing failed flags.readFromStream(s) at 159
09-19 14:23:50.303   491   588 W skia    : AGTM parsing failed flags.readFromStream(s) at 159
09-19 14:23:50.303   491   588 W skia    : AGTM parsing failed flags.readFromStream(s) at 159
09-19 14:23:50.410   491   588 W skia    : AGTM parsing failed flags.readFromStream(s) at 159
09-19 14:23:50.410   491   588 W skia    : AGTM parsing failed flags.readFromStream(s) at 159
09-19 14:23:50.512   491   588 W skia    : AGTM parsing failed flags.readFromStream(s) at 159
09-19 14:23:50.512   491   588 W skia    : AGTM parsing failed flags.readFromStream(s) at 159
09-19 14:23:50.613   491   588 W skia    : AGTM parsing failed flags.readFromStream(s) at 159
09-19 14:23:50.614   491   588 W skia    : AGTM parsing failed flags.readFromStream(s) at 159
09-19 14:23:50.736   645   740 D ActivityManager: freezing 1596 com.android.keychain
09-19 14:23:50.753   645   740 D ActivityManager: freezing 1095 com.android.settings
09-19 14:23:50.756   645   740 D ActivityManager: freezing 2542 com.android.dynsystem:dynsystem
09-19 14:23:50.758   645   740 D ActivityManager: freezing 2494 com.android.dynsystem
09-19 14:23:50.761   645   740 D ActivityManager: freezing 2361 com.android.localtransport
09-19 14:23:50.777   491   588 W skia    : AGTM parsing failed flags.readFromStream(s) at 159
09-19 14:23:50.777   491   588 W skia    : AGTM parsing failed flags.readFromStream(s) at 159
09-19 14:23:50.879   491   588 W skia    : AGTM parsing failed flags.readFromStream(s) at 159
09-19 14:23:50.880   491   588 W skia    : AGTM parsing failed flags.readFromStream(s) at 159
09-19 14:23:50.992   491   588 W skia    : AGTM parsing failed flags.readFromStream(s) at 159
09-19 14:23:50.992   491   588 W skia    : AGTM parsing failed flags.readFromStream(s) at 159
09-19 14:23:51.095   491   588 W skia    : AGTM parsing failed flags.readFromStream(s) at 159
09-19 14:23:51.095   491   588 W skia    : AGTM parsing failed flags.readFromStream(s) at 159
09-19 14:23:51.196   491   588 W skia    : AGTM parsing failed flags.readFromStream(s) at 159
09-19 14:23:51.197   491   588 W skia    : AGTM parsing failed flags.readFromStream(s) at 159
09-19 14:23:51.298   491   588 W skia    : AGTM parsing failed flags.readFromStream(s) at 159
09-19 14:23:51.298   491   588 W skia    : AGTM parsing failed flags.readFromStream(s) at 159
09-19 14:23:51.402   491   588 W skia    : AGTM parsing failed flags.readFromStream(s) at 159
09-19 14:23:51.402   491   588 W skia    : AGTM parsing failed flags.readFromStream(s) at 159
09-19 14:23:51.526   491   588 W skia    : AGTM parsing failed flags.readFromStream(s) at 159
09-19 14:23:51.526   491   588 W skia    : AGTM parsing failed flags.readFromStream(s) at 159
09-19 14:23:51.563   645   800 D WifiClientModeImpl[3810:wlan0]: updateLinkLayerStatsRssiSpeedFrequencyCapabilities rssi=-50 TxLinkspeed=1 freq=2447 RxLinkSpeed=2
09-19 14:23:51.564   645   800 D WifiDataStall: tx tput in kbps: 11000
09-19 14:23:51.564   645   800 D WifiDataStall: rx tput in kbps: 11000
09-19 14:23:51.564   645   800 V WifiConfigManager: Updating scan detail cache freq=2447 BSSID=00:13:10:85:fe:01 RSSI=-50 for "AndroidWifi"NONE
09-19 14:23:51.564   645   800 D WifiThroughputPredictor:  utilization (LLS) 80 isBluetoothConnected: false final utilization: 80
09-19 14:23:51.564   645   800 D WifiThroughputPredictor:  BW: 0 RSSI: -50 Nss: 1 Mode: 1 symDur: 4000 snrDb 30 bitPerTone: 4500 rate: 54 throughput: 11
09-19 14:23:51.564   645   800 D WifiThroughputPredictor:  utilization (LLS) 80 isBluetoothConnected: false final utilization: 80
09-19 14:23:51.564   645   800 D WifiThroughputPredictor:  BW: 0 RSSI: -50 Nss: 1 Mode: 1 symDur: 4000 snrDb 30 bitPerTone: 4500 rate: 54 throughput: 11
09-19 14:23:51.564   645   800 D WifiThroughputPredictor:  utilization (LLS) 80 isBluetoothConnected: false final utilization: 80
09-19 14:23:51.564   645   800 D WifiThroughputPredictor:  BW: 0 RSSI: -50 Nss: 1 Mode: 1 symDur: 4000 snrDb 30 bitPerTone: 4500 rate: 54 throughput: 11
09-19 14:23:51.564   645   800 D WifiThroughputPredictor:  utilization (LLS) 80 isBluetoothConnected: false final utilization: 80
09-19 14:23:51.564   645   800 D WifiThroughputPredictor:  BW: 0 RSSI: -50 Nss: 1 Mode: 1 symDur: 4000 snrDb 30 bitPerTone: 4500 rate: 54 throughput: 11
09-19 14:23:51.568   645   800 I HalDevMgr: bestIfaceCreationProposal is null, requestIface=STA, existingIface=[name=wlan0 type=STA]
09-19 14:23:51.569   645   800 D WifiScoreCard: BSSID update SIGNAL_POLL ID: 760286919 SSID: "AndroidWifi", BSSID: 00:13:10:85:fe:01, MAC: 02:15:b2:00:00:00, IP: /10.0.2.16, Security type: 0, Supplicant state: COMPLETED, Wi-Fi standard: legacy, RSSI: -50, Link speed: 1Mbps, Tx Link speed: 1Mbps, Max Supported Tx Link speed: 11Mbps, Calculated Tx : 0Mbps, Rx Link speed: 2Mbps, Max Supported Rx Link speed: 11Mbps, Calculated Rx : 0Mbps, Frequency: 2447MHz, Net ID: 0, Metered hint: false, score: 100, isUsable: true, CarrierMerged: false, SubscriptionId: -1, IsPrimary: 1, Trusted: true, Restricted: false, Ephemeral: false, OEM paid: false, OEM private: false, OSU AP: false, FQDN: <none>, Provider friendly name: <none>, Requesting package name: <none>"AndroidWifi"openMLO Information: , Is TID-To-Link negotiation supported by the AP: false, AP MLD Address: <none>, AP MLO Link Id: <none>, AP MLO Affiliated links: <none>, Vendor Data: <none>
09-19 14:23:51.569   645   800 D WifiScoreCard: txRate: 1 txSpeed: 1
09-19 14:23:51.571   645   800 D WifiScoreCard: network update SIGNAL_POLL "AndroidWifi" ID: 673433585 RSSI -50 txSpeed -1
09-19 14:23:51.571   645   800 D WifiClientModeImpl[3810:wlan0]:  ClientModeImpl$L2ConnectedState screen=on 26 0 "AndroidWifi" 00:13:10:85:fe:01 rssi=-50 f=2447 sc=100 link=1 tx=0.0, 0.0, 0.0 rx=0.0 bcn=0 [on:0 tx:0 rx:0 period:3014] from screen [on:0 period:-1205930861] score=100
09-19 14:23:51.585   487   531 D AudioFlinger: mixer(0xb400006ff95ca790) throttle end: throttle time(13)
09-19 14:23:51.630   491   588 W skia    : AGTM parsing failed flags.readFromStream(s) at 159
09-19 14:23:51.630   491   588 W skia    : AGTM parsing failed flags.readFromStream(s) at 159
09-19 14:23:51.733   491   588 W skia    : AGTM parsing failed flags.readFromStream(s) at 159
09-19 14:23:51.733   491   588 W skia    : AGTM parsing failed flags.readFromStream(s) at 159
09-19 14:23:51.859   491   588 W skia    : AGTM parsing failed flags.readFromStream(s) at 159
09-19 14:23:51.859   491   588 W skia    : AGTM parsing failed flags.readFromStream(s) at 159
09-19 14:23:51.947   487   531 D AudioFlinger: mixer(0xb400006ff95ca790) throttle end: throttle time(9)
09-19 14:23:51.978   491   588 W skia    : AGTM parsing failed flags.readFromStream(s) at 159
09-19 14:23:51.978   491   588 W skia    : AGTM parsing failed flags.readFromStream(s) at 159
09-19 14:23:52.080   491   588 W skia    : AGTM parsing failed flags.readFromStream(s) at 159
09-19 14:23:52.080   491   588 W skia    : AGTM parsing failed flags.readFromStream(s) at 159
09-19 14:23:52.180   491   588 W skia    : AGTM parsing failed flags.readFromStream(s) at 159
09-19 14:23:52.180   491   588 W skia    : AGTM parsing failed flags.readFromStream(s) at 159
09-19 14:23:52.281   491   588 W skia    : AGTM parsing failed flags.readFromStream(s) at 159
09-19 14:23:52.281   491   588 W skia    : AGTM parsing failed flags.readFromStream(s) at 159
09-19 14:23:52.382   491   588 W skia    : AGTM parsing failed flags.readFromStream(s) at 159
09-19 14:23:52.382   491   588 W skia    : AGTM parsing failed flags.readFromStream(s) at 159
09-19 14:23:52.395   892   892 D wpa_supplicant: nl80211: Drv Event 64 (NL80211_CMD_NOTIFY_CQM) received for wlan0
09-19 14:23:52.395   892   892 D wpa_supplicant: nl80211: Beacon loss event
09-19 14:23:52.395   892   892 D wpa_supplicant: wlan0: Event BEACON_LOSS (53) received
09-19 14:23:52.395   892   892 I wpa_supplicant: wlan0: CTRL-EVENT-BEACON-LOSS 
09-19 14:23:52.490   491   588 W skia    : AGTM parsing failed flags.readFromStream(s) at 159
09-19 14:23:52.490   491   588 W skia    : AGTM parsing failed flags.readFromStream(s) at 159
09-19 14:23:52.581 20549 20549 I flutter : RN_VALIDATION_CHUNK START {"schema":1,"runner":"flutter_flame_godot","event":"snapshot","scenario":"normal","device_pixel_ratio":2.625,"physical_size":[1080.0,2424.0],"path_tiles":[[0.5,0.5],[1.5,0.5],[1.5,1.5],[1.5,2.5],[2.5,2.5],[3.5,2.5],[4.5,2.5],[4.5,3.5],[4.5,4.5],[5.5,4.5],[6.5,4.5],[6.5,5.5],[6.5,6.5],[5.5,6.5],[4.5,6.5],[3.5,6.5],[2.5,6.5],[1.5,6.5],[1.5,7.5],[1.5,8.5],[1.5,9.5],[2.5,9.5],[3.5,9.5],[4.5,9.5],[5.5,9.5],[6.5,9.5]],"frame":{"seq":1,"sceneEpoch":1789795414378817,"viewportRevision":0,"presentationVersion":2,"presentation":{"labels":{"logicalTileSize":45.25714141845703,"enemies":[{"id":0,"position":[6.500000335471809,6.471406278851208],"size":[29.417142868041992,29.417142868041992],"hp":999999856.
09-19 14:23:52.581 20549 20549 I flutter : RN_VALIDATION_CHUNK CONT 0,"maxHp":1000000000.0,"armor":0.0,"maxArmor":0.0,"shield":0.0,"maxShield":0.0,"effectTime":8.266660999999983,"enemyCount":3,"burning":false,"slowed":false,"poisoned":false,"riftMarked":false,"diamondCarrier":false},{"id":1,"position":[5.4999996678997665,6.471406278851208],"size":[29.417142868041992,29.417142868041992],"hp":999999808.0,"maxHp":1000000000.0,"armor":0.0,"maxArmor":0.0,"shield":0.0,"maxShield":0.0,"effectTime":8.266660999999983,"enemyCount":3,"burning":false,"slowed":false,"poisoned":false,"riftMarked":false,"diamondCarrier":false},{"id":2,"position":[4.500000011800516,6.471406278851208],"size":[29.417142868041992,29.417142868041992],"hp":999999604.0,"maxHp":1000000000.0,"armor
09-19 14:23:52.581 20549 20549 I flutter : RN_VALIDATION_CHUNK CONT ":0.0,"maxArmor":0.0,"shield":0.0,"maxShield":0.0,"effectTime":8.266660999999983,"enemyCount":3,"burning":false,"slowed":false,"poisoned":false,"riftMarked":false,"diamondCarrier":false}],"core":null},"effects":{"shake":[0.0,0.0],"events":[],"clock":8.333332999999985,"generation":2,"squaredSteps":0.21166616680300018,"items":[]},"selection":{"logicalTileSize":45.25714141845703,"visualScale":0.9428571128845215,"time":8.333332999999985,"rewardTargeting":false,"rewardViewport":null,"turrets":[{"position":[5.4999996678997665,5.499999962912664],"color":4294933295,"range":1.75,"selected":false,"previewRange":null,"auraTier":0,"animationPhase":3.719997449999993,"gemColors":[],"aimTarget":null,"aimPr
09-19 14:23:52.581 20549 20549 I flutter : RN_VALIDATION_CHUNK CONT ogress":0.0},{"position":[5.4999996678997665,7.4999999494263605],"color":4294933295,"range":1.75,"selected":false,"previewRange":null,"auraTier":0,"animationPhase":3.719997449999993,"gemColors":[],"aimTarget":null,"aimProgress":0.0},{"position":[4.500000011800516,5.499999962912664],"color":4294933295,"range":1.75,"selected":false,"previewRange":null,"auraTier":0,"animationPhase":3.719997449999993,"gemColors":[],"aimTarget":null,"aimProgress":0.0},{"position":[4.500000011800516,7.4999999494263605],"color":4294933295,"range":1.75,"selected":false,"previewRange":null,"auraTier":0,"animationPhase":3.719997449999993,"gemColors":[],"aimTarget":null,"aimProgress":0.0},{"position":[6.500000335471809
09-19 14:23:52.581 20549 20549 I flutter : RN_VALIDATION_CHUNK CONT ,7.4999999494263605],"color":4294933295,"range":1.75,"selected":false,"previewRange":null,"auraTier":0,"animationPhase":3.719997449999993,"gemColors":[],"aimTarget":null,"aimProgress":0.0},{"position":[7.500000328728658,6.499999956169512],"color":4294933295,"range":1.75,"selected":false,"previewRange":null,"auraTier":0,"animationPhase":3.719997449999993,"gemColors":[],"aimTarget":null,"aimProgress":0.0}],"tiles":[],"rewardTargets":[]}},"time":8.333332999999985,"map":{"theme":"chapterOne","columns":8,"rows":10,"tiles":["spawn","path","build","build","blocked","blocked","blocked","blocked","build","path","build","build","build","build","blocked","blocked","blocked","path","path","path","path",
09-19 14:23:52.581 20549 20549 I flutter : RN_VALIDATION_CHUNK CONT "build","build","blocked","blocked","build","build","build","path","build","blocked","blocked","blocked","blocked","build","build","path","path","path","build","blocked","blocked","blocked","build","build","build","path","build","blocked","path","path","path","path","path","path","build","build","path","build","build","build","build","build","build","build","path","build","build","blocked","blocked","blocked","blocked","build","path","path","path","path","path","core","blocked"]},"turrets":[[3,5.4999996678997665,5.499999962912664,2.3561943216135166,4,0.0,"cannon",1],[4,5.4999996678997665,7.4999999494263605,-2.3561943216135166,4,0.0,"cannon",1],[5,4.500000011800516,5.499999962912664,1.5707963
09-19 14:23:52.581 20549 20549 I flutter : RN_VALIDATION_CHUNK CONT 267948966,4,0.0,"cannon",1],[6,4.500000011800516,7.4999999494263605,-1.5707963267948966,4,0.0,"cannon",1],[7,6.500000335471809,7.4999999494263605,-2.3561948273498308,4,0.0,"cannon",1],[8,7.500000328728658,6.499999956169512,3.141592653589793,4,0.0,"cannon",1]],"buildPreview":null,"enemies":[[0,6.500000335471809,6.471406278851208,3.141592653589793,0.0,0.6500000209037711,0.0,"tank",false,false,false,false],[1,5.4999996678997665,6.471406278851208,3.141592653589793,0.0,0.6500000209037711,0.0,"tank",false,false,false,false],[2,4.500000011800516,6.471406278851208,3.141592653589793,0.0,0.6500000209037711,0.0,"tank",false,false,false,false]],"projectileEvents":{"generation":7,"clock":8.33333299999998
09-19 14:23:52.581 20549 20549 I flutter : RN_VALIDATION_CHUNK CONT 5,"through":54,"events":[{"event":13,"data":[11,4.500000011800516,6.081166605206208,0.0,1.0,"cannon",4.500000011800516,5.499999962912664,5,1,false,0.266667,4.500000011800516,6.499999956169512],"clock":0.333334,"speed":0.0},{"event":14,"data":[14,4.500000011800516,6.918833307132816,0.0,-1.0,"cannon",4.500000011800516,7.4999999494263605,6,1,false,0.266667,4.500000011800516,6.499999956169512],"clock":0.333334,"speed":0.0},{"event":15,"data":[18,6.918833686435113,6.499999956169512,-1.0,0.0,"cannon",7.500000328728658,6.499999956169512,8,1,false,0.266667,6.500000335471809,6.499999956169512],"clock":0.333334,"speed":0.0},{"event":16,"data":[9,4.796159919607064,6.203840048362965,-0.7071067690849304,
09-19 14:23:52.581 20549 20549 I flutter : RN_VALIDATION_CHUNK CONT 0.7071067690849304,"cannon",5.4999996678997665,5.499999962912664,3,1,false,0.333334,4.500000011800516,6.499999956169512],"clock":0.333334,"speed":0.0},{"event":17,"data":[10,4.796159919607064,6.79615986397606,-0.7071067690849304,-0.7071067690849304,"cannon",5.4999996678997665,7.4999999494263605,4,1,false,0.333334,4.500000011800516,6.499999956169512],"clock":0.333334,"speed":0.0},{"event":18,"data":[17,5.796159575706314,6.796159189660865,-0.7071067690849304,-0.7071067690849304,"cannon",6.500000335471809,7.4999999494263605,7,1,false,0.333334,5.4999996678997665,6.499999956169512],"clock":0.333334,"speed":0.0},{"event":19,"data":[30,5.333040574334211,5.66695905647822,-0.7071067690849304,0.707106
09-19 14:23:52.581 20549 20549 I flutter : RN_VALIDATION_CHUNK CONT 7690849304,"cannon",5.4999996678997665,5.499999962912664,3,2,false,-1,null,null],"clock":2.666666999999998,"speed":7.083333333333332,"remaining":2.8472175},{"event":20,"data":[31,5.333040574334211,7.333040855860805,-0.7071067690849304,-0.7071067690849304,"cannon",5.4999996678997665,7.4999999494263605,4,2,false,-1,null,null],"clock":2.666666999999998,"speed":7.083333333333332,"remaining":2.8472175},{"event":21,"data":[32,6.416525508895394,7.416525122849945,-0.7071067690849304,-0.7071067690849304,"cannon",6.500000335471809,7.4999999494263605,7,2,false,-1,null,null],"clock":2.683332999999998,"speed":7.083333333333332,"remaining":2.9652825},{"event":22,"data":[33,4.500000011800516,5.736115474211
09-19 14:23:52.581 20549 20549 I flutter : RN_VALIDATION_CHUNK CONT 386,0.0,1.0,"cannon",4.500000011800516,5.499999962912664,5,2,false,-1,null,null],"clock":2.716666999999998,"speed":7.083333333333332,"remaining":2.8472175},{"event":23,"data":[34,4.500000011800516,7.381948936928946,0.0,-1.0,"cannon",4.500000011800516,7.4999999494263605,6,2,false,-1,null,null],"clock":2.733332999999998,"speed":7.083333333333332,"remaining":2.9652825},{"event":24,"data":[33,4.500000011800516,6.081166605206208,0.0,1.0,"cannon",4.500000011800516,5.499999962912664,5,2,false,2.7666669999999978,4.500000011800516,6.499999956169512],"clock":2.7666669999999978,"speed":0.0},{"event":25,"data":[30,4.796159919607064,6.203840048362965,-0.7071067690849304,0.7071067690849304,"cannon",5.4999
09-19 14:23:52.581 20549 20549 I flutter : RN_VALIDATION_CHUNK CONT 996678997665,5.499999962912664,3,2,false,2.7833329999999976,4.500000011800516,6.499999956169512],"clock":2.7833329999999976,"speed":0.0},{"event":26,"data":[31,4.796159919607064,6.79615986397606,-0.7071067690849304,-0.7071067690849304,"cannon",5.4999996678997665,7.4999999494263605,4,2,false,2.7833329999999976,4.500000011800516,6.499999956169512],"clock":2.7833329999999976,"speed":0.0},{"event":27,"data":[32,5.796159575706314,6.796159189660865,-0.7071067690849304,-0.7071067690849304,"cannon",6.500000335471809,7.4999999494263605,7,2,false,2.8166669999999976,5.4999996678997665,6.499999956169512],"clock":2.8166669999999976,"speed":0.0},{"event":28,"data":[34,4.500000011800516,6.918833307132816,0
09-19 14:23:52.581 20549 20549 I flutter : RN_VALIDATION_CHUNK CONT .0,-1.0,"cannon",4.500000011800516,7.4999999494263605,6,2,false,2.8166669999999976,4.500000011800516,6.499999956169512],"clock":2.8166669999999976,"speed":0.0},{"event":29,"data":[48,7.263884817429936,6.499999956169512,-1.0,0.0,"cannon",7.500000328728658,6.499999956169512,8,2,false,-1,null,null],"clock":2.8166669999999976,"speed":7.083333333333332,"remaining":2.8472175},{"event":30,"data":[48,6.918833686435113,6.499999956169512,-1.0,0.0,"cannon",7.500000328728658,6.499999956169512,8,2,false,2.8833329999999973,6.500000335471809,6.499999956169512],"clock":2.8833329999999973,"speed":0.0},{"event":31,"data":[51,6.333041241906254,7.333040855860805,-0.7071067690849304,-0.7071067690849304,"cannon",
09-19 14:23:52.581 20549 20549 I flutter : RN_VALIDATION_CHUNK CONT 6.500000335471809,7.4999999494263605,7,3,false,-1,null,null],"clock":5.11666699999999,"speed":7.083333333333332,"remaining":2.8472175},{"event":32,"data":[52,4.500000011800516,5.618050975410078,0.0,1.0,"cannon",4.500000011800516,5.499999962912664,5,3,false,-1,null,null],"clock":5.13333299999999,"speed":7.083333333333332,"remaining":2.9652825},{"event":33,"data":[52,4.500000011800516,6.081166605206208,0.0,1.0,"cannon",4.500000011800516,5.499999962912664,5,3,false,5.2166669999999895,4.500000011800516,6.499999956169512],"clock":5.2166669999999895,"speed":0.0},{"event":34,"data":[55,5.333040574334211,7.333040855860805,-0.7071067690849304,-0.7071067690849304,"cannon",5.4999996678997665,7.49999994
09-19 14:23:52.581 20549 20549 I flutter : RN_VALIDATION_CHUNK CONT 94263605,4,3,false,-1,null,null],"clock":5.2166669999999895,"speed":7.083333333333332,"remaining":2.8472175},{"event":35,"data":[51,5.796159575706314,6.796159189660865,-0.7071067690849304,-0.7071067690849304,"cannon",6.500000335471809,7.4999999494263605,7,3,false,5.249999999999989,5.4999996678997665,6.499999956169512],"clock":5.249999999999989,"speed":0.0},{"event":36,"data":[59,5.249565747757796,5.750433883054635,-0.7071067690849304,0.7071067690849304,"cannon",5.4999996678997665,5.499999962912664,3,3,false,-1,null,null],"clock":5.299999999999989,"speed":7.083333333333332,"remaining":2.7291666666666665},{"event":37,"data":[55,4.796159919607064,6.79615986397606,-0.7071067690849304,-0.70710676
09-19 14:23:52.581 20549 20549 I flutter : RN_VALIDATION_CHUNK CONT 90849304,"cannon",5.4999996678997665,7.4999999494263605,4,3,false,5.333332999999989,4.500000011800516,6.499999956169512],"clock":5.333332999999989,"speed":0.0},{"event":38,"data":[63,7.263891560581883,6.499999956169512,-1.0,0.0,"cannon",7.500000328728658,6.499999956169512,8,3,false,-1,null,null],"clock":5.333332999999989,"speed":7.083333333333332,"remaining":2.847224583333333},{"event":39,"data":[64,4.500000011800516,7.263884438127639,0.0,-1.0,"cannon",4.500000011800516,7.4999999494263605,6,3,false,-1,null,null],"clock":5.366666999999989,"speed":7.083333333333332,"remaining":2.8472175},{"event":40,"data":[59,4.796159919607064,6.203840048362965,-0.7071067690849304,0.7071067690849304,"cannon",
09-19 14:23:52.581 20549 20549 I flutter : RN_VALIDATION_CHUNK CONT 5.4999996678997665,5.499999962912664,3,3,false,5.399999999999989,4.500000011800516,6.499999956169512],"clock":5.399999999999989,"speed":0.0},{"event":41,"data":[63,6.918833686435113,6.499999956169512,-1.0,0.0,"cannon",7.500000328728658,6.499999956169512,8,3,false,5.399999999999989,6.500000335471809,6.499999956169512],"clock":5.399999999999989,"speed":0.0},{"event":42,"data":[64,4.500000011800516,6.918833307132816,0.0,-1.0,"cannon",4.500000011800516,7.4999999494263605,6,3,false,5.416666999999989,4.500000011800516,6.499999956169512],"clock":5.416666999999989,"speed":0.0},{"event":43,"data":[72,6.416520788689032,7.416520402643583,-0.7071067690849304,-0.7071067690849304,"cannon",6.50000033547180
09-19 14:23:52.581 20549 20549 I flutter : RN_VALIDATION_CHUNK CONT 9,7.4999999494263605,7,4,false,-1,null,null],"clock":7.599999999999981,"speed":7.083333333333332,"remaining":2.9652754166666666},{"event":44,"data":[72,5.796159575706314,6.796159189660865,-0.7071067690849304,-0.7071067690849304,"cannon",6.500000335471809,7.4999999494263605,7,4,false,7.7499999999999805,5.4999996678997665,6.499999956169512],"clock":7.7499999999999805,"speed":0.0},{"event":45,"data":[76,5.416520121116989,7.416520402643583,-0.7071067690849304,-0.7071067690849304,"cannon",5.4999996678997665,7.4999999494263605,4,4,false,-1,null,null],"clock":7.7666669999999804,"speed":7.083333333333332,"remaining":2.9652754166666666},{"event":46,"data":[77,4.500000011800516,5.618057718562024,0.0,1
09-19 14:23:52.581 20549 20549 I flutter : RN_VALIDATION_CHUNK CONT .0,"cannon",4.500000011800516,5.499999962912664,5,4,false,-1,null,null],"clock":7.7666669999999804,"speed":7.083333333333332,"remaining":2.9652754166666666},{"event":47,"data":[78,7.3819425730792965,6.499999956169512,-1.0,0.0,"cannon",7.500000328728658,6.499999956169512,8,4,false,-1,null,null],"clock":7.7666669999999804,"speed":7.083333333333332,"remaining":2.9652754166666666},{"event":48,"data":[77,4.500000011800516,6.081166605206208,0.0,1.0,"cannon",4.500000011800516,5.499999962912664,5,4,false,7.83333299999998,4.500000011800516,6.499999956169512],"clock":7.83333299999998,"speed":0.0},{"event":49,"data":[78,6.918833686435113,6.499999956169512,-1.0,0.0,"cannon",7.500000328728658,6.499999956
09-19 14:23:52.581 20549 20549 I flutter : RN_VALIDATION_CHUNK CONT 169512,8,4,false,7.83333299999998,6.500000335471809,6.499999956169512],"clock":7.83333299999998,"speed":0.0},{"event":50,"data":[83,5.333040574334211,5.66695905647822,-0.7071067690849304,0.7071067690849304,"cannon",5.4999996678997665,5.499999962912664,3,4,false,-1,null,null],"clock":7.86666699999998,"speed":7.083333333333332,"remaining":2.8472175},{"event":51,"data":[76,4.796159919607064,6.79615986397606,-0.7071067690849304,-0.7071067690849304,"cannon",5.4999996678997665,7.4999999494263605,4,4,false,7.89999999999998,4.500000011800516,6.499999956169512],"clock":7.89999999999998,"speed":0.0},{"event":52,"data":[87,4.500000011800516,7.263891181279586,0.0,-1.0,"cannon",4.500000011800516,7.499999
09-19 14:23:52.581 20549 20549 I flutter : RN_VALIDATION_CHUNK CONT 9494263605,6,4,false,-1,null,null],"clock":7.93333299999998,"speed":7.083333333333332,"remaining":2.847224583333333},{"event":53,"data":[83,4.796159919607064,6.203840048362965,-0.7071067690849304,0.7071067690849304,"cannon",5.4999996678997665,5.499999962912664,3,4,false,7.98333299999998,4.500000011800516,6.499999956169512],"clock":7.98333299999998,"speed":0.0},{"event":54,"data":[87,4.500000011800516,6.918833307132816,0.0,-1.0,"cannon",4.500000011800516,7.4999999494263605,6,4,false,7.98333299999998,4.500000011800516,6.499999956169512],"clock":7.98333299999998,"speed":0.0}]},"projectiles":[],"impacts":[],"viewport":[411.4285583496094,923.4285888671875],"screenCenter":[205.7142791748047,347.21
09-19 14:23:52.581 20549 20549 I flutter : RN_VALIDATION_CHUNK CONT 429443359375],"pixelsPerTile":45.25714141845703,"zoom":1.0,"nexusHpRatio":1.0,"nexusHit":0.0,"portalAlert":0.0}}
09-19 14:23:52.581 20549 20549 I flutter : RN_VALIDATION_END
09-19 14:23:52.594   491   588 W skia    : AGTM parsing failed flags.readFromStream(s) at 159
09-19 14:23:52.594   491   588 W skia    : AGTM parsing failed flags.readFromStream(s) at 159
09-19 14:23:52.697   491   588 W skia    : AGTM parsing failed flags.readFromStream(s) at 159
09-19 14:23:52.697   491   588 W skia    : AGTM parsing failed flags.readFromStream(s) at 159
09-19 14:23:52.761 20549 20553 I us.godotpreview: NativeAlloc concurrent mark compact GC freed 130KB AllocSpace bytes, 6(96KB) LOS objects, 49% free, 2307KB/4614KB, paused 179us,5.596ms total 14.440ms
09-19 14:23:52.796   491   588 W skia    : AGTM parsing failed flags.readFromStream(s) at 159
09-19 14:23:52.796   491   588 W skia    : AGTM parsing failed flags.readFromStream(s) at 159
09-19 14:23:52.900   491   588 W skia    : AGTM parsing failed flags.readFromStream(s) at 159
09-19 14:23:52.900   491   588 W skia    : AGTM parsing failed flags.readFromStream(s) at 159
09-19 14:23:53.029   491   588 W skia    : AGTM parsing failed flags.readFromStream(s) at 159
09-19 14:23:53.029   491   588 W skia    : AGTM parsing failed flags.readFromStream(s) at 159
09-19 14:23:53.134   491   588 W skia    : AGTM parsing failed flags.readFromStream(s) at 159
09-19 14:23:53.134   491   588 W skia    : AGTM parsing failed flags.readFromStream(s) at 159
09-19 14:23:53.245   491   588 W skia    : AGTM parsing failed flags.readFromStream(s) at 159
09-19 14:23:53.246   491   588 W skia    : AGTM parsing failed flags.readFromStream(s) at 159
09-19 14:23:53.366   491   588 W skia    : AGTM parsing failed flags.readFromStream(s) at 159
09-19 14:23:53.366   491   588 W skia    : AGTM parsing failed flags.readFromStream(s) at 159
09-19 14:23:53.477   491   588 W skia    : AGTM parsing failed flags.readFromStream(s) at 159
09-19 14:23:53.477   491   588 W skia    : AGTM parsing failed flags.readFromStream(s) at 159
09-19 14:23:53.534   487   531 D AudioFlinger: mixer(0xb400006ff95ca790) throttle end: throttle time(1)
09-19 14:23:53.580   491   588 W skia    : AGTM parsing failed flags.readFromStream(s) at 159
09-19 14:23:53.580   491   588 W skia    : AGTM parsing failed flags.readFromStream(s) at 159
09-19 14:23:53.701   491   588 W skia    : AGTM parsing failed flags.readFromStream(s) at 159
09-19 14:23:53.701   491   588 W skia    : AGTM parsing failed flags.readFromStream(s) at 159
09-19 14:23:53.811   491   588 W skia    : AGTM parsing failed flags.readFromStream(s) at 159
09-19 14:23:53.811   491   588 W skia    : AGTM parsing failed flags.readFromStream(s) at 159
09-19 14:23:53.914   491   588 W skia    : AGTM parsing failed flags.readFromStream(s) at 159
09-19 14:23:53.914   491   588 W skia    : AGTM parsing failed flags.readFromStream(s) at 159
09-19 14:23:54.028   491   588 W skia    : AGTM parsing failed flags.readFromStream(s) at 159
09-19 14:23:54.028   491   588 W skia    : AGTM parsing failed flags.readFromStream(s) at 159
09-19 14:23:54.129   491   588 W skia    : AGTM parsing failed flags.readFromStream(s) at 159
09-19 14:23:54.129   491   588 W skia    : AGTM parsing failed flags.readFromStream(s) at 159
09-19 14:23:54.230   491   588 W skia    : AGTM parsing failed flags.readFromStream(s) at 159
09-19 14:23:54.231   491   588 W skia    : AGTM parsing failed flags.readFromStream(s) at 159
09-19 14:23:54.235 20549 20553 I us.godotpreview: NativeAlloc concurrent mark compact GC freed 126KB AllocSpace bytes, 6(96KB) LOS objects, 49% free, 2311KB/4622KB, paused 564us,5.143ms total 15.356ms
09-19 14:23:54.331   491   588 W skia    : AGTM parsing failed flags.readFromStream(s) at 159
09-19 14:23:54.331   491   588 W skia    : AGTM parsing failed flags.readFromStream(s) at 159
09-19 14:23:54.441   491   588 W skia    : AGTM parsing failed flags.readFromStream(s) at 159
09-19 14:23:54.441   491   588 W skia    : AGTM parsing failed flags.readFromStream(s) at 159
09-19 14:23:54.547   491   588 W skia    : AGTM parsing failed flags.readFromStream(s) at 159
09-19 14:23:54.547   491   588 W skia    : AGTM parsing failed flags.readFromStream(s) at 159
09-19 14:23:54.574   645   800 D WifiClientModeImpl[3810:wlan0]: updateLinkLayerStatsRssiSpeedFrequencyCapabilities rssi=-50 TxLinkspeed=1 freq=2447 RxLinkSpeed=2
09-19 14:23:54.574   645   800 D WifiDataStall: tx tput in kbps: 11000
09-19 14:23:54.574   645   800 D WifiDataStall: rx tput in kbps: 11000
09-19 14:23:54.574   645   800 V WifiConfigManager: Updating scan detail cache freq=2447 BSSID=00:13:10:85:fe:01 RSSI=-50 for "AndroidWifi"NONE
09-19 14:23:54.576   645   800 D WifiThroughputPredictor:  utilization (LLS) 80 isBluetoothConnected: false final utilization: 80
09-19 14:23:54.576   645   800 D WifiThroughputPredictor:  BW: 0 RSSI: -50 Nss: 1 Mode: 1 symDur: 4000 snrDb 30 bitPerTone: 4500 rate: 54 throughput: 11
09-19 14:23:54.576   645   800 D WifiThroughputPredictor:  utilization (LLS) 80 isBluetoothConnected: false final utilization: 80
09-19 14:23:54.576   645   800 D WifiThroughputPredictor:  BW: 0 RSSI: -50 Nss: 1 Mode: 1 symDur: 4000 snrDb 30 bitPerTone: 4500 rate: 54 throughput: 11
09-19 14:23:54.576   645   800 D WifiThroughputPredictor:  utilization (LLS) 80 isBluetoothConnected: false final utilization: 80
09-19 14:23:54.576   645   800 D WifiThroughputPredictor:  BW: 0 RSSI: -50 Nss: 1 Mode: 1 symDur: 4000 snrDb 30 bitPerTone: 4500 rate: 54 throughput: 11
09-19 14:23:54.576   645   800 D WifiThroughputPredictor:  utilization (LLS) 80 isBluetoothConnected: false final utilization: 80
09-19 14:23:54.576   645   800 D WifiThroughputPredictor:  BW: 0 RSSI: -50 Nss: 1 Mode: 1 symDur: 4000 snrDb 30 bitPerTone: 4500 rate: 54 throughput: 11
09-19 14:23:54.580   645   800 I HalDevMgr: bestIfaceCreationProposal is null, requestIface=STA, existingIface=[name=wlan0 type=STA]
09-19 14:23:54.580   645   800 D WifiScoreCard: BSSID update SIGNAL_POLL ID: 760286919 SSID: "AndroidWifi", BSSID: 00:13:10:85:fe:01, MAC: 02:15:b2:00:00:00, IP: /10.0.2.16, Security type: 0, Supplicant state: COMPLETED, Wi-Fi standard: legacy, RSSI: -50, Link speed: 1Mbps, Tx Link speed: 1Mbps, Max Supported Tx Link speed: 11Mbps, Calculated Tx : 0Mbps, Rx Link speed: 2Mbps, Max Supported Rx Link speed: 11Mbps, Calculated Rx : 0Mbps, Frequency: 2447MHz, Net ID: 0, Metered hint: false, score: 100, isUsable: true, CarrierMerged: false, SubscriptionId: -1, IsPrimary: 1, Trusted: true, Restricted: false, Ephemeral: false, OEM paid: false, OEM private: false, OSU AP: false, FQDN: <none>, Provider friendly name: <none>, Requesting package name: <none>"AndroidWifi"openMLO Information: , Is TID-To-Link negotiation supported by the AP: false, AP MLD Address: <none>, AP MLO Link Id: <none>, AP MLO Affiliated links: <none>, Vendor Data: <none>
09-19 14:23:54.580   645   800 D WifiScoreCard: txRate: 1 txSpeed: 1
09-19 14:23:54.580   645   800 D WifiScoreCard: network update SIGNAL_POLL "AndroidWifi" ID: 673433585 RSSI -50 txSpeed -1
09-19 14:23:54.580   645   800 D WifiClientModeImpl[3810:wlan0]:  ClientModeImpl$L2ConnectedState screen=on 26 0 "AndroidWifi" 00:13:10:85:fe:01 rssi=-50 f=2447 sc=100 link=1 tx=0.0, 0.0, 0.0 rx=0.0 bcn=0 [on:0 tx:0 rx:0 period:3008] from screen [on:0 period:-1205927852] score=100
09-19 14:23:54.615 20549 20549 I flutter : RN_VALIDATION_CHUNK START {"schema":1,"runner":"flutter_flame_godot","event":"begin","scenario":"normal","speed":1,"duration_seconds":60,"fixture":"six_turrets_stationary_immortal_tanks","stress":false,"target_fps":60,"enemies":3,"burning":0,"turrets":6,"projectiles":0,"effects":0}
09-19 14:23:54.615 20549 20549 I flutter : RN_VALIDATION_END
09-19 14:23:54.647   491   588 W skia    : AGTM parsing failed flags.readFromStream(s) at 159
09-19 14:23:54.647   491   588 W skia    : AGTM parsing failed flags.readFromStream(s) at 159
09-19 14:23:54.679 16828 16828 I adbd    : adbd service requested 'shell,v2,TERM=dumb,raw:dumpsys SurfaceFlinger --timestats -clear -enable'
09-19 14:23:54.719   491   700 D surfaceflinger: Cleared global stats
09-19 14:23:54.719   491   700 D surfaceflinger: Cleared layer stats
09-19 14:23:54.719   491   700 D surfaceflinger: Enabled
09-19 14:23:54.747   491   588 W skia    : AGTM parsing failed flags.readFromStream(s) at 159
09-19 14:23:54.747   491   588 W skia    : AGTM parsing failed flags.readFromStream(s) at 159
09-19 14:23:54.859   491   588 W skia    : AGTM parsing failed flags.readFromStream(s) at 159
09-19 14:23:54.859   491   588 W skia    : AGTM parsing failed flags.readFromStream(s) at 159
09-19 14:23:54.962   491   588 W skia    : AGTM parsing failed flags.readFromStream(s) at 159
09-19 14:23:54.962   491   588 W skia    : AGTM parsing failed flags.readFromStream(s) at 159
09-19 14:23:55.066   491   588 W skia    : AGTM parsing failed flags.readFromStream(s) at 159
09-19 14:23:55.066   491   588 W skia    : AGTM parsing failed flags.readFromStream(s) at 159
09-19 14:23:55.165   491   588 W skia    : AGTM parsing failed flags.readFromStream(s) at 159
09-19 14:23:55.165   491   588 W skia    : AGTM parsing failed flags.readFromStream(s) at 159
09-19 14:23:55.277 20549 20553 I us.godotpreview: NativeAlloc concurrent mark compact GC freed 154KB AllocSpace bytes, 0(0B) LOS objects, 49% free, 2299KB/4598KB, paused 130us,6.412ms total 21.758ms
09-19 14:23:55.280   491   588 W skia    : AGTM parsing failed flags.readFromStream(s) at 159
09-19 14:23:55.280   491   588 W skia    : AGTM parsing failed flags.readFromStream(s) at 159
09-19 14:23:55.381   491   588 W skia    : AGTM parsing failed flags.readFromStream(s) at 159
09-19 14:23:55.381   491   588 W skia    : AGTM parsing failed flags.readFromStream(s) at 159
09-19 14:23:55.482   491   588 W skia    : AGTM parsing failed flags.readFromStream(s) at 159
09-19 14:23:55.482   491   588 W skia    : AGTM parsing failed flags.readFromStream(s) at 159
09-19 14:23:55.582   491   588 W skia    : AGTM parsing failed flags.readFromStream(s) at 159
09-19 14:23:55.583   491   588 W skia    : AGTM parsing failed flags.readFromStream(s) at 159
09-19 14:23:55.619 20549 20549 I flutter : RN_VALIDATION_CHUNK START {"schema":1,"runner":"flutter_flame_godot","event":"sample","scenario":"normal","sample":0,"elapsed_ms":1003,"rss_bytes":542773248,"enemies":3,"burning":0,"turrets":6,"projectiles":0,"effects":0,"metrics":{"authored_terrain":true,"draw_calls":96.0,"fps":44.087611087367,"frame_ms":22.682108994709,"max_frame_ms":29.1138888888889,"objects":110.0,"primitives":189661.0,"received_frames":374,"renderer":"mobile","sequence":553,"viewport":[880.0,1976.0]}}
09-19 14:23:55.619 20549 20549 I flutter : RN_VALIDATION_END
09-19 14:23:55.690   491   588 W skia    : AGTM parsing failed flags.readFromStream(s) at 159
09-19 14:23:55.691   491   588 W skia    : AGTM parsing failed flags.readFromStream(s) at 159
09-19 14:23:55.792   491   588 W skia    : AGTM parsing failed flags.readFromStream(s) at 159
09-19 14:23:55.792   491   588 W skia    : AGTM parsing failed flags.readFromStream(s) at 159
09-19 14:23:55.900   491   588 W skia    : AGTM parsing failed flags.readFromStream(s) at 159
09-19 14:23:55.901   491   588 W skia    : AGTM parsing failed flags.readFromStream(s) at 159
09-19 14:23:55.994  1012  1174 D SatelliteController: isInCarrierRoamingNbIotNtn: satellite is disabled
09-19 14:23:55.994  1012  1174 D SatelliteController: getCarrierRoamingNtnConnectType: Checking connect type from PLMN config for subId: 1
09-19 14:23:55.994  1012  1174 D TelephonyConfigUpdateInstallReceiver: getConfigParser: domain=satellite
09-19 14:23:55.994  1012  1174 V SatelliteController: satelliteConfigParser is not ready
09-19 14:23:55.994  1012  1174 D SatelliteController: isSatelliteAttachSupportedViaConfigupdater: return null (satelliteConfig is null)
09-19 14:23:55.995  1012  1174 D SatelliteController: getSatellitePerPlmnConfiguration: invalid subId or not supported via carrier.
09-19 14:23:55.995  1012  1174 D SatelliteController: getCarrierRoamingNtnConnectType: config: null
09-19 14:23:55.995  1012  1174 D TelephonyConfigUpdateInstallReceiver: getConfigParser: domain=satellite
09-19 14:23:55.995  1012  1174 V SatelliteController: satelliteConfigParser is not ready
09-19 14:23:55.995  1012  1174 D SatelliteController: getCarrierRoamingNtnConnectTypeViaConfigUpdater: return null (satelliteConfig is null)
09-19 14:23:55.996  1012  1174 D SatelliteController: getCarrierRoamingNtnConnectType: Falling back to global carrier config connect type: 0
09-19 14:23:55.996  1012  1174 D TelephonyConfigUpdateInstallReceiver: getConfigParser: domain=satellite
09-19 14:23:55.996  1012  1174 V SatelliteController: satelliteConfigParser is not ready
09-19 14:23:55.996  1012  1174 D SatelliteController: isSatelliteAttachSupportedViaConfigupdater: return null (satelliteConfig is null)
09-19 14:23:55.996  1012  1174 D SatelliteController: getCarrierRoamingNtnConnectType: Checking connect type from PLMN config for subId: 1
09-19 14:23:55.996  1012  1174 D TelephonyConfigUpdateInstallReceiver: getConfigParser: domain=satellite
09-19 14:23:55.996  1012  1174 V SatelliteController: satelliteConfigParser is not ready
09-19 14:23:55.996  1012  1174 D SatelliteController: isSatelliteAttachSupportedViaConfigupdater: return null (satelliteConfig is null)
09-19 14:23:55.996  1012  1174 D SatelliteController: getSatellitePerPlmnConfiguration: invalid subId or not supported via carrier.
09-19 14:23:55.996  1012  1174 D SatelliteController: getCarrierRoamingNtnConnectType: config: null
09-19 14:23:55.996  1012  1174 D TelephonyConfigUpdateInstallReceiver: getConfigParser: domain=satellite
09-19 14:23:55.996  1012  1174 V SatelliteController: satelliteConfigParser is not ready
09-19 14:23:55.996  1012  1174 D SatelliteController: getCarrierRoamingNtnConnectTypeViaConfigUpdater: return null (satelliteConfig is null)
09-19 14:23:55.996  1012  1174 D SatelliteController: getCarrierRoamingNtnConnectType: Falling back to global carrier config connect type: 0
09-19 14:23:55.996  1012  1174 D TelephonyConfigUpdateInstallReceiver: getConfigParser: domain=satellite
09-19 14:23:55.996  1012  1174 V SatelliteController: satelliteConfigParser is not ready
09-19 14:23:55.996  1012  1174 D SatelliteController: isSatelliteAttachSupportedViaConfigupdater: return null (satelliteConfig is null)
09-19 14:23:56.011   491   588 W skia    : AGTM parsing failed flags.readFromStream(s) at 159
09-19 14:23:56.011   491   588 W skia    : AGTM parsing failed flags.readFromStream(s) at 159
09-19 14:23:56.112   491   588 W skia    : AGTM parsing failed flags.readFromStream(s) at 159
09-19 14:23:56.112   491   588 W skia    : AGTM parsing failed flags.readFromStream(s) at 159
09-19 14:23:56.213   491   588 W skia    : AGTM parsing failed flags.readFromStream(s) at 159
09-19 14:23:56.213   491   588 W skia    : AGTM parsing failed flags.readFromStream(s) at 159
09-19 14:23:56.315   491   588 W skia    : AGTM parsing failed flags.readFromStream(s) at 159
09-19 14:23:56.315   491   588 W skia    : AGTM parsing failed flags.readFromStream(s) at 159
09-19 14:23:56.394 20549 20553 I us.godotpreview: NativeAlloc concurrent mark compact GC freed 162KB AllocSpace bytes, 0(0B) LOS objects, 49% free, 2299KB/4598KB, paused 6.529ms,1.151ms total 23.246ms
09-19 14:23:56.414   491   588 W skia    : AGTM parsing failed flags.readFromStream(s) at 159
09-19 14:23:56.414   491   588 W skia    : AGTM parsing failed flags.readFromStream(s) at 159
09-19 14:23:56.515   491   588 W skia    : AGTM parsing failed flags.readFromStream(s) at 159
09-19 14:23:56.516   491   588 W skia    : AGTM parsing failed flags.readFromStream(s) at 159
09-19 14:23:56.618   487   531 D AudioFlinger: mixer(0xb400006ff95ca790) throttle end: throttle time(2)
09-19 14:23:56.630   491   588 W skia    : AGTM parsing failed flags.readFromStream(s) at 159
09-19 14:23:56.631   491   588 W skia    : AGTM parsing failed flags.readFromStream(s) at 159
09-19 14:23:56.638 20549 20549 I flutter : RN_VALIDATION_CHUNK START {"schema":1,"runner":"flutter_flame_godot","event":"sample","scenario":"normal","sample":1,"elapsed_ms":2022,"rss_bytes":542838784,"enemies":3,"burning":0,"turrets":6,"projectiles":0,"effects":0,"metrics":{"authored_terrain":true,"draw_calls":80.0,"fps":51.0403042816453,"frame_ms":19.5923596866097,"max_frame_ms":26.111,"objects":90.0,"primitives":183045.0,"received_frames":421,"renderer":"mobile","sequence":604,"viewport":[880.0,1976.0]}}
09-19 14:23:56.638 20549 20549 I flutter : RN_VALIDATION_END
09-19 14:23:56.730   491   588 W skia    : AGTM parsing failed flags.readFromStream(s) at 159
09-19 14:23:56.730   491   588 W skia    : AGTM parsing failed flags.readFromStream(s) at 159
09-19 14:23:56.833   491   588 W skia    : AGTM parsing failed flags.readFromStream(s) at 159
09-19 14:23:56.833   491   588 W skia    : AGTM parsing failed flags.readFromStream(s) at 159
09-19 14:23:56.943   491   588 W skia    : AGTM parsing failed flags.readFromStream(s) at 159
09-19 14:23:56.943   491   588 W skia    : AGTM parsing failed flags.readFromStream(s) at 159
09-19 14:23:57.046   491   588 W skia    : AGTM parsing failed flags.readFromStream(s) at 159
09-19 14:23:57.047   491   588 W skia    : AGTM parsing failed flags.readFromStream(s) at 159
09-19 14:23:57.148   491   588 W skia    : AGTM parsing failed flags.readFromStream(s) at 159
09-19 14:23:57.148   491   588 W skia    : AGTM parsing failed flags.readFromStream(s) at 159
09-19 14:23:57.248   491   588 W skia    : AGTM parsing failed flags.readFromStream(s) at 159
09-19 14:23:57.248   491   588 W skia    : AGTM parsing failed flags.readFromStream(s) at 159
09-19 14:23:57.348   491   588 W skia    : AGTM parsing failed flags.readFromStream(s) at 159
09-19 14:23:57.348   491   588 W skia    : AGTM parsing failed flags.readFromStream(s) at 159
09-19 14:23:57.462   491   588 W skia    : AGTM parsing failed flags.readFromStream(s) at 159
09-19 14:23:57.462   491   588 W skia    : AGTM parsing failed flags.readFromStream(s) at 159
09-19 14:23:57.566   491   588 W skia    : AGTM parsing failed flags.readFromStream(s) at 159
09-19 14:23:57.566   491   588 W skia    : AGTM parsing failed flags.readFromStream(s) at 159
09-19 14:23:57.585   645   800 D WifiClientModeImpl[3810:wlan0]: updateLinkLayerStatsRssiSpeedFrequencyCapabilities rssi=-50 TxLinkspeed=1 freq=2447 RxLinkSpeed=2
09-19 14:23:57.585   645   800 D WifiDataStall: tx tput in kbps: 11000
09-19 14:23:57.585   645   800 D WifiDataStall: rx tput in kbps: 11000
09-19 14:23:57.585   645   800 V WifiConfigManager: Updating scan detail cache freq=2447 BSSID=00:13:10:85:fe:01 RSSI=-50 for "AndroidWifi"NONE
09-19 14:23:57.585   645   800 D WifiThroughputPredictor:  utilization (LLS) 80 isBluetoothConnected: false final utilization: 80
09-19 14:23:57.585   645   800 D WifiThroughputPredictor:  BW: 0 RSSI: -50 Nss: 1 Mode: 1 symDur: 4000 snrDb 30 bitPerTone: 4500 rate: 54 throughput: 11
09-19 14:23:57.585   645   800 D WifiThroughputPredictor:  utilization (LLS) 80 isBluetoothConnected: false final utilization: 80
09-19 14:23:57.585   645   800 D WifiThroughputPredictor:  BW: 0 RSSI: -50 Nss: 1 Mode: 1 symDur: 4000 snrDb 30 bitPerTone: 4500 rate: 54 throughput: 11
09-19 14:23:57.588   645   800 D WifiThroughputPredictor:  utilization (LLS) 80 isBluetoothConnected: false final utilization: 80
09-19 14:23:57.589   645   800 D WifiThroughputPredictor:  BW: 0 RSSI: -50 Nss: 1 Mode: 1 symDur: 4000 snrDb 30 bitPerTone: 4500 rate: 54 throughput: 11
09-19 14:23:57.589   645   800 D WifiThroughputPredictor:  utilization (LLS) 80 isBluetoothConnected: false final utilization: 80
09-19 14:23:57.589   645   800 D WifiThroughputPredictor:  BW: 0 RSSI: -50 Nss: 1 Mode: 1 symDur: 4000 snrDb 30 bitPerTone: 4500 rate: 54 throughput: 11
09-19 14:23:57.593   645   800 I HalDevMgr: bestIfaceCreationProposal is null, requestIface=STA, existingIface=[name=wlan0 type=STA]
09-19 14:23:57.594   645   800 D WifiScoreCard: BSSID update SIGNAL_POLL ID: 760286919 SSID: "AndroidWifi", BSSID: 00:13:10:85:fe:01, MAC: 02:15:b2:00:00:00, IP: /10.0.2.16, Security type: 0, Supplicant state: COMPLETED, Wi-Fi standard: legacy, RSSI: -50, Link speed: 1Mbps, Tx Link speed: 1Mbps, Max Supported Tx Link speed: 11Mbps, Calculated Tx : 0Mbps, Rx Link speed: 2Mbps, Max Supported Rx Link speed: 11Mbps, Calculated Rx : 0Mbps, Frequency: 2447MHz, Net ID: 0, Metered hint: false, score: 100, isUsable: true, CarrierMerged: false, SubscriptionId: -1, IsPrimary: 1, Trusted: true, Restricted: false, Ephemeral: false, OEM paid: false, OEM private: false, OSU AP: false, FQDN: <none>, Provider friendly name: <none>, Requesting package name: <none>"AndroidWifi"openMLO Information: , Is TID-To-Link negotiation supported by the AP: false, AP MLD Address: <none>, AP MLO Link Id: <none>, AP MLO Affiliated links: <none>, Vendor Data: <none>
09-19 14:23:57.594   645   800 D WifiScoreCard: txRate: 1 txSpeed: 1
09-19 14:23:57.594   645   800 D WifiScoreCard: network update SIGNAL_POLL "AndroidWifi" ID: 673433585 RSSI -50 txSpeed -1
09-19 14:23:57.594   645   800 D WifiClientModeImpl[3810:wlan0]:  ClientModeImpl$L2ConnectedState screen=on 26 0 "AndroidWifi" 00:13:10:85:fe:01 rssi=-50 f=2447 sc=100 link=1 tx=0.0, 0.0, 0.0 rx=0.0 bcn=0 [on:0 tx:0 rx:0 period:3014] from screen [on:0 period:-1205924838] score=100
09-19 14:23:57.651 20549 20549 I flutter : RN_VALIDATION_CHUNK START {"schema":1,"runner":"flutter_flame_godot","event":"sample","scenario":"normal","sample":2,"elapsed_ms":3036,"rss_bytes":543408128,"enemies":3,"burning":0,"turrets":6,"projectiles":0,"effects":0,"metrics":{"authored_terrain":true,"draw_calls":121.0,"fps":48.9563708076158,"frame_ms":20.426350718065,"max_frame_ms":26.252,"objects":149.0,"primitives":192415.0,"received_frames":461,"renderer":"mobile","sequence":648,"viewport":[880.0,1976.0]}}
09-19 14:23:57.652 20549 20549 I flutter : RN_VALIDATION_END
09-19 14:23:57.666   491   588 W skia    : AGTM parsing failed flags.readFromStream(s) at 159
09-19 14:23:57.666   491   588 W skia    : AGTM parsing failed flags.readFromStream(s) at 159
09-19 14:23:57.778   491   588 W skia    : AGTM parsing failed flags.readFromStream(s) at 159
09-19 14:23:57.778   491   588 W skia    : AGTM parsing failed flags.readFromStream(s) at 159
09-19 14:23:57.881   491   588 W skia    : AGTM parsing failed flags.readFromStream(s) at 159
09-19 14:23:57.881   491   588 W skia    : AGTM parsing failed flags.readFromStream(s) at 159
09-19 14:23:57.982   491   588 W skia    : AGTM parsing failed flags.readFromStream(s) at 159
09-19 14:23:57.982   491   588 W skia    : AGTM parsing failed flags.readFromStream(s) at 159
09-19 14:23:58.084   491   588 W skia    : AGTM parsing failed flags.readFromStream(s) at 159
09-19 14:23:58.084   491   588 W skia    : AGTM parsing failed flags.readFromStream(s) at 159
09-19 14:23:58.184   491   588 W skia    : AGTM parsing failed flags.readFromStream(s) at 159
09-19 14:23:58.184   491   588 W skia    : AGTM parsing failed flags.readFromStream(s) at 159
09-19 14:23:58.296   491   588 W skia    : AGTM parsing failed flags.readFromStream(s) at 159
09-19 14:23:58.296   491   588 W skia    : AGTM parsing failed flags.readFromStream(s) at 159
09-19 14:23:58.399   491   588 W skia    : AGTM parsing failed flags.readFromStream(s) at 159
09-19 14:23:58.399   491   588 W skia    : AGTM parsing failed flags.readFromStream(s) at 159
09-19 14:23:58.499   491   588 W skia    : AGTM parsing failed flags.readFromStream(s) at 159
09-19 14:23:58.499   491   588 W skia    : AGTM parsing failed flags.readFromStream(s) at 159
09-19 14:23:58.615   491   588 W skia    : AGTM parsing failed flags.readFromStream(s) at 159
09-19 14:23:58.615   491   588 W skia    : AGTM parsing failed flags.readFromStream(s) at 159
09-19 14:23:58.658 20549 20549 I flutter : RN_VALIDATION_CHUNK START {"schema":1,"runner":"flutter_flame_godot","event":"sample","scenario":"normal","sample":3,"elapsed_ms":4043,"rss_bytes":543559680,"enemies":3,"burning":0,"turrets":6,"projectiles":0,"effects":0,"metrics":{"authored_terrain":true,"draw_calls":80.0,"fps":47.8343920198947,"frame_ms":20.9054606481482,"max_frame_ms":27.8967777777778,"objects":90.0,"primitives":183045.0,"received_frames":508,"renderer":"mobile","sequence":699,"viewport":[880.0,1976.0]}}
09-19 14:23:58.658 20549 20549 I flutter : RN_VALIDATION_END
09-19 14:23:58.712   491   588 W skia    : AGTM parsing failed flags.readFromStream(s) at 159
09-19 14:23:58.712   491   588 W skia    : AGTM parsing failed flags.readFromStream(s) at 159
09-19 14:23:58.811   491   588 W skia    : AGTM parsing failed flags.readFromStream(s) at 159
09-19 14:23:58.811   491   588 W skia    : AGTM parsing failed flags.readFromStream(s) at 159
09-19 14:23:58.912   491   588 W skia    : AGTM parsing failed flags.readFromStream(s) at 159
09-19 14:23:58.913   491   588 W skia    : AGTM parsing failed flags.readFromStream(s) at 159
09-19 14:23:59.013   491   588 W skia    : AGTM parsing failed flags.readFromStream(s) at 159
09-19 14:23:59.013   491   588 W skia    : AGTM parsing failed flags.readFromStream(s) at 159
09-19 14:23:59.118   491   588 W skia    : AGTM parsing failed flags.readFromStream(s) at 159
09-19 14:23:59.118   491   588 W skia    : AGTM parsing failed flags.readFromStream(s) at 159
09-19 14:23:59.216   491   588 W skia    : AGTM parsing failed flags.readFromStream(s) at 159
09-19 14:23:59.216   491   588 W skia    : AGTM parsing failed flags.readFromStream(s) at 159
09-19 14:23:59.316   491   588 W skia    : AGTM parsing failed flags.readFromStream(s) at 159
09-19 14:23:59.316   491   588 W skia    : AGTM parsing failed flags.readFromStream(s) at 159
09-19 14:23:59.428   491   588 W skia    : AGTM parsing failed flags.readFromStream(s) at 159
09-19 14:23:59.428   491   588 W skia    : AGTM parsing failed flags.readFromStream(s) at 159
09-19 14:23:59.530   491   588 W skia    : AGTM parsing failed flags.readFromStream(s) at 159
09-19 14:23:59.530   491   588 W skia    : AGTM parsing failed flags.readFromStream(s) at 159
09-19 14:23:59.631   491   588 W skia    : AGTM parsing failed flags.readFromStream(s) at 159
09-19 14:23:59.631   491   588 W skia    : AGTM parsing failed flags.readFromStream(s) at 159
09-19 14:23:59.711 20549 20549 I flutter : RN_VALIDATION_CHUNK START {"schema":1,"runner":"flutter_flame_godot","event":"sample","scenario":"normal","sample":4,"elapsed_ms":5096,"rss_bytes":543428608,"enemies":3,"burning":0,"turrets":6,"projectiles":0,"effects":0,"metrics":{"authored_terrain":true,"draw_calls":86.0,"fps":52.7790317869188,"frame_ms":18.9469182389937,"max_frame_ms":25.046999999999,"objects":96.0,"primitives":183057.0,"received_frames":553,"renderer":"mobile","sequence":747,"viewport":[880.0,1976.0]}}
09-19 14:23:59.712 20549 20549 I flutter : RN_VALIDATION_END
09-19 14:23:59.733   491   588 W skia    : AGTM parsing failed flags.readFromStream(s) at 159
09-19 14:23:59.733   491   588 W skia    : AGTM parsing failed flags.readFromStream(s) at 159
09-19 14:23:59.832   491   588 W skia    : AGTM parsing failed flags.readFromStream(s) at 159
09-19 14:23:59.832   491   588 W skia    : AGTM parsing failed flags.readFromStream(s) at 159
09-19 14:23:59.944   491   588 W skia    : AGTM parsing failed flags.readFromStream(s) at 159
09-19 14:23:59.944   491   588 W skia    : AGTM parsing failed flags.readFromStream(s) at 159
09-19 14:24:00.052   491   588 W skia    : AGTM parsing failed flags.readFromStream(s) at 159
09-19 14:24:00.052   491   588 W skia    : AGTM parsing failed flags.readFromStream(s) at 159
09-19 14:24:00.145   491   588 W skia    : AGTM parsing failed flags.readFromStream(s) at 159
09-19 14:24:00.145   491   588 W skia    : AGTM parsing failed flags.readFromStream(s) at 159
09-19 14:24:00.249   491   588 W skia    : AGTM parsing failed flags.readFromStream(s) at 159
09-19 14:24:00.249   491   588 W skia    : AGTM parsing failed flags.readFromStream(s) at 159
09-19 14:24:00.330   892   892 D wpa_supplicant: nl80211: Drv Event 64 (NL80211_CMD_NOTIFY_CQM) received for wlan0
09-19 14:24:00.330   892   892 D wpa_supplicant: nl80211: Beacon loss event
09-19 14:24:00.330   892   892 D wpa_supplicant: wlan0: Event BEACON_LOSS (53) received
09-19 14:24:00.330   892   892 I wpa_supplicant: wlan0: CTRL-EVENT-BEACON-LOSS 
09-19 14:24:00.359   491   588 W skia    : AGTM parsing failed flags.readFromStream(s) at 159
09-19 14:24:00.359   491   588 W skia    : AGTM parsing failed flags.readFromStream(s) at 159
09-19 14:24:00.478   491   588 W skia    : AGTM parsing failed flags.readFromStream(s) at 159
09-19 14:24:00.478   491   588 W skia    : AGTM parsing failed flags.readFromStream(s) at 159
09-19 14:24:00.579   491   588 W skia    : AGTM parsing failed flags.readFromStream(s) at 159
09-19 14:24:00.579   491   588 W skia    : AGTM parsing failed flags.readFromStream(s) at 159
09-19 14:24:00.595   645   800 D WifiClientModeImpl[3810:wlan0]: updateLinkLayerStatsRssiSpeedFrequencyCapabilities rssi=-50 TxLinkspeed=1 freq=2447 RxLinkSpeed=2
09-19 14:24:00.595   645   800 D WifiDataStall: tx tput in kbps: 11000
09-19 14:24:00.595   645   800 D WifiDataStall: rx tput in kbps: 11000
09-19 14:24:00.595   645   800 V WifiConfigManager: Updating scan detail cache freq=2447 BSSID=00:13:10:85:fe:01 RSSI=-50 for "AndroidWifi"NONE
09-19 14:24:00.595   645   800 D WifiThroughputPredictor:  utilization (LLS) 80 isBluetoothConnected: false final utilization: 80
09-19 14:24:00.595   645   800 D WifiThroughputPredictor:  BW: 0 RSSI: -50 Nss: 1 Mode: 1 symDur: 4000 snrDb 30 bitPerTone: 4500 rate: 54 throughput: 11
09-19 14:24:00.595   645   800 D WifiThroughputPredictor:  utilization (LLS) 80 isBluetoothConnected: false final utilization: 80
09-19 14:24:00.595   645   800 D WifiThroughputPredictor:  BW: 0 RSSI: -50 Nss: 1 Mode: 1 symDur: 4000 snrDb 30 bitPerTone: 4500 rate: 54 throughput: 11
09-19 14:24:00.595   645   800 D WifiThroughputPredictor:  utilization (LLS) 80 isBluetoothConnected: false final utilization: 80
09-19 14:24:00.595   645   800 D WifiThroughputPredictor:  BW: 0 RSSI: -50 Nss: 1 Mode: 1 symDur: 4000 snrDb 30 bitPerTone: 4500 rate: 54 throughput: 11
09-19 14:24:00.595   645   800 D WifiThroughputPredictor:  utilization (LLS) 80 isBluetoothConnected: false final utilization: 80
09-19 14:24:00.595   645   800 D WifiThroughputPredictor:  BW: 0 RSSI: -50 Nss: 1 Mode: 1 symDur: 4000 snrDb 30 bitPerTone: 4500 rate: 54 throughput: 11
09-19 14:24:00.596   645   800 I HalDevMgr: bestIfaceCreationProposal is null, requestIface=STA, existingIface=[name=wlan0 type=STA]
09-19 14:24:00.596   645   800 D WifiScoreCard: BSSID update SIGNAL_POLL ID: 760286919 SSID: "AndroidWifi", BSSID: 00:13:10:85:fe:01, MAC: 02:15:b2:00:00:00, IP: /10.0.2.16, Security type: 0, Supplicant state: COMPLETED, Wi-Fi standard: legacy, RSSI: -50, Link speed: 1Mbps, Tx Link speed: 1Mbps, Max Supported Tx Link speed: 11Mbps, Calculated Tx : 0Mbps, Rx Link speed: 2Mbps, Max Supported Rx Link speed: 11Mbps, Calculated Rx : 0Mbps, Frequency: 2447MHz, Net ID: 0, Metered hint: false, score: 100, isUsable: true, CarrierMerged: false, SubscriptionId: -1, IsPrimary: 1, Trusted: true, Restricted: false, Ephemeral: false, OEM paid: false, OEM private: false, OSU AP: false, FQDN: <none>, Provider friendly name: <none>, Requesting package name: <none>"AndroidWifi"openMLO Information: , Is TID-To-Link negotiation supported by the AP: false, AP MLD Address: <none>, AP MLO Link Id: <none>, AP MLO Affiliated links: <none>, Vendor Data: <none>
09-19 14:24:00.596   645   800 D WifiScoreCard: txRate: 1 txSpeed: 1
09-19 14:24:00.596   645   800 D WifiScoreCard: network update SIGNAL_POLL "AndroidWifi" ID: 673433585 RSSI -50 txSpeed -1
09-19 14:24:00.596   645   800 D WifiClientModeImpl[3810:wlan0]:  ClientModeImpl$L2ConnectedState screen=on 26 0 "AndroidWifi" 00:13:10:85:fe:01 rssi=-50 f=2447 sc=100 link=1 tx=0.0, 0.0, 0.0 rx=0.0 bcn=0 [on:0 tx:0 rx:0 period:3002] from screen [on:0 period:-1205921836] score=100
09-19 14:24:00.684   491   588 W skia    : AGTM parsing failed flags.readFromStream(s) at 159
09-19 14:24:00.684   491   588 W skia    : AGTM parsing failed flags.readFromStream(s) at 159
09-19 14:24:00.737 20549 20549 I flutter : RN_VALIDATION_CHUNK START {"schema":1,"runner":"flutter_flame_godot","event":"sample","scenario":"normal","sample":5,"elapsed_ms":6121,"rss_bytes":543473664,"enemies":3,"burning":0,"turrets":6,"projectiles":0,"effects":0,"metrics":{"authored_terrain":true,"draw_calls":100.0,"fps":44.6699190779599,"frame_ms":22.3864296296297,"max_frame_ms":29.789,"objects":118.0,"primitives":189677.0,"received_frames":591,"renderer":"mobile","sequence":793,"viewport":[880.0,1976.0]}}
09-19 14:24:00.737 20549 20549 I flutter : RN_VALIDATION_END
09-19 14:24:00.795   491   588 W skia    : AGTM parsing failed flags.readFromStream(s) at 159
09-19 14:24:00.795   491   588 W skia    : AGTM parsing failed flags.readFromStream(s) at 159
09-19 14:24:00.897   491   588 W skia    : AGTM parsing failed flags.readFromStream(s) at 159
09-19 14:24:00.898   491   588 W skia    : AGTM parsing failed flags.readFromStream(s) at 159
09-19 14:24:00.997   491   588 W skia    : AGTM parsing failed flags.readFromStream(s) at 159
09-19 14:24:00.997   491   588 W skia    : AGTM parsing failed flags.readFromStream(s) at 159
09-19 14:24:01.114   491   588 W skia    : AGTM parsing failed flags.readFromStream(s) at 159
09-19 14:24:01.114   491   588 W skia    : AGTM parsing failed flags.readFromStream(s) at 159
09-19 14:24:01.214   491   588 W skia    : AGTM parsing failed flags.readFromStream(s) at 159
09-19 14:24:01.214   491   588 W skia    : AGTM parsing failed flags.readFromStream(s) at 159
09-19 14:24:01.316   491   588 W skia    : AGTM parsing failed flags.readFromStream(s) at 159
09-19 14:24:01.316   491   588 W skia    : AGTM parsing failed flags.readFromStream(s) at 159
09-19 14:24:01.429   491   588 W skia    : AGTM parsing failed flags.readFromStream(s) at 159
09-19 14:24:01.429   491   588 W skia    : AGTM parsing failed flags.readFromStream(s) at 159
09-19 14:24:01.534   491   588 W skia    : AGTM parsing failed flags.readFromStream(s) at 159
09-19 14:24:01.534   491   588 W skia    : AGTM parsing failed flags.readFromStream(s) at 159
09-19 14:24:01.631   491   588 W skia    : AGTM parsing failed flags.readFromStream(s) at 159
09-19 14:24:01.631   491   588 W skia    : AGTM parsing failed flags.readFromStream(s) at 159
09-19 14:24:01.733   491   588 W skia    : AGTM parsing failed flags.readFromStream(s) at 159
09-19 14:24:01.733   491   588 W skia    : AGTM parsing failed flags.readFromStream(s) at 159
09-19 14:24:01.770 20549 20549 I flutter : RN_VALIDATION_CHUNK START {"schema":1,"runner":"flutter_flame_godot","event":"sample","scenario":"normal","sample":6,"elapsed_ms":7154,"rss_bytes":543440896,"enemies":3,"burning":0,"turrets":6,"projectiles":0,"effects":0,"metrics":{"authored_terrain":true,"draw_calls":80.0,"fps":48.1399004453759,"frame_ms":20.7727891156463,"max_frame_ms":33.215,"objects":90.0,"primitives":183045.0,"received_frames":636,"renderer":"mobile","sequence":842,"viewport":[880.0,1976.0]}}
09-19 14:24:01.770 20549 20549 I flutter : RN_VALIDATION_END
09-19 14:24:01.874   491   588 W skia    : AGTM parsing failed flags.readFromStream(s) at 159
09-19 14:24:01.874   491   588 W skia    : AGTM parsing failed flags.readFromStream(s) at 159
09-19 14:24:01.979   491   588 W skia    : AGTM parsing failed flags.readFromStream(s) at 159
09-19 14:24:01.979   491   588 W skia    : AGTM parsing failed flags.readFromStream(s) at 159
09-19 14:24:02.080   491   588 W skia    : AGTM parsing failed flags.readFromStream(s) at 159
09-19 14:24:02.080   491   588 W skia    : AGTM parsing failed flags.readFromStream(s) at 159
09-19 14:24:02.196   491   588 W skia    : AGTM parsing failed flags.readFromStream(s) at 159
09-19 14:24:02.197   491   588 W skia    : AGTM parsing failed flags.readFromStream(s) at 159
09-19 14:24:02.296   491   588 W skia    : AGTM parsing failed flags.readFromStream(s) at 159
09-19 14:24:02.297   491   588 W skia    : AGTM parsing failed flags.readFromStream(s) at 159
09-19 14:24:02.398   491   588 W skia    : AGTM parsing failed flags.readFromStream(s) at 159
09-19 14:24:02.398   491   588 W skia    : AGTM parsing failed flags.readFromStream(s) at 159
09-19 14:24:02.503   491   588 W skia    : AGTM parsing failed flags.readFromStream(s) at 159
09-19 14:24:02.503   491   588 W skia    : AGTM parsing failed flags.readFromStream(s) at 159
09-19 14:24:02.609   491   588 W skia    : AGTM parsing failed flags.readFromStream(s) at 159
09-19 14:24:02.610   491   588 W skia    : AGTM parsing failed flags.readFromStream(s) at 159
09-19 14:24:02.712   491   588 W skia    : AGTM parsing failed flags.readFromStream(s) at 159
09-19 14:24:02.712   491   588 W skia    : AGTM parsing failed flags.readFromStream(s) at 159
09-19 14:24:02.786 20549 20549 I flutter : RN_VALIDATION_CHUNK START {"schema":1,"runner":"flutter_flame_godot","event":"sample","scenario":"normal","sample":7,"elapsed_ms":8170,"rss_bytes":544686080,"enemies":3,"burning":0,"turrets":6,"projectiles":0,"effects":0,"metrics":{"authored_terrain":true,"draw_calls":151.0,"fps":44.3596254118936,"frame_ms":22.5430217391304,"max_frame_ms":50.318,"objects":281.0,"primitives":194907.0,"received_frames":672,"renderer":"mobile","sequence":886,"viewport":[880.0,1976.0]}}
09-19 14:24:02.786 20549 20549 I flutter : RN_VALIDATION_END
09-19 14:24:02.813   491   588 W skia    : AGTM parsing failed flags.readFromStream(s) at 159
09-19 14:24:02.813   491   588 W skia    : AGTM parsing failed flags.readFromStream(s) at 159
09-19 14:24:02.913   491   588 W skia    : AGTM parsing failed flags.readFromStream(s) at 159
09-19 14:24:02.913   491   588 W skia    : AGTM parsing failed flags.readFromStream(s) at 159
09-19 14:24:02.917   487   531 D AudioFlinger: mixer(0xb400006ff95ca790) throttle end: throttle time(3)
09-19 14:24:03.015   491   588 W skia    : AGTM parsing failed flags.readFromStream(s) at 159
09-19 14:24:03.016   491   588 W skia    : AGTM parsing failed flags.readFromStream(s) at 159
09-19 14:24:03.115   491   588 W skia    : AGTM parsing failed flags.readFromStream(s) at 159
09-19 14:24:03.115   491   588 W skia    : AGTM parsing failed flags.readFromStream(s) at 159
09-19 14:24:03.228   491   588 W skia    : AGTM parsing failed flags.readFromStream(s) at 159
09-19 14:24:03.228   491   588 W skia    : AGTM parsing failed flags.readFromStream(s) at 159
09-19 14:24:03.329   491   588 W skia    : AGTM parsing failed flags.readFromStream(s) at 159
09-19 14:24:03.329   491   588 W skia    : AGTM parsing failed flags.readFromStream(s) at 159
09-19 14:24:03.446   491   588 W skia    : AGTM parsing failed flags.readFromStream(s) at 159
09-19 14:24:03.446   491   588 W skia    : AGTM parsing failed flags.readFromStream(s) at 159
09-19 14:24:03.546   491   588 W skia    : AGTM parsing failed flags.readFromStream(s) at 159
09-19 14:24:03.546   491   588 W skia    : AGTM parsing failed flags.readFromStream(s) at 159
09-19 14:24:03.602   645   800 D WifiClientModeImpl[3810:wlan0]: updateLinkLayerStatsRssiSpeedFrequencyCapabilities rssi=-50 TxLinkspeed=1 freq=2447 RxLinkSpeed=2
09-19 14:24:03.603   645   800 D WifiDataStall: tx tput in kbps: 11000
09-19 14:24:03.603   645   800 D WifiDataStall: rx tput in kbps: 11000
09-19 14:24:03.603   645   800 V WifiConfigManager: Updating scan detail cache freq=2447 BSSID=00:13:10:85:fe:01 RSSI=-50 for "AndroidWifi"NONE
09-19 14:24:03.603   645   800 D WifiThroughputPredictor:  utilization (LLS) 80 isBluetoothConnected: false final utilization: 80
09-19 14:24:03.603   645   800 D WifiThroughputPredictor:  BW: 0 RSSI: -50 Nss: 1 Mode: 1 symDur: 4000 snrDb 30 bitPerTone: 4500 rate: 54 throughput: 11
09-19 14:24:03.603   645   800 D WifiThroughputPredictor:  utilization (LLS) 80 isBluetoothConnected: false final utilization: 80
09-19 14:24:03.603   645   800 D WifiThroughputPredictor:  BW: 0 RSSI: -50 Nss: 1 Mode: 1 symDur: 4000 snrDb 30 bitPerTone: 4500 rate: 54 throughput: 11
09-19 14:24:03.603   645   800 D WifiThroughputPredictor:  utilization (LLS) 80 isBluetoothConnected: false final utilization: 80
09-19 14:24:03.603   645   800 D WifiThroughputPredictor:  BW: 0 RSSI: -50 Nss: 1 Mode: 1 symDur: 4000 snrDb 30 bitPerTone: 4500 rate: 54 throughput: 11
09-19 14:24:03.603   645   800 D WifiThroughputPredictor:  utilization (LLS) 80 isBluetoothConnected: false final utilization: 80
09-19 14:24:03.603   645   800 D WifiThroughputPredictor:  BW: 0 RSSI: -50 Nss: 1 Mode: 1 symDur: 4000 snrDb 30 bitPerTone: 4500 rate: 54 throughput: 11
09-19 14:24:03.604   645   800 I HalDevMgr: bestIfaceCreationProposal is null, requestIface=STA, existingIface=[name=wlan0 type=STA]
09-19 14:24:03.604   645   800 D WifiScoreCard: BSSID update SIGNAL_POLL ID: 760286919 SSID: "AndroidWifi", BSSID: 00:13:10:85:fe:01, MAC: 02:15:b2:00:00:00, IP: /10.0.2.16, Security type: 0, Supplicant state: COMPLETED, Wi-Fi standard: legacy, RSSI: -50, Link speed: 1Mbps, Tx Link speed: 1Mbps, Max Supported Tx Link speed: 11Mbps, Calculated Tx : 0Mbps, Rx Link speed: 2Mbps, Max Supported Rx Link speed: 11Mbps, Calculated Rx : 0Mbps, Frequency: 2447MHz, Net ID: 0, Metered hint: false, score: 100, isUsable: true, CarrierMerged: false, SubscriptionId: -1, IsPrimary: 1, Trusted: true, Restricted: false, Ephemeral: false, OEM paid: false, OEM private: false, OSU AP: false, FQDN: <none>, Provider friendly name: <none>, Requesting package name: <none>"AndroidWifi"openMLO Information: , Is TID-To-Link negotiation supported by the AP: false, AP MLD Address: <none>, AP MLO Link Id: <none>, AP MLO Affiliated links: <none>, Vendor Data: <none>
09-19 14:24:03.604   645   800 D WifiScoreCard: txRate: 1 txSpeed: 1
09-19 14:24:03.604   645   800 D WifiScoreCard: network update SIGNAL_POLL "AndroidWifi" ID: 673433585 RSSI -50 txSpeed -1
09-19 14:24:03.604   645   800 D WifiClientModeImpl[3810:wlan0]:  ClientModeImpl$L2ConnectedState screen=on 26 0 "AndroidWifi" 00:13:10:85:fe:01 rssi=-50 f=2447 sc=100 link=1 tx=0.0, 0.0, 0.0 rx=0.0 bcn=0 [on:0 tx:0 rx:0 period:3007] from screen [on:0 period:-1205918828] score=100
09-19 14:24:03.650   491   588 W skia    : AGTM parsing failed flags.readFromStream(s) at 159
09-19 14:24:03.650   491   588 W skia    : AGTM parsing failed flags.readFromStream(s) at 159
09-19 14:24:03.762   491   588 W skia    : AGTM parsing failed flags.readFromStream(s) at 159
09-19 14:24:03.762   491   588 W skia    : AGTM parsing failed flags.readFromStream(s) at 159
09-19 14:24:03.811 20549 20549 I flutter : RN_VALIDATION_CHUNK START {"schema":1,"runner":"flutter_flame_godot","event":"sample","scenario":"normal","sample":8,"elapsed_ms":9195,"rss_bytes":544735232,"enemies":3,"burning":0,"turrets":6,"projectiles":0,"effects":0,"metrics":{"authored_terrain":true,"draw_calls":80.0,"fps":31.7417689533538,"frame_ms":31.504230324074,"max_frame_ms":52.893,"objects":90.0,"primitives":183045.0,"received_frames":700,"renderer":"mobile","sequence":940,"viewport":[880.0,1976.0]}}
09-19 14:24:03.811 20549 20549 I flutter : RN_VALIDATION_END
09-19 14:24:03.864   491   588 W skia    : AGTM parsing failed flags.readFromStream(s) at 159
09-19 14:24:03.864   491   588 W skia    : AGTM parsing failed flags.readFromStream(s) at 159
09-19 14:24:03.964   491   588 W skia    : AGTM parsing failed flags.readFromStream(s) at 159
09-19 14:24:03.964   491   588 W skia    : AGTM parsing failed flags.readFromStream(s) at 159
09-19 14:24:04.063   491   588 W skia    : AGTM parsing failed flags.readFromStream(s) at 159
09-19 14:24:04.064   491   588 W skia    : AGTM parsing failed flags.readFromStream(s) at 159
09-19 14:24:04.164   491   588 W skia    : AGTM parsing failed flags.readFromStream(s) at 159
09-19 14:24:04.164   491   588 W skia    : AGTM parsing failed flags.readFromStream(s) at 159
09-19 14:24:04.265   491   588 W skia    : AGTM parsing failed flags.readFromStream(s) at 159
09-19 14:24:04.265   491   588 W skia    : AGTM parsing failed flags.readFromStream(s) at 159
09-19 14:24:04.379   491   588 W skia    : AGTM parsing failed flags.readFromStream(s) at 159
09-19 14:24:04.379   491   588 W skia    : AGTM parsing failed flags.readFromStream(s) at 159
09-19 14:24:04.480   491   588 W skia    : AGTM parsing failed flags.readFromStream(s) at 159
09-19 14:24:04.480   491   588 W skia    : AGTM parsing failed flags.readFromStream(s) at 159
09-19 14:24:04.581   491   588 W skia    : AGTM parsing failed flags.readFromStream(s) at 159
09-19 14:24:04.581   491   588 W skia    : AGTM parsing failed flags.readFromStream(s) at 159
09-19 14:24:04.681   491   588 W skia    : AGTM parsing failed flags.readFromStream(s) at 159
09-19 14:24:04.682   491   588 W skia    : AGTM parsing failed flags.readFromStream(s) at 159
09-19 14:24:04.782   491   588 W skia    : AGTM parsing failed flags.readFromStream(s) at 159
09-19 14:24:04.782   491   588 W skia    : AGTM parsing failed flags.readFromStream(s) at 159
09-19 14:24:04.820 20549 20549 I flutter : RN_VALIDATION_CHUNK START {"schema":1,"runner":"flutter_flame_godot","event":"sample","scenario":"normal","sample":9,"elapsed_ms":10204,"rss_bytes":544813056,"enemies":3,"burning":0,"turrets":6,"projectiles":0,"effects":0,"metrics":{"authored_terrain":true,"draw_calls":118.0,"fps":50.4654383029598,"frame_ms":19.8155417574437,"max_frame_ms":39.789,"objects":183.0,"primitives":188085.0,"received_frames":743,"renderer":"mobile","sequence":988,"viewport":[880.0,1976.0]}}
09-19 14:24:04.820 20549 20549 I flutter : RN_VALIDATION_END
09-19 14:24:04.892   491   588 W skia    : AGTM parsing failed flags.readFromStream(s) at 159
09-19 14:24:04.892   491   588 W skia    : AGTM parsing failed flags.readFromStream(s) at 159
09-19 14:24:04.996   491   588 W skia    : AGTM parsing failed flags.readFromStream(s) at 159
09-19 14:24:04.996   491   588 W skia    : AGTM parsing failed flags.readFromStream(s) at 159
09-19 14:24:05.097   491   588 W skia    : AGTM parsing failed flags.readFromStream(s) at 159
09-19 14:24:05.097   491   588 W skia    : AGTM parsing failed flags.readFromStream(s) at 159
09-19 14:24:05.199   491   588 W skia    : AGTM parsing failed flags.readFromStream(s) at 159
09-19 14:24:05.199   491   588 W skia    : AGTM parsing failed flags.readFromStream(s) at 159
09-19 14:24:05.211   487   531 D AudioFlinger: mixer(0xb400006ff95ca790) throttle end: throttle time(3)
09-19 14:24:05.299   491   588 W skia    : AGTM parsing failed flags.readFromStream(s) at 159
09-19 14:24:05.299   491   588 W skia    : AGTM parsing failed flags.readFromStream(s) at 159
09-19 14:24:05.412   491   588 W skia    : AGTM parsing failed flags.readFromStream(s) at 159
09-19 14:24:05.412   491   588 W skia    : AGTM parsing failed flags.readFromStream(s) at 159
09-19 14:24:05.518   491   588 W skia    : AGTM parsing failed flags.readFromStream(s) at 159
09-19 14:24:05.518   491   588 W skia    : AGTM parsing failed flags.readFromStream(s) at 159
09-19 14:24:05.615   491   588 W skia    : AGTM parsing failed flags.readFromStream(s) at 159
09-19 14:24:05.616   491   588 W skia    : AGTM parsing failed flags.readFromStream(s) at 159
09-19 14:24:05.718   491   588 W skia    : AGTM parsing failed flags.readFromStream(s) at 159
09-19 14:24:05.718   491   588 W skia    : AGTM parsing failed flags.readFromStream(s) at 159
09-19 14:24:05.827   491   588 W skia    : AGTM parsing failed flags.readFromStream(s) at 159
09-19 14:24:05.827   491   588 W skia    : AGTM parsing failed flags.readFromStream(s) at 159
09-19 14:24:05.836 20549 20549 I flutter : RN_VALIDATION_CHUNK START {"schema":1,"runner":"flutter_flame_godot","event":"sample","scenario":"normal","sample":10,"elapsed_ms":11220,"rss_bytes":544620544,"enemies":3,"burning":0,"turrets":6,"projectiles":0,"effects":0,"metrics":{"authored_terrain":true,"draw_calls":92.0,"fps":32.8587422584698,"frame_ms":30.4333011937557,"max_frame_ms":42.7897142857143,"objects":106.0,"primitives":187461.0,"received_frames":776,"renderer":"mobile","sequence":1042,"viewport":[880.0,1976.0]}}
09-19 14:24:05.836 20549 20549 I flutter : RN_VALIDATION_END
09-19 14:24:05.934   491   588 W skia    : AGTM parsing failed flags.readFromStream(s) at 159
09-19 14:24:05.934   491   588 W skia    : AGTM parsing failed flags.readFromStream(s) at 159
09-19 14:24:05.994  1012  1174 D SatelliteController: isInCarrierRoamingNbIotNtn: satellite is disabled
09-19 14:24:05.995  1012  1174 D SatelliteController: getCarrierRoamingNtnConnectType: Checking connect type from PLMN config for subId: 1
09-19 14:24:05.995  1012  1174 D TelephonyConfigUpdateInstallReceiver: getConfigParser: domain=satellite
09-19 14:24:05.995  1012  1174 V SatelliteController: satelliteConfigParser is not ready
09-19 14:24:05.995  1012  1174 D SatelliteController: isSatelliteAttachSupportedViaConfigupdater: return null (satelliteConfig is null)
09-19 14:24:05.996  1012  1174 D SatelliteController: getSatellitePerPlmnConfiguration: invalid subId or not supported via carrier.
09-19 14:24:05.996  1012  1174 D SatelliteController: getCarrierRoamingNtnConnectType: config: null
09-19 14:24:05.996  1012  1174 D TelephonyConfigUpdateInstallReceiver: getConfigParser: domain=satellite
09-19 14:24:05.996  1012  1174 V SatelliteController: satelliteConfigParser is not ready
09-19 14:24:05.996  1012  1174 D SatelliteController: getCarrierRoamingNtnConnectTypeViaConfigUpdater: return null (satelliteConfig is null)
09-19 14:24:05.996  1012  1174 D SatelliteController: getCarrierRoamingNtnConnectType: Falling back to global carrier config connect type: 0
09-19 14:24:05.996  1012  1174 D TelephonyConfigUpdateInstallReceiver: getConfigParser: domain=satellite
09-19 14:24:05.996  1012  1174 V SatelliteController: satelliteConfigParser is not ready
09-19 14:24:05.996  1012  1174 D SatelliteController: isSatelliteAttachSupportedViaConfigupdater: return null (satelliteConfig is null)
09-19 14:24:05.997  1012  1174 D SatelliteController: getCarrierRoamingNtnConnectType: Checking connect type from PLMN config for subId: 1
09-19 14:24:05.997  1012  1174 D TelephonyConfigUpdateInstallReceiver: getConfigParser: domain=satellite
09-19 14:24:05.997  1012  1174 V SatelliteController: satelliteConfigParser is not ready
09-19 14:24:05.997  1012  1174 D SatelliteController: isSatelliteAttachSupportedViaConfigupdater: return null (satelliteConfig is null)
09-19 14:24:05.997  1012  1174 D SatelliteController: getSatellitePerPlmnConfiguration: invalid subId or not supported via carrier.
09-19 14:24:05.997  1012  1174 D SatelliteController: getCarrierRoamingNtnConnectType: config: null
09-19 14:24:05.997  1012  1174 D TelephonyConfigUpdateInstallReceiver: getConfigParser: domain=satellite
09-19 14:24:05.997  1012  1174 V SatelliteController: satelliteConfigParser is not ready
09-19 14:24:05.997  1012  1174 D SatelliteController: getCarrierRoamingNtnConnectTypeViaConfigUpdater: return null (satelliteConfig is null)
09-19 14:24:05.997  1012  1174 D SatelliteController: getCarrierRoamingNtnConnectType: Falling back to global carrier config connect type: 0
09-19 14:24:05.997  1012  1174 D TelephonyConfigUpdateInstallReceiver: getConfigParser: domain=satellite
09-19 14:24:05.997  1012  1174 V SatelliteController: satelliteConfigParser is not ready
09-19 14:24:05.997  1012  1174 D SatelliteController: isSatelliteAttachSupportedViaConfigupdater: return null (satelliteConfig is null)
09-19 14:24:06.047   491   588 W skia    : AGTM parsing failed flags.readFromStream(s) at 159
09-19 14:24:06.047   491   588 W skia    : AGTM parsing failed flags.readFromStream(s) at 159
09-19 14:24:06.151   491   588 W skia    : AGTM parsing failed flags.readFromStream(s) at 159
09-19 14:24:06.152   491   588 W skia    : AGTM parsing failed flags.readFromStream(s) at 159
09-19 14:24:06.260   491   588 W skia    : AGTM parsing failed flags.readFromStream(s) at 159
09-19 14:24:06.260   491   588 W skia    : AGTM parsing failed flags.readFromStream(s) at 159
09-19 14:24:06.361   491   588 W skia    : AGTM parsing failed flags.readFromStream(s) at 159
09-19 14:24:06.361   491   588 W skia    : AGTM parsing failed flags.readFromStream(s) at 159
09-19 14:24:06.482   491   588 W skia    : AGTM parsing failed flags.readFromStream(s) at 159
09-19 14:24:06.482   491   588 W skia    : AGTM parsing failed flags.readFromStream(s) at 159
09-19 14:24:06.587   491   588 W skia    : AGTM parsing failed flags.readFromStream(s) at 159
09-19 14:24:06.587   491   588 W skia    : AGTM parsing failed flags.readFromStream(s) at 159
09-19 14:24:06.609   645   800 D WifiClientModeImpl[3810:wlan0]: updateLinkLayerStatsRssiSpeedFrequencyCapabilities rssi=-50 TxLinkspeed=1 freq=2447 RxLinkSpeed=2
09-19 14:24:06.609   645   800 D WifiDataStall: tx tput in kbps: 11000
09-19 14:24:06.609   645   800 D WifiDataStall: rx tput in kbps: 11000
09-19 14:24:06.609   645   800 V WifiConfigManager: Updating scan detail cache freq=2447 BSSID=00:13:10:85:fe:01 RSSI=-50 for "AndroidWifi"NONE
09-19 14:24:06.609   645   800 D WifiThroughputPredictor:  utilization (LLS) 80 isBluetoothConnected: false final utilization: 80
09-19 14:24:06.609   645   800 D WifiThroughputPredictor:  BW: 0 RSSI: -50 Nss: 1 Mode: 1 symDur: 4000 snrDb 30 bitPerTone: 4500 rate: 54 throughput: 11
09-19 14:24:06.609   645   800 D WifiThroughputPredictor:  utilization (LLS) 80 isBluetoothConnected: false final utilization: 80
09-19 14:24:06.609   645   800 D WifiThroughputPredictor:  BW: 0 RSSI: -50 Nss: 1 Mode: 1 symDur: 4000 snrDb 30 bitPerTone: 4500 rate: 54 throughput: 11
09-19 14:24:06.610   645   800 D WifiThroughputPredictor:  utilization (LLS) 80 isBluetoothConnected: false final utilization: 80
09-19 14:24:06.610   645   800 D WifiThroughputPredictor:  BW: 0 RSSI: -50 Nss: 1 Mode: 1 symDur: 4000 snrDb 30 bitPerTone: 4500 rate: 54 throughput: 11
09-19 14:24:06.610   645   800 D WifiThroughputPredictor:  utilization (LLS) 80 isBluetoothConnected: false final utilization: 80
09-19 14:24:06.610   645   800 D WifiThroughputPredictor:  BW: 0 RSSI: -50 Nss: 1 Mode: 1 symDur: 4000 snrDb 30 bitPerTone: 4500 rate: 54 throughput: 11
09-19 14:24:06.612   645   800 I HalDevMgr: bestIfaceCreationProposal is null, requestIface=STA, existingIface=[name=wlan0 type=STA]
09-19 14:24:06.612   645   800 D WifiScoreCard: BSSID update SIGNAL_POLL ID: 760286919 SSID: "AndroidWifi", BSSID: 00:13:10:85:fe:01, MAC: 02:15:b2:00:00:00, IP: /10.0.2.16, Security type: 0, Supplicant state: COMPLETED, Wi-Fi standard: legacy, RSSI: -50, Link speed: 1Mbps, Tx Link speed: 1Mbps, Max Supported Tx Link speed: 11Mbps, Calculated Tx : 0Mbps, Rx Link speed: 2Mbps, Max Supported Rx Link speed: 11Mbps, Calculated Rx : 0Mbps, Frequency: 2447MHz, Net ID: 0, Metered hint: false, score: 100, isUsable: true, CarrierMerged: false, SubscriptionId: -1, IsPrimary: 1, Trusted: true, Restricted: false, Ephemeral: false, OEM paid: false, OEM private: false, OSU AP: false, FQDN: <none>, Provider friendly name: <none>, Requesting package name: <none>"AndroidWifi"openMLO Information: , Is TID-To-Link negotiation supported by the AP: false, AP MLD Address: <none>, AP MLO Link Id: <none>, AP MLO Affiliated links: <none>, Vendor Data: <none>
09-19 14:24:06.612   645   800 D WifiScoreCard: txRate: 1 txSpeed: 1
09-19 14:24:06.612   645   800 D WifiScoreCard: network update SIGNAL_POLL "AndroidWifi" ID: 673433585 RSSI -50 txSpeed -1
09-19 14:24:06.612   645   800 D WifiClientModeImpl[3810:wlan0]:  ClientModeImpl$L2ConnectedState screen=on 26 0 "AndroidWifi" 00:13:10:85:fe:01 rssi=-50 f=2447 sc=100 link=1 tx=0.0, 0.0, 0.0 rx=0.0 bcn=0 [on:0 tx:0 rx:0 period:3008] from screen [on:0 period:-1205915820] score=100
09-19 14:24:06.683   491   588 W skia    : AGTM parsing failed flags.readFromStream(s) at 159
09-19 14:24:06.684   491   588 W skia    : AGTM parsing failed flags.readFromStream(s) at 159
09-19 14:24:06.782   491   588 W skia    : AGTM parsing failed flags.readFromStream(s) at 159
09-19 14:24:06.782   491   588 W skia    : AGTM parsing failed flags.readFromStream(s) at 159
09-19 14:24:06.873 20549 20549 I flutter : RN_VALIDATION_CHUNK START {"schema":1,"runner":"flutter_flame_godot","event":"sample","scenario":"normal","sample":11,"elapsed_ms":12257,"rss_bytes":544620544,"enemies":3,"burning":0,"turrets":6,"projectiles":0,"effects":0,"metrics":{"authored_terrain":true,"draw_calls":80.0,"fps":49.7092421069858,"frame_ms":20.1169834343434,"max_frame_ms":24.4284444444444,"objects":90.0,"primitives":183045.0,"received_frames":817,"renderer":"mobile","sequence":1087,"viewport":[880.0,1976.0]}}
09-19 14:24:06.873 20549 20549 I flutter : RN_VALIDATION_END
09-19 14:24:06.885   491   588 W skia    : AGTM parsing failed flags.readFromStream(s) at 159
09-19 14:24:06.885   491   588 W skia    : AGTM parsing failed flags.readFromStream(s) at 159
09-19 14:24:06.999   491   588 W skia    : AGTM parsing failed flags.readFromStream(s) at 159
09-19 14:24:06.999   491   588 W skia    : AGTM parsing failed flags.readFromStream(s) at 159
09-19 14:24:07.098   491   588 W skia    : AGTM parsing failed flags.readFromStream(s) at 159
09-19 14:24:07.098   491   588 W skia    : AGTM parsing failed flags.readFromStream(s) at 159
09-19 14:24:07.200   491   588 W skia    : AGTM parsing failed flags.readFromStream(s) at 159
09-19 14:24:07.200   491   588 W skia    : AGTM parsing failed flags.readFromStream(s) at 159
09-19 14:24:07.308   491   588 W skia    : AGTM parsing failed flags.readFromStream(s) at 159
09-19 14:24:07.309   491   588 W skia    : AGTM parsing failed flags.readFromStream(s) at 159
09-19 14:24:07.409   491   588 W skia    : AGTM parsing failed flags.readFromStream(s) at 159
09-19 14:24:07.409   491   588 W skia    : AGTM parsing failed flags.readFromStream(s) at 159
09-19 14:24:07.510   491   588 W skia    : AGTM parsing failed flags.readFromStream(s) at 159
09-19 14:24:07.510   491   588 W skia    : AGTM parsing failed flags.readFromStream(s) at 159
09-19 14:24:07.610   491   588 W skia    : AGTM parsing failed flags.readFromStream(s) at 159
09-19 14:24:07.610   491   588 W skia    : AGTM parsing failed flags.readFromStream(s) at 159
09-19 14:24:07.712   491   588 W skia    : AGTM parsing failed flags.readFromStream(s) at 159
09-19 14:24:07.712   491   588 W skia    : AGTM parsing failed flags.readFromStream(s) at 159
09-19 14:24:07.813   491   588 W skia    : AGTM parsing failed flags.readFromStream(s) at 159
09-19 14:24:07.813   491   588 W skia    : AGTM parsing failed flags.readFromStream(s) at 159
09-19 14:24:07.900 20549 20549 I flutter : RN_VALIDATION_CHUNK START {"schema":1,"runner":"flutter_flame_godot","event":"sample","scenario":"normal","sample":12,"elapsed_ms":13285,"rss_bytes":544911360,"enemies":3,"burning":0,"turrets":6,"projectiles":0,"effects":0,"metrics":{"authored_terrain":true,"draw_calls":146.0,"fps":39.7790055248619,"frame_ms":25.1388888888889,"max_frame_ms":56.8820634920635,"objects":274.0,"primitives":193921.0,"received_frames":848,"renderer":"mobile","sequence":1130,"viewport":[880.0,1976.0]}}
09-19 14:24:07.900 20549 20549 I flutter : RN_VALIDATION_END
09-19 14:24:07.914   491   588 W skia    : AGTM parsing failed flags.readFromStream(s) at 159
09-19 14:24:07.914   491   588 W skia    : AGTM parsing failed flags.readFromStream(s) at 159
09-19 14:24:08.013   491   588 W skia    : AGTM parsing failed flags.readFromStream(s) at 159
09-19 14:24:08.013   491   588 W skia    : AGTM parsing failed flags.readFromStream(s) at 159
09-19 14:24:08.114   491   588 W skia    : AGTM parsing failed flags.readFromStream(s) at 159
09-19 14:24:08.114   491   588 W skia    : AGTM parsing failed flags.readFromStream(s) at 159
09-19 14:24:08.214   491   588 W skia    : AGTM parsing failed flags.readFromStream(s) at 159
09-19 14:24:08.214   491   588 W skia    : AGTM parsing failed flags.readFromStream(s) at 159
09-19 14:24:08.316   491   588 W skia    : AGTM parsing failed flags.readFromStream(s) at 159
09-19 14:24:08.316   491   588 W skia    : AGTM parsing failed flags.readFromStream(s) at 159
09-19 14:24:08.416   491   588 W skia    : AGTM parsing failed flags.readFromStream(s) at 159
09-19 14:24:08.416   491   588 W skia    : AGTM parsing failed flags.readFromStream(s) at 159
09-19 14:24:08.532   892   892 D wpa_supplicant: nl80211: Drv Event 64 (NL80211_CMD_NOTIFY_CQM) received for wlan0
09-19 14:24:08.532   491   588 W skia    : AGTM parsing failed flags.readFromStream(s) at 159
09-19 14:24:08.532   491   588 W skia    : AGTM parsing failed flags.readFromStream(s) at 159
09-19 14:24:08.537   892   892 D wpa_supplicant: nl80211: Beacon loss event
09-19 14:24:08.537   892   892 D wpa_supplicant: wlan0: Event BEACON_LOSS (53) received
09-19 14:24:08.537   892   892 I wpa_supplicant: wlan0: CTRL-EVENT-BEACON-LOSS 
09-19 14:24:08.635   491   588 W skia    : AGTM parsing failed flags.readFromStream(s) at 159
09-19 14:24:08.635   491   588 W skia    : AGTM parsing failed flags.readFromStream(s) at 159
09-19 14:24:08.732   491   588 W skia    : AGTM parsing failed flags.readFromStream(s) at 159
09-19 14:24:08.733   491   588 W skia    : AGTM parsing failed flags.readFromStream(s) at 159
09-19 14:24:08.844   491   588 W skia    : AGTM parsing failed flags.readFromStream(s) at 159
09-19 14:24:08.844   491   588 W skia    : AGTM parsing failed flags.readFromStream(s) at 159
09-19 14:24:08.945   491   588 W skia    : AGTM parsing failed flags.readFromStream(s) at 159
09-19 14:24:08.946   491   588 W skia    : AGTM parsing failed flags.readFromStream(s) at 159
09-19 14:24:08.959 20549 20549 I flutter : RN_VALIDATION_CHUNK START {"schema":1,"runner":"flutter_flame_godot","event":"sample","scenario":"normal","sample":13,"elapsed_ms":14343,"rss_bytes":544722944,"enemies":3,"burning":0,"turrets":6,"projectiles":0,"effects":0,"metrics":{"authored_terrain":true,"draw_calls":80.0,"fps":37.6933270907893,"frame_ms":26.5298947368421,"max_frame_ms":50.0,"objects":90.0,"primitives":183045.0,"received_frames":885,"renderer":"mobile","sequence":1185,"viewport":[880.0,1976.0]}}
09-19 14:24:08.959 20549 20549 I flutter : RN_VALIDATION_END
09-19 14:24:09.064   491   588 W skia    : AGTM parsing failed flags.readFromStream(s) at 159
09-19 14:24:09.064   491   588 W skia    : AGTM parsing failed flags.readFromStream(s) at 159
09-19 14:24:09.082   487   531 D AudioFlinger: mixer(0xb400006ff95ca790) throttle end: throttle time(2)
09-19 14:24:09.164   491   588 W skia    : AGTM parsing failed flags.readFromStream(s) at 159
09-19 14:24:09.164   491   588 W skia    : AGTM parsing failed flags.readFromStream(s) at 159
09-19 14:24:09.278   491   588 W skia    : AGTM parsing failed flags.readFromStream(s) at 159
09-19 14:24:09.278   491   588 W skia    : AGTM parsing failed flags.readFromStream(s) at 159
09-19 14:24:09.382   491   588 W skia    : AGTM parsing failed flags.readFromStream(s) at 159
09-19 14:24:09.382   491   588 W skia    : AGTM parsing failed flags.readFromStream(s) at 159
09-19 14:24:09.493   491   588 W skia    : AGTM parsing failed flags.readFromStream(s) at 159
09-19 14:24:09.493   491   588 W skia    : AGTM parsing failed flags.readFromStream(s) at 159
09-19 14:24:09.610   491   588 W skia    : AGTM parsing failed flags.readFromStream(s) at 159
09-19 14:24:09.610   491   588 W skia    : AGTM parsing failed flags.readFromStream(s) at 159
09-19 14:24:09.614   645   800 D WifiClientModeImpl[3810:wlan0]: updateLinkLayerStatsRssiSpeedFrequencyCapabilities rssi=-50 TxLinkspeed=1 freq=2447 RxLinkSpeed=2
09-19 14:24:09.616   645   800 D WifiDataStall: tx tput in kbps: 11000
09-19 14:24:09.616   645   800 D WifiDataStall: rx tput in kbps: 11000
09-19 14:24:09.616   645   800 V WifiConfigManager: Updating scan detail cache freq=2447 BSSID=00:13:10:85:fe:01 RSSI=-50 for "AndroidWifi"NONE
09-19 14:24:09.616   645   800 D WifiThroughputPredictor:  utilization (LLS) 80 isBluetoothConnected: false final utilization: 80
09-19 14:24:09.616   645   800 D WifiThroughputPredictor:  BW: 0 RSSI: -50 Nss: 1 Mode: 1 symDur: 4000 snrDb 30 bitPerTone: 4500 rate: 54 throughput: 11
09-19 14:24:09.616   645   800 D WifiThroughputPredictor:  utilization (LLS) 80 isBluetoothConnected: false final utilization: 80
09-19 14:24:09.616   645   800 D WifiThroughputPredictor:  BW: 0 RSSI: -50 Nss: 1 Mode: 1 symDur: 4000 snrDb 30 bitPerTone: 4500 rate: 54 throughput: 11
09-19 14:24:09.616   645   800 D WifiThroughputPredictor:  utilization (LLS) 80 isBluetoothConnected: false final utilization: 80
09-19 14:24:09.616   645   800 D WifiThroughputPredictor:  BW: 0 RSSI: -50 Nss: 1 Mode: 1 symDur: 4000 snrDb 30 bitPerTone: 4500 rate: 54 throughput: 11
09-19 14:24:09.616   645   800 D WifiThroughputPredictor:  utilization (LLS) 80 isBluetoothConnected: false final utilization: 80
09-19 14:24:09.616   645   800 D WifiThroughputPredictor:  BW: 0 RSSI: -50 Nss: 1 Mode: 1 symDur: 4000 snrDb 30 bitPerTone: 4500 rate: 54 throughput: 11
09-19 14:24:09.617   645   800 I HalDevMgr: bestIfaceCreationProposal is null, requestIface=STA, existingIface=[name=wlan0 type=STA]
09-19 14:24:09.617   645   800 D WifiScoreCard: BSSID update SIGNAL_POLL ID: 760286919 SSID: "AndroidWifi", BSSID: 00:13:10:85:fe:01, MAC: 02:15:b2:00:00:00, IP: /10.0.2.16, Security type: 0, Supplicant state: COMPLETED, Wi-Fi standard: legacy, RSSI: -50, Link speed: 1Mbps, Tx Link speed: 1Mbps, Max Supported Tx Link speed: 11Mbps, Calculated Tx : 0Mbps, Rx Link speed: 2Mbps, Max Supported Rx Link speed: 11Mbps, Calculated Rx : 0Mbps, Frequency: 2447MHz, Net ID: 0, Metered hint: false, score: 100, isUsable: true, CarrierMerged: false, SubscriptionId: -1, IsPrimary: 1, Trusted: true, Restricted: false, Ephemeral: false, OEM paid: false, OEM private: false, OSU AP: false, FQDN: <none>, Provider friendly name: <none>, Requesting package name: <none>"AndroidWifi"openMLO Information: , Is TID-To-Link negotiation supported by the AP: false, AP MLD Address: <none>, AP MLO Link Id: <none>, AP MLO Affiliated links: <none>, Vendor Data: <none>
09-19 14:24:09.618   645   800 D WifiScoreCard: txRate: 1 txSpeed: 1
09-19 14:24:09.627   645   800 D WifiScoreCard: network update SIGNAL_POLL "AndroidWifi" ID: 673433585 RSSI -50 txSpeed -1
09-19 14:24:09.628   645   800 D WifiClientModeImpl[3810:wlan0]:  ClientModeImpl$L2ConnectedState screen=on 26 0 "AndroidWifi" 00:13:10:85:fe:01 rssi=-50 f=2447 sc=100 link=1 tx=0.0, 0.0, 0.0 rx=0.0 bcn=0 [on:0 tx:0 rx:0 period:3015] from screen [on:0 period:-1205912804] score=100
09-19 14:24:09.714   491   588 W skia    : AGTM parsing failed flags.readFromStream(s) at 159
09-19 14:24:09.714   491   588 W skia    : AGTM parsing failed flags.readFromStream(s) at 159
09-19 14:24:09.816   491   588 W skia    : AGTM parsing failed flags.readFromStream(s) at 159
09-19 14:24:09.816   491   588 W skia    : AGTM parsing failed flags.readFromStream(s) at 159
09-19 14:24:09.915   491   588 W skia    : AGTM parsing failed flags.readFromStream(s) at 159
09-19 14:24:09.915   491   588 W skia    : AGTM parsing failed flags.readFromStream(s) at 159
09-19 14:24:09.999 20549 20549 I flutter : RN_VALIDATION_CHUNK START {"schema":1,"runner":"flutter_flame_godot","event":"sample","scenario":"normal","sample":14,"elapsed_ms":15383,"rss_bytes":545026048,"enemies":3,"burning":0,"turrets":6,"projectiles":0,"effects":0,"metrics":{"authored_terrain":true,"draw_calls":105.0,"fps":49.3194115494763,"frame_ms":20.2759921212121,"max_frame_ms":25.913,"objects":121.0,"primitives":187893.0,"received_frames":921,"renderer":"mobile","sequence":1226,"viewport":[880.0,1976.0]}}
09-19 14:24:10.000 20549 20549 I flutter : RN_VALIDATION_END
09-19 14:24:10.018   491   588 W skia    : AGTM parsing failed flags.readFromStream(s) at 159
09-19 14:24:10.018   491   588 W skia    : AGTM parsing failed flags.readFromStream(s) at 159
09-19 14:24:10.117   491   588 W skia    : AGTM parsing failed flags.readFromStream(s) at 159
09-19 14:24:10.118   491   588 W skia    : AGTM parsing failed flags.readFromStream(s) at 159
09-19 14:24:10.226   491   588 W skia    : AGTM parsing failed flags.readFromStream(s) at 159
09-19 14:24:10.226   491   588 W skia    : AGTM parsing failed flags.readFromStream(s) at 159
09-19 14:24:10.326   491   588 W skia    : AGTM parsing failed flags.readFromStream(s) at 159
09-19 14:24:10.326   491   588 W skia    : AGTM parsing failed flags.readFromStream(s) at 159
09-19 14:24:10.421   645   685 I WifiService: isFeatureSupported uid=1000 returns [WIFI_FEATURE_INFRA, WIFI_FEATURE_P2P, WIFI_FEATURE_MOBILE_HOTSPOT, WIFI_FEATURE_WPA3_SAE, WIFI_FEATURE_WPA3_SUITE_B, WIFI_FEATURE_OWE, WIFI_FEATURE_DPP, WIFI_FEATURE_AP_RAND_MAC, WIFI_FEATURE_MBO, WIFI_FEATURE_FILS_SHA256, WIFI_FEATURE_FILS_SHA384, WIFI_FEATURE_SAE_PK, WIFI_FEATURE_DPP_ENROLLEE_RESPONDER, WIFI_FEATURE_PASSPOINT_TERMS_AND_CONDITIONS, WIFI_FEATURE_WFD_R2, WIFI_FEATURE_DECORATED_IDENTITY, WIFI_FEATURE_TRUST_ON_FIRST_USE, WIFI_FEATURE_SET_TLS_MINIMUM_VERSION, WIFI_FEATURE_TLS_V1_3, WIFI_FEATURE_WEP, WIFI_FEATURE_WPA_PERSONAL]
09-19 14:24:10.425   645  2007 I BluetoothPowerStatsCollector: BluetoothActivityEnergyInfo not supported.
09-19 14:24:10.430   491   588 W skia    : AGTM parsing failed flags.readFromStream(s) at 159
09-19 14:24:10.430   491   588 W skia    : AGTM parsing failed flags.readFromStream(s) at 159
09-19 14:24:10.530   491   588 W skia    : AGTM parsing failed flags.readFromStream(s) at 159
09-19 14:24:10.530   491   588 W skia    : AGTM parsing failed flags.readFromStream(s) at 159
09-19 14:24:10.631   491   588 W skia    : AGTM parsing failed flags.readFromStream(s) at 159
09-19 14:24:10.631   491   588 W skia    : AGTM parsing failed flags.readFromStream(s) at 159
09-19 14:24:10.731   491   588 W skia    : AGTM parsing failed flags.readFromStream(s) at 159
09-19 14:24:10.732   491   588 W skia    : AGTM parsing failed flags.readFromStream(s) at 159
09-19 14:24:10.832   491   588 W skia    : AGTM parsing failed flags.readFromStream(s) at 159
09-19 14:24:10.832   491   588 W skia    : AGTM parsing failed flags.readFromStream(s) at 159
09-19 14:24:10.928 20549 20553 I us.godotpreview: NativeAlloc concurrent mark compact GC freed 126KB AllocSpace bytes, 6(144KB) LOS objects, 49% free, 2319KB/4638KB, paused 5.500ms,1.026ms total 16.309ms
09-19 14:24:10.949   491   588 W skia    : AGTM parsing failed flags.readFromStream(s) at 159
09-19 14:24:10.950   491   588 W skia    : AGTM parsing failed flags.readFromStream(s) at 159
09-19 14:24:11.027 20549 20549 I flutter : RN_VALIDATION_CHUNK START {"schema":1,"runner":"flutter_flame_godot","event":"sample","scenario":"normal","sample":15,"elapsed_ms":16411,"rss_bytes":544813056,"enemies":3,"burning":0,"turrets":6,"projectiles":0,"effects":0,"metrics":{"authored_terrain":true,"draw_calls":96.0,"fps":43.8952048539632,"frame_ms":22.7815316804408,"max_frame_ms":31.5717777777778,"objects":114.0,"primitives":187477.0,"received_frames":962,"renderer":"mobile","sequence":1272,"viewport":[880.0,1976.0]}}
09-19 14:24:11.028 20549 20549 I flutter : RN_VALIDATION_END
09-19 14:24:11.060   491   588 W skia    : AGTM parsing failed flags.readFromStream(s) at 159
09-19 14:24:11.060   491   588 W skia    : AGTM parsing failed flags.readFromStream(s) at 159
09-19 14:24:11.164   491   588 W skia    : AGTM parsing failed flags.readFromStream(s) at 159
09-19 14:24:11.165   491   588 W skia    : AGTM parsing failed flags.readFromStream(s) at 159
09-19 14:24:11.283   491   588 W skia    : AGTM parsing failed flags.readFromStream(s) at 159
09-19 14:24:11.283   491   588 W skia    : AGTM parsing failed flags.readFromStream(s) at 159
09-19 14:24:11.382   491   588 W skia    : AGTM parsing failed flags.readFromStream(s) at 159
09-19 14:24:11.382   491   588 W skia    : AGTM parsing failed flags.readFromStream(s) at 159
09-19 14:24:11.512   491   588 W skia    : AGTM parsing failed flags.readFromStream(s) at 159
09-19 14:24:11.512   491   588 W skia    : AGTM parsing failed flags.readFromStream(s) at 159
09-19 14:24:11.614   491   588 W skia    : AGTM parsing failed flags.readFromStream(s) at 159
09-19 14:24:11.614   491   588 W skia    : AGTM parsing failed flags.readFromStream(s) at 159
09-19 14:24:11.715   491   588 W skia    : AGTM parsing failed flags.readFromStream(s) at 159
09-19 14:24:11.716   491   588 W skia    : AGTM parsing failed flags.readFromStream(s) at 159
09-19 14:24:11.827   491   588 W skia    : AGTM parsing failed flags.readFromStream(s) at 159
09-19 14:24:11.827   491   588 W skia    : AGTM parsing failed flags.readFromStream(s) at 159
09-19 14:24:11.928   491   588 W skia    : AGTM parsing failed flags.readFromStream(s) at 159
09-19 14:24:11.928   491   588 W skia    : AGTM parsing failed flags.readFromStream(s) at 159
09-19 14:24:12.029   491   588 W skia    : AGTM parsing failed flags.readFromStream(s) at 159
09-19 14:24:12.029   491   588 W skia    : AGTM parsing failed flags.readFromStream(s) at 159
09-19 14:24:12.045 20549 20549 I flutter : RN_VALIDATION_CHUNK START {"schema":1,"runner":"flutter_flame_godot","event":"sample","scenario":"normal","sample":16,"elapsed_ms":17430,"rss_bytes":544980992,"enemies":3,"burning":0,"turrets":6,"projectiles":0,"effects":0,"metrics":{"authored_terrain":true,"draw_calls":80.0,"fps":45.9194114329352,"frame_ms":21.7772826086957,"max_frame_ms":53.7833333333333,"objects":90.0,"primitives":183045.0,"received_frames":1003,"renderer":"mobile","sequence":1319,"viewport":[880.0,1976.0]}}
09-19 14:24:12.045 20549 20549 I flutter : RN_VALIDATION_END
09-19 14:24:12.108   645  1638 I AppSearchIcing: icing-search-engine.cc:2487: Persisting data to disk with mode 3
09-19 14:24:12.116   645  1638 I AppSearchIcing: icing-search-engine.cc:2502: PersistToDisk completed.
09-19 14:24:12.129   491   588 W skia    : AGTM parsing failed flags.readFromStream(s) at 159
09-19 14:24:12.130   491   588 W skia    : AGTM parsing failed flags.readFromStream(s) at 159
09-19 14:24:12.249   491   588 W skia    : AGTM parsing failed flags.readFromStream(s) at 159
09-19 14:24:12.249   491   588 W skia    : AGTM parsing failed flags.readFromStream(s) at 159
09-19 14:24:12.380   491   588 W skia    : AGTM parsing failed flags.readFromStream(s) at 159
09-19 14:24:12.380   491   588 W skia    : AGTM parsing failed flags.readFromStream(s) at 159
09-19 14:24:12.493   491   588 W skia    : AGTM parsing failed flags.readFromStream(s) at 159
09-19 14:24:12.493   491   588 W skia    : AGTM parsing failed flags.readFromStream(s) at 159
09-19 14:24:12.596   491   588 W skia    : AGTM parsing failed flags.readFromStream(s) at 159
09-19 14:24:12.596   491   588 W skia    : AGTM parsing failed flags.readFromStream(s) at 159
09-19 14:24:12.631   645   800 D WifiClientModeImpl[3810:wlan0]: updateLinkLayerStatsRssiSpeedFrequencyCapabilities rssi=-50 TxLinkspeed=1 freq=2447 RxLinkSpeed=2
09-19 14:24:12.631   645   800 D WifiDataStall: tx tput in kbps: 11000
09-19 14:24:12.631   645   800 D WifiDataStall: rx tput in kbps: 11000
09-19 14:24:12.631   645   800 V WifiConfigManager: Updating scan detail cache freq=2447 BSSID=00:13:10:85:fe:01 RSSI=-50 for "AndroidWifi"NONE
09-19 14:24:12.631   645   800 D WifiThroughputPredictor:  utilization (LLS) 80 isBluetoothConnected: false final utilization: 80
09-19 14:24:12.631   645   800 D WifiThroughputPredictor:  BW: 0 RSSI: -50 Nss: 1 Mode: 1 symDur: 4000 snrDb 30 bitPerTone: 4500 rate: 54 throughput: 11
09-19 14:24:12.631   645   800 D WifiThroughputPredictor:  utilization (LLS) 80 isBluetoothConnected: false final utilization: 80
09-19 14:24:12.631   645   800 D WifiThroughputPredictor:  BW: 0 RSSI: -50 Nss: 1 Mode: 1 symDur: 4000 snrDb 30 bitPerTone: 4500 rate: 54 throughput: 11
09-19 14:24:12.631   645   800 D WifiThroughputPredictor:  utilization (LLS) 80 isBluetoothConnected: false final utilization: 80
09-19 14:24:12.631   645   800 D WifiThroughputPredictor:  BW: 0 RSSI: -50 Nss: 1 Mode: 1 symDur: 4000 snrDb 30 bitPerTone: 4500 rate: 54 throughput: 11
09-19 14:24:12.631   645   800 D WifiThroughputPredictor:  utilization (LLS) 80 isBluetoothConnected: false final utilization: 80
09-19 14:24:12.631   645   800 D WifiThroughputPredictor:  BW: 0 RSSI: -50 Nss: 1 Mode: 1 symDur: 4000 snrDb 30 bitPerTone: 4500 rate: 54 throughput: 11
09-19 14:24:12.632   645   800 I HalDevMgr: bestIfaceCreationProposal is null, requestIface=STA, existingIface=[name=wlan0 type=STA]
09-19 14:24:12.633   645   800 D WifiScoreCard: BSSID update SIGNAL_POLL ID: 760286919 SSID: "AndroidWifi", BSSID: 00:13:10:85:fe:01, MAC: 02:15:b2:00:00:00, IP: /10.0.2.16, Security type: 0, Supplicant state: COMPLETED, Wi-Fi standard: legacy, RSSI: -50, Link speed: 1Mbps, Tx Link speed: 1Mbps, Max Supported Tx Link speed: 11Mbps, Calculated Tx : 0Mbps, Rx Link speed: 2Mbps, Max Supported Rx Link speed: 11Mbps, Calculated Rx : 0Mbps, Frequency: 2447MHz, Net ID: 0, Metered hint: false, score: 100, isUsable: true, CarrierMerged: false, SubscriptionId: -1, IsPrimary: 1, Trusted: true, Restricted: false, Ephemeral: false, OEM paid: false, OEM private: false, OSU AP: false, FQDN: <none>, Provider friendly name: <none>, Requesting package name: <none>"AndroidWifi"openMLO Information: , Is TID-To-Link negotiation supported by the AP: false, AP MLD Address: <none>, AP MLO Link Id: <none>, AP MLO Affiliated links: <none>, Vendor Data: <none>
09-19 14:24:12.633   645   800 D WifiScoreCard: txRate: 1 txSpeed: 1
09-19 14:24:12.633   645   800 D WifiScoreCard: network update SIGNAL_POLL "AndroidWifi" ID: 673433585 RSSI -50 txSpeed -1
09-19 14:24:12.633   645   800 D WifiClientModeImpl[3810:wlan0]:  ClientModeImpl$L2ConnectedState screen=on 26 0 "AndroidWifi" 00:13:10:85:fe:01 rssi=-50 f=2447 sc=100 link=1 tx=0.0, 0.0, 0.0 rx=0.0 bcn=0 [on:0 tx:0 rx:0 period:3005] from screen [on:0 period:-1205909799] score=100
09-19 14:24:12.644 20549 20553 I us.godotpreview: NativeAlloc concurrent mark compact GC freed 133KB AllocSpace bytes, 4(112KB) LOS objects, 49% free, 2319KB/4638KB, paused 7.091ms,379us total 17.655ms
09-19 14:24:12.698   491   588 W skia    : AGTM parsing failed flags.readFromStream(s) at 159
09-19 14:24:12.698   491   588 W skia    : AGTM parsing failed flags.readFromStream(s) at 159
09-19 14:24:12.810   491   588 W skia    : AGTM parsing failed flags.readFromStream(s) at 159
09-19 14:24:12.810   491   588 W skia    : AGTM parsing failed flags.readFromStream(s) at 159
09-19 14:24:12.913   491   588 W skia    : AGTM parsing failed flags.readFromStream(s) at 159
09-19 14:24:12.914   491   588 W skia    : AGTM parsing failed flags.readFromStream(s) at 159
09-19 14:24:13.013   491   588 W skia    : AGTM parsing failed flags.readFromStream(s) at 159
09-19 14:24:13.013   491   588 W skia    : AGTM parsing failed flags.readFromStream(s) at 159
09-19 14:24:13.054 20549 20549 I flutter : RN_VALIDATION_CHUNK START {"schema":1,"runner":"flutter_flame_godot","event":"sample","scenario":"normal","sample":17,"elapsed_ms":18438,"rss_bytes":545148928,"enemies":3,"burning":0,"turrets":6,"projectiles":0,"effects":0,"metrics":{"authored_terrain":true,"draw_calls":120.0,"fps":47.181108477649,"frame_ms":21.1949238215488,"max_frame_ms":29.364,"objects":146.0,"primitives":191677.0,"received_frames":1041,"renderer":"mobile","sequence":1358,"viewport":[880.0,1976.0]}}
09-19 14:24:13.054 20549 20549 I flutter : RN_VALIDATION_END
09-19 14:24:13.113   491   588 W skia    : AGTM parsing failed flags.readFromStream(s) at 159
09-19 14:24:13.113   491   588 W skia    : AGTM parsing failed flags.readFromStream(s) at 159
09-19 14:24:13.214   491   588 W skia    : AGTM parsing failed flags.readFromStream(s) at 159
09-19 14:24:13.214   491   588 W skia    : AGTM parsing failed flags.readFromStream(s) at 159
09-19 14:24:13.317   491   588 W skia    : AGTM parsing failed flags.readFromStream(s) at 159
09-19 14:24:13.317   491   588 W skia    : AGTM parsing failed flags.readFromStream(s) at 159
09-19 14:24:13.427   491   588 W skia    : AGTM parsing failed flags.readFromStream(s) at 159
09-19 14:24:13.428   491   588 W skia    : AGTM parsing failed flags.readFromStream(s) at 159
09-19 14:24:13.530   491   588 W skia    : AGTM parsing failed flags.readFromStream(s) at 159
09-19 14:24:13.531   491   588 W skia    : AGTM parsing failed flags.readFromStream(s) at 159
09-19 14:24:13.630   491   588 W skia    : AGTM parsing failed flags.readFromStream(s) at 159
09-19 14:24:13.630   491   588 W skia    : AGTM parsing failed flags.readFromStream(s) at 159
09-19 14:24:13.743   491   588 W skia    : AGTM parsing failed flags.readFromStream(s) at 159
09-19 14:24:13.743   491   588 W skia    : AGTM parsing failed flags.readFromStream(s) at 159
09-19 14:24:13.845   491   588 W skia    : AGTM parsing failed flags.readFromStream(s) at 159
09-19 14:24:13.845   491   588 W skia    : AGTM parsing failed flags.readFromStream(s) at 159
09-19 14:24:13.948   491   588 W skia    : AGTM parsing failed flags.readFromStream(s) at 159
09-19 14:24:13.948   491   588 W skia    : AGTM parsing failed flags.readFromStream(s) at 159
09-19 14:24:14.048   491   588 W skia    : AGTM parsing failed flags.readFromStream(s) at 159
09-19 14:24:14.049   491   588 W skia    : AGTM parsing failed flags.readFromStream(s) at 159
09-19 14:24:14.072 20549 20549 I flutter : RN_VALIDATION_CHUNK START {"schema":1,"runner":"flutter_flame_godot","event":"sample","scenario":"normal","sample":18,"elapsed_ms":19456,"rss_bytes":544944128,"enemies":3,"burning":0,"turrets":6,"projectiles":0,"effects":0,"metrics":{"authored_terrain":true,"draw_calls":80.0,"fps":47.5466903346193,"frame_ms":21.0319581228957,"max_frame_ms":23.2323232323233,"objects":90.0,"primitives":183045.0,"received_frames":1084,"renderer":"mobile","sequence":1413,"viewport":[880.0,1976.0]}}
09-19 14:24:14.077 20549 20549 I flutter : RN_VALIDATION_END
09-19 14:24:14.150   491   588 W skia    : AGTM parsing failed flags.readFromStream(s) at 159
09-19 14:24:14.150   491   588 W skia    : AGTM parsing failed flags.readFromStream(s) at 159
09-19 14:24:14.277   491   588 W skia    : AGTM parsing failed flags.readFromStream(s) at 159
09-19 14:24:14.277   491   588 W skia    : AGTM parsing failed flags.readFromStream(s) at 159
09-19 14:24:14.379   491   588 W skia    : AGTM parsing failed flags.readFromStream(s) at 159
09-19 14:24:14.379   491   588 W skia    : AGTM parsing failed flags.readFromStream(s) at 159
09-19 14:24:14.482   491   588 W skia    : AGTM parsing failed flags.readFromStream(s) at 159
09-19 14:24:14.482   491   588 W skia    : AGTM parsing failed flags.readFromStream(s) at 159
09-19 14:24:14.583   491   588 W skia    : AGTM parsing failed flags.readFromStream(s) at 159
09-19 14:24:14.583   491   588 W skia    : AGTM parsing failed flags.readFromStream(s) at 159
09-19 14:24:14.692   491   588 W skia    : AGTM parsing failed flags.readFromStream(s) at 159
09-19 14:24:14.692   491   588 W skia    : AGTM parsing failed flags.readFromStream(s) at 159
09-19 14:24:14.795   491   588 W skia    : AGTM parsing failed flags.readFromStream(s) at 159
09-19 14:24:14.795   491   588 W skia    : AGTM parsing failed flags.readFromStream(s) at 159
09-19 14:24:14.894   491   588 W skia    : AGTM parsing failed flags.readFromStream(s) at 159
09-19 14:24:14.894   491   588 W skia    : AGTM parsing failed flags.readFromStream(s) at 159
09-19 14:24:15.004   491   588 W skia    : AGTM parsing failed flags.readFromStream(s) at 159
09-19 14:24:15.004   491   588 W skia    : AGTM parsing failed flags.readFromStream(s) at 159
09-19 14:24:15.085 20549 20549 I flutter : RN_VALIDATION_CHUNK START {"schema":1,"runner":"flutter_flame_godot","event":"sample","scenario":"normal","sample":19,"elapsed_ms":20469,"rss_bytes":545181696,"enemies":3,"burning":0,"turrets":6,"projectiles":0,"effects":0,"metrics":{"authored_terrain":true,"draw_calls":96.0,"fps":48.5822573630211,"frame_ms":20.5836462585034,"max_frame_ms":23.674,"objects":110.0,"primitives":186169.0,"received_frames":1124,"renderer":"mobile","sequence":1456,"viewport":[880.0,1976.0]}}
09-19 14:24:15.085 20549 20549 I flutter : RN_VALIDATION_END
09-19 14:24:15.109   491   588 W skia    : AGTM parsing failed flags.readFromStream(s) at 159
09-19 14:24:15.109   491   588 W skia    : AGTM parsing failed flags.readFromStream(s) at 159
09-19 14:24:15.215 20549 20560 I us.godotpreview: Waiting for a blocking GC ProfileSaver
09-19 14:24:15.237 20549 20560 I us.godotpreview: WaitForGcToComplete blocked ProfileSaver on NativeAlloc for 21.797ms
09-19 14:24:15.265   491   588 W skia    : AGTM parsing failed flags.readFromStream(s) at 159
09-19 14:24:15.265   491   588 W skia    : AGTM parsing failed flags.readFromStream(s) at 159
09-19 14:24:15.366   491   588 W skia    : AGTM parsing failed flags.readFromStream(s) at 159
09-19 14:24:15.366   491   588 W skia    : AGTM parsing failed flags.readFromStream(s) at 159
09-19 14:24:15.476   491   588 W skia    : AGTM parsing failed flags.readFromStream(s) at 159
09-19 14:24:15.476   491   588 W skia    : AGTM parsing failed flags.readFromStream(s) at 159
09-19 14:24:15.577   491   588 W skia    : AGTM parsing failed flags.readFromStream(s) at 159
09-19 14:24:15.577   491   588 W skia    : AGTM parsing failed flags.readFromStream(s) at 159
09-19 14:24:15.637   645   800 D WifiClientModeImpl[3810:wlan0]: updateLinkLayerStatsRssiSpeedFrequencyCapabilities rssi=-50 TxLinkspeed=1 freq=2447 RxLinkSpeed=2
09-19 14:24:15.637   645   800 D WifiDataStall: tx tput in kbps: 11000
09-19 14:24:15.637   645   800 D WifiDataStall: rx tput in kbps: 11000
09-19 14:24:15.637   645   800 V WifiConfigManager: Updating scan detail cache freq=2447 BSSID=00:13:10:85:fe:01 RSSI=-50 for "AndroidWifi"NONE
09-19 14:24:15.637   645   800 D WifiThroughputPredictor:  utilization (LLS) 80 isBluetoothConnected: false final utilization: 80
09-19 14:24:15.637   645   800 D WifiThroughputPredictor:  BW: 0 RSSI: -50 Nss: 1 Mode: 1 symDur: 4000 snrDb 30 bitPerTone: 4500 rate: 54 throughput: 11
09-19 14:24:15.637   645   800 D WifiThroughputPredictor:  utilization (LLS) 80 isBluetoothConnected: false final utilization: 80
09-19 14:24:15.637   645   800 D WifiThroughputPredictor:  BW: 0 RSSI: -50 Nss: 1 Mode: 1 symDur: 4000 snrDb 30 bitPerTone: 4500 rate: 54 throughput: 11
09-19 14:24:15.637   645   800 D WifiThroughputPredictor:  utilization (LLS) 80 isBluetoothConnected: false final utilization: 80
09-19 14:24:15.637   645   800 D WifiThroughputPredictor:  BW: 0 RSSI: -50 Nss: 1 Mode: 1 symDur: 4000 snrDb 30 bitPerTone: 4500 rate: 54 throughput: 11
09-19 14:24:15.637   645   800 D WifiThroughputPredictor:  utilization (LLS) 80 isBluetoothConnected: false final utilization: 80
09-19 14:24:15.637   645   800 D WifiThroughputPredictor:  BW: 0 RSSI: -50 Nss: 1 Mode: 1 symDur: 4000 snrDb 30 bitPerTone: 4500 rate: 54 throughput: 11
09-19 14:24:15.644   645   800 I HalDevMgr: bestIfaceCreationProposal is null, requestIface=STA, existingIface=[name=wlan0 type=STA]
09-19 14:24:15.645   645   800 D WifiScoreCard: BSSID update SIGNAL_POLL ID: 760286919 SSID: "AndroidWifi", BSSID: 00:13:10:85:fe:01, MAC: 02:15:b2:00:00:00, IP: /10.0.2.16, Security type: 0, Supplicant state: COMPLETED, Wi-Fi standard: legacy, RSSI: -50, Link speed: 1Mbps, Tx Link speed: 1Mbps, Max Supported Tx Link speed: 11Mbps, Calculated Tx : 0Mbps, Rx Link speed: 2Mbps, Max Supported Rx Link speed: 11Mbps, Calculated Rx : 0Mbps, Frequency: 2447MHz, Net ID: 0, Metered hint: false, score: 100, isUsable: true, CarrierMerged: false, SubscriptionId: -1, IsPrimary: 1, Trusted: true, Restricted: false, Ephemeral: false, OEM paid: false, OEM private: false, OSU AP: false, FQDN: <none>, Provider friendly name: <none>, Requesting package name: <none>"AndroidWifi"openMLO Information: , Is TID-To-Link negotiation supported by the AP: false, AP MLD Address: <none>, AP MLO Link Id: <none>, AP MLO Affiliated links: <none>, Vendor Data: <none>
09-19 14:24:15.645   645   800 D WifiScoreCard: txRate: 1 txSpeed: 1
09-19 14:24:15.645   645   800 D WifiScoreCard: network update SIGNAL_POLL "AndroidWifi" ID: 673433585 RSSI -50 txSpeed -1
09-19 14:24:15.645   645   800 D WifiClientModeImpl[3810:wlan0]:  ClientModeImpl$L2ConnectedState screen=on 26 0 "AndroidWifi" 00:13:10:85:fe:01 rssi=-50 f=2447 sc=100 link=1 tx=0.0, 0.0, 0.0 rx=0.0 bcn=0 [on:0 tx:0 rx:0 period:3012] from screen [on:0 period:-1205906787] score=100
09-19 14:24:15.680   491   588 W skia    : AGTM parsing failed flags.readFromStream(s) at 159
09-19 14:24:15.681   491   588 W skia    : AGTM parsing failed flags.readFromStream(s) at 159
09-19 14:24:15.781   491   588 W skia    : AGTM parsing failed flags.readFromStream(s) at 159
09-19 14:24:15.781   491   588 W skia    : AGTM parsing failed flags.readFromStream(s) at 159
09-19 14:24:15.899   491   588 W skia    : AGTM parsing failed flags.readFromStream(s) at 159
09-19 14:24:15.899   491   588 W skia    : AGTM parsing failed flags.readFromStream(s) at 159
09-19 14:24:15.994  1012  1174 D SatelliteController: isInCarrierRoamingNbIotNtn: satellite is disabled
09-19 14:24:15.994  1012  1174 D SatelliteController: getCarrierRoamingNtnConnectType: Checking connect type from PLMN config for subId: 1
09-19 14:24:15.994  1012  1174 D TelephonyConfigUpdateInstallReceiver: getConfigParser: domain=satellite
09-19 14:24:15.994  1012  1174 V SatelliteController: satelliteConfigParser is not ready
09-19 14:24:15.994  1012  1174 D SatelliteController: isSatelliteAttachSupportedViaConfigupdater: return null (satelliteConfig is null)
09-19 14:24:15.996  1012  1174 D SatelliteController: getSatellitePerPlmnConfiguration: invalid subId or not supported via carrier.
09-19 14:24:15.998  1012  1174 D SatelliteController: getCarrierRoamingNtnConnectType: config: null
09-19 14:24:15.998  1012  1174 D TelephonyConfigUpdateInstallReceiver: getConfigParser: domain=satellite
09-19 14:24:15.998  1012  1174 V SatelliteController: satelliteConfigParser is not ready
09-19 14:24:15.998  1012  1174 D SatelliteController: getCarrierRoamingNtnConnectTypeViaConfigUpdater: return null (satelliteConfig is null)
09-19 14:24:15.999  1012  1174 D SatelliteController: getCarrierRoamingNtnConnectType: Falling back to global carrier config connect type: 0
09-19 14:24:15.999  1012  1174 D TelephonyConfigUpdateInstallReceiver: getConfigParser: domain=satellite
09-19 14:24:15.999  1012  1174 V SatelliteController: satelliteConfigParser is not ready
09-19 14:24:15.999  1012  1174 D SatelliteController: isSatelliteAttachSupportedViaConfigupdater: return null (satelliteConfig is null)
09-19 14:24:15.999  1012  1174 D SatelliteController: getCarrierRoamingNtnConnectType: Checking connect type from PLMN config for subId: 1
09-19 14:24:15.999  1012  1174 D TelephonyConfigUpdateInstallReceiver: getConfigParser: domain=satellite
09-19 14:24:15.999  1012  1174 V SatelliteController: satelliteConfigParser is not ready
09-19 14:24:15.999  1012  1174 D SatelliteController: isSatelliteAttachSupportedViaConfigupdater: return null (satelliteConfig is null)
09-19 14:24:15.999  1012  1174 D SatelliteController: getSatellitePerPlmnConfiguration: invalid subId or not supported via carrier.
09-19 14:24:15.999  1012  1174 D SatelliteController: getCarrierRoamingNtnConnectType: config: null
09-19 14:24:15.999  1012  1174 D TelephonyConfigUpdateInstallReceiver: getConfigParser: domain=satellite
09-19 14:24:15.999  1012  1174 V SatelliteController: satelliteConfigParser is not ready
09-19 14:24:15.999  1012  1174 D SatelliteController: getCarrierRoamingNtnConnectTypeViaConfigUpdater: return null (satelliteConfig is null)
09-19 14:24:15.999  1012  1174 D SatelliteController: getCarrierRoamingNtnConnectType: Falling back to global carrier config connect type: 0
09-19 14:24:15.999  1012  1174 D TelephonyConfigUpdateInstallReceiver: getConfigParser: domain=satellite
09-19 14:24:15.999  1012  1174 V SatelliteController: satelliteConfigParser is not ready
09-19 14:24:15.999  1012  1174 D SatelliteController: isSatelliteAttachSupportedViaConfigupdater: return null (satelliteConfig is null)
09-19 14:24:16.001   491   588 W skia    : AGTM parsing failed flags.readFromStream(s) at 159
09-19 14:24:16.001   491   588 W skia    : AGTM parsing failed flags.readFromStream(s) at 159
09-19 14:24:16.106   491   588 W skia    : AGTM parsing failed flags.readFromStream(s) at 159
09-19 14:24:16.107   491   588 W skia    : AGTM parsing failed flags.readFromStream(s) at 159
09-19 14:24:16.107 20549 20549 I flutter : RN_VALIDATION_CHUNK START {"schema":1,"runner":"flutter_flame_godot","event":"sample","scenario":"normal","sample":20,"elapsed_ms":21491,"rss_bytes":544825344,"enemies":3,"burning":0,"turrets":6,"projectiles":0,"effects":0,"metrics":{"authored_terrain":true,"draw_calls":96.0,"fps":42.7818269431987,"frame_ms":23.3744108527131,"max_frame_ms":49.4193333333333,"objects":114.0,"primitives":187477.0,"received_frames":1165,"renderer":"mobile","sequence":1503,"viewport":[880.0,1976.0]}}
09-19 14:24:16.107 20549 20549 I flutter : RN_VALIDATION_END
09-19 14:24:16.230   491   588 W skia    : AGTM parsing failed flags.readFromStream(s) at 159
09-19 14:24:16.230   491   588 W skia    : AGTM parsing failed flags.readFromStream(s) at 159
09-19 14:24:16.332   491   588 W skia    : AGTM parsing failed flags.readFromStream(s) at 159
09-19 14:24:16.333   491   588 W skia    : AGTM parsing failed flags.readFromStream(s) at 159
09-19 14:24:16.446   491   588 W skia    : AGTM parsing failed flags.readFromStream(s) at 159
09-19 14:24:16.446   491   588 W skia    : AGTM parsing failed flags.readFromStream(s) at 159
09-19 14:24:16.462   892   892 D wpa_supplicant: nl80211: Drv Event 64 (NL80211_CMD_NOTIFY_CQM) received for wlan0
09-19 14:24:16.462   892   892 D wpa_supplicant: nl80211: Beacon loss event
09-19 14:24:16.462   892   892 D wpa_supplicant: wlan0: Event BEACON_LOSS (53) received
09-19 14:24:16.462   892   892 I wpa_supplicant: wlan0: CTRL-EVENT-BEACON-LOSS 
09-19 14:24:16.561   491   588 W skia    : AGTM parsing failed flags.readFromStream(s) at 159
09-19 14:24:16.561   491   588 W skia    : AGTM parsing failed flags.readFromStream(s) at 159
09-19 14:24:16.665   491   588 W skia    : AGTM parsing failed flags.readFromStream(s) at 159
09-19 14:24:16.665   491   588 W skia    : AGTM parsing failed flags.readFromStream(s) at 159
09-19 14:24:16.776   491   588 W skia    : AGTM parsing failed flags.readFromStream(s) at 159
09-19 14:24:16.776   491   588 W skia    : AGTM parsing failed flags.readFromStream(s) at 159
09-19 14:24:16.894   491   588 W skia    : AGTM parsing failed flags.readFromStream(s) at 159
09-19 14:24:16.894   491   588 W skia    : AGTM parsing failed flags.readFromStream(s) at 159
09-19 14:24:16.997   491   588 W skia    : AGTM parsing failed flags.readFromStream(s) at 159
09-19 14:24:16.998   491   588 W skia    : AGTM parsing failed flags.readFromStream(s) at 159
09-19 14:24:17.097   491   588 W skia    : AGTM parsing failed flags.readFromStream(s) at 159
09-19 14:24:17.097   491   588 W skia    : AGTM parsing failed flags.readFromStream(s) at 159
09-19 14:24:17.124 20549 20549 I flutter : RN_VALIDATION_CHUNK START {"schema":1,"runner":"flutter_flame_godot","event":"sample","scenario":"normal","sample":21,"elapsed_ms":22509,"rss_bytes":544677888,"enemies":3,"burning":0,"turrets":6,"projectiles":0,"effects":0,"metrics":{"authored_terrain":true,"draw_calls":82.0,"fps":50.6532663316583,"frame_ms":19.7420634920635,"max_frame_ms":22.3593333333345,"objects":92.0,"primitives":183049.0,"received_frames":1208,"renderer":"mobile","sequence":1552,"viewport":[880.0,1976.0]}}
09-19 14:24:17.124 20549 20549 I flutter : RN_VALIDATION_END
09-19 14:24:17.198   491   588 W skia    : AGTM parsing failed flags.readFromStream(s) at 159
09-19 14:24:17.198   491   588 W skia    : AGTM parsing failed flags.readFromStream(s) at 159
09-19 14:24:17.327   491   588 W skia    : AGTM parsing failed flags.readFromStream(s) at 159
09-19 14:24:17.327   491   588 W skia    : AGTM parsing failed flags.readFromStream(s) at 159
09-19 14:24:17.431   491   588 W skia    : AGTM parsing failed flags.readFromStream(s) at 159
09-19 14:24:17.431   491   588 W skia    : AGTM parsing failed flags.readFromStream(s) at 159
09-19 14:24:17.532   491   588 W skia    : AGTM parsing failed flags.readFromStream(s) at 159
09-19 14:24:17.532   491   588 W skia    : AGTM parsing failed flags.readFromStream(s) at 159
09-19 14:24:17.643   491   588 W skia    : AGTM parsing failed flags.readFromStream(s) at 159
09-19 14:24:17.643   491   588 W skia    : AGTM parsing failed flags.readFromStream(s) at 159
09-19 14:24:17.743   491   588 W skia    : AGTM parsing failed flags.readFromStream(s) at 159
09-19 14:24:17.743   491   588 W skia    : AGTM parsing failed flags.readFromStream(s) at 159
09-19 14:24:17.844   491   588 W skia    : AGTM parsing failed flags.readFromStream(s) at 159
09-19 14:24:17.844   491   588 W skia    : AGTM parsing failed flags.readFromStream(s) at 159
09-19 14:24:17.948   491   588 W skia    : AGTM parsing failed flags.readFromStream(s) at 159
09-19 14:24:17.948   491   588 W skia    : AGTM parsing failed flags.readFromStream(s) at 159
09-19 14:24:18.047   491   588 W skia    : AGTM parsing failed flags.readFromStream(s) at 159
09-19 14:24:18.047   491   588 W skia    : AGTM parsing failed flags.readFromStream(s) at 159
09-19 14:24:18.149   491   588 W skia    : AGTM parsing failed flags.readFromStream(s) at 159
09-19 14:24:18.149   491   588 W skia    : AGTM parsing failed flags.readFromStream(s) at 159
09-19 14:24:18.150 20549 20549 I flutter : RN_VALIDATION_CHUNK START {"schema":1,"runner":"flutter_flame_godot","event":"sample","scenario":"normal","sample":22,"elapsed_ms":23535,"rss_bytes":545116160,"enemies":3,"burning":0,"turrets":6,"projectiles":0,"effects":0,"metrics":{"authored_terrain":true,"draw_calls":117.0,"fps":45.0608524421745,"frame_ms":22.1922122153209,"max_frame_ms":28.938,"objects":143.0,"primitives":191591.0,"received_frames":1248,"renderer":"mobile","sequence":1597,"viewport":[880.0,1976.0]}}
09-19 14:24:18.150 20549 20549 I flutter : RN_VALIDATION_END
09-19 14:24:18.261   491   588 W skia    : AGTM parsing failed flags.readFromStream(s) at 159
09-19 14:24:18.261   491   588 W skia    : AGTM parsing failed flags.readFromStream(s) at 159
09-19 14:24:18.378   491   588 W skia    : AGTM parsing failed flags.readFromStream(s) at 159
09-19 14:24:18.378   491   588 W skia    : AGTM parsing failed flags.readFromStream(s) at 159
09-19 14:24:18.490   491   588 W skia    : AGTM parsing failed flags.readFromStream(s) at 159
09-19 14:24:18.490   491   588 W skia    : AGTM parsing failed flags.readFromStream(s) at 159
09-19 14:24:18.610   491   588 W skia    : AGTM parsing failed flags.readFromStream(s) at 159
09-19 14:24:18.610   491   588 W skia    : AGTM parsing failed flags.readFromStream(s) at 159
09-19 14:24:18.651   645   800 D WifiClientModeImpl[3810:wlan0]: updateLinkLayerStatsRssiSpeedFrequencyCapabilities rssi=-50 TxLinkspeed=1 freq=2447 RxLinkSpeed=2
09-19 14:24:18.651   645   800 D WifiDataStall: tx tput in kbps: 11000
09-19 14:24:18.651   645   800 D WifiDataStall: rx tput in kbps: 11000
09-19 14:24:18.651   645   800 V WifiConfigManager: Updating scan detail cache freq=2447 BSSID=00:13:10:85:fe:01 RSSI=-50 for "AndroidWifi"NONE
09-19 14:24:18.651   645   800 D WifiThroughputPredictor:  utilization (LLS) 80 isBluetoothConnected: false final utilization: 80
09-19 14:24:18.651   645   800 D WifiThroughputPredictor:  BW: 0 RSSI: -50 Nss: 1 Mode: 1 symDur: 4000 snrDb 30 bitPerTone: 4500 rate: 54 throughput: 11
09-19 14:24:18.651   645   800 D WifiThroughputPredictor:  utilization (LLS) 80 isBluetoothConnected: false final utilization: 80
09-19 14:24:18.651   645   800 D WifiThroughputPredictor:  BW: 0 RSSI: -50 Nss: 1 Mode: 1 symDur: 4000 snrDb 30 bitPerTone: 4500 rate: 54 throughput: 11
09-19 14:24:18.651   645   800 D WifiThroughputPredictor:  utilization (LLS) 80 isBluetoothConnected: false final utilization: 80
09-19 14:24:18.651   645   800 D WifiThroughputPredictor:  BW: 0 RSSI: -50 Nss: 1 Mode: 1 symDur: 4000 snrDb 30 bitPerTone: 4500 rate: 54 throughput: 11
09-19 14:24:18.651   645   800 D WifiThroughputPredictor:  utilization (LLS) 80 isBluetoothConnected: false final utilization: 80
09-19 14:24:18.651   645   800 D WifiThroughputPredictor:  BW: 0 RSSI: -50 Nss: 1 Mode: 1 symDur: 4000 snrDb 30 bitPerTone: 4500 rate: 54 throughput: 11
09-19 14:24:18.652   645   800 I HalDevMgr: bestIfaceCreationProposal is null, requestIface=STA, existingIface=[name=wlan0 type=STA]
09-19 14:24:18.653   645   800 D WifiScoreCard: BSSID update SIGNAL_POLL ID: 760286919 SSID: "AndroidWifi", BSSID: 00:13:10:85:fe:01, MAC: 02:15:b2:00:00:00, IP: /10.0.2.16, Security type: 0, Supplicant state: COMPLETED, Wi-Fi standard: legacy, RSSI: -50, Link speed: 1Mbps, Tx Link speed: 1Mbps, Max Supported Tx Link speed: 11Mbps, Calculated Tx : 0Mbps, Rx Link speed: 2Mbps, Max Supported Rx Link speed: 11Mbps, Calculated Rx : 0Mbps, Frequency: 2447MHz, Net ID: 0, Metered hint: false, score: 100, isUsable: true, CarrierMerged: false, SubscriptionId: -1, IsPrimary: 1, Trusted: true, Restricted: false, Ephemeral: false, OEM paid: false, OEM private: false, OSU AP: false, FQDN: <none>, Provider friendly name: <none>, Requesting package name: <none>"AndroidWifi"openMLO Information: , Is TID-To-Link negotiation supported by the AP: false, AP MLD Address: <none>, AP MLO Link Id: <none>, AP MLO Affiliated links: <none>, Vendor Data: <none>
09-19 14:24:18.653   645   800 D WifiScoreCard: txRate: 1 txSpeed: 1
09-19 14:24:18.653   645   800 D WifiScoreCard: network update SIGNAL_POLL "AndroidWifi" ID: 673433585 RSSI -50 txSpeed -1
09-19 14:24:18.653   645   800 D WifiClientModeImpl[3810:wlan0]:  ClientModeImpl$L2ConnectedState screen=on 26 0 "AndroidWifi" 00:13:10:85:fe:01 rssi=-50 f=2447 sc=100 link=1 tx=0.0, 0.0, 0.0 rx=0.0 bcn=0 [on:0 tx:0 rx:0 period:3008] from screen [on:0 period:-1205903779] score=100
09-19 14:24:18.712   491   588 W skia    : AGTM parsing failed flags.readFromStream(s) at 159
09-19 14:24:18.713   491   588 W skia    : AGTM parsing failed flags.readFromStream(s) at 159
09-19 14:24:18.716   487   531 D AudioFlinger: mixer(0xb400006ff95ca790) throttle end: throttle time(1)
09-19 14:24:18.812   491   588 W skia    : AGTM parsing failed flags.readFromStream(s) at 159
09-19 14:24:18.812   491   588 W skia    : AGTM parsing failed flags.readFromStream(s) at 159
09-19 14:24:18.918   491   588 W skia    : AGTM parsing failed flags.readFromStream(s) at 159
09-19 14:24:18.918   491   588 W skia    : AGTM parsing failed flags.readFromStream(s) at 159
09-19 14:24:19.017   491   588 W skia    : AGTM parsing failed flags.readFromStream(s) at 159
09-19 14:24:19.018   491   588 W skia    : AGTM parsing failed flags.readFromStream(s) at 159
09-19 14:24:19.115   491   588 W skia    : AGTM parsing failed flags.readFromStream(s) at 159
09-19 14:24:19.115   491   588 W skia    : AGTM parsing failed flags.readFromStream(s) at 159
09-19 14:24:19.182 20549 20549 I flutter : RN_VALIDATION_CHUNK START {"schema":1,"runner":"flutter_flame_godot","event":"sample","scenario":"normal","sample":23,"elapsed_ms":24567,"rss_bytes":544751616,"enemies":3,"burning":0,"turrets":6,"projectiles":0,"effects":0,"metrics":{"authored_terrain":true,"draw_calls":82.0,"fps":44.2917260868424,"frame_ms":22.5775802469136,"max_frame_ms":32.071,"objects":92.0,"primitives":184145.0,"received_frames":1291,"renderer":"mobile","sequence":1649,"viewport":[880.0,1976.0]}}
09-19 14:24:19.182 20549 20549 I flutter : RN_VALIDATION_END
09-19 14:24:19.246   491   588 W skia    : AGTM parsing failed flags.readFromStream(s) at 159
09-19 14:24:19.246   491   588 W skia    : AGTM parsing failed flags.readFromStream(s) at 159
09-19 14:24:19.346   491   588 W skia    : AGTM parsing failed flags.readFromStream(s) at 159
09-19 14:24:19.346   491   588 W skia    : AGTM parsing failed flags.readFromStream(s) at 159
09-19 14:24:19.409 20549 20553 W us.godotpreview: Suspending all threads took: 10.555ms
09-19 14:24:19.441 20549 20553 I us.godotpreview: NativeAlloc concurrent mark compact GC freed 132KB AllocSpace bytes, 3(100KB) LOS objects, 49% free, 2291KB/4582KB, paused 15.076ms,2.767ms total 53.375ms
09-19 14:24:19.450   491   588 W skia    : AGTM parsing failed flags.readFromStream(s) at 159
09-19 14:24:19.450   491   588 W skia    : AGTM parsing failed flags.readFromStream(s) at 159
09-19 14:24:19.466   487   531 D AudioFlinger: mixer(0xb400006ff95ca790) throttle end: throttle time(4)
09-19 14:24:19.468   906  1104 D ControlsListingControllerImpl: Subscribing callback, service count: 0
09-19 14:24:19.489   906  1104 I QuickAccessWalletTile: QAW service is unavailable, recreating the wallet client.
09-19 14:24:19.491   906  1104 D ControlsListingControllerImpl: Unsubscribing callback
09-19 14:24:19.553   491   588 W skia    : AGTM parsing failed flags.readFromStream(s) at 159
09-19 14:24:19.554   491   588 W skia    : AGTM parsing failed flags.readFromStream(s) at 159
09-19 14:24:19.658   491   588 W skia    : AGTM parsing failed flags.readFromStream(s) at 159
09-19 14:24:19.658   491   588 W skia    : AGTM parsing failed flags.readFromStream(s) at 159
09-19 14:24:19.763   491   588 W skia    : AGTM parsing failed flags.readFromStream(s) at 159
09-19 14:24:19.763   491   588 W skia    : AGTM parsing failed flags.readFromStream(s) at 159
09-19 14:24:19.865   491   588 W skia    : AGTM parsing failed flags.readFromStream(s) at 159
09-19 14:24:19.865   491   588 W skia    : AGTM parsing failed flags.readFromStream(s) at 159
09-19 14:24:19.965   491   588 W skia    : AGTM parsing failed flags.readFromStream(s) at 159
09-19 14:24:19.965   491   588 W skia    : AGTM parsing failed flags.readFromStream(s) at 159
09-19 14:24:20.075   491   588 W skia    : AGTM parsing failed flags.readFromStream(s) at 159
09-19 14:24:20.075   491   588 W skia    : AGTM parsing failed flags.readFromStream(s) at 159
09-19 14:24:20.178   491   588 W skia    : AGTM parsing failed flags.readFromStream(s) at 159
09-19 14:24:20.178   491   588 W skia    : AGTM parsing failed flags.readFromStream(s) at 159
09-19 14:24:20.201 20549 20549 I flutter : RN_VALIDATION_CHUNK START {"schema":1,"runner":"flutter_flame_godot","event":"sample","scenario":"normal","sample":24,"elapsed_ms":25585,"rss_bytes":545079296,"enemies":3,"burning":0,"turrets":6,"projectiles":0,"effects":0,"metrics":{"authored_terrain":true,"draw_calls":104.0,"fps":45.8629360676211,"frame_ms":21.8040990338164,"max_frame_ms":51.9786666666655,"objects":122.0,"primitives":187895.0,"received_frames":1328,"renderer":"mobile","sequence":1690,"viewport":[880.0,1976.0]}}
09-19 14:24:20.201 20549 20549 I flutter : RN_VALIDATION_END
09-19 14:24:20.278   491   588 W skia    : AGTM parsing failed flags.readFromStream(s) at 159
09-19 14:24:20.278   491   588 W skia    : AGTM parsing failed flags.readFromStream(s) at 159
09-19 14:24:20.379   491   588 W skia    : AGTM parsing failed flags.readFromStream(s) at 159
09-19 14:24:20.379   491   588 W skia    : AGTM parsing failed flags.readFromStream(s) at 159
09-19 14:24:20.485   491   588 W skia    : AGTM parsing failed flags.readFromStream(s) at 159
09-19 14:24:20.486   491   588 W skia    : AGTM parsing failed flags.readFromStream(s) at 159
09-19 14:24:20.581   491   588 W skia    : AGTM parsing failed flags.readFromStream(s) at 159
09-19 14:24:20.581   491   588 W skia    : AGTM parsing failed flags.readFromStream(s) at 159
09-19 14:24:20.681   491   588 W skia    : AGTM parsing failed flags.readFromStream(s) at 159
09-19 14:24:20.681   491   588 W skia    : AGTM parsing failed flags.readFromStream(s) at 159
09-19 14:24:20.784   491   588 W skia    : AGTM parsing failed flags.readFromStream(s) at 159
09-19 14:24:20.784   491   588 W skia    : AGTM parsing failed flags.readFromStream(s) at 159
09-19 14:24:20.801   487   531 D AudioFlinger: mixer(0xb400006ff95ca790) throttle end: throttle time(1)
09-19 14:24:20.883   491   588 W skia    : AGTM parsing failed flags.readFromStream(s) at 159
09-19 14:24:20.883   491   588 W skia    : AGTM parsing failed flags.readFromStream(s) at 159
09-19 14:24:20.997   491   588 W skia    : AGTM parsing failed flags.readFromStream(s) at 159
09-19 14:24:20.997   491   588 W skia    : AGTM parsing failed flags.readFromStream(s) at 159
09-19 14:24:21.097   491   588 W skia    : AGTM parsing failed flags.readFromStream(s) at 159
09-19 14:24:21.097   491   588 W skia    : AGTM parsing failed flags.readFromStream(s) at 159
09-19 14:24:21.199   491   588 W skia    : AGTM parsing failed flags.readFromStream(s) at 159
09-19 14:24:21.199   491   588 W skia    : AGTM parsing failed flags.readFromStream(s) at 159
09-19 14:24:21.215 20549 20549 I flutter : RN_VALIDATION_CHUNK START {"schema":1,"runner":"flutter_flame_godot","event":"sample","scenario":"normal","sample":25,"elapsed_ms":26599,"rss_bytes":544940032,"enemies":3,"burning":0,"turrets":6,"projectiles":0,"effects":0,"metrics":{"authored_terrain":true,"draw_calls":126.0,"fps":28.4089964553172,"frame_ms":35.2001170323929,"max_frame_ms":60.3599999999988,"objects":246.0,"primitives":189889.0,"received_frames":1355,"renderer":"mobile","sequence":1744,"viewport":[880.0,1976.0]}}
09-19 14:24:21.215 20549 20549 I flutter : RN_VALIDATION_END
09-19 14:24:21.312   491   588 W skia    : AGTM parsing failed flags.readFromStream(s) at 159
09-19 14:24:21.312   491   588 W skia    : AGTM parsing failed flags.readFromStream(s) at 159
09-19 14:24:21.429   491   588 W skia    : AGTM parsing failed flags.readFromStream(s) at 159
09-19 14:24:21.429   491   588 W skia    : AGTM parsing failed flags.readFromStream(s) at 159
09-19 14:24:21.531   491   588 W skia    : AGTM parsing failed flags.readFromStream(s) at 159
09-19 14:24:21.531   491   588 W skia    : AGTM parsing failed flags.readFromStream(s) at 159
09-19 14:24:21.643   487   531 D AF::Track: interceptBuffer: took 2043us to intercept 0 tracks
09-19 14:24:21.652   491   588 W skia    : AGTM parsing failed flags.readFromStream(s) at 159
09-19 14:24:21.652   491   588 W skia    : AGTM parsing failed flags.readFromStream(s) at 159
09-19 14:24:21.659   645   800 D WifiClientModeImpl[3810:wlan0]: updateLinkLayerStatsRssiSpeedFrequencyCapabilities rssi=-50 TxLinkspeed=1 freq=2447 RxLinkSpeed=2
09-19 14:24:21.660   645   800 D WifiDataStall: tx tput in kbps: 11000
09-19 14:24:21.660   645   800 D WifiDataStall: rx tput in kbps: 11000
09-19 14:24:21.660   645   800 V WifiConfigManager: Updating scan detail cache freq=2447 BSSID=00:13:10:85:fe:01 RSSI=-50 for "AndroidWifi"NONE
09-19 14:24:21.660   645   800 D WifiThroughputPredictor:  utilization (LLS) 80 isBluetoothConnected: false final utilization: 80
09-19 14:24:21.660   645   800 D WifiThroughputPredictor:  BW: 0 RSSI: -50 Nss: 1 Mode: 1 symDur: 4000 snrDb 30 bitPerTone: 4500 rate: 54 throughput: 11
09-19 14:24:21.660   645   800 D WifiThroughputPredictor:  utilization (LLS) 80 isBluetoothConnected: false final utilization: 80
09-19 14:24:21.660   645   800 D WifiThroughputPredictor:  BW: 0 RSSI: -50 Nss: 1 Mode: 1 symDur: 4000 snrDb 30 bitPerTone: 4500 rate: 54 throughput: 11
09-19 14:24:21.661   645   800 D WifiThroughputPredictor:  utilization (LLS) 80 isBluetoothConnected: false final utilization: 80
09-19 14:24:21.661   645   800 D WifiThroughputPredictor:  BW: 0 RSSI: -50 Nss: 1 Mode: 1 symDur: 4000 snrDb 30 bitPerTone: 4500 rate: 54 throughput: 11
09-19 14:24:21.661   645   800 D WifiThroughputPredictor:  utilization (LLS) 80 isBluetoothConnected: false final utilization: 80
09-19 14:24:21.661   645   800 D WifiThroughputPredictor:  BW: 0 RSSI: -50 Nss: 1 Mode: 1 symDur: 4000 snrDb 30 bitPerTone: 4500 rate: 54 throughput: 11
09-19 14:24:21.667   645   800 I HalDevMgr: bestIfaceCreationProposal is null, requestIface=STA, existingIface=[name=wlan0 type=STA]
09-19 14:24:21.668   645   800 D WifiScoreCard: BSSID update SIGNAL_POLL ID: 760286919 SSID: "AndroidWifi", BSSID: 00:13:10:85:fe:01, MAC: 02:15:b2:00:00:00, IP: /10.0.2.16, Security type: 0, Supplicant state: COMPLETED, Wi-Fi standard: legacy, RSSI: -50, Link speed: 1Mbps, Tx Link speed: 1Mbps, Max Supported Tx Link speed: 11Mbps, Calculated Tx : 0Mbps, Rx Link speed: 2Mbps, Max Supported Rx Link speed: 11Mbps, Calculated Rx : 0Mbps, Frequency: 2447MHz, Net ID: 0, Metered hint: false, score: 100, isUsable: true, CarrierMerged: false, SubscriptionId: -1, IsPrimary: 1, Trusted: true, Restricted: false, Ephemeral: false, OEM paid: false, OEM private: false, OSU AP: false, FQDN: <none>, Provider friendly name: <none>, Requesting package name: <none>"AndroidWifi"openMLO Information: , Is TID-To-Link negotiation supported by the AP: false, AP MLD Address: <none>, AP MLO Link Id: <none>, AP MLO Affiliated links: <none>, Vendor Data: <none>
09-19 14:24:21.668   645   800 D WifiScoreCard: txRate: 1 txSpeed: 1
09-19 14:24:21.668   645   800 D WifiScoreCard: network update SIGNAL_POLL "AndroidWifi" ID: 673433585 RSSI -50 txSpeed -1
09-19 14:24:21.669   645   800 D WifiClientModeImpl[3810:wlan0]:  ClientModeImpl$L2ConnectedState screen=on 26 0 "AndroidWifi" 00:13:10:85:fe:01 rssi=-50 f=2447 sc=100 link=1 tx=0.0, 0.0, 0.0 rx=0.0 bcn=0 [on:0 tx:0 rx:0 period:3016] from screen [on:0 period:-1205900763] score=100
09-19 14:24:21.764   491   588 W skia    : AGTM parsing failed flags.readFromStream(s) at 159
09-19 14:24:21.764   491   588 W skia    : AGTM parsing failed flags.readFromStream(s) at 159
09-19 14:24:21.862   491   588 W skia    : AGTM parsing failed flags.readFromStream(s) at 159
09-19 14:24:21.862   491   588 W skia    : AGTM parsing failed flags.readFromStream(s) at 159
09-19 14:24:21.964   491   588 W skia    : AGTM parsing failed flags.readFromStream(s) at 159
09-19 14:24:21.964   491   588 W skia    : AGTM parsing failed flags.readFromStream(s) at 159
09-19 14:24:22.065   491   588 W skia    : AGTM parsing failed flags.readFromStream(s) at 159
09-19 14:24:22.066   491   588 W skia    : AGTM parsing failed flags.readFromStream(s) at 159
09-19 14:24:22.178   491   588 W skia    : AGTM parsing failed flags.readFromStream(s) at 159
09-19 14:24:22.178   491   588 W skia    : AGTM parsing failed flags.readFromStream(s) at 159
09-19 14:24:22.241 20549 20549 I flutter : RN_VALIDATION_CHUNK START {"schema":1,"runner":"flutter_flame_godot","event":"sample","scenario":"normal","sample":26,"elapsed_ms":27625,"rss_bytes":545038336,"enemies":3,"burning":0,"turrets":6,"projectiles":0,"effects":0,"metrics":{"authored_terrain":true,"draw_calls":82.0,"fps":43.2392653982335,"frame_ms":23.1271274104683,"max_frame_ms":54.5536060606061,"objects":92.0,"primitives":183049.0,"received_frames":1397,"renderer":"mobile","sequence":1790,"viewport":[880.0,1976.0]}}
09-19 14:24:22.241 20549 20549 I flutter : RN_VALIDATION_END
09-19 14:24:22.279   491   588 W skia    : AGTM parsing failed flags.readFromStream(s) at 159
09-19 14:24:22.280   491   588 W skia    : AGTM parsing failed flags.readFromStream(s) at 159
09-19 14:24:22.383   491   588 W skia    : AGTM parsing failed flags.readFromStream(s) at 159
09-19 14:24:22.383   491   588 W skia    : AGTM parsing failed flags.readFromStream(s) at 159
09-19 14:24:22.481   491   588 W skia    : AGTM parsing failed flags.readFromStream(s) at 159
09-19 14:24:22.482   491   588 W skia    : AGTM parsing failed flags.readFromStream(s) at 159
09-19 14:24:22.582   491   588 W skia    : AGTM parsing failed flags.readFromStream(s) at 159
09-19 14:24:22.582   491   588 W skia    : AGTM parsing failed flags.readFromStream(s) at 159
09-19 14:24:22.691   491   588 W skia    : AGTM parsing failed flags.readFromStream(s) at 159
09-19 14:24:22.691   491   588 W skia    : AGTM parsing failed flags.readFromStream(s) at 159
09-19 14:24:22.794   491   588 W skia    : AGTM parsing failed flags.readFromStream(s) at 159
09-19 14:24:22.794   491   588 W skia    : AGTM parsing failed flags.readFromStream(s) at 159
09-19 14:24:22.895   491   588 W skia    : AGTM parsing failed flags.readFromStream(s) at 159
09-19 14:24:22.895   491   588 W skia    : AGTM parsing failed flags.readFromStream(s) at 159
09-19 14:24:22.998   491   588 W skia    : AGTM parsing failed flags.readFromStream(s) at 159
09-19 14:24:23.000   491   588 W skia    : AGTM parsing failed flags.readFromStream(s) at 159
09-19 14:24:23.101   491   588 W skia    : AGTM parsing failed flags.readFromStream(s) at 159
09-19 14:24:23.101   491   588 W skia    : AGTM parsing failed flags.readFromStream(s) at 159
09-19 14:24:23.212   491   588 W skia    : AGTM parsing failed flags.readFromStream(s) at 159
09-19 14:24:23.212   491   588 W skia    : AGTM parsing failed flags.readFromStream(s) at 159
09-19 14:24:23.260 20549 20549 I flutter : RN_VALIDATION_CHUNK START {"schema":1,"runner":"flutter_flame_godot","event":"sample","scenario":"normal","sample":27,"elapsed_ms":28644,"rss_bytes":545148928,"enemies":3,"burning":0,"turrets":6,"projectiles":0,"effects":0,"metrics":{"authored_terrain":true,"draw_calls":115.0,"fps":42.914214485244,"frame_ms":23.3023023255814,"max_frame_ms":39.728,"objects":141.0,"primitives":191507.0,"received_frames":1434,"renderer":"mobile","sequence":1832,"viewport":[880.0,1976.0]}}
09-19 14:24:23.260 20549 20549 I flutter : RN_VALIDATION_END
09-19 14:24:23.314   491   588 W skia    : AGTM parsing failed flags.readFromStream(s) at 159
09-19 14:24:23.315   491   588 W skia    : AGTM parsing failed flags.readFromStream(s) at 159
09-19 14:24:23.413   491   588 W skia    : AGTM parsing failed flags.readFromStream(s) at 159
09-19 14:24:23.413   491   588 W skia    : AGTM parsing failed flags.readFromStream(s) at 159
09-19 14:24:23.514   491   588 W skia    : AGTM parsing failed flags.readFromStream(s) at 159
09-19 14:24:23.514   491   588 W skia    : AGTM parsing failed flags.readFromStream(s) at 159
09-19 14:24:23.616   491   588 W skia    : AGTM parsing failed flags.readFromStream(s) at 159
09-19 14:24:23.616   491   588 W skia    : AGTM parsing failed flags.readFromStream(s) at 159
09-19 14:24:23.715   491   588 W skia    : AGTM parsing failed flags.readFromStream(s) at 159
09-19 14:24:23.715   491   588 W skia    : AGTM parsing failed flags.readFromStream(s) at 159
09-19 14:24:23.816   491   588 W skia    : AGTM parsing failed flags.readFromStream(s) at 159
09-19 14:24:23.816   491   588 W skia    : AGTM parsing failed flags.readFromStream(s) at 159
09-19 14:24:23.946   491   588 W skia    : AGTM parsing failed flags.readFromStream(s) at 159
09-19 14:24:23.946   491   588 W skia    : AGTM parsing failed flags.readFromStream(s) at 159
09-19 14:24:24.046   491   588 W skia    : AGTM parsing failed flags.readFromStream(s) at 159
09-19 14:24:24.046   491   588 W skia    : AGTM parsing failed flags.readFromStream(s) at 159
09-19 14:24:24.147   491   588 W skia    : AGTM parsing failed flags.readFromStream(s) at 159
09-19 14:24:24.147   491   588 W skia    : AGTM parsing failed flags.readFromStream(s) at 159
09-19 14:24:24.247   491   588 W skia    : AGTM parsing failed flags.readFromStream(s) at 159
09-19 14:24:24.247   491   588 W skia    : AGTM parsing failed flags.readFromStream(s) at 159
09-19 14:24:24.271 20549 20549 I flutter : RN_VALIDATION_CHUNK START {"schema":1,"runner":"flutter_flame_godot","event":"sample","scenario":"normal","sample":28,"elapsed_ms":29656,"rss_bytes":545255424,"enemies":3,"burning":0,"turrets":6,"projectiles":0,"effects":0,"metrics":{"authored_terrain":true,"draw_calls":80.0,"fps":42.4507998520475,"frame_ms":23.5566821705426,"max_frame_ms":29.8819999999989,"objects":90.0,"primitives":183045.0,"received_frames":1474,"renderer":"mobile","sequence":1882,"viewport":[880.0,1976.0]}}
09-19 14:24:24.271 20549 20549 I flutter : RN_VALIDATION_END
09-19 14:24:24.349   491   588 W skia    : AGTM parsing failed flags.readFromStream(s) at 159
09-19 14:24:24.349   491   588 W skia    : AGTM parsing failed flags.readFromStream(s) at 159
09-19 14:24:24.395   892   892 D wpa_supplicant: nl80211: Drv Event 64 (NL80211_CMD_NOTIFY_CQM) received for wlan0
09-19 14:24:24.395   892   892 D wpa_supplicant: nl80211: Beacon loss event
09-19 14:24:24.395   892   892 D wpa_supplicant: wlan0: Event BEACON_LOSS (53) received
09-19 14:24:24.395   892   892 I wpa_supplicant: wlan0: CTRL-EVENT-BEACON-LOSS 
09-19 14:24:24.448   491   588 W skia    : AGTM parsing failed flags.readFromStream(s) at 159
09-19 14:24:24.449   491   588 W skia    : AGTM parsing failed flags.readFromStream(s) at 159
09-19 14:24:24.549   491   588 W skia    : AGTM parsing failed flags.readFromStream(s) at 159
09-19 14:24:24.549   491   588 W skia    : AGTM parsing failed flags.readFromStream(s) at 159
09-19 14:24:24.649   491   588 W skia    : AGTM parsing failed flags.readFromStream(s) at 159
09-19 14:24:24.649   491   588 W skia    : AGTM parsing failed flags.readFromStream(s) at 159
09-19 14:24:24.671   645   800 D WifiClientModeImpl[3810:wlan0]: updateLinkLayerStatsRssiSpeedFrequencyCapabilities rssi=-50 TxLinkspeed=1 freq=2447 RxLinkSpeed=2
09-19 14:24:24.672   645   800 D WifiDataStall: tx tput in kbps: 11000
09-19 14:24:24.672   645   800 D WifiDataStall: rx tput in kbps: 11000
09-19 14:24:24.672   645   800 V WifiConfigManager: Updating scan detail cache freq=2447 BSSID=00:13:10:85:fe:01 RSSI=-50 for "AndroidWifi"NONE
09-19 14:24:24.672   645   800 D WifiThroughputPredictor:  utilization (LLS) 80 isBluetoothConnected: false final utilization: 80
09-19 14:24:24.672   645   800 D WifiThroughputPredictor:  BW: 0 RSSI: -50 Nss: 1 Mode: 1 symDur: 4000 snrDb 30 bitPerTone: 4500 rate: 54 throughput: 11
09-19 14:24:24.672   645   800 D WifiThroughputPredictor:  utilization (LLS) 80 isBluetoothConnected: false final utilization: 80
09-19 14:24:24.672   645   800 D WifiThroughputPredictor:  BW: 0 RSSI: -50 Nss: 1 Mode: 1 symDur: 4000 snrDb 30 bitPerTone: 4500 rate: 54 throughput: 11
09-19 14:24:24.672   645   800 D WifiThroughputPredictor:  utilization (LLS) 80 isBluetoothConnected: false final utilization: 80
09-19 14:24:24.672   645   800 D WifiThroughputPredictor:  BW: 0 RSSI: -50 Nss: 1 Mode: 1 symDur: 4000 snrDb 30 bitPerTone: 4500 rate: 54 throughput: 11
09-19 14:24:24.672   645   800 D WifiThroughputPredictor:  utilization (LLS) 80 isBluetoothConnected: false final utilization: 80
09-19 14:24:24.672   645   800 D WifiThroughputPredictor:  BW: 0 RSSI: -50 Nss: 1 Mode: 1 symDur: 4000 snrDb 30 bitPerTone: 4500 rate: 54 throughput: 11
09-19 14:24:24.676   645   800 I HalDevMgr: bestIfaceCreationProposal is null, requestIface=STA, existingIface=[name=wlan0 type=STA]
09-19 14:24:24.676   645   800 D WifiScoreCard: BSSID update SIGNAL_POLL ID: 760286919 SSID: "AndroidWifi", BSSID: 00:13:10:85:fe:01, MAC: 02:15:b2:00:00:00, IP: /10.0.2.16, Security type: 0, Supplicant state: COMPLETED, Wi-Fi standard: legacy, RSSI: -50, Link speed: 1Mbps, Tx Link speed: 1Mbps, Max Supported Tx Link speed: 11Mbps, Calculated Tx : 0Mbps, Rx Link speed: 2Mbps, Max Supported Rx Link speed: 11Mbps, Calculated Rx : 0Mbps, Frequency: 2447MHz, Net ID: 0, Metered hint: false, score: 100, isUsable: true, CarrierMerged: false, SubscriptionId: -1, IsPrimary: 1, Trusted: true, Restricted: false, Ephemeral: false, OEM paid: false, OEM private: false, OSU AP: false, FQDN: <none>, Provider friendly name: <none>, Requesting package name: <none>"AndroidWifi"openMLO Information: , Is TID-To-Link negotiation supported by the AP: false, AP MLD Address: <none>, AP MLO Link Id: <none>, AP MLO Affiliated links: <none>, Vendor Data: <none>
09-19 14:24:24.676   645   800 D WifiScoreCard: txRate: 1 txSpeed: 1
09-19 14:24:24.676   645   800 D WifiScoreCard: network update SIGNAL_POLL "AndroidWifi" ID: 673433585 RSSI -50 txSpeed -1
09-19 14:24:24.676   645   800 D WifiClientModeImpl[3810:wlan0]:  ClientModeImpl$L2ConnectedState screen=on 26 0 "AndroidWifi" 00:13:10:85:fe:01 rssi=-50 f=2447 sc=100 link=1 tx=0.0, 0.0, 0.0 rx=0.0 bcn=0 [on:0 tx:0 rx:0 period:3000] from screen [on:0 period:-1205897756] score=100
09-19 14:24:24.760   491   588 W skia    : AGTM parsing failed flags.readFromStream(s) at 159
09-19 14:24:24.760   491   588 W skia    : AGTM parsing failed flags.readFromStream(s) at 159
09-19 14:24:24.763 20549 20553 I us.godotpreview: NativeAlloc concurrent mark compact GC freed 130KB AllocSpace bytes, 6(244KB) LOS objects, 49% free, 2307KB/4614KB, paused 99us,6.361ms total 21.764ms
09-19 14:24:24.862   491   588 W skia    : AGTM parsing failed flags.readFromStream(s) at 159
09-19 14:24:24.862   491   588 W skia    : AGTM parsing failed flags.readFromStream(s) at 159
09-19 14:24:24.962   491   588 W skia    : AGTM parsing failed flags.readFromStream(s) at 159
09-19 14:24:24.962   491   588 W skia    : AGTM parsing failed flags.readFromStream(s) at 159
09-19 14:24:25.066   491   588 W skia    : AGTM parsing failed flags.readFromStream(s) at 159
09-19 14:24:25.066   491   588 W skia    : AGTM parsing failed flags.readFromStream(s) at 159
09-19 14:24:25.182   491   588 W skia    : AGTM parsing failed flags.readFromStream(s) at 159
09-19 14:24:25.182   491   588 W skia    : AGTM parsing failed flags.readFromStream(s) at 159
09-19 14:24:25.283   491   588 W skia    : AGTM parsing failed flags.readFromStream(s) at 159
09-19 14:24:25.283   491   588 W skia    : AGTM parsing failed flags.readFromStream(s) at 159
09-19 14:24:25.308 20549 20549 I flutter : RN_VALIDATION_CHUNK START {"schema":1,"runner":"flutter_flame_godot","event":"sample","scenario":"normal","sample":29,"elapsed_ms":30692,"rss_bytes":545325056,"enemies":3,"burning":0,"turrets":6,"projectiles":0,"effects":0,"metrics":{"authored_terrain":true,"draw_calls":100.0,"fps":48.0061970448647,"frame_ms":20.8306439909297,"max_frame_ms":24.719,"objects":118.0,"primitives":187727.0,"received_frames":1514,"renderer":"mobile","sequence":1927,"viewport":[880.0,1976.0]}}
09-19 14:24:25.308 20549 20549 I flutter : RN_VALIDATION_END
09-19 14:24:25.397   491   588 W skia    : AGTM parsing failed flags.readFromStream(s) at 159
09-19 14:24:25.398   491   588 W skia    : AGTM parsing failed flags.readFromStream(s) at 159
09-19 14:24:25.498   491   588 W skia    : AGTM parsing failed flags.readFromStream(s) at 159
09-19 14:24:25.498   491   588 W skia    : AGTM parsing failed flags.readFromStream(s) at 159
09-19 14:24:25.600   491   588 W skia    : AGTM parsing failed flags.readFromStream(s) at 159
09-19 14:24:25.600   491   588 W skia    : AGTM parsing failed flags.readFromStream(s) at 159
09-19 14:24:25.713   491   588 W skia    : AGTM parsing failed flags.readFromStream(s) at 159
09-19 14:24:25.713   491   588 W skia    : AGTM parsing failed flags.readFromStream(s) at 159
09-19 14:24:25.815   491   588 W skia    : AGTM parsing failed flags.readFromStream(s) at 159
09-19 14:24:25.815   491   588 W skia    : AGTM parsing failed flags.readFromStream(s) at 159
09-19 14:24:25.914   491   588 W skia    : AGTM parsing failed flags.readFromStream(s) at 159
09-19 14:24:25.914   491   588 W skia    : AGTM parsing failed flags.readFromStream(s) at 159
09-19 14:24:25.995  1012  1174 D SatelliteController: isInCarrierRoamingNbIotNtn: satellite is disabled
09-19 14:24:25.996  1012  1174 D SatelliteController: getCarrierRoamingNtnConnectType: Checking connect type from PLMN config for subId: 1
09-19 14:24:25.996  1012  1174 D TelephonyConfigUpdateInstallReceiver: getConfigParser: domain=satellite
09-19 14:24:25.996  1012  1174 V SatelliteController: satelliteConfigParser is not ready
09-19 14:24:25.996  1012  1174 D SatelliteController: isSatelliteAttachSupportedViaConfigupdater: return null (satelliteConfig is null)
09-19 14:24:25.996  1012  1174 D SatelliteController: getSatellitePerPlmnConfiguration: invalid subId or not supported via carrier.
09-19 14:24:25.997  1012  1174 D SatelliteController: getCarrierRoamingNtnConnectType: config: null
09-19 14:24:25.997  1012  1174 D TelephonyConfigUpdateInstallReceiver: getConfigParser: domain=satellite
09-19 14:24:25.997  1012  1174 V SatelliteController: satelliteConfigParser is not ready
09-19 14:24:25.997  1012  1174 D SatelliteController: getCarrierRoamingNtnConnectTypeViaConfigUpdater: return null (satelliteConfig is null)
09-19 14:24:25.997  1012  1174 D SatelliteController: getCarrierRoamingNtnConnectType: Falling back to global carrier config connect type: 0
09-19 14:24:25.997  1012  1174 D TelephonyConfigUpdateInstallReceiver: getConfigParser: domain=satellite
09-19 14:24:25.997  1012  1174 V SatelliteController: satelliteConfigParser is not ready
09-19 14:24:25.997  1012  1174 D SatelliteController: isSatelliteAttachSupportedViaConfigupdater: return null (satelliteConfig is null)
09-19 14:24:25.997  1012  1174 D SatelliteController: getCarrierRoamingNtnConnectType: Checking connect type from PLMN config for subId: 1
09-19 14:24:25.997  1012  1174 D TelephonyConfigUpdateInstallReceiver: getConfigParser: domain=satellite
09-19 14:24:25.997  1012  1174 V SatelliteController: satelliteConfigParser is not ready
09-19 14:24:25.997  1012  1174 D SatelliteController: isSatelliteAttachSupportedViaConfigupdater: return null (satelliteConfig is null)
09-19 14:24:25.997  1012  1174 D SatelliteController: getSatellitePerPlmnConfiguration: invalid subId or not supported via carrier.
09-19 14:24:25.997  1012  1174 D SatelliteController: getCarrierRoamingNtnConnectType: config: null
09-19 14:24:25.997  1012  1174 D TelephonyConfigUpdateInstallReceiver: getConfigParser: domain=satellite
09-19 14:24:25.997  1012  1174 V SatelliteController: satelliteConfigParser is not ready
09-19 14:24:25.997  1012  1174 D SatelliteController: getCarrierRoamingNtnConnectTypeViaConfigUpdater: return null (satelliteConfig is null)
09-19 14:24:25.997  1012  1174 D SatelliteController: getCarrierRoamingNtnConnectType: Falling back to global carrier config connect type: 0
09-19 14:24:25.997  1012  1174 D TelephonyConfigUpdateInstallReceiver: getConfigParser: domain=satellite
09-19 14:24:25.997  1012  1174 V SatelliteController: satelliteConfigParser is not ready
09-19 14:24:25.997  1012  1174 D SatelliteController: isSatelliteAttachSupportedViaConfigupdater: return null (satelliteConfig is null)
09-19 14:24:26.016   491   588 W skia    : AGTM parsing failed flags.readFromStream(s) at 159
09-19 14:24:26.016   491   588 W skia    : AGTM parsing failed flags.readFromStream(s) at 159
09-19 14:24:26.114   491   588 W skia    : AGTM parsing failed flags.readFromStream(s) at 159
09-19 14:24:26.114   491   588 W skia    : AGTM parsing failed flags.readFromStream(s) at 159
09-19 14:24:26.215   491   588 W skia    : AGTM parsing failed flags.readFromStream(s) at 159
09-19 14:24:26.216   491   588 W skia    : AGTM parsing failed flags.readFromStream(s) at 159
09-19 14:24:26.315   491   588 W skia    : AGTM parsing failed flags.readFromStream(s) at 159
09-19 14:24:26.316   491   588 W skia    : AGTM parsing failed flags.readFromStream(s) at 159
09-19 14:24:26.324 20549 20549 I flutter : RN_VALIDATION_CHUNK START {"schema":1,"runner":"flutter_flame_godot","event":"sample","scenario":"normal","sample":30,"elapsed_ms":31708,"rss_bytes":545075200,"enemies":3,"burning":0,"turrets":6,"projectiles":0,"effects":0,"metrics":{"authored_terrain":true,"draw_calls":94.0,"fps":42.3766489115443,"frame_ms":23.5979018087855,"max_frame_ms":29.987,"objects":112.0,"primitives":186377.0,"received_frames":1554,"renderer":"mobile","sequence":1978,"viewport":[880.0,1976.0]}}
09-19 14:24:26.324 20549 20549 I flutter : RN_VALIDATION_END
09-19 14:24:26.447   491   588 W skia    : AGTM parsing failed flags.readFromStream(s) at 159
09-19 14:24:26.448   491   588 W skia    : AGTM parsing failed flags.readFromStream(s) at 159
09-19 14:24:26.561   491   588 W skia    : AGTM parsing failed flags.readFromStream(s) at 159
09-19 14:24:26.562   491   588 W skia    : AGTM parsing failed flags.readFromStream(s) at 159
09-19 14:24:26.664   491   588 W skia    : AGTM parsing failed flags.readFromStream(s) at 159
09-19 14:24:26.664   491   588 W skia    : AGTM parsing failed flags.readFromStream(s) at 159
09-19 14:24:26.764   491   588 W skia    : AGTM parsing failed flags.readFromStream(s) at 159
09-19 14:24:26.764   491   588 W skia    : AGTM parsing failed flags.readFromStream(s) at 159
09-19 14:24:26.864   491   588 W skia    : AGTM parsing failed flags.readFromStream(s) at 159
09-19 14:24:26.864   491   588 W skia    : AGTM parsing failed flags.readFromStream(s) at 159
09-19 14:24:26.963   491   588 W skia    : AGTM parsing failed flags.readFromStream(s) at 159
09-19 14:24:26.963   491   588 W skia    : AGTM parsing failed flags.readFromStream(s) at 159
09-19 14:24:27.066   491   588 W skia    : AGTM parsing failed flags.readFromStream(s) at 159
09-19 14:24:27.066   491   588 W skia    : AGTM parsing failed flags.readFromStream(s) at 159
09-19 14:24:27.165   491   588 W skia    : AGTM parsing failed flags.readFromStream(s) at 159
09-19 14:24:27.165   491   588 W skia    : AGTM parsing failed flags.readFromStream(s) at 159
09-19 14:24:27.268   491   588 W skia    : AGTM parsing failed flags.readFromStream(s) at 159
09-19 14:24:27.268   491   588 W skia    : AGTM parsing failed flags.readFromStream(s) at 159
09-19 14:24:27.338 20549 20549 I flutter : RN_VALIDATION_CHUNK START {"schema":1,"runner":"flutter_flame_godot","event":"sample","scenario":"normal","sample":31,"elapsed_ms":32722,"rss_bytes":545406976,"enemies":3,"burning":0,"turrets":6,"projectiles":0,"effects":0,"metrics":{"authored_terrain":true,"draw_calls":80.0,"fps":47.3806090908911,"frame_ms":21.1056805555556,"max_frame_ms":32.0416296296308,"objects":90.0,"primitives":183045.0,"received_frames":1597,"renderer":"mobile","sequence":2025,"viewport":[880.0,1976.0]}}
09-19 14:24:27.338 20549 20549 I flutter : RN_VALIDATION_END
09-19 14:24:27.379   491   588 W skia    : AGTM parsing failed flags.readFromStream(s) at 159
09-19 14:24:27.379   491   588 W skia    : AGTM parsing failed flags.readFromStream(s) at 159
09-19 14:24:27.481   491   588 W skia    : AGTM parsing failed flags.readFromStream(s) at 159
09-19 14:24:27.481   491   588 W skia    : AGTM parsing failed flags.readFromStream(s) at 159
09-19 14:24:27.580   491   588 W skia    : AGTM parsing failed flags.readFromStream(s) at 159
09-19 14:24:27.580   491   588 W skia    : AGTM parsing failed flags.readFromStream(s) at 159
09-19 14:24:27.679   645   800 D WifiClientModeImpl[3810:wlan0]: updateLinkLayerStatsRssiSpeedFrequencyCapabilities rssi=-50 TxLinkspeed=1 freq=2447 RxLinkSpeed=2
09-19 14:24:27.679   645   800 D WifiDataStall: tx tput in kbps: 11000
09-19 14:24:27.679   645   800 D WifiDataStall: rx tput in kbps: 11000
09-19 14:24:27.679   645   800 V WifiConfigManager: Updating scan detail cache freq=2447 BSSID=00:13:10:85:fe:01 RSSI=-50 for "AndroidWifi"NONE
09-19 14:24:27.679   645   800 D WifiThroughputPredictor:  utilization (LLS) 80 isBluetoothConnected: false final utilization: 80
09-19 14:24:27.679   645   800 D WifiThroughputPredictor:  BW: 0 RSSI: -50 Nss: 1 Mode: 1 symDur: 4000 snrDb 30 bitPerTone: 4500 rate: 54 throughput: 11
09-19 14:24:27.679   645   800 D WifiThroughputPredictor:  utilization (LLS) 80 isBluetoothConnected: false final utilization: 80
09-19 14:24:27.679   645   800 D WifiThroughputPredictor:  BW: 0 RSSI: -50 Nss: 1 Mode: 1 symDur: 4000 snrDb 30 bitPerTone: 4500 rate: 54 throughput: 11
09-19 14:24:27.680   645   800 D WifiThroughputPredictor:  utilization (LLS) 80 isBluetoothConnected: false final utilization: 80
09-19 14:24:27.680   645   800 D WifiThroughputPredictor:  BW: 0 RSSI: -50 Nss: 1 Mode: 1 symDur: 4000 snrDb 30 bitPerTone: 4500 rate: 54 throughput: 11
09-19 14:24:27.680   645   800 D WifiThroughputPredictor:  utilization (LLS) 80 isBluetoothConnected: false final utilization: 80
09-19 14:24:27.680   645   800 D WifiThroughputPredictor:  BW: 0 RSSI: -50 Nss: 1 Mode: 1 symDur: 4000 snrDb 30 bitPerTone: 4500 rate: 54 throughput: 11
09-19 14:24:27.681   491   588 W skia    : AGTM parsing failed flags.readFromStream(s) at 159
09-19 14:24:27.682   491   588 W skia    : AGTM parsing failed flags.readFromStream(s) at 159
09-19 14:24:27.684   645   800 I HalDevMgr: bestIfaceCreationProposal is null, requestIface=STA, existingIface=[name=wlan0 type=STA]
09-19 14:24:27.686   645   800 D WifiScoreCard: BSSID update SIGNAL_POLL ID: 760286919 SSID: "AndroidWifi", BSSID: 00:13:10:85:fe:01, MAC: 02:15:b2:00:00:00, IP: /10.0.2.16, Security type: 0, Supplicant state: COMPLETED, Wi-Fi standard: legacy, RSSI: -50, Link speed: 1Mbps, Tx Link speed: 1Mbps, Max Supported Tx Link speed: 11Mbps, Calculated Tx : 0Mbps, Rx Link speed: 2Mbps, Max Supported Rx Link speed: 11Mbps, Calculated Rx : 0Mbps, Frequency: 2447MHz, Net ID: 0, Metered hint: false, score: 100, isUsable: true, CarrierMerged: false, SubscriptionId: -1, IsPrimary: 1, Trusted: true, Restricted: false, Ephemeral: false, OEM paid: false, OEM private: false, OSU AP: false, FQDN: <none>, Provider friendly name: <none>, Requesting package name: <none>"AndroidWifi"openMLO Information: , Is TID-To-Link negotiation supported by the AP: false, AP MLD Address: <none>, AP MLO Link Id: <none>, AP MLO Affiliated links: <none>, Vendor Data: <none>
09-19 14:24:27.686   645   800 D WifiScoreCard: txRate: 1 txSpeed: 1
09-19 14:24:27.686   645   800 D WifiScoreCard: network update SIGNAL_POLL "AndroidWifi" ID: 673433585 RSSI -50 txSpeed -1
09-19 14:24:27.687   645   800 D WifiClientModeImpl[3810:wlan0]:  ClientModeImpl$L2ConnectedState screen=on 26 0 "AndroidWifi" 00:13:10:85:fe:01 rssi=-50 f=2447 sc=100 link=1 tx=0.0, 0.0, 0.0 rx=0.0 bcn=0 [on:0 tx:0 rx:0 period:3011] from screen [on:0 period:-1205894745] score=100
09-19 14:24:27.795   491   588 W skia    : AGTM parsing failed flags.readFromStream(s) at 159
09-19 14:24:27.795   491   588 W skia    : AGTM parsing failed flags.readFromStream(s) at 159
09-19 14:24:27.896   491   588 W skia    : AGTM parsing failed flags.readFromStream(s) at 159
09-19 14:24:27.896   491   588 W skia    : AGTM parsing failed flags.readFromStream(s) at 159
09-19 14:24:27.999   491   588 W skia    : AGTM parsing failed flags.readFromStream(s) at 159
09-19 14:24:28.000   491   588 W skia    : AGTM parsing failed flags.readFromStream(s) at 159
09-19 14:24:28.100   491   588 W skia    : AGTM parsing failed flags.readFromStream(s) at 159
09-19 14:24:28.100   491   588 W skia    : AGTM parsing failed flags.readFromStream(s) at 159
09-19 14:24:28.212   491   588 W skia    : AGTM parsing failed flags.readFromStream(s) at 159
09-19 14:24:28.212   491   588 W skia    : AGTM parsing failed flags.readFromStream(s) at 159
09-19 14:24:28.314   491   588 W skia    : AGTM parsing failed flags.readFromStream(s) at 159
09-19 14:24:28.315   491   588 W skia    : AGTM parsing failed flags.readFromStream(s) at 159
09-19 14:24:28.380 20549 20549 I flutter : RN_VALIDATION_CHUNK START {"schema":1,"runner":"flutter_flame_godot","event":"sample","scenario":"normal","sample":32,"elapsed_ms":33764,"rss_bytes":545169408,"enemies":3,"burning":0,"turrets":6,"projectiles":0,"effects":0,"metrics":{"authored_terrain":true,"draw_calls":117.0,"fps":43.9333969701933,"frame_ms":22.7617272727272,"max_frame_ms":28.3127272727273,"objects":143.0,"primitives":191591.0,"received_frames":1635,"renderer":"mobile","sequence":2067,"viewport":[880.0,1976.0]}}
09-19 14:24:28.380 20549 20549 I flutter : RN_VALIDATION_END
09-19 14:24:28.415   491   588 W skia    : AGTM parsing failed flags.readFromStream(s) at 159
09-19 14:24:28.416   491   588 W skia    : AGTM parsing failed flags.readFromStream(s) at 159
09-19 14:24:28.518   491   588 W skia    : AGTM parsing failed flags.readFromStream(s) at 159
09-19 14:24:28.518   491   588 W skia    : AGTM parsing failed flags.readFromStream(s) at 159
09-19 14:24:28.628   491   588 W skia    : AGTM parsing failed flags.readFromStream(s) at 159
09-19 14:24:28.628   491   588 W skia    : AGTM parsing failed flags.readFromStream(s) at 159
09-19 14:24:28.742   491   588 W skia    : AGTM parsing failed flags.readFromStream(s) at 159
09-19 14:24:28.742   491   588 W skia    : AGTM parsing failed flags.readFromStream(s) at 159
09-19 14:24:28.844   491   588 W skia    : AGTM parsing failed flags.readFromStream(s) at 159
09-19 14:24:28.844   491   588 W skia    : AGTM parsing failed flags.readFromStream(s) at 159
09-19 14:24:28.948   491   588 W skia    : AGTM parsing failed flags.readFromStream(s) at 159
09-19 14:24:28.948   491   588 W skia    : AGTM parsing failed flags.readFromStream(s) at 159
09-19 14:24:29.049   491   588 W skia    : AGTM parsing failed flags.readFromStream(s) at 159
09-19 14:24:29.049   491   588 W skia    : AGTM parsing failed flags.readFromStream(s) at 159
09-19 14:24:29.163   491   588 W skia    : AGTM parsing failed flags.readFromStream(s) at 159
09-19 14:24:29.163   491   588 W skia    : AGTM parsing failed flags.readFromStream(s) at 159
09-19 14:24:29.267   491   588 W skia    : AGTM parsing failed flags.readFromStream(s) at 159
09-19 14:24:29.268   491   588 W skia    : AGTM parsing failed flags.readFromStream(s) at 159
09-19 14:24:29.385   491   588 W skia    : AGTM parsing failed flags.readFromStream(s) at 159
09-19 14:24:29.385   491   588 W skia    : AGTM parsing failed flags.readFromStream(s) at 159
09-19 14:24:29.447 20549 20549 I flutter : RN_VALIDATION_CHUNK START {"schema":1,"runner":"flutter_flame_godot","event":"sample","scenario":"normal","sample":33,"elapsed_ms":34831,"rss_bytes":545144832,"enemies":3,"burning":0,"turrets":6,"projectiles":0,"effects":0,"metrics":{"authored_terrain":true,"draw_calls":82.0,"fps":42.9584305586959,"frame_ms":23.2783178294574,"max_frame_ms":29.973,"objects":92.0,"primitives":184145.0,"received_frames":1675,"renderer":"mobile","sequence":2116,"viewport":[880.0,1976.0]}}
09-19 14:24:29.447 20549 20549 I flutter : RN_VALIDATION_END
09-19 14:24:29.484   491   588 W skia    : AGTM parsing failed flags.readFromStream(s) at 159
09-19 14:24:29.484   491   588 W skia    : AGTM parsing failed flags.readFromStream(s) at 159
09-19 14:24:29.614   491   588 W skia    : AGTM parsing failed flags.readFromStream(s) at 159
09-19 14:24:29.614   491   588 W skia    : AGTM parsing failed flags.readFromStream(s) at 159
09-19 14:24:29.715   491   588 W skia    : AGTM parsing failed flags.readFromStream(s) at 159
09-19 14:24:29.715   491   588 W skia    : AGTM parsing failed flags.readFromStream(s) at 159
09-19 14:24:29.816   491   588 W skia    : AGTM parsing failed flags.readFromStream(s) at 159
09-19 14:24:29.816   491   588 W skia    : AGTM parsing failed flags.readFromStream(s) at 159
09-19 14:24:29.919   491   588 W skia    : AGTM parsing failed flags.readFromStream(s) at 159
09-19 14:24:29.919   491   588 W skia    : AGTM parsing failed flags.readFromStream(s) at 159
09-19 14:24:30.029   491   588 W skia    : AGTM parsing failed flags.readFromStream(s) at 159
09-19 14:24:30.029   491   588 W skia    : AGTM parsing failed flags.readFromStream(s) at 159
09-19 14:24:30.132   491   588 W skia    : AGTM parsing failed flags.readFromStream(s) at 159
09-19 14:24:30.133   491   588 W skia    : AGTM parsing failed flags.readFromStream(s) at 159
09-19 14:24:30.231   491   588 W skia    : AGTM parsing failed flags.readFromStream(s) at 159
09-19 14:24:30.231   491   588 W skia    : AGTM parsing failed flags.readFromStream(s) at 159
09-19 14:24:30.332   491   588 W skia    : AGTM parsing failed flags.readFromStream(s) at 159
09-19 14:24:30.332   491   588 W skia    : AGTM parsing failed flags.readFromStream(s) at 159
09-19 14:24:30.442   491   588 W skia    : AGTM parsing failed flags.readFromStream(s) at 159
09-19 14:24:30.443   491   588 W skia    : AGTM parsing failed flags.readFromStream(s) at 159
09-19 14:24:30.471 20549 20549 I flutter : RN_VALIDATION_CHUNK START {"schema":1,"runner":"flutter_flame_godot","event":"sample","scenario":"normal","sample":34,"elapsed_ms":35855,"rss_bytes":545419264,"enemies":3,"burning":0,"turrets":6,"projectiles":0,"effects":0,"metrics":{"authored_terrain":true,"draw_calls":135.0,"fps":38.4870690397081,"frame_ms":25.9827527777777,"max_frame_ms":62.7213333333333,"objects":255.0,"primitives":190229.0,"received_frames":1710,"renderer":"mobile","sequence":2158,"viewport":[880.0,1976.0]}}
09-19 14:24:30.471 20549 20549 I flutter : RN_VALIDATION_END
09-19 14:24:30.545   491   588 W skia    : AGTM parsing failed flags.readFromStream(s) at 159
09-19 14:24:30.545   491   588 W skia    : AGTM parsing failed flags.readFromStream(s) at 159
09-19 14:24:30.648   491   588 W skia    : AGTM parsing failed flags.readFromStream(s) at 159
09-19 14:24:30.649   491   588 W skia    : AGTM parsing failed flags.readFromStream(s) at 159
09-19 14:24:30.693   645   800 D WifiClientModeImpl[3810:wlan0]: updateLinkLayerStatsRssiSpeedFrequencyCapabilities rssi=-50 TxLinkspeed=1 freq=2447 RxLinkSpeed=2
09-19 14:24:30.694   645   800 D WifiDataStall: tx tput in kbps: 11000
09-19 14:24:30.694   645   800 D WifiDataStall: rx tput in kbps: 11000
09-19 14:24:30.694   645   800 V WifiConfigManager: Updating scan detail cache freq=2447 BSSID=00:13:10:85:fe:01 RSSI=-50 for "AndroidWifi"NONE
09-19 14:24:30.694   645   800 D WifiThroughputPredictor:  utilization (LLS) 80 isBluetoothConnected: false final utilization: 80
09-19 14:24:30.694   645   800 D WifiThroughputPredictor:  BW: 0 RSSI: -50 Nss: 1 Mode: 1 symDur: 4000 snrDb 30 bitPerTone: 4500 rate: 54 throughput: 11
09-19 14:24:30.694   645   800 D WifiThroughputPredictor:  utilization (LLS) 80 isBluetoothConnected: false final utilization: 80
09-19 14:24:30.694   645   800 D WifiThroughputPredictor:  BW: 0 RSSI: -50 Nss: 1 Mode: 1 symDur: 4000 snrDb 30 bitPerTone: 4500 rate: 54 throughput: 11
09-19 14:24:30.694   645   800 D WifiThroughputPredictor:  utilization (LLS) 80 isBluetoothConnected: false final utilization: 80
09-19 14:24:30.694   645   800 D WifiThroughputPredictor:  BW: 0 RSSI: -50 Nss: 1 Mode: 1 symDur: 4000 snrDb 30 bitPerTone: 4500 rate: 54 throughput: 11
09-19 14:24:30.694   645   800 D WifiThroughputPredictor:  utilization (LLS) 80 isBluetoothConnected: false final utilization: 80
09-19 14:24:30.694   645   800 D WifiThroughputPredictor:  BW: 0 RSSI: -50 Nss: 1 Mode: 1 symDur: 4000 snrDb 30 bitPerTone: 4500 rate: 54 throughput: 11
09-19 14:24:30.699   645   800 I HalDevMgr: bestIfaceCreationProposal is null, requestIface=STA, existingIface=[name=wlan0 type=STA]
09-19 14:24:30.699   645   800 D WifiScoreCard: BSSID update SIGNAL_POLL ID: 760286919 SSID: "AndroidWifi", BSSID: 00:13:10:85:fe:01, MAC: 02:15:b2:00:00:00, IP: /10.0.2.16, Security type: 0, Supplicant state: COMPLETED, Wi-Fi standard: legacy, RSSI: -50, Link speed: 1Mbps, Tx Link speed: 1Mbps, Max Supported Tx Link speed: 11Mbps, Calculated Tx : 0Mbps, Rx Link speed: 2Mbps, Max Supported Rx Link speed: 11Mbps, Calculated Rx : 0Mbps, Frequency: 2447MHz, Net ID: 0, Metered hint: false, score: 100, isUsable: true, CarrierMerged: false, SubscriptionId: -1, IsPrimary: 1, Trusted: true, Restricted: false, Ephemeral: false, OEM paid: false, OEM private: false, OSU AP: false, FQDN: <none>, Provider friendly name: <none>, Requesting package name: <none>"AndroidWifi"openMLO Information: , Is TID-To-Link negotiation supported by the AP: false, AP MLD Address: <none>, AP MLO Link Id: <none>, AP MLO Affiliated links: <none>, Vendor Data: <none>
09-19 14:24:30.699   645   800 D WifiScoreCard: txRate: 1 txSpeed: 1
09-19 14:24:30.699   645   800 D WifiScoreCard: network update SIGNAL_POLL "AndroidWifi" ID: 673433585 RSSI -50 txSpeed -1
09-19 14:24:30.699   645   800 D WifiClientModeImpl[3810:wlan0]:  ClientModeImpl$L2ConnectedState screen=on 26 0 "AndroidWifi" 00:13:10:85:fe:01 rssi=-50 f=2447 sc=100 link=1 tx=0.0, 0.0, 0.0 rx=0.0 bcn=0 [on:0 tx:0 rx:0 period:3012] from screen [on:0 period:-1205891733] score=100
09-19 14:24:30.748   491   588 W skia    : AGTM parsing failed flags.readFromStream(s) at 159
09-19 14:24:30.748   491   588 W skia    : AGTM parsing failed flags.readFromStream(s) at 159
09-19 14:24:30.848   491   588 W skia    : AGTM parsing failed flags.readFromStream(s) at 159
09-19 14:24:30.849   491   588 W skia    : AGTM parsing failed flags.readFromStream(s) at 159
09-19 14:24:30.949   491   588 W skia    : AGTM parsing failed flags.readFromStream(s) at 159
09-19 14:24:30.950   491   588 W skia    : AGTM parsing failed flags.readFromStream(s) at 159
09-19 14:24:31.064   491   588 W skia    : AGTM parsing failed flags.readFromStream(s) at 159
09-19 14:24:31.064   491   588 W skia    : AGTM parsing failed flags.readFromStream(s) at 159
09-19 14:24:31.165   491   588 W skia    : AGTM parsing failed flags.readFromStream(s) at 159
09-19 14:24:31.165   491   588 W skia    : AGTM parsing failed flags.readFromStream(s) at 159
09-19 14:24:31.267   491   588 W skia    : AGTM parsing failed flags.readFromStream(s) at 159
09-19 14:24:31.267   491   588 W skia    : AGTM parsing failed flags.readFromStream(s) at 159
09-19 14:24:31.381   491   588 W skia    : AGTM parsing failed flags.readFromStream(s) at 159
09-19 14:24:31.381   491   588 W skia    : AGTM parsing failed flags.readFromStream(s) at 159
09-19 14:24:31.484   491   588 W skia    : AGTM parsing failed flags.readFromStream(s) at 159
09-19 14:24:31.485   491   588 W skia    : AGTM parsing failed flags.readFromStream(s) at 159
09-19 14:24:31.499 20549 20549 I flutter : RN_VALIDATION_CHUNK START {"schema":1,"runner":"flutter_flame_godot","event":"sample","scenario":"normal","sample":35,"elapsed_ms":36883,"rss_bytes":545230848,"enemies":3,"burning":0,"turrets":6,"projectiles":0,"effects":0,"metrics":{"authored_terrain":true,"draw_calls":92.0,"fps":29.831665536205,"frame_ms":33.5214270482604,"max_frame_ms":54.8043333333346,"objects":106.0,"primitives":187461.0,"received_frames":1739,"renderer":"mobile","sequence":2208,"viewport":[880.0,1976.0]}}
09-19 14:24:31.499 20549 20549 I flutter : RN_VALIDATION_END
09-19 14:24:31.581   491   588 W skia    : AGTM parsing failed flags.readFromStream(s) at 159
09-19 14:24:31.581   491   588 W skia    : AGTM parsing failed flags.readFromStream(s) at 159
09-19 14:24:31.712   491   588 W skia    : AGTM parsing failed flags.readFromStream(s) at 159
09-19 14:24:31.712   491   588 W skia    : AGTM parsing failed flags.readFromStream(s) at 159
09-19 14:24:31.813   491   588 W skia    : AGTM parsing failed flags.readFromStream(s) at 159
09-19 14:24:31.813   491   588 W skia    : AGTM parsing failed flags.readFromStream(s) at 159
09-19 14:24:31.913   491   588 W skia    : AGTM parsing failed flags.readFromStream(s) at 159
09-19 14:24:31.914   491   588 W skia    : AGTM parsing failed flags.readFromStream(s) at 159
09-19 14:24:32.014   491   588 W skia    : AGTM parsing failed flags.readFromStream(s) at 159
09-19 14:24:32.014   491   588 W skia    : AGTM parsing failed flags.readFromStream(s) at 159
09-19 14:24:32.115   491   588 W skia    : AGTM parsing failed flags.readFromStream(s) at 159
09-19 14:24:32.116   491   588 W skia    : AGTM parsing failed flags.readFromStream(s) at 159
09-19 14:24:32.235   491   588 W skia    : AGTM parsing failed flags.readFromStream(s) at 159
09-19 14:24:32.236   491   588 W skia    : AGTM parsing failed flags.readFromStream(s) at 159
09-19 14:24:32.336   892   892 D wpa_supplicant: nl80211: Drv Event 64 (NL80211_CMD_NOTIFY_CQM) received for wlan0
09-19 14:24:32.336   892   892 D wpa_supplicant: nl80211: Beacon loss event
09-19 14:24:32.336   892   892 D wpa_supplicant: wlan0: Event BEACON_LOSS (53) received
09-19 14:24:32.336   892   892 I wpa_supplicant: wlan0: CTRL-EVENT-BEACON-LOSS 
09-19 14:24:32.348   491   588 W skia    : AGTM parsing failed flags.readFromStream(s) at 159
09-19 14:24:32.350   491   588 W skia    : AGTM parsing failed flags.readFromStream(s) at 159
09-19 14:24:32.448   491   588 W skia    : AGTM parsing failed flags.readFromStream(s) at 159
09-19 14:24:32.448   491   588 W skia    : AGTM parsing failed flags.readFromStream(s) at 159
09-19 14:24:32.553   491   588 W skia    : AGTM parsing failed flags.readFromStream(s) at 159
09-19 14:24:32.553   491   588 W skia    : AGTM parsing failed flags.readFromStream(s) at 159
09-19 14:24:32.596 20549 20549 I flutter : RN_VALIDATION_CHUNK START {"schema":1,"runner":"flutter_flame_godot","event":"sample","scenario":"normal","sample":36,"elapsed_ms":37980,"rss_bytes":545206272,"enemies":3,"burning":0,"turrets":6,"projectiles":0,"effects":0,"metrics":{"authored_terrain":true,"draw_calls":80.0,"fps":43.8808746540901,"frame_ms":22.7889714569942,"max_frame_ms":31.135,"objects":90.0,"primitives":183045.0,"received_frames":1776,"renderer":"mobile","sequence":2250,"viewport":[880.0,1976.0]}}
09-19 14:24:32.596 20549 20549 I flutter : RN_VALIDATION_END
09-19 14:24:32.610   487   531 D AudioFlinger: mixer(0xb400006ff95ca790) throttle end: throttle time(1)
09-19 14:24:32.684   439 20593 D android.hardware.audio@7.1-impl.ranchu: 544 frames of silence written
09-19 14:24:32.722 20549 20553 I us.godotpreview: NativeAlloc concurrent mark compact GC freed 129KB AllocSpace bytes, 4(192KB) LOS objects, 49% free, 2263KB/4526KB, paused 3.958ms,15.470ms total 73.834ms
09-19 14:24:32.745   491   588 W skia    : AGTM parsing failed flags.readFromStream(s) at 159
09-19 14:24:32.745   491   588 W skia    : AGTM parsing failed flags.readFromStream(s) at 159
09-19 14:24:32.796   487   531 D AudioFlinger: mixer(0xb400006ff95ca790) throttle end: throttle time(40)
09-19 14:24:32.863   491   588 W skia    : AGTM parsing failed flags.readFromStream(s) at 159
09-19 14:24:32.863   491   588 W skia    : AGTM parsing failed flags.readFromStream(s) at 159
09-19 14:24:32.965   491   588 W skia    : AGTM parsing failed flags.readFromStream(s) at 159
09-19 14:24:32.965   491   588 W skia    : AGTM parsing failed flags.readFromStream(s) at 159
09-19 14:24:32.998   487   531 D AudioFlinger: mixer(0xb400006ff95ca790) throttle end: throttle time(16)
09-19 14:24:33.080   491   588 W skia    : AGTM parsing failed flags.readFromStream(s) at 159
09-19 14:24:33.080   491   588 W skia    : AGTM parsing failed flags.readFromStream(s) at 159
09-19 14:24:33.181   491   588 W skia    : AGTM parsing failed flags.readFromStream(s) at 159
09-19 14:24:33.181   491   588 W skia    : AGTM parsing failed flags.readFromStream(s) at 159
09-19 14:24:33.285   491   588 W skia    : AGTM parsing failed flags.readFromStream(s) at 159
09-19 14:24:33.285   491   588 W skia    : AGTM parsing failed flags.readFromStream(s) at 159
09-19 14:24:33.430   491   588 W skia    : AGTM parsing failed flags.readFromStream(s) at 159
09-19 14:24:33.434   491   588 W skia    : AGTM parsing failed flags.readFromStream(s) at 159
09-19 14:24:33.450   487   531 D AudioFlinger: mixer(0xb400006ff95ca790) throttle end: throttle time(13)
09-19 14:24:33.578   491   588 W skia    : AGTM parsing failed flags.readFromStream(s) at 159
09-19 14:24:33.578   491   588 W skia    : AGTM parsing failed flags.readFromStream(s) at 159
09-19 14:24:33.608   487   531 D AudioFlinger: mixer(0xb400006ff95ca790) throttle end: throttle time(8)
09-19 14:24:33.636 20549 20549 I flutter : RN_VALIDATION_CHUNK START {"schema":1,"runner":"flutter_flame_godot","event":"sample","scenario":"normal","sample":37,"elapsed_ms":39021,"rss_bytes":545431552,"enemies":3,"burning":0,"turrets":6,"projectiles":0,"effects":0,"metrics":{"authored_terrain":true,"draw_calls":119.0,"fps":31.1912929505728,"frame_ms":32.0602291666667,"max_frame_ms":75.6193333333333,"objects":145.0,"primitives":192041.0,"received_frames":1797,"renderer":"mobile","sequence":2277,"viewport":[880.0,1976.0]}}
09-19 14:24:33.637 20549 20549 I flutter : RN_VALIDATION_END
09-19 14:24:33.683   491   588 W skia    : AGTM parsing failed flags.readFromStream(s) at 159
09-19 14:24:33.683   491   588 W skia    : AGTM parsing failed flags.readFromStream(s) at 159
09-19 14:24:33.723   487   531 D AudioFlinger: mixer(0xb400006ff95ca790) throttle end: throttle time(4)
09-19 14:24:33.727   645   800 D WifiClientModeImpl[3810:wlan0]: updateLinkLayerStatsRssiSpeedFrequencyCapabilities rssi=-50 TxLinkspeed=1 freq=2447 RxLinkSpeed=2
09-19 14:24:33.731   645   800 D WifiDataStall: tx tput in kbps: 11000
09-19 14:24:33.732   645   800 D WifiDataStall: rx tput in kbps: 11000
09-19 14:24:33.732   645   800 V WifiConfigManager: Updating scan detail cache freq=2447 BSSID=00:13:10:85:fe:01 RSSI=-50 for "AndroidWifi"NONE
09-19 14:24:33.752   645   800 D WifiThroughputPredictor:  utilization (LLS) 80 isBluetoothConnected: false final utilization: 80
09-19 14:24:33.754   487   531 D AudioFlinger: mixer(0xb400006ff95ca790) throttle end: throttle time(8)
09-19 14:24:33.755   645   800 D WifiThroughputPredictor:  BW: 0 RSSI: -50 Nss: 1 Mode: 1 symDur: 4000 snrDb 30 bitPerTone: 4500 rate: 54 throughput: 11
09-19 14:24:33.755   645   800 D WifiThroughputPredictor:  utilization (LLS) 80 isBluetoothConnected: false final utilization: 80
09-19 14:24:33.755   645   800 D WifiThroughputPredictor:  BW: 0 RSSI: -50 Nss: 1 Mode: 1 symDur: 4000 snrDb 30 bitPerTone: 4500 rate: 54 throughput: 11
09-19 14:24:33.756   645   800 D WifiThroughputPredictor:  utilization (LLS) 80 isBluetoothConnected: false final utilization: 80
09-19 14:24:33.756   645   800 D WifiThroughputPredictor:  BW: 0 RSSI: -50 Nss: 1 Mode: 1 symDur: 4000 snrDb 30 bitPerTone: 4500 rate: 54 throughput: 11
09-19 14:24:33.756   645   800 D WifiThroughputPredictor:  utilization (LLS) 80 isBluetoothConnected: false final utilization: 80
09-19 14:24:33.756   645   800 D WifiThroughputPredictor:  BW: 0 RSSI: -50 Nss: 1 Mode: 1 symDur: 4000 snrDb 30 bitPerTone: 4500 rate: 54 throughput: 11
09-19 14:24:33.784   645   669 I DisplayDeviceRepository: Display device changed render timings: "Built-in Screen", renderFrameRate=60.000004, presentationDeadlineNanos=16666666, appVsyncOffsetNanos=1000000, frameRateOverrides=[{uid=10231 frameRateHz=60.000004}]
09-19 14:24:33.799   645   800 I HalDevMgr: bestIfaceCreationProposal is null, requestIface=STA, existingIface=[name=wlan0 type=STA]
09-19 14:24:33.802   645   800 D WifiScoreCard: BSSID update SIGNAL_POLL ID: 760286919 SSID: "AndroidWifi", BSSID: 00:13:10:85:fe:01, MAC: 02:15:b2:00:00:00, IP: /10.0.2.16, Security type: 0, Supplicant state: COMPLETED, Wi-Fi standard: legacy, RSSI: -50, Link speed: 1Mbps, Tx Link speed: 1Mbps, Max Supported Tx Link speed: 11Mbps, Calculated Tx : 0Mbps, Rx Link speed: 2Mbps, Max Supported Rx Link speed: 11Mbps, Calculated Rx : 0Mbps, Frequency: 2447MHz, Net ID: 0, Metered hint: false, score: 100, isUsable: true, CarrierMerged: false, SubscriptionId: -1, IsPrimary: 1, Trusted: true, Restricted: false, Ephemeral: false, OEM paid: false, OEM private: false, OSU AP: false, FQDN: <none>, Provider friendly name: <none>, Requesting package name: <none>"AndroidWifi"openMLO Information: , Is TID-To-Link negotiation supported by the AP: false, AP MLD Address: <none>, AP MLO Link Id: <none>, AP MLO Affiliated links: <none>, Vendor Data: <none>
09-19 14:24:33.802   645   800 D WifiScoreCard: txRate: 1 txSpeed: 1
09-19 14:24:33.802   645   800 D WifiScoreCard: network update SIGNAL_POLL "AndroidWifi" ID: 673433585 RSSI -50 txSpeed -1
09-19 14:24:33.802   645   800 D WifiClientModeImpl[3810:wlan0]:  ClientModeImpl$L2ConnectedState screen=on 26 0 "AndroidWifi" 00:13:10:85:fe:01 rssi=-50 f=2447 sc=100 link=1 tx=0.0, 0.0, 0.0 rx=0.0 bcn=0 [on:0 tx:0 rx:0 period:3103] from screen [on:0 period:-1205888630] score=100
09-19 14:24:33.812   487   531 D AudioFlinger: mixer(0xb400006ff95ca790) throttle end: throttle time(1)
09-19 14:24:33.827   491   588 W skia    : AGTM parsing failed flags.readFromStream(s) at 159
09-19 14:24:33.827   491   588 W skia    : AGTM parsing failed flags.readFromStream(s) at 159
09-19 14:24:33.944 20549 20553 I us.godotpreview: NativeAlloc concurrent mark compact GC freed 193KB AllocSpace bytes, 4(192KB) LOS objects, 49% free, 2295KB/4590KB, paused 7.824ms,1.338ms total 109.915ms
09-19 14:24:33.999   491   588 W skia    : AGTM parsing failed flags.readFromStream(s) at 159
09-19 14:24:33.999   491   588 W skia    : AGTM parsing failed flags.readFromStream(s) at 159
09-19 14:24:34.062   487   531 D AudioFlinger: mixer(0xb400006ff95ca790) throttle end: throttle time(43)
09-19 14:24:34.080   491   588 W skia    : AGTM parsing failed flags.readFromStream(s) at 159
09-19 14:24:34.080   491   588 W skia    : AGTM parsing failed flags.readFromStream(s) at 159
09-19 14:24:34.122   645   669 I DisplayDeviceRepository: Display device changed render timings: "Built-in Screen", renderFrameRate=60.000004, presentationDeadlineNanos=16666666, appVsyncOffsetNanos=1000000, frameRateOverrides=[]
09-19 14:24:34.214   491   588 W skia    : AGTM parsing failed flags.readFromStream(s) at 159
09-19 14:24:34.214   491   588 W skia    : AGTM parsing failed flags.readFromStream(s) at 159
09-19 14:24:34.313   491   588 W skia    : AGTM parsing failed flags.readFromStream(s) at 159
09-19 14:24:34.313   491   588 W skia    : AGTM parsing failed flags.readFromStream(s) at 159
09-19 14:24:34.424   491   588 W skia    : AGTM parsing failed flags.readFromStream(s) at 159
09-19 14:24:34.424   491   588 W skia    : AGTM parsing failed flags.readFromStream(s) at 159
09-19 14:24:34.528   491   588 W skia    : AGTM parsing failed flags.readFromStream(s) at 159
09-19 14:24:34.528   491   588 W skia    : AGTM parsing failed flags.readFromStream(s) at 159
09-19 14:24:34.631   491   588 W skia    : AGTM parsing failed flags.readFromStream(s) at 159
09-19 14:24:34.631   491   588 W skia    : AGTM parsing failed flags.readFromStream(s) at 159
09-19 14:24:34.663 20549 20549 I flutter : RN_VALIDATION_CHUNK START {"schema":1,"runner":"flutter_flame_godot","event":"sample","scenario":"normal","sample":38,"elapsed_ms":40047,"rss_bytes":545316864,"enemies":3,"burning":0,"turrets":6,"projectiles":0,"effects":0,"metrics":{"authored_terrain":true,"draw_calls":86.0,"fps":22.800028549601,"frame_ms":43.8595942028985,"max_frame_ms":118.815333333332,"objects":96.0,"primitives":186345.0,"received_frames":1814,"renderer":"mobile","sequence":2295,"viewport":[880.0,1976.0]}}
09-19 14:24:34.663 20549 20549 I flutter : RN_VALIDATION_END
09-19 14:24:34.749   491   588 W skia    : AGTM parsing failed flags.readFromStream(s) at 159
09-19 14:24:34.749   491   588 W skia    : AGTM parsing failed flags.readFromStream(s) at 159
09-19 14:24:34.860   491   588 W skia    : AGTM parsing failed flags.readFromStream(s) at 159
09-19 14:24:34.860   491   588 W skia    : AGTM parsing failed flags.readFromStream(s) at 159
09-19 14:24:34.977   491   588 W skia    : AGTM parsing failed flags.readFromStream(s) at 159
09-19 14:24:34.977   491   588 W skia    : AGTM parsing failed flags.readFromStream(s) at 159
09-19 14:24:35.077   491   588 W skia    : AGTM parsing failed flags.readFromStream(s) at 159
09-19 14:24:35.077   491   588 W skia    : AGTM parsing failed flags.readFromStream(s) at 159
09-19 14:24:35.182   491   588 W skia    : AGTM parsing failed flags.readFromStream(s) at 159
09-19 14:24:35.182   491   588 W skia    : AGTM parsing failed flags.readFromStream(s) at 159
09-19 14:24:35.283   491   588 W skia    : AGTM parsing failed flags.readFromStream(s) at 159
09-19 14:24:35.283   491   588 W skia    : AGTM parsing failed flags.readFromStream(s) at 159
09-19 14:24:35.394   491   588 W skia    : AGTM parsing failed flags.readFromStream(s) at 159
09-19 14:24:35.394   491   588 W skia    : AGTM parsing failed flags.readFromStream(s) at 159
09-19 14:24:35.494   491   588 W skia    : AGTM parsing failed flags.readFromStream(s) at 159
09-19 14:24:35.494   491   588 W skia    : AGTM parsing failed flags.readFromStream(s) at 159
09-19 14:24:35.596   491   588 W skia    : AGTM parsing failed flags.readFromStream(s) at 159
09-19 14:24:35.596   491   588 W skia    : AGTM parsing failed flags.readFromStream(s) at 159
09-19 14:24:35.686 20549 20549 I flutter : RN_VALIDATION_CHUNK START {"schema":1,"runner":"flutter_flame_godot","event":"sample","scenario":"normal","sample":39,"elapsed_ms":41071,"rss_bytes":545759232,"enemies":3,"burning":0,"turrets":6,"projectiles":0,"effects":0,"metrics":{"authored_terrain":true,"draw_calls":100.0,"fps":33.4925373134328,"frame_ms":29.8573975044563,"max_frame_ms":83.3333333333333,"objects":116.0,"primitives":186261.0,"received_frames":1846,"renderer":"mobile","sequence":2332,"viewport":[880.0,1976.0]}}
09-19 14:24:35.686 20549 20549 I flutter : RN_VALIDATION_END
09-19 14:24:35.696   491   588 W skia    : AGTM parsing failed flags.readFromStream(s) at 159
09-19 14:24:35.696   491   588 W skia    : AGTM parsing failed flags.readFromStream(s) at 159
09-19 14:24:35.797   491   588 W skia    : AGTM parsing failed flags.readFromStream(s) at 159
09-19 14:24:35.797   491   588 W skia    : AGTM parsing failed flags.readFromStream(s) at 159
09-19 14:24:35.899   491   588 W skia    : AGTM parsing failed flags.readFromStream(s) at 159
09-19 14:24:35.899   491   588 W skia    : AGTM parsing failed flags.readFromStream(s) at 159
09-19 14:24:35.995  1012  1174 D SatelliteController: isInCarrierRoamingNbIotNtn: satellite is disabled
09-19 14:24:35.995  1012  1174 D SatelliteController: getCarrierRoamingNtnConnectType: Checking connect type from PLMN config for subId: 1
09-19 14:24:35.995  1012  1174 D TelephonyConfigUpdateInstallReceiver: getConfigParser: domain=satellite
09-19 14:24:35.995  1012  1174 V SatelliteController: satelliteConfigParser is not ready
09-19 14:24:35.995  1012  1174 D SatelliteController: isSatelliteAttachSupportedViaConfigupdater: return null (satelliteConfig is null)
09-19 14:24:36.000  1012  1174 D SatelliteController: getSatellitePerPlmnConfiguration: invalid subId or not supported via carrier.
09-19 14:24:36.000  1012  1174 D SatelliteController: getCarrierRoamingNtnConnectType: config: null
09-19 14:24:36.000  1012  1174 D TelephonyConfigUpdateInstallReceiver: getConfigParser: domain=satellite
09-19 14:24:36.000  1012  1174 V SatelliteController: satelliteConfigParser is not ready
09-19 14:24:36.000  1012  1174 D SatelliteController: getCarrierRoamingNtnConnectTypeViaConfigUpdater: return null (satelliteConfig is null)
09-19 14:24:36.000  1012  1174 D SatelliteController: getCarrierRoamingNtnConnectType: Falling back to global carrier config connect type: 0
09-19 14:24:36.000  1012  1174 D TelephonyConfigUpdateInstallReceiver: getConfigParser: domain=satellite
09-19 14:24:36.000  1012  1174 V SatelliteController: satelliteConfigParser is not ready
09-19 14:24:36.000  1012  1174 D SatelliteController: isSatelliteAttachSupportedViaConfigupdater: return null (satelliteConfig is null)
09-19 14:24:36.000  1012  1174 D SatelliteController: getCarrierRoamingNtnConnectType: Checking connect type from PLMN config for subId: 1
09-19 14:24:36.000  1012  1174 D TelephonyConfigUpdateInstallReceiver: getConfigParser: domain=satellite
09-19 14:24:36.000  1012  1174 V SatelliteController: satelliteConfigParser is not ready
09-19 14:24:36.000  1012  1174 D SatelliteController: isSatelliteAttachSupportedViaConfigupdater: return null (satelliteConfig is null)
09-19 14:24:36.001  1012  1174 D SatelliteController: getSatellitePerPlmnConfiguration: invalid subId or not supported via carrier.
09-19 14:24:36.001  1012  1174 D SatelliteController: getCarrierRoamingNtnConnectType: config: null
09-19 14:24:36.001  1012  1174 D TelephonyConfigUpdateInstallReceiver: getConfigParser: domain=satellite
09-19 14:24:36.001  1012  1174 V SatelliteController: satelliteConfigParser is not ready
09-19 14:24:36.001  1012  1174 D SatelliteController: getCarrierRoamingNtnConnectTypeViaConfigUpdater: return null (satelliteConfig is null)
09-19 14:24:36.001  1012  1174 D SatelliteController: getCarrierRoamingNtnConnectType: Falling back to global carrier config connect type: 0
09-19 14:24:36.001  1012  1174 D TelephonyConfigUpdateInstallReceiver: getConfigParser: domain=satellite
09-19 14:24:36.001  1012  1174 V SatelliteController: satelliteConfigParser is not ready
09-19 14:24:36.001  1012  1174 D SatelliteController: isSatelliteAttachSupportedViaConfigupdater: return null (satelliteConfig is null)
09-19 14:24:36.004   491   588 W skia    : AGTM parsing failed flags.readFromStream(s) at 159
09-19 14:24:36.004   491   588 W skia    : AGTM parsing failed flags.readFromStream(s) at 159
09-19 14:24:36.109   491   588 W skia    : AGTM parsing failed flags.readFromStream(s) at 159
09-19 14:24:36.109   491   588 W skia    : AGTM parsing failed flags.readFromStream(s) at 159
09-19 14:24:36.219   491   588 W skia    : AGTM parsing failed flags.readFromStream(s) at 159
09-19 14:24:36.220   491   588 W skia    : AGTM parsing failed flags.readFromStream(s) at 159
09-19 14:24:36.260   487   531 D AudioFlinger: mixer(0xb400006ff95ca790) throttle end: throttle time(1)
09-19 14:24:36.314   491   588 W skia    : AGTM parsing failed flags.readFromStream(s) at 159
09-19 14:24:36.314   491   588 W skia    : AGTM parsing failed flags.readFromStream(s) at 159
09-19 14:24:36.417   491   588 W skia    : AGTM parsing failed flags.readFromStream(s) at 159
09-19 14:24:36.417   491   588 W skia    : AGTM parsing failed flags.readFromStream(s) at 159
09-19 14:24:36.443 20549 20553 W us.godotpreview: Suspending all threads took: 5.389ms
09-19 14:24:36.449 20549 20553 I us.godotpreview: NativeAlloc concurrent mark compact GC freed 130KB AllocSpace bytes, 6(312KB) LOS objects, 49% free, 2367KB/4735KB, paused 5.572ms,667us total 20.201ms
09-19 14:24:36.525   491   588 W skia    : AGTM parsing failed flags.readFromStream(s) at 159
09-19 14:24:36.525   491   588 W skia    : AGTM parsing failed flags.readFromStream(s) at 159
09-19 14:24:36.631   491   588 W skia    : AGTM parsing failed flags.readFromStream(s) at 159
09-19 14:24:36.631   491   588 W skia    : AGTM parsing failed flags.readFromStream(s) at 159
09-19 14:24:36.740 20549 20549 I flutter : RN_VALIDATION_CHUNK START {"schema":1,"runner":"flutter_flame_godot","event":"sample","scenario":"normal","sample":40,"elapsed_ms":42125,"rss_bytes":545230848,"enemies":3,"burning":0,"turrets":6,"projectiles":0,"effects":0,"metrics":{"authored_terrain":true,"draw_calls":92.0,"fps":38.4257259727821,"frame_ms":26.0242318052318,"max_frame_ms":35.979,"objects":106.0,"primitives":187461.0,"received_frames":1880,"renderer":"mobile","sequence":2372,"viewport":[880.0,1976.0]}}
09-19 14:24:36.740 20549 20549 I flutter : RN_VALIDATION_END
09-19 14:24:36.744   491   588 W skia    : AGTM parsing failed flags.readFromStream(s) at 159
09-19 14:24:36.744   491   588 W skia    : AGTM parsing failed flags.readFromStream(s) at 159
09-19 14:24:36.804   645   800 D WifiClientModeImpl[3810:wlan0]: updateLinkLayerStatsRssiSpeedFrequencyCapabilities rssi=-50 TxLinkspeed=1 freq=2447 RxLinkSpeed=2
09-19 14:24:36.804   645   800 D WifiDataStall: tx tput in kbps: 11000
09-19 14:24:36.804   645   800 D WifiDataStall: rx tput in kbps: 11000
09-19 14:24:36.804   645   800 V WifiConfigManager: Updating scan detail cache freq=2447 BSSID=00:13:10:85:fe:01 RSSI=-50 for "AndroidWifi"NONE
09-19 14:24:36.804   645   800 D WifiThroughputPredictor:  utilization (LLS) 80 isBluetoothConnected: false final utilization: 80
09-19 14:24:36.804   645   800 D WifiThroughputPredictor:  BW: 0 RSSI: -50 Nss: 1 Mode: 1 symDur: 4000 snrDb 30 bitPerTone: 4500 rate: 54 throughput: 11
09-19 14:24:36.804   645   800 D WifiThroughputPredictor:  utilization (LLS) 80 isBluetoothConnected: false final utilization: 80
09-19 14:24:36.804   645   800 D WifiThroughputPredictor:  BW: 0 RSSI: -50 Nss: 1 Mode: 1 symDur: 4000 snrDb 30 bitPerTone: 4500 rate: 54 throughput: 11
09-19 14:24:36.805   645   800 D WifiThroughputPredictor:  utilization (LLS) 80 isBluetoothConnected: false final utilization: 80
09-19 14:24:36.805   645   800 D WifiThroughputPredictor:  BW: 0 RSSI: -50 Nss: 1 Mode: 1 symDur: 4000 snrDb 30 bitPerTone: 4500 rate: 54 throughput: 11
09-19 14:24:36.805   645   800 D WifiThroughputPredictor:  utilization (LLS) 80 isBluetoothConnected: false final utilization: 80
09-19 14:24:36.805   645   800 D WifiThroughputPredictor:  BW: 0 RSSI: -50 Nss: 1 Mode: 1 symDur: 4000 snrDb 30 bitPerTone: 4500 rate: 54 throughput: 11
09-19 14:24:36.810   645   800 I HalDevMgr: bestIfaceCreationProposal is null, requestIface=STA, existingIface=[name=wlan0 type=STA]
09-19 14:24:36.810   645   800 D WifiScoreCard: BSSID update SIGNAL_POLL ID: 760286919 SSID: "AndroidWifi", BSSID: 00:13:10:85:fe:01, MAC: 02:15:b2:00:00:00, IP: /10.0.2.16, Security type: 0, Supplicant state: COMPLETED, Wi-Fi standard: legacy, RSSI: -50, Link speed: 1Mbps, Tx Link speed: 1Mbps, Max Supported Tx Link speed: 11Mbps, Calculated Tx : 0Mbps, Rx Link speed: 2Mbps, Max Supported Rx Link speed: 11Mbps, Calculated Rx : 0Mbps, Frequency: 2447MHz, Net ID: 0, Metered hint: false, score: 100, isUsable: true, CarrierMerged: false, SubscriptionId: -1, IsPrimary: 1, Trusted: true, Restricted: false, Ephemeral: false, OEM paid: false, OEM private: false, OSU AP: false, FQDN: <none>, Provider friendly name: <none>, Requesting package name: <none>"AndroidWifi"openMLO Information: , Is TID-To-Link negotiation supported by the AP: false, AP MLD Address: <none>, AP MLO Link Id: <none>, AP MLO Affiliated links: <none>, Vendor Data: <none>
09-19 14:24:36.811   645   800 D WifiScoreCard: txRate: 1 txSpeed: 1
09-19 14:24:36.811   645   800 D WifiScoreCard: network update SIGNAL_POLL "AndroidWifi" ID: 673433585 RSSI -50 txSpeed -1
09-19 14:24:36.812   645   800 D WifiClientModeImpl[3810:wlan0]:  ClientModeImpl$L2ConnectedState screen=on 26 0 "AndroidWifi" 00:13:10:85:fe:01 rssi=-50 f=2447 sc=100 link=1 tx=0.0, 0.0, 0.0 rx=0.0 bcn=0 [on:0 tx:0 rx:0 period:3008] from screen [on:0 period:-1205885620] score=100
09-19 14:24:36.850   491   588 W skia    : AGTM parsing failed flags.readFromStream(s) at 159
09-19 14:24:36.851   491   588 W skia    : AGTM parsing failed flags.readFromStream(s) at 159
09-19 14:24:36.864   645   675 D ActivityManager: sync unfroze 1596 com.android.keychain for 10
09-19 14:24:36.867   645   675 D ActivityManager: sync unfroze 1095 com.android.settings for 10
09-19 14:24:36.869   645   675 D ActivityManager: sync unfroze 2542 com.android.dynsystem:dynsystem for 10
09-19 14:24:36.874   645   675 D ActivityManager: sync unfroze 2494 com.android.dynsystem for 10
09-19 14:24:36.880   645   675 D ActivityManager: sync unfroze 2361 com.android.localtransport for 10
09-19 14:24:36.963   491   588 W skia    : AGTM parsing failed flags.readFromStream(s) at 159
09-19 14:24:36.963   491   588 W skia    : AGTM parsing failed flags.readFromStream(s) at 159
09-19 14:24:37.064   491   588 W skia    : AGTM parsing failed flags.readFromStream(s) at 159
09-19 14:24:37.064   491   588 W skia    : AGTM parsing failed flags.readFromStream(s) at 159
09-19 14:24:37.165   491   588 W skia    : AGTM parsing failed flags.readFromStream(s) at 159
09-19 14:24:37.165   491   588 W skia    : AGTM parsing failed flags.readFromStream(s) at 159
09-19 14:24:37.276   491   588 W skia    : AGTM parsing failed flags.readFromStream(s) at 159
09-19 14:24:37.276   491   588 W skia    : AGTM parsing failed flags.readFromStream(s) at 159
09-19 14:24:37.380   491   588 W skia    : AGTM parsing failed flags.readFromStream(s) at 159
09-19 14:24:37.380   491   588 W skia    : AGTM parsing failed flags.readFromStream(s) at 159
09-19 14:24:37.492   491   588 W skia    : AGTM parsing failed flags.readFromStream(s) at 159
09-19 14:24:37.492   491   588 W skia    : AGTM parsing failed flags.readFromStream(s) at 159
09-19 14:24:37.598   491   588 W skia    : AGTM parsing failed flags.readFromStream(s) at 159
09-19 14:24:37.598   491   588 W skia    : AGTM parsing failed flags.readFromStream(s) at 159
09-19 14:24:37.699   491   588 W skia    : AGTM parsing failed flags.readFromStream(s) at 159
09-19 14:24:37.699   491   588 W skia    : AGTM parsing failed flags.readFromStream(s) at 159
09-19 14:24:37.796 20549 20549 I flutter : RN_VALIDATION_CHUNK START {"schema":1,"runner":"flutter_flame_godot","event":"sample","scenario":"normal","sample":41,"elapsed_ms":43180,"rss_bytes":546021376,"enemies":3,"burning":0,"turrets":6,"projectiles":0,"effects":0,"metrics":{"authored_terrain":true,"draw_calls":82.0,"fps":39.0931093616703,"frame_ms":25.5799555555556,"max_frame_ms":34.1700909090909,"objects":92.0,"primitives":183049.0,"received_frames":1915,"renderer":"mobile","sequence":2412,"viewport":[880.0,1976.0]}}
09-19 14:24:37.796 20549 20549 I flutter : RN_VALIDATION_END
09-19 14:24:37.810   491   588 W skia    : AGTM parsing failed flags.readFromStream(s) at 159
09-19 14:24:37.810   491   588 W skia    : AGTM parsing failed flags.readFromStream(s) at 159
09-19 14:24:37.912   491   588 W skia    : AGTM parsing failed flags.readFromStream(s) at 159
09-19 14:24:37.913   491   588 W skia    : AGTM parsing failed flags.readFromStream(s) at 159
09-19 14:24:38.012   491   588 W skia    : AGTM parsing failed flags.readFromStream(s) at 159
09-19 14:24:38.012   491   588 W skia    : AGTM parsing failed flags.readFromStream(s) at 159
09-19 14:24:38.117   491   588 W skia    : AGTM parsing failed flags.readFromStream(s) at 159
09-19 14:24:38.117   491   588 W skia    : AGTM parsing failed flags.readFromStream(s) at 159
09-19 14:24:38.243   491   588 W skia    : AGTM parsing failed flags.readFromStream(s) at 159
09-19 14:24:38.244   491   588 W skia    : AGTM parsing failed flags.readFromStream(s) at 159
09-19 14:24:38.345   491   588 W skia    : AGTM parsing failed flags.readFromStream(s) at 159
09-19 14:24:38.345   491   588 W skia    : AGTM parsing failed flags.readFromStream(s) at 159
09-19 14:24:38.448   491   588 W skia    : AGTM parsing failed flags.readFromStream(s) at 159
09-19 14:24:38.448   491   588 W skia    : AGTM parsing failed flags.readFromStream(s) at 159
09-19 14:24:38.547   491   588 W skia    : AGTM parsing failed flags.readFromStream(s) at 159
09-19 14:24:38.547   491   588 W skia    : AGTM parsing failed flags.readFromStream(s) at 159
09-19 14:24:38.647   491   588 W skia    : AGTM parsing failed flags.readFromStream(s) at 159
09-19 14:24:38.648   491   588 W skia    : AGTM parsing failed flags.readFromStream(s) at 159
09-19 14:24:38.749   491   588 W skia    : AGTM parsing failed flags.readFromStream(s) at 159
09-19 14:24:38.749   491   588 W skia    : AGTM parsing failed flags.readFromStream(s) at 159
09-19 14:24:38.809 20549 20549 I flutter : RN_VALIDATION_CHUNK START {"schema":1,"runner":"flutter_flame_godot","event":"sample","scenario":"normal","sample":42,"elapsed_ms":44194,"rss_bytes":545456128,"enemies":3,"burning":0,"turrets":6,"projectiles":0,"effects":0,"metrics":{"authored_terrain":true,"draw_calls":116.0,"fps":44.2353236207126,"frame_ms":22.6063679012346,"max_frame_ms":30.873,"objects":142.0,"primitives":191509.0,"received_frames":1950,"renderer":"mobile","sequence":2450,"viewport":[880.0,1976.0]}}
09-19 14:24:38.809 20549 20549 I flutter : RN_VALIDATION_END
09-19 14:24:38.854   491   588 W skia    : AGTM parsing failed flags.readFromStream(s) at 159
09-19 14:24:38.854   491   588 W skia    : AGTM parsing failed flags.readFromStream(s) at 159
09-19 14:24:38.962   491   588 W skia    : AGTM parsing failed flags.readFromStream(s) at 159
09-19 14:24:38.962   491   588 W skia    : AGTM parsing failed flags.readFromStream(s) at 159
09-19 14:24:39.063   491   588 W skia    : AGTM parsing failed flags.readFromStream(s) at 159
09-19 14:24:39.063   491   588 W skia    : AGTM parsing failed flags.readFromStream(s) at 159
09-19 14:24:39.165   491   588 W skia    : AGTM parsing failed flags.readFromStream(s) at 159
09-19 14:24:39.165   491   588 W skia    : AGTM parsing failed flags.readFromStream(s) at 159
09-19 14:24:39.278   491   588 W skia    : AGTM parsing failed flags.readFromStream(s) at 159
09-19 14:24:39.278   491   588 W skia    : AGTM parsing failed flags.readFromStream(s) at 159
09-19 14:24:39.387   491   588 W skia    : AGTM parsing failed flags.readFromStream(s) at 159
09-19 14:24:39.388   491   588 W skia    : AGTM parsing failed flags.readFromStream(s) at 159
09-19 14:24:39.528   491   588 W skia    : AGTM parsing failed flags.readFromStream(s) at 159
09-19 14:24:39.528   491   588 W skia    : AGTM parsing failed flags.readFromStream(s) at 159
09-19 14:24:39.630   491   588 W skia    : AGTM parsing failed flags.readFromStream(s) at 159
09-19 14:24:39.630   491   588 W skia    : AGTM parsing failed flags.readFromStream(s) at 159
09-19 14:24:39.731   491   588 W skia    : AGTM parsing failed flags.readFromStream(s) at 159
09-19 14:24:39.731   491   588 W skia    : AGTM parsing failed flags.readFromStream(s) at 159
09-19 14:24:39.815   645   800 D WifiClientModeImpl[3810:wlan0]: updateLinkLayerStatsRssiSpeedFrequencyCapabilities rssi=-50 TxLinkspeed=1 freq=2447 RxLinkSpeed=2
09-19 14:24:39.815   645   800 D WifiDataStall: tx tput in kbps: 11000
09-19 14:24:39.815   645   800 D WifiDataStall: rx tput in kbps: 11000
09-19 14:24:39.815   645   800 V WifiConfigManager: Updating scan detail cache freq=2447 BSSID=00:13:10:85:fe:01 RSSI=-50 for "AndroidWifi"NONE
09-19 14:24:39.815   645   800 D WifiThroughputPredictor:  utilization (LLS) 80 isBluetoothConnected: false final utilization: 80
09-19 14:24:39.815   645   800 D WifiThroughputPredictor:  BW: 0 RSSI: -50 Nss: 1 Mode: 1 symDur: 4000 snrDb 30 bitPerTone: 4500 rate: 54 throughput: 11
09-19 14:24:39.815   645   800 D WifiThroughputPredictor:  utilization (LLS) 80 isBluetoothConnected: false final utilization: 80
09-19 14:24:39.815   645   800 D WifiThroughputPredictor:  BW: 0 RSSI: -50 Nss: 1 Mode: 1 symDur: 4000 snrDb 30 bitPerTone: 4500 rate: 54 throughput: 11
09-19 14:24:39.816   645   800 D WifiThroughputPredictor:  utilization (LLS) 80 isBluetoothConnected: false final utilization: 80
09-19 14:24:39.816   645   800 D WifiThroughputPredictor:  BW: 0 RSSI: -50 Nss: 1 Mode: 1 symDur: 4000 snrDb 30 bitPerTone: 4500 rate: 54 throughput: 11
09-19 14:24:39.816   645   800 D WifiThroughputPredictor:  utilization (LLS) 80 isBluetoothConnected: false final utilization: 80
09-19 14:24:39.816   645   800 D WifiThroughputPredictor:  BW: 0 RSSI: -50 Nss: 1 Mode: 1 symDur: 4000 snrDb 30 bitPerTone: 4500 rate: 54 throughput: 11
09-19 14:24:39.824   645   800 I HalDevMgr: bestIfaceCreationProposal is null, requestIface=STA, existingIface=[name=wlan0 type=STA]
09-19 14:24:39.824   645   800 D WifiScoreCard: BSSID update SIGNAL_POLL ID: 760286919 SSID: "AndroidWifi", BSSID: 00:13:10:85:fe:01, MAC: 02:15:b2:00:00:00, IP: /10.0.2.16, Security type: 0, Supplicant state: COMPLETED, Wi-Fi standard: legacy, RSSI: -50, Link speed: 1Mbps, Tx Link speed: 1Mbps, Max Supported Tx Link speed: 11Mbps, Calculated Tx : 0Mbps, Rx Link speed: 2Mbps, Max Supported Rx Link speed: 11Mbps, Calculated Rx : 0Mbps, Frequency: 2447MHz, Net ID: 0, Metered hint: false, score: 100, isUsable: true, CarrierMerged: false, SubscriptionId: -1, IsPrimary: 1, Trusted: true, Restricted: false, Ephemeral: false, OEM paid: false, OEM private: false, OSU AP: false, FQDN: <none>, Provider friendly name: <none>, Requesting package name: <none>"AndroidWifi"openMLO Information: , Is TID-To-Link negotiation supported by the AP: false, AP MLD Address: <none>, AP MLO Link Id: <none>, AP MLO Affiliated links: <none>, Vendor Data: <none>
09-19 14:24:39.824   645   800 D WifiScoreCard: txRate: 1 txSpeed: 1
09-19 14:24:39.824   645   800 D WifiScoreCard: network update SIGNAL_POLL "AndroidWifi" ID: 673433585 RSSI -50 txSpeed -1
09-19 14:24:39.824   645   800 D WifiClientModeImpl[3810:wlan0]:  ClientModeImpl$L2ConnectedState screen=on 26 0 "AndroidWifi" 00:13:10:85:fe:01 rssi=-50 f=2447 sc=100 link=1 tx=0.0, 0.0, 0.0 rx=0.0 bcn=0 [on:0 tx:0 rx:0 period:3010] from screen [on:0 period:-1205882608] score=100
09-19 14:24:39.832   491   588 W skia    : AGTM parsing failed flags.readFromStream(s) at 159
09-19 14:24:39.833   491   588 W skia    : AGTM parsing failed flags.readFromStream(s) at 159
09-19 14:24:39.848 20549 20549 I flutter : RN_VALIDATION_CHUNK START {"schema":1,"runner":"flutter_flame_godot","event":"sample","scenario":"normal","sample":43,"elapsed_ms":45232,"rss_bytes":545275904,"enemies":3,"burning":0,"turrets":6,"projectiles":0,"effects":0,"metrics":{"authored_terrain":true,"draw_calls":80.0,"fps":42.180903102945,"frame_ms":23.7074108527132,"max_frame_ms":25.7575757575758,"objects":90.0,"primitives":183045.0,"received_frames":1989,"renderer":"mobile","sequence":2495,"viewport":[880.0,1976.0]}}
09-19 14:24:39.848 20549 20549 I flutter : RN_VALIDATION_END
09-19 14:24:39.944   491   588 W skia    : AGTM parsing failed flags.readFromStream(s) at 159
09-19 14:24:39.944   491   588 W skia    : AGTM parsing failed flags.readFromStream(s) at 159
09-19 14:24:40.052   491   588 W skia    : AGTM parsing failed flags.readFromStream(s) at 159
09-19 14:24:40.052   491   588 W skia    : AGTM parsing failed flags.readFromStream(s) at 159
09-19 14:24:40.159   491   588 W skia    : AGTM parsing failed flags.readFromStream(s) at 159
09-19 14:24:40.159   491   588 W skia    : AGTM parsing failed flags.readFromStream(s) at 159
09-19 14:24:40.266   491   588 W skia    : AGTM parsing failed flags.readFromStream(s) at 159
09-19 14:24:40.267   491   588 W skia    : AGTM parsing failed flags.readFromStream(s) at 159
09-19 14:24:40.381   491   588 W skia    : AGTM parsing failed flags.readFromStream(s) at 159
09-19 14:24:40.381   491   588 W skia    : AGTM parsing failed flags.readFromStream(s) at 159
09-19 14:24:40.480   491   588 W skia    : AGTM parsing failed flags.readFromStream(s) at 159
09-19 14:24:40.480   491   588 W skia    : AGTM parsing failed flags.readFromStream(s) at 159
09-19 14:24:40.528   892   892 D wpa_supplicant: nl80211: Drv Event 64 (NL80211_CMD_NOTIFY_CQM) received for wlan0
09-19 14:24:40.528   892   892 D wpa_supplicant: nl80211: Beacon loss event
09-19 14:24:40.528   892   892 D wpa_supplicant: wlan0: Event BEACON_LOSS (53) received
09-19 14:24:40.528   892   892 I wpa_supplicant: wlan0: CTRL-EVENT-BEACON-LOSS 
09-19 14:24:40.580   491   588 W skia    : AGTM parsing failed flags.readFromStream(s) at 159
09-19 14:24:40.580   491   588 W skia    : AGTM parsing failed flags.readFromStream(s) at 159
09-19 14:24:40.681   491   588 W skia    : AGTM parsing failed flags.readFromStream(s) at 159
09-19 14:24:40.681   491   588 W skia    : AGTM parsing failed flags.readFromStream(s) at 159
09-19 14:24:40.787   491   588 W skia    : AGTM parsing failed flags.readFromStream(s) at 159
09-19 14:24:40.787   491   588 W skia    : AGTM parsing failed flags.readFromStream(s) at 159
09-19 14:24:40.867 20549 20549 I flutter : RN_VALIDATION_CHUNK START {"schema":1,"runner":"flutter_flame_godot","event":"sample","scenario":"normal","sample":44,"elapsed_ms":46251,"rss_bytes":545873920,"enemies":3,"burning":0,"turrets":6,"projectiles":0,"effects":0,"metrics":{"authored_terrain":true,"draw_calls":118.0,"fps":42.1639176228179,"frame_ms":23.7169612403101,"max_frame_ms":39.264,"objects":187.0,"primitives":189019.0,"received_frames":2026,"renderer":"mobile","sequence":2535,"viewport":[880.0,1976.0]}}
09-19 14:24:40.867 20549 20549 I flutter : RN_VALIDATION_END
09-19 14:24:40.882   491   588 W skia    : AGTM parsing failed flags.readFromStream(s) at 159
09-19 14:24:40.882   491   588 W skia    : AGTM parsing failed flags.readFromStream(s) at 159
09-19 14:24:40.999   491   588 W skia    : AGTM parsing failed flags.readFromStream(s) at 159
09-19 14:24:40.999   491   588 W skia    : AGTM parsing failed flags.readFromStream(s) at 159
09-19 14:24:41.100   491   588 W skia    : AGTM parsing failed flags.readFromStream(s) at 159
09-19 14:24:41.100   491   588 W skia    : AGTM parsing failed flags.readFromStream(s) at 159
09-19 14:24:41.228   491   588 W skia    : AGTM parsing failed flags.readFromStream(s) at 159
09-19 14:24:41.228   491   588 W skia    : AGTM parsing failed flags.readFromStream(s) at 159
09-19 14:24:41.331   491   588 W skia    : AGTM parsing failed flags.readFromStream(s) at 159
09-19 14:24:41.331   491   588 W skia    : AGTM parsing failed flags.readFromStream(s) at 159
09-19 14:24:41.432   491   588 W skia    : AGTM parsing failed flags.readFromStream(s) at 159
09-19 14:24:41.432   491   588 W skia    : AGTM parsing failed flags.readFromStream(s) at 159
09-19 14:24:41.534   491   588 W skia    : AGTM parsing failed flags.readFromStream(s) at 159
09-19 14:24:41.534   491   588 W skia    : AGTM parsing failed flags.readFromStream(s) at 159
09-19 14:24:41.663   491   588 W skia    : AGTM parsing failed flags.readFromStream(s) at 159
09-19 14:24:41.663   491   588 W skia    : AGTM parsing failed flags.readFromStream(s) at 159
09-19 14:24:41.764   491   588 W skia    : AGTM parsing failed flags.readFromStream(s) at 159
09-19 14:24:41.764   491   588 W skia    : AGTM parsing failed flags.readFromStream(s) at 159
09-19 14:24:41.869   491   588 W skia    : AGTM parsing failed flags.readFromStream(s) at 159
09-19 14:24:41.869   491   588 W skia    : AGTM parsing failed flags.readFromStream(s) at 159
09-19 14:24:41.886 20549 20549 I flutter : RN_VALIDATION_CHUNK START {"schema":1,"runner":"flutter_flame_godot","event":"sample","scenario":"normal","sample":45,"elapsed_ms":47270,"rss_bytes":545533952,"enemies":3,"burning":0,"turrets":6,"projectiles":0,"effects":0,"metrics":{"authored_terrain":true,"draw_calls":92.0,"fps":31.3856468859717,"frame_ms":31.8616979166667,"max_frame_ms":41.105,"objects":106.0,"primitives":187461.0,"received_frames":2057,"renderer":"mobile","sequence":2583,"viewport":[880.0,1976.0]}}
09-19 14:24:41.886 20549 20549 I flutter : RN_VALIDATION_END
09-19 14:24:41.979   491   588 W skia    : AGTM parsing failed flags.readFromStream(s) at 159
09-19 14:24:41.979   491   588 W skia    : AGTM parsing failed flags.readFromStream(s) at 159
09-19 14:24:42.094   491   588 W skia    : AGTM parsing failed flags.readFromStream(s) at 159
09-19 14:24:42.095   491   588 W skia    : AGTM parsing failed flags.readFromStream(s) at 159
09-19 14:24:42.199   491   588 W skia    : AGTM parsing failed flags.readFromStream(s) at 159
09-19 14:24:42.199   491   588 W skia    : AGTM parsing failed flags.readFromStream(s) at 159
09-19 14:24:42.298   491   588 W skia    : AGTM parsing failed flags.readFromStream(s) at 159
09-19 14:24:42.298   491   588 W skia    : AGTM parsing failed flags.readFromStream(s) at 159
09-19 14:24:42.400   491   588 W skia    : AGTM parsing failed flags.readFromStream(s) at 159
09-19 14:24:42.400   491   588 W skia    : AGTM parsing failed flags.readFromStream(s) at 159
09-19 14:24:42.500   491   588 W skia    : AGTM parsing failed flags.readFromStream(s) at 159
09-19 14:24:42.500   491   588 W skia    : AGTM parsing failed flags.readFromStream(s) at 159
09-19 14:24:42.610   491   588 W skia    : AGTM parsing failed flags.readFromStream(s) at 159
09-19 14:24:42.610   491   588 W skia    : AGTM parsing failed flags.readFromStream(s) at 159
09-19 14:24:42.715   491   588 W skia    : AGTM parsing failed flags.readFromStream(s) at 159
09-19 14:24:42.715   491   588 W skia    : AGTM parsing failed flags.readFromStream(s) at 159
09-19 14:24:42.815   491   588 W skia    : AGTM parsing failed flags.readFromStream(s) at 159
09-19 14:24:42.815   491   588 W skia    : AGTM parsing failed flags.readFromStream(s) at 159
09-19 14:24:42.828   645   800 D WifiClientModeImpl[3810:wlan0]: updateLinkLayerStatsRssiSpeedFrequencyCapabilities rssi=-50 TxLinkspeed=1 freq=2447 RxLinkSpeed=2
09-19 14:24:42.829   645   800 D WifiDataStall: tx tput in kbps: 11000
09-19 14:24:42.829   645   800 D WifiDataStall: rx tput in kbps: 11000
09-19 14:24:42.829   645   800 V WifiConfigManager: Updating scan detail cache freq=2447 BSSID=00:13:10:85:fe:01 RSSI=-50 for "AndroidWifi"NONE
09-19 14:24:42.829   645   800 D WifiThroughputPredictor:  utilization (LLS) 80 isBluetoothConnected: false final utilization: 80
09-19 14:24:42.829   645   800 D WifiThroughputPredictor:  BW: 0 RSSI: -50 Nss: 1 Mode: 1 symDur: 4000 snrDb 30 bitPerTone: 4500 rate: 54 throughput: 11
09-19 14:24:42.829   645   800 D WifiThroughputPredictor:  utilization (LLS) 80 isBluetoothConnected: false final utilization: 80
09-19 14:24:42.829   645   800 D WifiThroughputPredictor:  BW: 0 RSSI: -50 Nss: 1 Mode: 1 symDur: 4000 snrDb 30 bitPerTone: 4500 rate: 54 throughput: 11
09-19 14:24:42.829   645   800 D WifiThroughputPredictor:  utilization (LLS) 80 isBluetoothConnected: false final utilization: 80
09-19 14:24:42.829   645   800 D WifiThroughputPredictor:  BW: 0 RSSI: -50 Nss: 1 Mode: 1 symDur: 4000 snrDb 30 bitPerTone: 4500 rate: 54 throughput: 11
09-19 14:24:42.829   645   800 D WifiThroughputPredictor:  utilization (LLS) 80 isBluetoothConnected: false final utilization: 80
09-19 14:24:42.829   645   800 D WifiThroughputPredictor:  BW: 0 RSSI: -50 Nss: 1 Mode: 1 symDur: 4000 snrDb 30 bitPerTone: 4500 rate: 54 throughput: 11
09-19 14:24:42.830   645   800 I HalDevMgr: bestIfaceCreationProposal is null, requestIface=STA, existingIface=[name=wlan0 type=STA]
09-19 14:24:42.831   645   800 D WifiScoreCard: BSSID update SIGNAL_POLL ID: 760286919 SSID: "AndroidWifi", BSSID: 00:13:10:85:fe:01, MAC: 02:15:b2:00:00:00, IP: /10.0.2.16, Security type: 0, Supplicant state: COMPLETED, Wi-Fi standard: legacy, RSSI: -50, Link speed: 1Mbps, Tx Link speed: 1Mbps, Max Supported Tx Link speed: 11Mbps, Calculated Tx : 0Mbps, Rx Link speed: 2Mbps, Max Supported Rx Link speed: 11Mbps, Calculated Rx : 0Mbps, Frequency: 2447MHz, Net ID: 0, Metered hint: false, score: 100, isUsable: true, CarrierMerged: false, SubscriptionId: -1, IsPrimary: 1, Trusted: true, Restricted: false, Ephemeral: false, OEM paid: false, OEM private: false, OSU AP: false, FQDN: <none>, Provider friendly name: <none>, Requesting package name: <none>"AndroidWifi"openMLO Information: , Is TID-To-Link negotiation supported by the AP: false, AP MLD Address: <none>, AP MLO Link Id: <none>, AP MLO Affiliated links: <none>, Vendor Data: <none>
09-19 14:24:42.831   645   800 D WifiScoreCard: txRate: 1 txSpeed: 1
09-19 14:24:42.831   645   800 D WifiScoreCard: network update SIGNAL_POLL "AndroidWifi" ID: 673433585 RSSI -50 txSpeed -1
09-19 14:24:42.831   645   800 D WifiClientModeImpl[3810:wlan0]:  ClientModeImpl$L2ConnectedState screen=on 26 0 "AndroidWifi" 00:13:10:85:fe:01 rssi=-50 f=2447 sc=100 link=1 tx=0.0, 0.0, 0.0 rx=0.0 bcn=0 [on:0 tx:0 rx:0 period:3007] from screen [on:0 period:-1205879601] score=100
09-19 14:24:42.914   491   588 W skia    : AGTM parsing failed flags.readFromStream(s) at 159
09-19 14:24:42.914   491   588 W skia    : AGTM parsing failed flags.readFromStream(s) at 159
09-19 14:24:42.936 20549 20549 I flutter : RN_VALIDATION_CHUNK START {"schema":1,"runner":"flutter_flame_godot","event":"sample","scenario":"normal","sample":46,"elapsed_ms":48320,"rss_bytes":545927168,"enemies":3,"burning":0,"turrets":6,"projectiles":0,"effects":0,"metrics":{"authored_terrain":true,"draw_calls":82.0,"fps":44.0117742906687,"frame_ms":22.7211925925926,"max_frame_ms":37.6577777777791,"objects":92.0,"primitives":183049.0,"received_frames":2098,"renderer":"mobile","sequence":2627,"viewport":[880.0,1976.0]}}
09-19 14:24:42.936 20549 20549 I flutter : RN_VALIDATION_END
09-19 14:24:43.015   491   588 W skia    : AGTM parsing failed flags.readFromStream(s) at 159
09-19 14:24:43.015   491   588 W skia    : AGTM parsing failed flags.readFromStream(s) at 159
09-19 14:24:43.116   491   588 W skia    : AGTM parsing failed flags.readFromStream(s) at 159
09-19 14:24:43.116   491   588 W skia    : AGTM parsing failed flags.readFromStream(s) at 159
09-19 14:24:43.227   491   588 W skia    : AGTM parsing failed flags.readFromStream(s) at 159
09-19 14:24:43.227   491   588 W skia    : AGTM parsing failed flags.readFromStream(s) at 159
09-19 14:24:43.327   491   588 W skia    : AGTM parsing failed flags.readFromStream(s) at 159
09-19 14:24:43.327   491   588 W skia    : AGTM parsing failed flags.readFromStream(s) at 159
09-19 14:24:43.433   491   588 W skia    : AGTM parsing failed flags.readFromStream(s) at 159
09-19 14:24:43.433   491   588 W skia    : AGTM parsing failed flags.readFromStream(s) at 159
09-19 14:24:43.532   491   588 W skia    : AGTM parsing failed flags.readFromStream(s) at 159
09-19 14:24:43.532   491   588 W skia    : AGTM parsing failed flags.readFromStream(s) at 159
09-19 14:24:43.632   491   588 W skia    : AGTM parsing failed flags.readFromStream(s) at 159
09-19 14:24:43.632   491   588 W skia    : AGTM parsing failed flags.readFromStream(s) at 159
09-19 14:24:43.747   491   588 W skia    : AGTM parsing failed flags.readFromStream(s) at 159
09-19 14:24:43.747   491   588 W skia    : AGTM parsing failed flags.readFromStream(s) at 159
09-19 14:24:43.849   491   588 W skia    : AGTM parsing failed flags.readFromStream(s) at 159
09-19 14:24:43.849   491   588 W skia    : AGTM parsing failed flags.readFromStream(s) at 159
09-19 14:24:43.946 20549 20549 I flutter : RN_VALIDATION_CHUNK START {"schema":1,"runner":"flutter_flame_godot","event":"sample","scenario":"normal","sample":47,"elapsed_ms":49331,"rss_bytes":545648640,"enemies":3,"burning":0,"turrets":6,"projectiles":0,"effects":0,"metrics":{"authored_terrain":true,"draw_calls":130.0,"fps":35.9346649518745,"frame_ms":27.8282822822823,"max_frame_ms":40.533,"objects":207.0,"primitives":192713.0,"received_frames":2133,"renderer":"mobile","sequence":2673,"viewport":[880.0,1976.0]}}
09-19 14:24:43.946 20549 20549 I flutter : RN_VALIDATION_END
09-19 14:24:43.962   491   588 W skia    : AGTM parsing failed flags.readFromStream(s) at 159
09-19 14:24:43.962   491   588 W skia    : AGTM parsing failed flags.readFromStream(s) at 159
09-19 14:24:44.068   491   588 W skia    : AGTM parsing failed flags.readFromStream(s) at 159
09-19 14:24:44.068   491   588 W skia    : AGTM parsing failed flags.readFromStream(s) at 159
09-19 14:24:44.178   491   588 W skia    : AGTM parsing failed flags.readFromStream(s) at 159
09-19 14:24:44.178   491   588 W skia    : AGTM parsing failed flags.readFromStream(s) at 159
09-19 14:24:44.280   491   588 W skia    : AGTM parsing failed flags.readFromStream(s) at 159
09-19 14:24:44.280   491   588 W skia    : AGTM parsing failed flags.readFromStream(s) at 159
09-19 14:24:44.379   491   588 W skia    : AGTM parsing failed flags.readFromStream(s) at 159
09-19 14:24:44.379   491   588 W skia    : AGTM parsing failed flags.readFromStream(s) at 159
09-19 14:24:44.494   491   588 W skia    : AGTM parsing failed flags.readFromStream(s) at 159
09-19 14:24:44.494   491   588 W skia    : AGTM parsing failed flags.readFromStream(s) at 159
09-19 14:24:44.599   491   588 W skia    : AGTM parsing failed flags.readFromStream(s) at 159
09-19 14:24:44.599   491   588 W skia    : AGTM parsing failed flags.readFromStream(s) at 159
09-19 14:24:44.726   491   588 W skia    : AGTM parsing failed flags.readFromStream(s) at 159
09-19 14:24:44.727   491   588 W skia    : AGTM parsing failed flags.readFromStream(s) at 159
09-19 14:24:44.831   491   588 W skia    : AGTM parsing failed flags.readFromStream(s) at 159
09-19 14:24:44.832   491   588 W skia    : AGTM parsing failed flags.readFromStream(s) at 159
09-19 14:24:44.933   491   588 W skia    : AGTM parsing failed flags.readFromStream(s) at 159
09-19 14:24:44.933   491   588 W skia    : AGTM parsing failed flags.readFromStream(s) at 159
09-19 14:24:44.950 20549 20549 I flutter : RN_VALIDATION_CHUNK START {"schema":1,"runner":"flutter_flame_godot","event":"sample","scenario":"normal","sample":48,"elapsed_ms":50335,"rss_bytes":545693696,"enemies":3,"burning":0,"turrets":6,"projectiles":0,"effects":0,"metrics":{"authored_terrain":true,"draw_calls":80.0,"fps":38.4617702605045,"frame_ms":25.9998433048433,"max_frame_ms":38.3775555555556,"objects":90.0,"primitives":183045.0,"received_frames":2170,"renderer":"mobile","sequence":2724,"viewport":[880.0,1976.0]}}
09-19 14:24:44.950 20549 20549 I flutter : RN_VALIDATION_END
09-19 14:24:45.045   491   588 W skia    : AGTM parsing failed flags.readFromStream(s) at 159
09-19 14:24:45.045   491   588 W skia    : AGTM parsing failed flags.readFromStream(s) at 159
09-19 14:24:45.146   491   588 W skia    : AGTM parsing failed flags.readFromStream(s) at 159
09-19 14:24:45.146   491   588 W skia    : AGTM parsing failed flags.readFromStream(s) at 159
09-19 14:24:45.247   491   588 W skia    : AGTM parsing failed flags.readFromStream(s) at 159
09-19 14:24:45.247   491   588 W skia    : AGTM parsing failed flags.readFromStream(s) at 159
09-19 14:24:45.358   491   588 W skia    : AGTM parsing failed flags.readFromStream(s) at 159
09-19 14:24:45.358   491   588 W skia    : AGTM parsing failed flags.readFromStream(s) at 159
09-19 14:24:45.417   645   740 D ActivityManager: freezing 19634 com.example.rune_nexus
09-19 14:24:45.423   487  9682 D AudioFlinger: onStateChanged: pid:19634  uid:10232  state:frozen - no freeze activity
09-19 14:24:45.428   645   806 D InetDiagMessage: Destroyed 0 sockets, proto=IPPROTO_TCP, family=AF_INET, states=14
09-19 14:24:45.430   645   806 D InetDiagMessage: Destroyed 0 sockets, proto=IPPROTO_TCP, family=AF_INET6, states=14
09-19 14:24:45.430   645   806 D InetDiagMessage: Destroyed live tcp sockets for uids={10232} in 3ms
09-19 14:24:45.461   491   588 W skia    : AGTM parsing failed flags.readFromStream(s) at 159
09-19 14:24:45.461   491   588 W skia    : AGTM parsing failed flags.readFromStream(s) at 159
09-19 14:24:45.563   491   588 W skia    : AGTM parsing failed flags.readFromStream(s) at 159
09-19 14:24:45.563   491   588 W skia    : AGTM parsing failed flags.readFromStream(s) at 159
09-19 14:24:45.663   491   588 W skia    : AGTM parsing failed flags.readFromStream(s) at 159
09-19 14:24:45.664   491   588 W skia    : AGTM parsing failed flags.readFromStream(s) at 159
09-19 14:24:45.764   491   588 W skia    : AGTM parsing failed flags.readFromStream(s) at 159
09-19 14:24:45.764   491   588 W skia    : AGTM parsing failed flags.readFromStream(s) at 159
09-19 14:24:45.846   645   800 D WifiClientModeImpl[3810:wlan0]: updateLinkLayerStatsRssiSpeedFrequencyCapabilities rssi=-50 TxLinkspeed=1 freq=2447 RxLinkSpeed=2
09-19 14:24:45.846   645   800 D WifiDataStall: tx tput in kbps: 11000
09-19 14:24:45.846   645   800 D WifiDataStall: rx tput in kbps: 11000
09-19 14:24:45.846   645   800 V WifiConfigManager: Updating scan detail cache freq=2447 BSSID=00:13:10:85:fe:01 RSSI=-50 for "AndroidWifi"NONE
09-19 14:24:45.846   645   800 D WifiThroughputPredictor:  utilization (LLS) 80 isBluetoothConnected: false final utilization: 80
09-19 14:24:45.846   645   800 D WifiThroughputPredictor:  BW: 0 RSSI: -50 Nss: 1 Mode: 1 symDur: 4000 snrDb 30 bitPerTone: 4500 rate: 54 throughput: 11
09-19 14:24:45.846   645   800 D WifiThroughputPredictor:  utilization (LLS) 80 isBluetoothConnected: false final utilization: 80
09-19 14:24:45.846   645   800 D WifiThroughputPredictor:  BW: 0 RSSI: -50 Nss: 1 Mode: 1 symDur: 4000 snrDb 30 bitPerTone: 4500 rate: 54 throughput: 11
09-19 14:24:45.847   645   800 D WifiThroughputPredictor:  utilization (LLS) 80 isBluetoothConnected: false final utilization: 80
09-19 14:24:45.847   645   800 D WifiThroughputPredictor:  BW: 0 RSSI: -50 Nss: 1 Mode: 1 symDur: 4000 snrDb 30 bitPerTone: 4500 rate: 54 throughput: 11
09-19 14:24:45.847   645   800 D WifiThroughputPredictor:  utilization (LLS) 80 isBluetoothConnected: false final utilization: 80
09-19 14:24:45.847   645   800 D WifiThroughputPredictor:  BW: 0 RSSI: -50 Nss: 1 Mode: 1 symDur: 4000 snrDb 30 bitPerTone: 4500 rate: 54 throughput: 11
09-19 14:24:45.852   645   800 I HalDevMgr: bestIfaceCreationProposal is null, requestIface=STA, existingIface=[name=wlan0 type=STA]
09-19 14:24:45.854   645   800 D WifiScoreCard: BSSID update SIGNAL_POLL ID: 760286919 SSID: "AndroidWifi", BSSID: 00:13:10:85:fe:01, MAC: 02:15:b2:00:00:00, IP: /10.0.2.16, Security type: 0, Supplicant state: COMPLETED, Wi-Fi standard: legacy, RSSI: -50, Link speed: 1Mbps, Tx Link speed: 1Mbps, Max Supported Tx Link speed: 11Mbps, Calculated Tx : 0Mbps, Rx Link speed: 2Mbps, Max Supported Rx Link speed: 11Mbps, Calculated Rx : 0Mbps, Frequency: 2447MHz, Net ID: 0, Metered hint: false, score: 100, isUsable: true, CarrierMerged: false, SubscriptionId: -1, IsPrimary: 1, Trusted: true, Restricted: false, Ephemeral: false, OEM paid: false, OEM private: false, OSU AP: false, FQDN: <none>, Provider friendly name: <none>, Requesting package name: <none>"AndroidWifi"openMLO Information: , Is TID-To-Link negotiation supported by the AP: false, AP MLD Address: <none>, AP MLO Link Id: <none>, AP MLO Affiliated links: <none>, Vendor Data: <none>
09-19 14:24:45.854   645   800 D WifiScoreCard: txRate: 1 txSpeed: 1
09-19 14:24:45.854   645   800 D WifiScoreCard: network update SIGNAL_POLL "AndroidWifi" ID: 673433585 RSSI -50 txSpeed -1
09-19 14:24:45.854   645   800 D WifiClientModeImpl[3810:wlan0]:  ClientModeImpl$L2ConnectedState screen=on 26 0 "AndroidWifi" 00:13:10:85:fe:01 rssi=-50 f=2447 sc=100 link=1 tx=0.0, 0.0, 0.0 rx=0.0 bcn=0 [on:0 tx:0 rx:0 period:3023] from screen [on:0 period:-1205876578] score=100
09-19 14:24:45.867   491   588 W skia    : AGTM parsing failed flags.readFromStream(s) at 159
09-19 14:24:45.867   491   588 W skia    : AGTM parsing failed flags.readFromStream(s) at 159
09-19 14:24:45.952 20549 20549 I flutter : RN_VALIDATION_CHUNK START {"schema":1,"runner":"flutter_flame_godot","event":"sample","scenario":"normal","sample":49,"elapsed_ms":51337,"rss_bytes":546443264,"enemies":3,"burning":0,"turrets":6,"projectiles":0,"effects":0,"metrics":{"authored_terrain":true,"draw_calls":107.0,"fps":45.515367538242,"frame_ms":21.9706014492754,"max_frame_ms":28.507,"objects":127.0,"primitives":189367.0,"received_frames":2208,"renderer":"mobile","sequence":2764,"viewport":[880.0,1976.0]}}
09-19 14:24:45.953 20549 20549 I flutter : RN_VALIDATION_END
09-19 14:24:45.979   491   588 W skia    : AGTM parsing failed flags.readFromStream(s) at 159
09-19 14:24:45.979   491   588 W skia    : AGTM parsing failed flags.readFromStream(s) at 159
09-19 14:24:45.997  1012  1174 D SatelliteController: isInCarrierRoamingNbIotNtn: satellite is disabled
09-19 14:24:45.997  1012  1174 D SatelliteController: getCarrierRoamingNtnConnectType: Checking connect type from PLMN config for subId: 1
09-19 14:24:45.997  1012  1174 D TelephonyConfigUpdateInstallReceiver: getConfigParser: domain=satellite
09-19 14:24:45.997  1012  1174 V SatelliteController: satelliteConfigParser is not ready
09-19 14:24:45.997  1012  1174 D SatelliteController: isSatelliteAttachSupportedViaConfigupdater: return null (satelliteConfig is null)
09-19 14:24:45.997  1012  1174 D SatelliteController: getSatellitePerPlmnConfiguration: invalid subId or not supported via carrier.
09-19 14:24:45.997  1012  1174 D SatelliteController: getCarrierRoamingNtnConnectType: config: null
09-19 14:24:45.997  1012  1174 D TelephonyConfigUpdateInstallReceiver: getConfigParser: domain=satellite
09-19 14:24:45.997  1012  1174 V SatelliteController: satelliteConfigParser is not ready
09-19 14:24:45.997  1012  1174 D SatelliteController: getCarrierRoamingNtnConnectTypeViaConfigUpdater: return null (satelliteConfig is null)
09-19 14:24:45.998  1012  1174 D SatelliteController: getCarrierRoamingNtnConnectType: Falling back to global carrier config connect type: 0
09-19 14:24:45.998  1012  1174 D TelephonyConfigUpdateInstallReceiver: getConfigParser: domain=satellite
09-19 14:24:45.998  1012  1174 V SatelliteController: satelliteConfigParser is not ready
09-19 14:24:45.998  1012  1174 D SatelliteController: isSatelliteAttachSupportedViaConfigupdater: return null (satelliteConfig is null)
09-19 14:24:45.998  1012  1174 D SatelliteController: getCarrierRoamingNtnConnectType: Checking connect type from PLMN config for subId: 1
09-19 14:24:45.998  1012  1174 D TelephonyConfigUpdateInstallReceiver: getConfigParser: domain=satellite
09-19 14:24:45.998  1012  1174 V SatelliteController: satelliteConfigParser is not ready
09-19 14:24:45.998  1012  1174 D SatelliteController: isSatelliteAttachSupportedViaConfigupdater: return null (satelliteConfig is null)
09-19 14:24:46.000  1012  1174 D SatelliteController: getSatellitePerPlmnConfiguration: invalid subId or not supported via carrier.
09-19 14:24:46.003  1012  1174 D SatelliteController: getCarrierRoamingNtnConnectType: config: null
09-19 14:24:46.003  1012  1174 D TelephonyConfigUpdateInstallReceiver: getConfigParser: domain=satellite
09-19 14:24:46.003  1012  1174 V SatelliteController: satelliteConfigParser is not ready
09-19 14:24:46.003  1012  1174 D SatelliteController: getCarrierRoamingNtnConnectTypeViaConfigUpdater: return null (satelliteConfig is null)
09-19 14:24:46.004  1012  1174 D SatelliteController: getCarrierRoamingNtnConnectType: Falling back to global carrier config connect type: 0
09-19 14:24:46.004  1012  1174 D TelephonyConfigUpdateInstallReceiver: getConfigParser: domain=satellite
09-19 14:24:46.004  1012  1174 V SatelliteController: satelliteConfigParser is not ready
09-19 14:24:46.004  1012  1174 D SatelliteController: isSatelliteAttachSupportedViaConfigupdater: return null (satelliteConfig is null)
09-19 14:24:46.079   491   588 W skia    : AGTM parsing failed flags.readFromStream(s) at 159
09-19 14:24:46.079   491   588 W skia    : AGTM parsing failed flags.readFromStream(s) at 159
09-19 14:24:46.193   491   588 W skia    : AGTM parsing failed flags.readFromStream(s) at 159
09-19 14:24:46.193   491   588 W skia    : AGTM parsing failed flags.readFromStream(s) at 159
09-19 14:24:46.296   491   588 W skia    : AGTM parsing failed flags.readFromStream(s) at 159
09-19 14:24:46.296   491   588 W skia    : AGTM parsing failed flags.readFromStream(s) at 159
09-19 14:24:46.397   491   588 W skia    : AGTM parsing failed flags.readFromStream(s) at 159
09-19 14:24:46.397   491   588 W skia    : AGTM parsing failed flags.readFromStream(s) at 159
09-19 14:24:46.498   491   588 W skia    : AGTM parsing failed flags.readFromStream(s) at 159
09-19 14:24:46.498   491   588 W skia    : AGTM parsing failed flags.readFromStream(s) at 159
09-19 14:24:46.600   491   588 W skia    : AGTM parsing failed flags.readFromStream(s) at 159
09-19 14:24:46.600   491   588 W skia    : AGTM parsing failed flags.readFromStream(s) at 159
09-19 14:24:46.618   487   531 D AudioFlinger: mixer(0xb400006ff95ca790) throttle end: throttle time(1)
09-19 14:24:46.703   491   588 W skia    : AGTM parsing failed flags.readFromStream(s) at 159
09-19 14:24:46.703   491   588 W skia    : AGTM parsing failed flags.readFromStream(s) at 159
09-19 14:24:46.802   491   588 W skia    : AGTM parsing failed flags.readFromStream(s) at 159
09-19 14:24:46.802   491   588 W skia    : AGTM parsing failed flags.readFromStream(s) at 159
09-19 14:24:46.916   491   588 W skia    : AGTM parsing failed flags.readFromStream(s) at 159
09-19 14:24:46.916   491   588 W skia    : AGTM parsing failed flags.readFromStream(s) at 159
09-19 14:24:46.932  2542  2550 W ystem:dynsystem: Reducing the number of considered missed Gc histogram windows from 18148 to 100
09-19 14:24:46.989 20549 20549 I flutter : RN_VALIDATION_CHUNK START {"schema":1,"runner":"flutter_flame_godot","event":"sample","scenario":"normal","sample":50,"elapsed_ms":52373,"rss_bytes":545619968,"enemies":3,"burning":0,"turrets":6,"projectiles":0,"effects":0,"metrics":{"authored_terrain":true,"draw_calls":90.0,"fps":33.9220922614396,"frame_ms":29.4793137254902,"max_frame_ms":50.8883333333333,"objects":104.0,"primitives":186361.0,"received_frames":2240,"renderer":"mobile","sequence":2801,"viewport":[880.0,1976.0]}}
09-19 14:24:46.990 20549 20549 I flutter : RN_VALIDATION_END
09-19 14:24:47.060   491   588 W skia    : AGTM parsing failed flags.readFromStream(s) at 159
09-19 14:24:47.060   491   588 W skia    : AGTM parsing failed flags.readFromStream(s) at 159
09-19 14:24:47.164   491   588 W skia    : AGTM parsing failed flags.readFromStream(s) at 159
09-19 14:24:47.164   491   588 W skia    : AGTM parsing failed flags.readFromStream(s) at 159
09-19 14:24:47.264   491   588 W skia    : AGTM parsing failed flags.readFromStream(s) at 159
09-19 14:24:47.264   491   588 W skia    : AGTM parsing failed flags.readFromStream(s) at 159
09-19 14:24:47.378   491   588 W skia    : AGTM parsing failed flags.readFromStream(s) at 159
09-19 14:24:47.378   491   588 W skia    : AGTM parsing failed flags.readFromStream(s) at 159
09-19 14:24:47.481   491   588 W skia    : AGTM parsing failed flags.readFromStream(s) at 159
09-19 14:24:47.481   491   588 W skia    : AGTM parsing failed flags.readFromStream(s) at 159
09-19 14:24:47.582   491   588 W skia    : AGTM parsing failed flags.readFromStream(s) at 159
09-19 14:24:47.582   491   588 W skia    : AGTM parsing failed flags.readFromStream(s) at 159
09-19 14:24:47.692   491   588 W skia    : AGTM parsing failed flags.readFromStream(s) at 159
09-19 14:24:47.692   491   588 W skia    : AGTM parsing failed flags.readFromStream(s) at 159
09-19 14:24:47.792   491   588 W skia    : AGTM parsing failed flags.readFromStream(s) at 159
09-19 14:24:47.792   491   588 W skia    : AGTM parsing failed flags.readFromStream(s) at 159
09-19 14:24:47.894   491   588 W skia    : AGTM parsing failed flags.readFromStream(s) at 159
09-19 14:24:47.894   491   588 W skia    : AGTM parsing failed flags.readFromStream(s) at 159
09-19 14:24:47.997   491   588 W skia    : AGTM parsing failed flags.readFromStream(s) at 159
09-19 14:24:47.997   491   588 W skia    : AGTM parsing failed flags.readFromStream(s) at 159
09-19 14:24:48.006 20549 20549 I flutter : RN_VALIDATION_CHUNK START {"schema":1,"runner":"flutter_flame_godot","event":"sample","scenario":"normal","sample":51,"elapsed_ms":53390,"rss_bytes":546500608,"enemies":3,"burning":0,"turrets":6,"projectiles":0,"effects":0,"metrics":{"authored_terrain":true,"draw_calls":86.0,"fps":34.2195211613519,"frame_ms":29.2230857142857,"max_frame_ms":37.438,"objects":98.0,"primitives":184603.0,"received_frames":2274,"renderer":"mobile","sequence":2839,"viewport":[880.0,1976.0]}}
09-19 14:24:48.006 20549 20549 I flutter : RN_VALIDATION_END
09-19 14:24:48.098   491   588 W skia    : AGTM parsing failed flags.readFromStream(s) at 159
09-19 14:24:48.099   491   588 W skia    : AGTM parsing failed flags.readFromStream(s) at 159
09-19 14:24:48.199   491   588 W skia    : AGTM parsing failed flags.readFromStream(s) at 159
09-19 14:24:48.199   491   588 W skia    : AGTM parsing failed flags.readFromStream(s) at 159
09-19 14:24:48.299   491   588 W skia    : AGTM parsing failed flags.readFromStream(s) at 159
09-19 14:24:48.299   491   588 W skia    : AGTM parsing failed flags.readFromStream(s) at 159
09-19 14:24:48.410   491   588 W skia    : AGTM parsing failed flags.readFromStream(s) at 159
09-19 14:24:48.410   491   588 W skia    : AGTM parsing failed flags.readFromStream(s) at 159
09-19 14:24:48.461   892   892 D wpa_supplicant: nl80211: Drv Event 64 (NL80211_CMD_NOTIFY_CQM) received for wlan0
09-19 14:24:48.461   892   892 D wpa_supplicant: nl80211: Beacon loss event
09-19 14:24:48.461   892   892 D wpa_supplicant: wlan0: Event BEACON_LOSS (53) received
09-19 14:24:48.462   892   892 I wpa_supplicant: wlan0: CTRL-EVENT-BEACON-LOSS 
09-19 14:24:48.500   487   531 D AudioFlinger: mixer(0xb400006ff95ca790) throttle end: throttle time(2)
09-19 14:24:48.511   491   588 W skia    : AGTM parsing failed flags.readFromStream(s) at 159
09-19 14:24:48.511   491   588 W skia    : AGTM parsing failed flags.readFromStream(s) at 159
09-19 14:24:48.615   491   588 W skia    : AGTM parsing failed flags.readFromStream(s) at 159
09-19 14:24:48.615   491   588 W skia    : AGTM parsing failed flags.readFromStream(s) at 159
09-19 14:24:48.731   491   588 W skia    : AGTM parsing failed flags.readFromStream(s) at 159
09-19 14:24:48.731   491   588 W skia    : AGTM parsing failed flags.readFromStream(s) at 159
09-19 14:24:48.832   491   588 W skia    : AGTM parsing failed flags.readFromStream(s) at 159
09-19 14:24:48.832   491   588 W skia    : AGTM parsing failed flags.readFromStream(s) at 159
09-19 14:24:48.855   645   800 D WifiClientModeImpl[3810:wlan0]: updateLinkLayerStatsRssiSpeedFrequencyCapabilities rssi=-50 TxLinkspeed=1 freq=2447 RxLinkSpeed=2
09-19 14:24:48.855   645   800 D WifiDataStall: tx tput in kbps: 11000
09-19 14:24:48.855   645   800 D WifiDataStall: rx tput in kbps: 11000
09-19 14:24:48.855   645   800 V WifiConfigManager: Updating scan detail cache freq=2447 BSSID=00:13:10:85:fe:01 RSSI=-50 for "AndroidWifi"NONE
09-19 14:24:48.856   645   800 D WifiThroughputPredictor:  utilization (LLS) 80 isBluetoothConnected: false final utilization: 80
09-19 14:24:48.856   645   800 D WifiThroughputPredictor:  BW: 0 RSSI: -50 Nss: 1 Mode: 1 symDur: 4000 snrDb 30 bitPerTone: 4500 rate: 54 throughput: 11
09-19 14:24:48.856   645   800 D WifiThroughputPredictor:  utilization (LLS) 80 isBluetoothConnected: false final utilization: 80
09-19 14:24:48.856   645   800 D WifiThroughputPredictor:  BW: 0 RSSI: -50 Nss: 1 Mode: 1 symDur: 4000 snrDb 30 bitPerTone: 4500 rate: 54 throughput: 11
09-19 14:24:48.856   645   800 D WifiThroughputPredictor:  utilization (LLS) 80 isBluetoothConnected: false final utilization: 80
09-19 14:24:48.856   645   800 D WifiThroughputPredictor:  BW: 0 RSSI: -50 Nss: 1 Mode: 1 symDur: 4000 snrDb 30 bitPerTone: 4500 rate: 54 throughput: 11
09-19 14:24:48.856   645   800 D WifiThroughputPredictor:  utilization (LLS) 80 isBluetoothConnected: false final utilization: 80
09-19 14:24:48.856   645   800 D WifiThroughputPredictor:  BW: 0 RSSI: -50 Nss: 1 Mode: 1 symDur: 4000 snrDb 30 bitPerTone: 4500 rate: 54 throughput: 11
09-19 14:24:48.858   645   800 I HalDevMgr: bestIfaceCreationProposal is null, requestIface=STA, existingIface=[name=wlan0 type=STA]
09-19 14:24:48.859   645   800 D WifiScoreCard: BSSID update SIGNAL_POLL ID: 760286919 SSID: "AndroidWifi", BSSID: 00:13:10:85:fe:01, MAC: 02:15:b2:00:00:00, IP: /10.0.2.16, Security type: 0, Supplicant state: COMPLETED, Wi-Fi standard: legacy, RSSI: -50, Link speed: 1Mbps, Tx Link speed: 1Mbps, Max Supported Tx Link speed: 11Mbps, Calculated Tx : 0Mbps, Rx Link speed: 2Mbps, Max Supported Rx Link speed: 11Mbps, Calculated Rx : 0Mbps, Frequency: 2447MHz, Net ID: 0, Metered hint: false, score: 100, isUsable: true, CarrierMerged: false, SubscriptionId: -1, IsPrimary: 1, Trusted: true, Restricted: false, Ephemeral: false, OEM paid: false, OEM private: false, OSU AP: false, FQDN: <none>, Provider friendly name: <none>, Requesting package name: <none>"AndroidWifi"openMLO Information: , Is TID-To-Link negotiation supported by the AP: false, AP MLD Address: <none>, AP MLO Link Id: <none>, AP MLO Affiliated links: <none>, Vendor Data: <none>
09-19 14:24:48.859   645   800 D WifiScoreCard: txRate: 1 txSpeed: 1
09-19 14:24:48.859   645   800 D WifiScoreCard: network update SIGNAL_POLL "AndroidWifi" ID: 673433585 RSSI -50 txSpeed -1
09-19 14:24:48.859   645   800 D WifiClientModeImpl[3810:wlan0]:  ClientModeImpl$L2ConnectedState screen=on 26 0 "AndroidWifi" 00:13:10:85:fe:01 rssi=-50 f=2447 sc=100 link=1 tx=0.0, 0.0, 0.0 rx=0.0 bcn=0 [on:0 tx:0 rx:0 period:3005] from screen [on:0 period:-1205873573] score=100
09-19 14:24:48.934   491   588 W skia    : AGTM parsing failed flags.readFromStream(s) at 159
09-19 14:24:48.934   491   588 W skia    : AGTM parsing failed flags.readFromStream(s) at 159
09-19 14:24:49.024 20549 20549 I flutter : RN_VALIDATION_CHUNK START {"schema":1,"runner":"flutter_flame_godot","event":"sample","scenario":"normal","sample":52,"elapsed_ms":54409,"rss_bytes":545865728,"enemies":3,"burning":0,"turrets":6,"projectiles":0,"effects":0,"metrics":{"authored_terrain":true,"draw_calls":108.0,"fps":33.9293139293139,"frame_ms":29.4730392156863,"max_frame_ms":32.3223333333333,"objects":132.0,"primitives":189501.0,"received_frames":2305,"renderer":"mobile","sequence":2876,"viewport":[880.0,1976.0]}}
09-19 14:24:49.024 20549 20549 I flutter : RN_VALIDATION_END
09-19 14:24:49.047   491   588 W skia    : AGTM parsing failed flags.readFromStream(s) at 159
09-19 14:24:49.047   491   588 W skia    : AGTM parsing failed flags.readFromStream(s) at 159
09-19 14:24:49.148   491   588 W skia    : AGTM parsing failed flags.readFromStream(s) at 159
09-19 14:24:49.148   491   588 W skia    : AGTM parsing failed flags.readFromStream(s) at 159
09-19 14:24:49.249   491   588 W skia    : AGTM parsing failed flags.readFromStream(s) at 159
09-19 14:24:49.250   491   588 W skia    : AGTM parsing failed flags.readFromStream(s) at 159
09-19 14:24:49.351   491   588 W skia    : AGTM parsing failed flags.readFromStream(s) at 159
09-19 14:24:49.351   491   588 W skia    : AGTM parsing failed flags.readFromStream(s) at 159
09-19 14:24:49.470   491   588 W skia    : AGTM parsing failed flags.readFromStream(s) at 159
09-19 14:24:49.470   491   588 W skia    : AGTM parsing failed flags.readFromStream(s) at 159
09-19 14:24:49.575   491   588 W skia    : AGTM parsing failed flags.readFromStream(s) at 159
09-19 14:24:49.575   491   588 W skia    : AGTM parsing failed flags.readFromStream(s) at 159
09-19 14:24:49.695   491   588 W skia    : AGTM parsing failed flags.readFromStream(s) at 159
09-19 14:24:49.695   491   588 W skia    : AGTM parsing failed flags.readFromStream(s) at 159
09-19 14:24:49.797   491   588 W skia    : AGTM parsing failed flags.readFromStream(s) at 159
09-19 14:24:49.797   491   588 W skia    : AGTM parsing failed flags.readFromStream(s) at 159
09-19 14:24:49.897   491   588 W skia    : AGTM parsing failed flags.readFromStream(s) at 159
09-19 14:24:49.897   491   588 W skia    : AGTM parsing failed flags.readFromStream(s) at 159
09-19 14:24:49.998   491   588 W skia    : AGTM parsing failed flags.readFromStream(s) at 159
09-19 14:24:49.998   491   588 W skia    : AGTM parsing failed flags.readFromStream(s) at 159
09-19 14:24:50.076 20549 20549 I flutter : RN_VALIDATION_CHUNK START {"schema":1,"runner":"flutter_flame_godot","event":"sample","scenario":"normal","sample":53,"elapsed_ms":55460,"rss_bytes":545800192,"enemies":3,"burning":0,"turrets":6,"projectiles":0,"effects":0,"metrics":{"authored_terrain":true,"draw_calls":80.0,"fps":41.0,"frame_ms":24.390243902439,"max_frame_ms":31.1793333333319,"objects":90.0,"primitives":183045.0,"received_frames":2341,"renderer":"mobile","sequence":2917,"viewport":[880.0,1976.0]}}
09-19 14:24:50.076 20549 20549 I flutter : RN_VALIDATION_END
09-19 14:24:50.108   491   588 W skia    : AGTM parsing failed flags.readFromStream(s) at 159
09-19 14:24:50.108   491   588 W skia    : AGTM parsing failed flags.readFromStream(s) at 159
09-19 14:24:50.210   491   588 W skia    : AGTM parsing failed flags.readFromStream(s) at 159
09-19 14:24:50.211   491   588 W skia    : AGTM parsing failed flags.readFromStream(s) at 159
09-19 14:24:50.310   491   588 W skia    : AGTM parsing failed flags.readFromStream(s) at 159
09-19 14:24:50.310   491   588 W skia    : AGTM parsing failed flags.readFromStream(s) at 159
09-19 14:24:50.420   491   588 W skia    : AGTM parsing failed flags.readFromStream(s) at 159
09-19 14:24:50.420   491   588 W skia    : AGTM parsing failed flags.readFromStream(s) at 159
09-19 14:24:50.529   491   588 W skia    : AGTM parsing failed flags.readFromStream(s) at 159
09-19 14:24:50.529   491   588 W skia    : AGTM parsing failed flags.readFromStream(s) at 159
09-19 14:24:50.632   491   588 W skia    : AGTM parsing failed flags.readFromStream(s) at 159
09-19 14:24:50.632   491   588 W skia    : AGTM parsing failed flags.readFromStream(s) at 159
09-19 14:24:50.743   491   588 W skia    : AGTM parsing failed flags.readFromStream(s) at 159
09-19 14:24:50.743   491   588 W skia    : AGTM parsing failed flags.readFromStream(s) at 159
09-19 14:24:50.846   491   588 W skia    : AGTM parsing failed flags.readFromStream(s) at 159
09-19 14:24:50.846   491   588 W skia    : AGTM parsing failed flags.readFromStream(s) at 159
09-19 14:24:50.947   491   588 W skia    : AGTM parsing failed flags.readFromStream(s) at 159
09-19 14:24:50.947   491   588 W skia    : AGTM parsing failed flags.readFromStream(s) at 159
09-19 14:24:51.047   491   588 W skia    : AGTM parsing failed flags.readFromStream(s) at 159
09-19 14:24:51.048   491   588 W skia    : AGTM parsing failed flags.readFromStream(s) at 159
09-19 14:24:51.096 20549 20549 I flutter : RN_VALIDATION_CHUNK START {"schema":1,"runner":"flutter_flame_godot","event":"sample","scenario":"normal","sample":54,"elapsed_ms":56480,"rss_bytes":545980416,"enemies":3,"burning":0,"turrets":6,"projectiles":0,"effects":0,"metrics":{"authored_terrain":true,"draw_calls":104.0,"fps":41.1858383475456,"frame_ms":24.2801904761905,"max_frame_ms":32.431,"objects":122.0,"primitives":188831.0,"received_frames":2375,"renderer":"mobile","sequence":2955,"viewport":[880.0,1976.0]}}
09-19 14:24:51.096 20549 20549 I flutter : RN_VALIDATION_END
09-19 14:24:51.149   491   588 W skia    : AGTM parsing failed flags.readFromStream(s) at 159
09-19 14:24:51.149   491   588 W skia    : AGTM parsing failed flags.readFromStream(s) at 159
09-19 14:24:51.251   491   588 W skia    : AGTM parsing failed flags.readFromStream(s) at 159
09-19 14:24:51.251   491   588 W skia    : AGTM parsing failed flags.readFromStream(s) at 159
09-19 14:24:51.359   491   588 W skia    : AGTM parsing failed flags.readFromStream(s) at 159
09-19 14:24:51.359   491   588 W skia    : AGTM parsing failed flags.readFromStream(s) at 159
09-19 14:24:51.460   491   588 W skia    : AGTM parsing failed flags.readFromStream(s) at 159
09-19 14:24:51.460   491   588 W skia    : AGTM parsing failed flags.readFromStream(s) at 159
09-19 14:24:51.567   491   588 W skia    : AGTM parsing failed flags.readFromStream(s) at 159
09-19 14:24:51.567   491   588 W skia    : AGTM parsing failed flags.readFromStream(s) at 159
09-19 14:24:51.683   491   588 W skia    : AGTM parsing failed flags.readFromStream(s) at 159
09-19 14:24:51.683   491   588 W skia    : AGTM parsing failed flags.readFromStream(s) at 159
09-19 14:24:51.798   491   588 W skia    : AGTM parsing failed flags.readFromStream(s) at 159
09-19 14:24:51.798   491   588 W skia    : AGTM parsing failed flags.readFromStream(s) at 159
09-19 14:24:51.863   645   800 D WifiClientModeImpl[3810:wlan0]: updateLinkLayerStatsRssiSpeedFrequencyCapabilities rssi=-50 TxLinkspeed=1 freq=2447 RxLinkSpeed=2
09-19 14:24:51.864   645   800 D WifiDataStall: tx tput in kbps: 11000
09-19 14:24:51.864   645   800 D WifiDataStall: rx tput in kbps: 11000
09-19 14:24:51.864   645   800 V WifiConfigManager: Updating scan detail cache freq=2447 BSSID=00:13:10:85:fe:01 RSSI=-50 for "AndroidWifi"NONE
09-19 14:24:51.864   645   800 D WifiThroughputPredictor:  utilization (LLS) 80 isBluetoothConnected: false final utilization: 80
09-19 14:24:51.864   645   800 D WifiThroughputPredictor:  BW: 0 RSSI: -50 Nss: 1 Mode: 1 symDur: 4000 snrDb 30 bitPerTone: 4500 rate: 54 throughput: 11
09-19 14:24:51.864   645   800 D WifiThroughputPredictor:  utilization (LLS) 80 isBluetoothConnected: false final utilization: 80
09-19 14:24:51.864   645   800 D WifiThroughputPredictor:  BW: 0 RSSI: -50 Nss: 1 Mode: 1 symDur: 4000 snrDb 30 bitPerTone: 4500 rate: 54 throughput: 11
09-19 14:24:51.864   645   800 D WifiThroughputPredictor:  utilization (LLS) 80 isBluetoothConnected: false final utilization: 80
09-19 14:24:51.864   645   800 D WifiThroughputPredictor:  BW: 0 RSSI: -50 Nss: 1 Mode: 1 symDur: 4000 snrDb 30 bitPerTone: 4500 rate: 54 throughput: 11
09-19 14:24:51.864   645   800 D WifiThroughputPredictor:  utilization (LLS) 80 isBluetoothConnected: false final utilization: 80
09-19 14:24:51.864   645   800 D WifiThroughputPredictor:  BW: 0 RSSI: -50 Nss: 1 Mode: 1 symDur: 4000 snrDb 30 bitPerTone: 4500 rate: 54 throughput: 11
09-19 14:24:51.867   645   800 I HalDevMgr: bestIfaceCreationProposal is null, requestIface=STA, existingIface=[name=wlan0 type=STA]
09-19 14:24:51.867   645   800 D WifiScoreCard: BSSID update SIGNAL_POLL ID: 760286919 SSID: "AndroidWifi", BSSID: 00:13:10:85:fe:01, MAC: 02:15:b2:00:00:00, IP: /10.0.2.16, Security type: 0, Supplicant state: COMPLETED, Wi-Fi standard: legacy, RSSI: -50, Link speed: 1Mbps, Tx Link speed: 1Mbps, Max Supported Tx Link speed: 11Mbps, Calculated Tx : 0Mbps, Rx Link speed: 2Mbps, Max Supported Rx Link speed: 11Mbps, Calculated Rx : 0Mbps, Frequency: 2447MHz, Net ID: 0, Metered hint: false, score: 100, isUsable: true, CarrierMerged: false, SubscriptionId: -1, IsPrimary: 1, Trusted: true, Restricted: false, Ephemeral: false, OEM paid: false, OEM private: false, OSU AP: false, FQDN: <none>, Provider friendly name: <none>, Requesting package name: <none>"AndroidWifi"openMLO Information: , Is TID-To-Link negotiation supported by the AP: false, AP MLD Address: <none>, AP MLO Link Id: <none>, AP MLO Affiliated links: <none>, Vendor Data: <none>
09-19 14:24:51.868   645   800 D WifiScoreCard: txRate: 1 txSpeed: 1
09-19 14:24:51.868   645   800 D WifiScoreCard: network update SIGNAL_POLL "AndroidWifi" ID: 673433585 RSSI -50 txSpeed -1
09-19 14:24:51.868   645   800 D WifiClientModeImpl[3810:wlan0]:  ClientModeImpl$L2ConnectedState screen=on 26 0 "AndroidWifi" 00:13:10:85:fe:01 rssi=-50 f=2447 sc=100 link=1 tx=0.0, 0.0, 0.0 rx=0.0 bcn=0 [on:0 tx:0 rx:0 period:3009] from screen [on:0 period:-1205870564] score=100
09-19 14:24:51.898   491   588 W skia    : AGTM parsing failed flags.readFromStream(s) at 159
09-19 14:24:51.898   491   588 W skia    : AGTM parsing failed flags.readFromStream(s) at 159
09-19 14:24:52.011   491   588 W skia    : AGTM parsing failed flags.readFromStream(s) at 159
09-19 14:24:52.012   491   588 W skia    : AGTM parsing failed flags.readFromStream(s) at 159
09-19 14:24:52.114   491   588 W skia    : AGTM parsing failed flags.readFromStream(s) at 159
09-19 14:24:52.114   491   588 W skia    : AGTM parsing failed flags.readFromStream(s) at 159
09-19 14:24:52.115 20549 20549 I flutter : RN_VALIDATION_CHUNK START {"schema":1,"runner":"flutter_flame_godot","event":"sample","scenario":"normal","sample":55,"elapsed_ms":57500,"rss_bytes":546361344,"enemies":3,"burning":0,"turrets":6,"projectiles":0,"effects":0,"metrics":{"authored_terrain":true,"draw_calls":84.0,"fps":38.7906211572005,"frame_ms":25.7794273504273,"max_frame_ms":33.02,"objects":94.0,"primitives":185245.0,"received_frames":2412,"renderer":"mobile","sequence":3001,"viewport":[880.0,1976.0]}}
09-19 14:24:52.115 20549 20549 I flutter : RN_VALIDATION_END
09-19 14:24:52.214   491   588 W skia    : AGTM parsing failed flags.readFromStream(s) at 159
09-19 14:24:52.214   491   588 W skia    : AGTM parsing failed flags.readFromStream(s) at 159
09-19 14:24:52.315   491   588 W skia    : AGTM parsing failed flags.readFromStream(s) at 159
09-19 14:24:52.315   491   588 W skia    : AGTM parsing failed flags.readFromStream(s) at 159
09-19 14:24:52.415   491   588 W skia    : AGTM parsing failed flags.readFromStream(s) at 159
09-19 14:24:52.415   491   588 W skia    : AGTM parsing failed flags.readFromStream(s) at 159
09-19 14:24:52.516   491   588 W skia    : AGTM parsing failed flags.readFromStream(s) at 159
09-19 14:24:52.517   491   588 W skia    : AGTM parsing failed flags.readFromStream(s) at 159
09-19 14:24:52.616   491   588 W skia    : AGTM parsing failed flags.readFromStream(s) at 159
09-19 14:24:52.616   491   588 W skia    : AGTM parsing failed flags.readFromStream(s) at 159
09-19 14:24:52.727   491   588 W skia    : AGTM parsing failed flags.readFromStream(s) at 159
09-19 14:24:52.727   491   588 W skia    : AGTM parsing failed flags.readFromStream(s) at 159
09-19 14:24:52.828   491   588 W skia    : AGTM parsing failed flags.readFromStream(s) at 159
09-19 14:24:52.828   491   588 W skia    : AGTM parsing failed flags.readFromStream(s) at 159
09-19 14:24:52.927   491   588 W skia    : AGTM parsing failed flags.readFromStream(s) at 159
09-19 14:24:52.927   491   588 W skia    : AGTM parsing failed flags.readFromStream(s) at 159
09-19 14:24:53.032   491   588 W skia    : AGTM parsing failed flags.readFromStream(s) at 159
09-19 14:24:53.032   491   588 W skia    : AGTM parsing failed flags.readFromStream(s) at 159
09-19 14:24:53.123 20549 20549 I flutter : RN_VALIDATION_CHUNK START {"schema":1,"runner":"flutter_flame_godot","event":"sample","scenario":"normal","sample":56,"elapsed_ms":58507,"rss_bytes":547135488,"enemies":3,"burning":0,"turrets":6,"projectiles":0,"effects":0,"metrics":{"authored_terrain":true,"draw_calls":86.0,"fps":39.3800235820708,"frame_ms":25.3935856060606,"max_frame_ms":37.705,"objects":98.0,"primitives":184603.0,"received_frames":2448,"renderer":"mobile","sequence":3045,"viewport":[880.0,1976.0]}}
09-19 14:24:53.123 20549 20549 I flutter : RN_VALIDATION_END
09-19 14:24:53.145   491   588 W skia    : AGTM parsing failed flags.readFromStream(s) at 159
09-19 14:24:53.145   491   588 W skia    : AGTM parsing failed flags.readFromStream(s) at 159
09-19 14:24:53.244   491   588 W skia    : AGTM parsing failed flags.readFromStream(s) at 159
09-19 14:24:53.244   491   588 W skia    : AGTM parsing failed flags.readFromStream(s) at 159
09-19 14:24:53.345   491   588 W skia    : AGTM parsing failed flags.readFromStream(s) at 159
09-19 14:24:53.346   491   588 W skia    : AGTM parsing failed flags.readFromStream(s) at 159
09-19 14:24:53.447   491   588 W skia    : AGTM parsing failed flags.readFromStream(s) at 159
09-19 14:24:53.447   491   588 W skia    : AGTM parsing failed flags.readFromStream(s) at 159
09-19 14:24:53.546 20549 20553 I us.godotpreview: NativeAlloc concurrent mark compact GC freed 130KB AllocSpace bytes, 6(432KB) LOS objects, 49% free, 2335KB/4670KB, paused 78us,8.192ms total 15.580ms
09-19 14:24:53.546   491   588 W skia    : AGTM parsing failed flags.readFromStream(s) at 159
09-19 14:24:53.546   491   588 W skia    : AGTM parsing failed flags.readFromStream(s) at 159
09-19 14:24:53.647   491   588 W skia    : AGTM parsing failed flags.readFromStream(s) at 159
09-19 14:24:53.647   491   588 W skia    : AGTM parsing failed flags.readFromStream(s) at 159
09-19 14:24:53.764   491   588 W skia    : AGTM parsing failed flags.readFromStream(s) at 159
09-19 14:24:53.765   491   588 W skia    : AGTM parsing failed flags.readFromStream(s) at 159
09-19 14:24:53.866   491   588 W skia    : AGTM parsing failed flags.readFromStream(s) at 159
09-19 14:24:53.866   491   588 W skia    : AGTM parsing failed flags.readFromStream(s) at 159
09-19 14:24:53.976   491   588 W skia    : AGTM parsing failed flags.readFromStream(s) at 159
09-19 14:24:53.976   491   588 W skia    : AGTM parsing failed flags.readFromStream(s) at 159
09-19 14:24:54.079   491   588 W skia    : AGTM parsing failed flags.readFromStream(s) at 159
09-19 14:24:54.079   491   588 W skia    : AGTM parsing failed flags.readFromStream(s) at 159
09-19 14:24:54.150 20549 20549 I flutter : RN_VALIDATION_CHUNK START {"schema":1,"runner":"flutter_flame_godot","event":"sample","scenario":"normal","sample":57,"elapsed_ms":59534,"rss_bytes":546144256,"enemies":3,"burning":0,"turrets":6,"projectiles":0,"effects":0,"metrics":{"authored_terrain":true,"draw_calls":106.0,"fps":40.3612333366723,"frame_ms":24.7762498152255,"max_frame_ms":31.793,"objects":128.0,"primitives":189493.0,"received_frames":2485,"renderer":"mobile","sequence":3090,"viewport":[880.0,1976.0]}}
09-19 14:24:54.150 20549 20549 I flutter : RN_VALIDATION_END
09-19 14:24:54.180   491   588 W skia    : AGTM parsing failed flags.readFromStream(s) at 159
09-19 14:24:54.181   491   588 W skia    : AGTM parsing failed flags.readFromStream(s) at 159
09-19 14:24:54.282   491   588 W skia    : AGTM parsing failed flags.readFromStream(s) at 159
09-19 14:24:54.282   491   588 W skia    : AGTM parsing failed flags.readFromStream(s) at 159
09-19 14:24:54.383   491   588 W skia    : AGTM parsing failed flags.readFromStream(s) at 159
09-19 14:24:54.383   491   588 W skia    : AGTM parsing failed flags.readFromStream(s) at 159
09-19 14:24:54.490   491   588 W skia    : AGTM parsing failed flags.readFromStream(s) at 159
09-19 14:24:54.491   491   588 W skia    : AGTM parsing failed flags.readFromStream(s) at 159
09-19 14:24:54.595   491   588 W skia    : AGTM parsing failed flags.readFromStream(s) at 159
09-19 14:24:54.595   491   588 W skia    : AGTM parsing failed flags.readFromStream(s) at 159
09-19 14:24:54.696   491   588 W skia    : AGTM parsing failed flags.readFromStream(s) at 159
09-19 14:24:54.697   491   588 W skia    : AGTM parsing failed flags.readFromStream(s) at 159
09-19 14:24:54.730 20549 20553 I us.godotpreview: NativeAlloc concurrent mark compact GC freed 128KB AllocSpace bytes, 4(288KB) LOS objects, 49% free, 2335KB/4671KB, paused 331us,5.328ms total 16.926ms
09-19 14:24:54.796   491   588 W skia    : AGTM parsing failed flags.readFromStream(s) at 159
09-19 14:24:54.796   491   588 W skia    : AGTM parsing failed flags.readFromStream(s) at 159
09-19 14:24:54.871   645   800 D WifiClientModeImpl[3810:wlan0]: updateLinkLayerStatsRssiSpeedFrequencyCapabilities rssi=-50 TxLinkspeed=1 freq=2447 RxLinkSpeed=2
09-19 14:24:54.871   645   800 D WifiDataStall: tx tput in kbps: 11000
09-19 14:24:54.871   645   800 D WifiDataStall: rx tput in kbps: 11000
09-19 14:24:54.871   645   800 V WifiConfigManager: Updating scan detail cache freq=2447 BSSID=00:13:10:85:fe:01 RSSI=-50 for "AndroidWifi"NONE
09-19 14:24:54.871   645   800 D WifiThroughputPredictor:  utilization (LLS) 80 isBluetoothConnected: false final utilization: 80
09-19 14:24:54.871   645   800 D WifiThroughputPredictor:  BW: 0 RSSI: -50 Nss: 1 Mode: 1 symDur: 4000 snrDb 30 bitPerTone: 4500 rate: 54 throughput: 11
09-19 14:24:54.871   645   800 D WifiThroughputPredictor:  utilization (LLS) 80 isBluetoothConnected: false final utilization: 80
09-19 14:24:54.871   645   800 D WifiThroughputPredictor:  BW: 0 RSSI: -50 Nss: 1 Mode: 1 symDur: 4000 snrDb 30 bitPerTone: 4500 rate: 54 throughput: 11
09-19 14:24:54.872   645   800 D WifiThroughputPredictor:  utilization (LLS) 80 isBluetoothConnected: false final utilization: 80
09-19 14:24:54.872   645   800 D WifiThroughputPredictor:  BW: 0 RSSI: -50 Nss: 1 Mode: 1 symDur: 4000 snrDb 30 bitPerTone: 4500 rate: 54 throughput: 11
09-19 14:24:54.872   645   800 D WifiThroughputPredictor:  utilization (LLS) 80 isBluetoothConnected: false final utilization: 80
09-19 14:24:54.872   645   800 D WifiThroughputPredictor:  BW: 0 RSSI: -50 Nss: 1 Mode: 1 symDur: 4000 snrDb 30 bitPerTone: 4500 rate: 54 throughput: 11
09-19 14:24:54.875   645   800 I HalDevMgr: bestIfaceCreationProposal is null, requestIface=STA, existingIface=[name=wlan0 type=STA]
09-19 14:24:54.875   645   800 D WifiScoreCard: BSSID update SIGNAL_POLL ID: 760286919 SSID: "AndroidWifi", BSSID: 00:13:10:85:fe:01, MAC: 02:15:b2:00:00:00, IP: /10.0.2.16, Security type: 0, Supplicant state: COMPLETED, Wi-Fi standard: legacy, RSSI: -50, Link speed: 1Mbps, Tx Link speed: 1Mbps, Max Supported Tx Link speed: 11Mbps, Calculated Tx : 0Mbps, Rx Link speed: 2Mbps, Max Supported Rx Link speed: 11Mbps, Calculated Rx : 0Mbps, Frequency: 2447MHz, Net ID: 0, Metered hint: false, score: 100, isUsable: true, CarrierMerged: false, SubscriptionId: -1, IsPrimary: 1, Trusted: true, Restricted: false, Ephemeral: false, OEM paid: false, OEM private: false, OSU AP: false, FQDN: <none>, Provider friendly name: <none>, Requesting package name: <none>"AndroidWifi"openMLO Information: , Is TID-To-Link negotiation supported by the AP: false, AP MLD Address: <none>, AP MLO Link Id: <none>, AP MLO Affiliated links: <none>, Vendor Data: <none>
09-19 14:24:54.875   645   800 D WifiScoreCard: txRate: 1 txSpeed: 1
09-19 14:24:54.875   645   800 D WifiScoreCard: network update SIGNAL_POLL "AndroidWifi" ID: 673433585 RSSI -50 txSpeed -1
09-19 14:24:54.875   645   800 D WifiClientModeImpl[3810:wlan0]:  ClientModeImpl$L2ConnectedState screen=on 26 0 "AndroidWifi" 00:13:10:85:fe:01 rssi=-50 f=2447 sc=100 link=1 tx=0.0, 0.0, 0.0 rx=0.0 bcn=0 [on:0 tx:0 rx:0 period:3007] from screen [on:0 period:-1205867557] score=100
09-19 14:24:54.897   491   588 W skia    : AGTM parsing failed flags.readFromStream(s) at 159
09-19 14:24:54.897   491   588 W skia    : AGTM parsing failed flags.readFromStream(s) at 159
09-19 14:24:54.997   491   588 W skia    : AGTM parsing failed flags.readFromStream(s) at 159
09-19 14:24:54.997   491   588 W skia    : AGTM parsing failed flags.readFromStream(s) at 159
09-19 14:24:55.099   491   588 W skia    : AGTM parsing failed flags.readFromStream(s) at 159
09-19 14:24:55.099   491   588 W skia    : AGTM parsing failed flags.readFromStream(s) at 159
09-19 14:24:55.190 20549 20549 I flutter : RN_VALIDATION_CHUNK START {"schema":1,"runner":"flutter_flame_godot","event":"sample","scenario":"normal","sample":58,"elapsed_ms":60574,"rss_bytes":546545664,"enemies":3,"burning":0,"turrets":6,"projectiles":0,"effects":0,"metrics":{"authored_terrain":true,"draw_calls":82.0,"fps":40.5701056372986,"frame_ms":24.6486910569106,"max_frame_ms":32.558,"objects":92.0,"primitives":183049.0,"received_frames":2523,"renderer":"mobile","sequence":3135,"viewport":[880.0,1976.0]}}
09-19 14:24:55.190 20549 20549 I flutter : RN_VALIDATION_END
09-19 14:24:55.213   491   588 W skia    : AGTM parsing failed flags.readFromStream(s) at 159
09-19 14:24:55.213   491   588 W skia    : AGTM parsing failed flags.readFromStream(s) at 159
09-19 14:24:55.313   491   588 W skia    : AGTM parsing failed flags.readFromStream(s) at 159
09-19 14:24:55.313   491   588 W skia    : AGTM parsing failed flags.readFromStream(s) at 159
09-19 14:24:55.416 20549 20553 I us.godotpreview: NativeAlloc concurrent mark compact GC freed 128KB AllocSpace bytes, 3(228KB) LOS objects, 49% free, 2263KB/4526KB, paused 5.531ms,2.058ms total 36.057ms
09-19 14:24:55.421   491   588 W skia    : AGTM parsing failed flags.readFromStream(s) at 159
09-19 14:24:55.421   491   588 W skia    : AGTM parsing failed flags.readFromStream(s) at 159
09-19 14:24:55.525   491   588 W skia    : AGTM parsing failed flags.readFromStream(s) at 159
09-19 14:24:55.525   491   588 W skia    : AGTM parsing failed flags.readFromStream(s) at 159
09-19 14:24:55.627   491   588 W skia    : AGTM parsing failed flags.readFromStream(s) at 159
09-19 14:24:55.627   491   588 W skia    : AGTM parsing failed flags.readFromStream(s) at 159
09-19 14:24:55.727   491   588 W skia    : AGTM parsing failed flags.readFromStream(s) at 159
09-19 14:24:55.727   491   588 W skia    : AGTM parsing failed flags.readFromStream(s) at 159
09-19 14:24:55.832   491   588 W skia    : AGTM parsing failed flags.readFromStream(s) at 159
09-19 14:24:55.832   491   588 W skia    : AGTM parsing failed flags.readFromStream(s) at 159
09-19 14:24:55.945   491   588 W skia    : AGTM parsing failed flags.readFromStream(s) at 159
09-19 14:24:55.945   491   588 W skia    : AGTM parsing failed flags.readFromStream(s) at 159
09-19 14:24:55.997  1012  1174 D SatelliteController: isInCarrierRoamingNbIotNtn: satellite is disabled
09-19 14:24:55.997  1012  1174 D SatelliteController: getCarrierRoamingNtnConnectType: Checking connect type from PLMN config for subId: 1
09-19 14:24:55.997  1012  1174 D TelephonyConfigUpdateInstallReceiver: getConfigParser: domain=satellite
09-19 14:24:55.997  1012  1174 V SatelliteController: satelliteConfigParser is not ready
09-19 14:24:55.997  1012  1174 D SatelliteController: isSatelliteAttachSupportedViaConfigupdater: return null (satelliteConfig is null)
09-19 14:24:56.004  1012  1174 D SatelliteController: getSatellitePerPlmnConfiguration: invalid subId or not supported via carrier.
09-19 14:24:56.004  1012  1174 D SatelliteController: getCarrierRoamingNtnConnectType: config: null
09-19 14:24:56.004  1012  1174 D TelephonyConfigUpdateInstallReceiver: getConfigParser: domain=satellite
09-19 14:24:56.004  1012  1174 V SatelliteController: satelliteConfigParser is not ready
09-19 14:24:56.004  1012  1174 D SatelliteController: getCarrierRoamingNtnConnectTypeViaConfigUpdater: return null (satelliteConfig is null)
09-19 14:24:56.004  1012  1174 D SatelliteController: getCarrierRoamingNtnConnectType: Falling back to global carrier config connect type: 0
09-19 14:24:56.004  1012  1174 D TelephonyConfigUpdateInstallReceiver: getConfigParser: domain=satellite
09-19 14:24:56.004  1012  1174 V SatelliteController: satelliteConfigParser is not ready
09-19 14:24:56.004  1012  1174 D SatelliteController: isSatelliteAttachSupportedViaConfigupdater: return null (satelliteConfig is null)
09-19 14:24:56.004  1012  1174 D SatelliteController: getCarrierRoamingNtnConnectType: Checking connect type from PLMN config for subId: 1
09-19 14:24:56.004  1012  1174 D TelephonyConfigUpdateInstallReceiver: getConfigParser: domain=satellite
09-19 14:24:56.004  1012  1174 V SatelliteController: satelliteConfigParser is not ready
09-19 14:24:56.004  1012  1174 D SatelliteController: isSatelliteAttachSupportedViaConfigupdater: return null (satelliteConfig is null)
09-19 14:24:56.004  1012  1174 D SatelliteController: getSatellitePerPlmnConfiguration: invalid subId or not supported via carrier.
09-19 14:24:56.004  1012  1174 D SatelliteController: getCarrierRoamingNtnConnectType: config: null
09-19 14:24:56.004  1012  1174 D TelephonyConfigUpdateInstallReceiver: getConfigParser: domain=satellite
09-19 14:24:56.004  1012  1174 V SatelliteController: satelliteConfigParser is not ready
09-19 14:24:56.004  1012  1174 D SatelliteController: getCarrierRoamingNtnConnectTypeViaConfigUpdater: return null (satelliteConfig is null)
09-19 14:24:56.004  1012  1174 D SatelliteController: getCarrierRoamingNtnConnectType: Falling back to global carrier config connect type: 0
09-19 14:24:56.004  1012  1174 D TelephonyConfigUpdateInstallReceiver: getConfigParser: domain=satellite
09-19 14:24:56.004  1012  1174 V SatelliteController: satelliteConfigParser is not ready
09-19 14:24:56.004  1012  1174 D SatelliteController: isSatelliteAttachSupportedViaConfigupdater: return null (satelliteConfig is null)
09-19 14:24:56.044   491   588 W skia    : AGTM parsing failed flags.readFromStream(s) at 159
09-19 14:24:56.045   491   588 W skia    : AGTM parsing failed flags.readFromStream(s) at 159
09-19 14:24:56.146   491   588 W skia    : AGTM parsing failed flags.readFromStream(s) at 159
09-19 14:24:56.146   491   588 W skia    : AGTM parsing failed flags.readFromStream(s) at 159
09-19 14:24:56.206 20549 20549 I flutter : RN_VALIDATION_CHUNK START {"schema":1,"runner":"flutter_flame_godot","event":"sample","scenario":"normal","sample":59,"elapsed_ms":61590,"rss_bytes":546779136,"enemies":3,"burning":0,"turrets":6,"projectiles":0,"effects":0,"metrics":{"authored_terrain":true,"draw_calls":106.0,"fps":39.2928080408802,"frame_ms":25.44995,"max_frame_ms":34.689,"objects":124.0,"primitives":188835.0,"received_frames":2560,"renderer":"mobile","sequence":3177,"viewport":[880.0,1976.0]}}
09-19 14:24:56.206 20549 20549 I flutter : RN_VALIDATION_END
09-19 14:24:56.214 20549 20549 I flutter : RN_VALIDATION_CHUNK START {"schema":1,"runner":"flutter_flame_godot","event":"end","scenario":"normal","enemies":3,"burning":0,"turrets":6,"projectiles":0,"effects":0,"elapsed_ms":61591,"flutter_update_fps":44.06487960903379,"game_update_us":{"samples":2714,"mean":69.69823139277818,"p50":41,"p95":201,"p99":540,"max":2945,"over_16_667_ms_ratio":0.0,"over_33_334_ms_ratio":0.0},"flutter_update_gap_us":{"samples":2713,"mean":22693.712863988207,"p50":21252,"p95":35730,"p99":47253,"max":163748,"over_16_667_ms_ratio":0.827865831183192,"over_33_334_ms_ratio":0.06855879100626612},"flutter_build_us":{"samples":2716,"mean":3080.2477908689248,"p50":2436,"p95":7068,"p99":12245,"max":33093,"over_16_667_ms_ratio":0.0022091310751104
09-19 14:24:56.214 20549 20549 I flutter : RN_VALIDATION_CHUNK CONT 565,"over_33_334_ms_ratio":0.0},"flutter_raster_us":{"samples":2716,"mean":11415.336156111929,"p50":11183,"p95":20723,"p99":29660,"max":105590,"over_16_667_ms_ratio":0.12297496318114874,"over_33_334_ms_ratio":0.005891016200294551},"flutter_total_span_us":{"samples":2716,"mean":27744.626288659794,"p50":26122,"p95":46581,"p99":64096,"max":220123,"over_16_667_ms_ratio":0.882179675994109,"over_33_334_ms_ratio":0.21612665684830634},"rss_bytes":546783232}
09-19 14:24:56.214 20549 20549 I flutter : RN_VALIDATION_END
09-19 14:24:56.246   491   588 W skia    : AGTM parsing failed flags.readFromStream(s) at 159
09-19 14:24:56.247   491   588 W skia    : AGTM parsing failed flags.readFromStream(s) at 159
09-19 14:24:56.282 16828 16828 I adbd    : adbd service requested 'shell,v2,TERM=dumb,raw:dumpsys SurfaceFlinger --timestats -dump -disable'
09-19 14:24:56.328   491   554 D surfaceflinger: Disabled
09-19 14:24:56.328   491   554 D surfaceflinger: Dumping TimeStats as text
09-19 14:24:56.348   491   588 W skia    : AGTM parsing failed flags.readFromStream(s) at 159
09-19 14:24:56.348   491   588 W skia    : AGTM parsing failed flags.readFromStream(s) at 159
09-19 14:24:56.395   892   892 D wpa_supplicant: nl80211: Drv Event 64 (NL80211_CMD_NOTIFY_CQM) received for wlan0
09-19 14:24:56.395   892   892 D wpa_supplicant: nl80211: Beacon loss event
09-19 14:24:56.395   892   892 D wpa_supplicant: wlan0: Event BEACON_LOSS (53) received
09-19 14:24:56.395   892   892 I wpa_supplicant: wlan0: CTRL-EVENT-BEACON-LOSS 
09-19 14:24:56.472   491   588 W skia    : AGTM parsing failed flags.readFromStream(s) at 159
09-19 14:24:56.473   491   588 W skia    : AGTM parsing failed flags.readFromStream(s) at 159
09-19 14:24:56.572   491   588 W skia    : AGTM parsing failed flags.readFromStream(s) at 159
09-19 14:24:56.572   491   588 W skia    : AGTM parsing failed flags.readFromStream(s) at 159
09-19 14:24:56.672   491   588 W skia    : AGTM parsing failed flags.readFromStream(s) at 159
09-19 14:24:56.672   491   588 W skia    : AGTM parsing failed flags.readFromStream(s) at 159
09-19 14:24:56.775   491   588 W skia    : AGTM parsing failed flags.readFromStream(s) at 159
09-19 14:24:56.776   491   588 W skia    : AGTM parsing failed flags.readFromStream(s) at 159
09-19 14:24:56.875   491   588 W skia    : AGTM parsing failed flags.readFromStream(s) at 159
09-19 14:24:56.875   491   588 W skia    : AGTM parsing failed flags.readFromStream(s) at 159
09-19 14:24:56.943   645   740 D ActivityManager: freezing 1596 com.android.keychain
09-19 14:24:56.945   645   740 D ActivityManager: freezing 1095 com.android.settings
09-19 14:24:56.949   645   740 D ActivityManager: freezing 2542 com.android.dynsystem:dynsystem
09-19 14:24:56.953   645   740 D ActivityManager: freezing 2494 com.android.dynsystem
09-19 14:24:56.958   645   740 D ActivityManager: freezing 2361 com.android.localtransport
09-19 14:24:56.978   491   588 W skia    : AGTM parsing failed flags.readFromStream(s) at 159
09-19 14:24:56.978   491   588 W skia    : AGTM parsing failed flags.readFromStream(s) at 159
09-19 14:24:57.080   491   588 W skia    : AGTM parsing failed flags.readFromStream(s) at 159
09-19 14:24:57.080   491   588 W skia    : AGTM parsing failed flags.readFromStream(s) at 159
09-19 14:24:57.180   491   588 W skia    : AGTM parsing failed flags.readFromStream(s) at 159
09-19 14:24:57.180   491   588 W skia    : AGTM parsing failed flags.readFromStream(s) at 159
09-19 14:24:57.281   491   588 W skia    : AGTM parsing failed flags.readFromStream(s) at 159
09-19 14:24:57.282   491   588 W skia    : AGTM parsing failed flags.readFromStream(s) at 159
09-19 14:24:57.382   491   588 W skia    : AGTM parsing failed flags.readFromStream(s) at 159
09-19 14:24:57.382   491   588 W skia    : AGTM parsing failed flags.readFromStream(s) at 159
09-19 14:24:57.482   491   588 W skia    : AGTM parsing failed flags.readFromStream(s) at 159
09-19 14:24:57.483   491   588 W skia    : AGTM parsing failed flags.readFromStream(s) at 159
09-19 14:24:57.596   491   588 W skia    : AGTM parsing failed flags.readFromStream(s) at 159
09-19 14:24:57.596   491   588 W skia    : AGTM parsing failed flags.readFromStream(s) at 159
09-19 14:24:57.697   491   588 W skia    : AGTM parsing failed flags.readFromStream(s) at 159
09-19 14:24:57.697   491   588 W skia    : AGTM parsing failed flags.readFromStream(s) at 159
09-19 14:24:57.796   491   588 W skia    : AGTM parsing failed flags.readFromStream(s) at 159
09-19 14:24:57.797   491   588 W skia    : AGTM parsing failed flags.readFromStream(s) at 159
09-19 14:24:57.879   645   800 D WifiClientModeImpl[3810:wlan0]: updateLinkLayerStatsRssiSpeedFrequencyCapabilities rssi=-50 TxLinkspeed=1 freq=2447 RxLinkSpeed=2
09-19 14:24:57.879   645   800 D WifiDataStall: tx tput in kbps: 11000
09-19 14:24:57.879   645   800 D WifiDataStall: rx tput in kbps: 11000
09-19 14:24:57.879   645   800 V WifiConfigManager: Updating scan detail cache freq=2447 BSSID=00:13:10:85:fe:01 RSSI=-50 for "AndroidWifi"NONE
09-19 14:24:57.879   645   800 D WifiThroughputPredictor:  utilization (LLS) 80 isBluetoothConnected: false final utilization: 80
09-19 14:24:57.879   645   800 D WifiThroughputPredictor:  BW: 0 RSSI: -50 Nss: 1 Mode: 1 symDur: 4000 snrDb 30 bitPerTone: 4500 rate: 54 throughput: 11
09-19 14:24:57.879   645   800 D WifiThroughputPredictor:  utilization (LLS) 80 isBluetoothConnected: false final utilization: 80
09-19 14:24:57.879   645   800 D WifiThroughputPredictor:  BW: 0 RSSI: -50 Nss: 1 Mode: 1 symDur: 4000 snrDb 30 bitPerTone: 4500 rate: 54 throughput: 11
09-19 14:24:57.879   645   800 D WifiThroughputPredictor:  utilization (LLS) 80 isBluetoothConnected: false final utilization: 80
09-19 14:24:57.879   645   800 D WifiThroughputPredictor:  BW: 0 RSSI: -50 Nss: 1 Mode: 1 symDur: 4000 snrDb 30 bitPerTone: 4500 rate: 54 throughput: 11
09-19 14:24:57.879   645   800 D WifiThroughputPredictor:  utilization (LLS) 80 isBluetoothConnected: false final utilization: 80
09-19 14:24:57.879   645   800 D WifiThroughputPredictor:  BW: 0 RSSI: -50 Nss: 1 Mode: 1 symDur: 4000 snrDb 30 bitPerTone: 4500 rate: 54 throughput: 11
09-19 14:24:57.880   645   800 I HalDevMgr: bestIfaceCreationProposal is null, requestIface=STA, existingIface=[name=wlan0 type=STA]
09-19 14:24:57.880   645   800 D WifiScoreCard: BSSID update SIGNAL_POLL ID: 760286919 SSID: "AndroidWifi", BSSID: 00:13:10:85:fe:01, MAC: 02:15:b2:00:00:00, IP: /10.0.2.16, Security type: 0, Supplicant state: COMPLETED, Wi-Fi standard: legacy, RSSI: -50, Link speed: 1Mbps, Tx Link speed: 1Mbps, Max Supported Tx Link speed: 11Mbps, Calculated Tx : 0Mbps, Rx Link speed: 2Mbps, Max Supported Rx Link speed: 11Mbps, Calculated Rx : 0Mbps, Frequency: 2447MHz, Net ID: 0, Metered hint: false, score: 100, isUsable: true, CarrierMerged: false, SubscriptionId: -1, IsPrimary: 1, Trusted: true, Restricted: false, Ephemeral: false, OEM paid: false, OEM private: false, OSU AP: false, FQDN: <none>, Provider friendly name: <none>, Requesting package name: <none>"AndroidWifi"openMLO Information: , Is TID-To-Link negotiation supported by the AP: false, AP MLD Address: <none>, AP MLO Link Id: <none>, AP MLO Affiliated links: <none>, Vendor Data: <none>
09-19 14:24:57.880   645   800 D WifiScoreCard: txRate: 1 txSpeed: 1
09-19 14:24:57.880   645   800 D WifiScoreCard: network update SIGNAL_POLL "AndroidWifi" ID: 673433585 RSSI -50 txSpeed -1
09-19 14:24:57.880   645   800 D WifiClientModeImpl[3810:wlan0]:  ClientModeImpl$L2ConnectedState screen=on 26 0 "AndroidWifi" 00:13:10:85:fe:01 rssi=-50 f=2447 sc=100 link=1 tx=0.0, 0.0, 0.0 rx=0.0 bcn=0 [on:0 tx:0 rx:0 period:3005] from screen [on:0 period:-1205864552] score=100
09-19 14:24:57.899   491   588 W skia    : AGTM parsing failed flags.readFromStream(s) at 159
09-19 14:24:57.899   491   588 W skia    : AGTM parsing failed flags.readFromStream(s) at 159
09-19 14:24:57.999   491   588 W skia    : AGTM parsing failed flags.readFromStream(s) at 159
09-19 14:24:57.999   491   588 W skia    : AGTM parsing failed flags.readFromStream(s) at 159
09-19 14:24:58.117   491   588 W skia    : AGTM parsing failed flags.readFromStream(s) at 159
09-19 14:24:58.117   491   588 W skia    : AGTM parsing failed flags.readFromStream(s) at 159
09-19 14:24:58.226   491   588 W skia    : AGTM parsing failed flags.readFromStream(s) at 159
09-19 14:24:58.227   491   588 W skia    : AGTM parsing failed flags.readFromStream(s) at 159
09-19 14:24:58.327   491   588 W skia    : AGTM parsing failed flags.readFromStream(s) at 159
09-19 14:24:58.327   491   588 W skia    : AGTM parsing failed flags.readFromStream(s) at 159
09-19 14:24:58.427   491   588 W skia    : AGTM parsing failed flags.readFromStream(s) at 159
09-19 14:24:58.428   487   531 D AudioFlinger: mixer(0xb400006ff95ca790) throttle end: throttle time(2)
09-19 14:24:58.428   491   588 W skia    : AGTM parsing failed flags.readFromStream(s) at 159
09-19 14:24:58.439 20549 20553 I us.godotpreview: NativeAlloc concurrent mark compact GC freed 161KB AllocSpace bytes, 0(0B) LOS objects, 49% free, 2303KB/4606KB, paused 188us,8.881ms total 18.897ms
09-19 14:24:58.608   491   588 W skia    : AGTM parsing failed flags.readFromStream(s) at 159
09-19 14:24:58.608   491   588 W skia    : AGTM parsing failed flags.readFromStream(s) at 159
09-19 14:24:58.632   487   531 D AudioFlinger: mixer(0xb400006ff95ca790) throttle end: throttle time(18)
09-19 14:24:58.709   491   588 W skia    : AGTM parsing failed flags.readFromStream(s) at 159
09-19 14:24:58.709   491   588 W skia    : AGTM parsing failed flags.readFromStream(s) at 159
09-19 14:24:58.809   491   588 W skia    : AGTM parsing failed flags.readFromStream(s) at 159
09-19 14:24:58.810   491   588 W skia    : AGTM parsing failed flags.readFromStream(s) at 159
09-19 14:24:58.913   491   588 W skia    : AGTM parsing failed flags.readFromStream(s) at 159
09-19 14:24:58.913   491   588 W skia    : AGTM parsing failed flags.readFromStream(s) at 159
09-19 14:24:59.015   491   588 W skia    : AGTM parsing failed flags.readFromStream(s) at 159
09-19 14:24:59.015   491   588 W skia    : AGTM parsing failed flags.readFromStream(s) at 159
09-19 14:24:59.117   491   588 W skia    : AGTM parsing failed flags.readFromStream(s) at 159
09-19 14:24:59.117   491   588 W skia    : AGTM parsing failed flags.readFromStream(s) at 159
09-19 14:24:59.216   491   588 W skia    : AGTM parsing failed flags.readFromStream(s) at 159
09-19 14:24:59.216   491   588 W skia    : AGTM parsing failed flags.readFromStream(s) at 159
09-19 14:24:59.330   491   588 W skia    : AGTM parsing failed flags.readFromStream(s) at 159
09-19 14:24:59.330   491   588 W skia    : AGTM parsing failed flags.readFromStream(s) at 159
09-19 14:24:59.445   491   588 W skia    : AGTM parsing failed flags.readFromStream(s) at 159
09-19 14:24:59.446   491   588 W skia    : AGTM parsing failed flags.readFromStream(s) at 159
09-19 14:24:59.473   487   531 D AudioFlinger: mixer(0xb400006ff95ca790) throttle end: throttle time(5)
09-19 14:24:59.548   491   588 W skia    : AGTM parsing failed flags.readFromStream(s) at 159
09-19 14:24:59.548   491   588 W skia    : AGTM parsing failed flags.readFromStream(s) at 159
09-19 14:24:59.650   491   588 W skia    : AGTM parsing failed flags.readFromStream(s) at 159
09-19 14:24:59.650   491   588 W skia    : AGTM parsing failed flags.readFromStream(s) at 159
09-19 14:24:59.753   491   588 W skia    : AGTM parsing failed flags.readFromStream(s) at 159
09-19 14:24:59.753   491   588 W skia    : AGTM parsing failed flags.readFromStream(s) at 159
09-19 14:24:59.859   491   588 W skia    : AGTM parsing failed flags.readFromStream(s) at 159
09-19 14:24:59.859   491   588 W skia    : AGTM parsing failed flags.readFromStream(s) at 159
09-19 14:24:59.962   491   588 W skia    : AGTM parsing failed flags.readFromStream(s) at 159
09-19 14:24:59.962   491   588 W skia    : AGTM parsing failed flags.readFromStream(s) at 159
09-19 14:25:00.067   491   588 W skia    : AGTM parsing failed flags.readFromStream(s) at 159
09-19 14:25:00.068   491   588 W skia    : AGTM parsing failed flags.readFromStream(s) at 159
09-19 14:25:00.166   491   588 W skia    : AGTM parsing failed flags.readFromStream(s) at 159
09-19 14:25:00.166   491   588 W skia    : AGTM parsing failed flags.readFromStream(s) at 159
09-19 14:25:00.178 20549 20553 I us.godotpreview: NativeAlloc concurrent mark compact GC freed 129KB AllocSpace bytes, 4(64KB) LOS objects, 49% free, 2311KB/4622KB, paused 109us,6.229ms total 15.063ms
09-19 14:25:00.268   491   588 W skia    : AGTM parsing failed flags.readFromStream(s) at 159
09-19 14:25:00.268   491   588 W skia    : AGTM parsing failed flags.readFromStream(s) at 159
09-19 14:25:00.366   491   588 W skia    : AGTM parsing failed flags.readFromStream(s) at 159
09-19 14:25:00.366   491   588 W skia    : AGTM parsing failed flags.readFromStream(s) at 159
09-19 14:25:00.476   491   588 W skia    : AGTM parsing failed flags.readFromStream(s) at 159
09-19 14:25:00.476   491   588 W skia    : AGTM parsing failed flags.readFromStream(s) at 159
09-19 14:25:00.594   491   588 W skia    : AGTM parsing failed flags.readFromStream(s) at 159
09-19 14:25:00.594   491   588 W skia    : AGTM parsing failed flags.readFromStream(s) at 159
09-19 14:25:00.695   491   588 W skia    : AGTM parsing failed flags.readFromStream(s) at 159
09-19 14:25:00.695   491   588 W skia    : AGTM parsing failed flags.readFromStream(s) at 159
09-19 14:25:00.796   491   588 W skia    : AGTM parsing failed flags.readFromStream(s) at 159
09-19 14:25:00.796   491   588 W skia    : AGTM parsing failed flags.readFromStream(s) at 159
09-19 14:25:00.883   645   800 D WifiClientModeImpl[3810:wlan0]: updateLinkLayerStatsRssiSpeedFrequencyCapabilities rssi=-50 TxLinkspeed=1 freq=2447 RxLinkSpeed=2
09-19 14:25:00.883   645   800 D WifiDataStall: tx tput in kbps: 11000
09-19 14:25:00.883   645   800 D WifiDataStall: rx tput in kbps: 11000
09-19 14:25:00.883   645   800 V WifiConfigManager: Updating scan detail cache freq=2447 BSSID=00:13:10:85:fe:01 RSSI=-50 for "AndroidWifi"NONE
09-19 14:25:00.884   645   800 D WifiThroughputPredictor:  utilization (LLS) 80 isBluetoothConnected: false final utilization: 80
09-19 14:25:00.884   645   800 D WifiThroughputPredictor:  BW: 0 RSSI: -50 Nss: 1 Mode: 1 symDur: 4000 snrDb 30 bitPerTone: 4500 rate: 54 throughput: 11
09-19 14:25:00.884   645   800 D WifiThroughputPredictor:  utilization (LLS) 80 isBluetoothConnected: false final utilization: 80
09-19 14:25:00.884   645   800 D WifiThroughputPredictor:  BW: 0 RSSI: -50 Nss: 1 Mode: 1 symDur: 4000 snrDb 30 bitPerTone: 4500 rate: 54 throughput: 11
09-19 14:25:00.884   645   800 D WifiThroughputPredictor:  utilization (LLS) 80 isBluetoothConnected: false final utilization: 80
09-19 14:25:00.884   645   800 D WifiThroughputPredictor:  BW: 0 RSSI: -50 Nss: 1 Mode: 1 symDur: 4000 snrDb 30 bitPerTone: 4500 rate: 54 throughput: 11
09-19 14:25:00.884   645   800 D WifiThroughputPredictor:  utilization (LLS) 80 isBluetoothConnected: false final utilization: 80
09-19 14:25:00.884   645   800 D WifiThroughputPredictor:  BW: 0 RSSI: -50 Nss: 1 Mode: 1 symDur: 4000 snrDb 30 bitPerTone: 4500 rate: 54 throughput: 11
09-19 14:25:00.899   491   588 W skia    : AGTM parsing failed flags.readFromStream(s) at 159
09-19 14:25:00.899   491   588 W skia    : AGTM parsing failed flags.readFromStream(s) at 159
09-19 14:25:00.900   645   800 I HalDevMgr: bestIfaceCreationProposal is null, requestIface=STA, existingIface=[name=wlan0 type=STA]
09-19 14:25:00.901   645   800 D WifiScoreCard: BSSID update SIGNAL_POLL ID: 760286919 SSID: "AndroidWifi", BSSID: 00:13:10:85:fe:01, MAC: 02:15:b2:00:00:00, IP: /10.0.2.16, Security type: 0, Supplicant state: COMPLETED, Wi-Fi standard: legacy, RSSI: -50, Link speed: 1Mbps, Tx Link speed: 1Mbps, Max Supported Tx Link speed: 11Mbps, Calculated Tx : 0Mbps, Rx Link speed: 2Mbps, Max Supported Rx Link speed: 11Mbps, Calculated Rx : 0Mbps, Frequency: 2447MHz, Net ID: 0, Metered hint: false, score: 100, isUsable: true, CarrierMerged: false, SubscriptionId: -1, IsPrimary: 1, Trusted: true, Restricted: false, Ephemeral: false, OEM paid: false, OEM private: false, OSU AP: false, FQDN: <none>, Provider friendly name: <none>, Requesting package name: <none>"AndroidWifi"openMLO Information: , Is TID-To-Link negotiation supported by the AP: false, AP MLD Address: <none>, AP MLO Link Id: <none>, AP MLO Affiliated links: <none>, Vendor Data: <none>
09-19 14:25:00.901   645   800 D WifiScoreCard: txRate: 1 txSpeed: 1
09-19 14:25:00.901   645   800 D WifiScoreCard: network update SIGNAL_POLL "AndroidWifi" ID: 673433585 RSSI -50 txSpeed -1
09-19 14:25:00.903   645   800 D WifiClientModeImpl[3810:wlan0]:  ClientModeImpl$L2ConnectedState screen=on 26 0 "AndroidWifi" 00:13:10:85:fe:01 rssi=-50 f=2447 sc=100 link=1 tx=0.0, 0.0, 0.0 rx=0.0 bcn=0 [on:0 tx:0 rx:0 period:3022] from screen [on:0 period:-1205861530] score=100
09-19 14:25:01.011   491   588 W skia    : AGTM parsing failed flags.readFromStream(s) at 159
09-19 14:25:01.011   491   588 W skia    : AGTM parsing failed flags.readFromStream(s) at 159
09-19 14:25:01.113   491   588 W skia    : AGTM parsing failed flags.readFromStream(s) at 159
09-19 14:25:01.113   491   588 W skia    : AGTM parsing failed flags.readFromStream(s) at 159
09-19 14:25:01.214   491   588 W skia    : AGTM parsing failed flags.readFromStream(s) at 159
09-19 14:25:01.214   491   588 W skia    : AGTM parsing failed flags.readFromStream(s) at 159
09-19 14:25:01.314   491   588 W skia    : AGTM parsing failed flags.readFromStream(s) at 159
09-19 14:25:01.315   491   588 W skia    : AGTM parsing failed flags.readFromStream(s) at 159
09-19 14:25:01.415   491   588 W skia    : AGTM parsing failed flags.readFromStream(s) at 159
09-19 14:25:01.416   491   588 W skia    : AGTM parsing failed flags.readFromStream(s) at 159
09-19 14:25:01.546   491   588 W skia    : AGTM parsing failed flags.readFromStream(s) at 159
09-19 14:25:01.546   491   588 W skia    : AGTM parsing failed flags.readFromStream(s) at 159
09-19 14:25:01.561 20549 20553 I us.godotpreview: NativeAlloc concurrent mark compact GC freed 128KB AllocSpace bytes, 3(56KB) LOS objects, 49% free, 2335KB/4671KB, paused 70us,5.598ms total 17.940ms
09-19 14:25:01.648   491   588 W skia    : AGTM parsing failed flags.readFromStream(s) at 159
09-19 14:25:01.648   491   588 W skia    : AGTM parsing failed flags.readFromStream(s) at 159
09-19 14:25:01.761   491   588 W skia    : AGTM parsing failed flags.readFromStream(s) at 159
09-19 14:25:01.761   491   588 W skia    : AGTM parsing failed flags.readFromStream(s) at 159
09-19 14:25:01.868   491   588 W skia    : AGTM parsing failed flags.readFromStream(s) at 159
09-19 14:25:01.868   491   588 W skia    : AGTM parsing failed flags.readFromStream(s) at 159
09-19 14:25:01.964   491   588 W skia    : AGTM parsing failed flags.readFromStream(s) at 159
09-19 14:25:01.964   491   588 W skia    : AGTM parsing failed flags.readFromStream(s) at 159
09-19 14:25:02.078   491   588 W skia    : AGTM parsing failed flags.readFromStream(s) at 159
09-19 14:25:02.079   491   588 W skia    : AGTM parsing failed flags.readFromStream(s) at 159
09-19 14:25:02.180   491   588 W skia    : AGTM parsing failed flags.readFromStream(s) at 159
09-19 14:25:02.180   491   588 W skia    : AGTM parsing failed flags.readFromStream(s) at 159
09-19 14:25:02.281   491   588 W skia    : AGTM parsing failed flags.readFromStream(s) at 159
09-19 14:25:02.282   491   588 W skia    : AGTM parsing failed flags.readFromStream(s) at 159
09-19 14:25:02.382   491   588 W skia    : AGTM parsing failed flags.readFromStream(s) at 159
09-19 14:25:02.382   491   588 W skia    : AGTM parsing failed flags.readFromStream(s) at 159
09-19 14:25:02.500   491   588 W skia    : AGTM parsing failed flags.readFromStream(s) at 159
09-19 14:25:02.500   491   588 W skia    : AGTM parsing failed flags.readFromStream(s) at 159
09-19 14:25:02.612   491   588 W skia    : AGTM parsing failed flags.readFromStream(s) at 159
09-19 14:25:02.612   491   588 W skia    : AGTM parsing failed flags.readFromStream(s) at 159
09-19 14:25:02.727   491   588 W skia    : AGTM parsing failed flags.readFromStream(s) at 159
09-19 14:25:02.727   491   588 W skia    : AGTM parsing failed flags.readFromStream(s) at 159
09-19 14:25:02.830   491   588 W skia    : AGTM parsing failed flags.readFromStream(s) at 159
09-19 14:25:02.830   491   588 W skia    : AGTM parsing failed flags.readFromStream(s) at 159
09-19 14:25:02.929   491   588 W skia    : AGTM parsing failed flags.readFromStream(s) at 159
09-19 14:25:02.929   491   588 W skia    : AGTM parsing failed flags.readFromStream(s) at 159
09-19 14:25:03.031   491   588 W skia    : AGTM parsing failed flags.readFromStream(s) at 159
09-19 14:25:03.031   491   588 W skia    : AGTM parsing failed flags.readFromStream(s) at 159
09-19 14:25:03.131   491   588 W skia    : AGTM parsing failed flags.readFromStream(s) at 159
09-19 14:25:03.131   491   588 W skia    : AGTM parsing failed flags.readFromStream(s) at 159
09-19 14:25:03.244   491   588 W skia    : AGTM parsing failed flags.readFromStream(s) at 159
09-19 14:25:03.244   491   588 W skia    : AGTM parsing failed flags.readFromStream(s) at 159
09-19 14:25:03.360   491   588 W skia    : AGTM parsing failed flags.readFromStream(s) at 159
09-19 14:25:03.360   491   588 W skia    : AGTM parsing failed flags.readFromStream(s) at 159
09-19 14:25:03.425 20549 20553 I us.godotpreview: NativeAlloc concurrent mark compact GC freed 130KB AllocSpace bytes, 7(144KB) LOS objects, 49% free, 2271KB/4542KB, paused 59us,5.047ms total 21.042ms
09-19 14:25:03.461   491   588 W skia    : AGTM parsing failed flags.readFromStream(s) at 159
09-19 14:25:03.461   491   588 W skia    : AGTM parsing failed flags.readFromStream(s) at 159
09-19 14:25:03.560   491   588 W skia    : AGTM parsing failed flags.readFromStream(s) at 159
09-19 14:25:03.560   491   588 W skia    : AGTM parsing failed flags.readFromStream(s) at 159
09-19 14:25:03.662   491   588 W skia    : AGTM parsing failed flags.readFromStream(s) at 159
09-19 14:25:03.663   491   588 W skia    : AGTM parsing failed flags.readFromStream(s) at 159
09-19 14:25:03.764   491   588 W skia    : AGTM parsing failed flags.readFromStream(s) at 159
09-19 14:25:03.764   491   588 W skia    : AGTM parsing failed flags.readFromStream(s) at 159
09-19 14:25:03.864   491   588 W skia    : AGTM parsing failed flags.readFromStream(s) at 159
09-19 14:25:03.864   491   588 W skia    : AGTM parsing failed flags.readFromStream(s) at 159
09-19 14:25:03.902   645   800 D WifiClientModeImpl[3810:wlan0]: updateLinkLayerStatsRssiSpeedFrequencyCapabilities rssi=-50 TxLinkspeed=1 freq=2447 RxLinkSpeed=2
09-19 14:25:03.902   645   800 D WifiDataStall: tx tput in kbps: 11000
09-19 14:25:03.902   645   800 D WifiDataStall: rx tput in kbps: 11000
09-19 14:25:03.903   645   800 V WifiConfigManager: Updating scan detail cache freq=2447 BSSID=00:13:10:85:fe:01 RSSI=-50 for "AndroidWifi"NONE
09-19 14:25:03.903   645   800 D WifiThroughputPredictor:  utilization (LLS) 80 isBluetoothConnected: false final utilization: 80
09-19 14:25:03.903   645   800 D WifiThroughputPredictor:  BW: 0 RSSI: -50 Nss: 1 Mode: 1 symDur: 4000 snrDb 30 bitPerTone: 4500 rate: 54 throughput: 11
09-19 14:25:03.903   645   800 D WifiThroughputPredictor:  utilization (LLS) 80 isBluetoothConnected: false final utilization: 80
09-19 14:25:03.903   645   800 D WifiThroughputPredictor:  BW: 0 RSSI: -50 Nss: 1 Mode: 1 symDur: 4000 snrDb 30 bitPerTone: 4500 rate: 54 throughput: 11
09-19 14:25:03.903   645   800 D WifiThroughputPredictor:  utilization (LLS) 80 isBluetoothConnected: false final utilization: 80
09-19 14:25:03.903   645   800 D WifiThroughputPredictor:  BW: 0 RSSI: -50 Nss: 1 Mode: 1 symDur: 4000 snrDb 30 bitPerTone: 4500 rate: 54 throughput: 11
09-19 14:25:03.903   645   800 D WifiThroughputPredictor:  utilization (LLS) 80 isBluetoothConnected: false final utilization: 80
09-19 14:25:03.903   645   800 D WifiThroughputPredictor:  BW: 0 RSSI: -50 Nss: 1 Mode: 1 symDur: 4000 snrDb 30 bitPerTone: 4500 rate: 54 throughput: 11
09-19 14:25:03.909   645   800 I HalDevMgr: bestIfaceCreationProposal is null, requestIface=STA, existingIface=[name=wlan0 type=STA]
09-19 14:25:03.911   645   800 D WifiScoreCard: BSSID update SIGNAL_POLL ID: 760286919 SSID: "AndroidWifi", BSSID: 00:13:10:85:fe:01, MAC: 02:15:b2:00:00:00, IP: /10.0.2.16, Security type: 0, Supplicant state: COMPLETED, Wi-Fi standard: legacy, RSSI: -50, Link speed: 1Mbps, Tx Link speed: 1Mbps, Max Supported Tx Link speed: 11Mbps, Calculated Tx : 0Mbps, Rx Link speed: 2Mbps, Max Supported Rx Link speed: 11Mbps, Calculated Rx : 0Mbps, Frequency: 2447MHz, Net ID: 0, Metered hint: false, score: 100, isUsable: true, CarrierMerged: false, SubscriptionId: -1, IsPrimary: 1, Trusted: true, Restricted: false, Ephemeral: false, OEM paid: false, OEM private: false, OSU AP: false, FQDN: <none>, Provider friendly name: <none>, Requesting package name: <none>"AndroidWifi"openMLO Information: , Is TID-To-Link negotiation supported by the AP: false, AP MLD Address: <none>, AP MLO Link Id: <none>, AP MLO Affiliated links: <none>, Vendor Data: <none>
09-19 14:25:03.911   645   800 D WifiScoreCard: txRate: 1 txSpeed: 1
09-19 14:25:03.911   645   800 D WifiScoreCard: network update SIGNAL_POLL "AndroidWifi" ID: 673433585 RSSI -50 txSpeed -1
09-19 14:25:03.911   645   800 D WifiClientModeImpl[3810:wlan0]:  ClientModeImpl$L2ConnectedState screen=on 26 0 "AndroidWifi" 00:13:10:85:fe:01 rssi=-50 f=2447 sc=100 link=1 tx=0.0, 0.0, 0.0 rx=0.0 bcn=0 [on:0 tx:0 rx:0 period:3008] from screen [on:0 period:-1205858521] score=100
09-19 14:25:03.965   491   588 W skia    : AGTM parsing failed flags.readFromStream(s) at 159
09-19 14:25:03.965   491   588 W skia    : AGTM parsing failed flags.readFromStream(s) at 159
09-19 14:25:04.098   491   588 W skia    : AGTM parsing failed flags.readFromStream(s) at 159
09-19 14:25:04.098   491   588 W skia    : AGTM parsing failed flags.readFromStream(s) at 159
09-19 14:25:04.198   491   588 W skia    : AGTM parsing failed flags.readFromStream(s) at 159
09-19 14:25:04.198   491   588 W skia    : AGTM parsing failed flags.readFromStream(s) at 159
09-19 14:25:04.287 20549 20549 I flutter : RN_VALIDATION_CHUNK START {"schema":1,"runner":"flutter_flame_godot","event":"snapshot","scenario":"fire","device_pixel_ratio":2.625,"physical_size":[1080.0,2424.0],"path_tiles":[[0.5,0.5],[1.5,0.5],[1.5,1.5],[1.5,2.5],[2.5,2.5],[3.5,2.5],[4.5,2.5],[4.5,3.5],[4.5,4.5],[5.5,4.5],[6.5,4.5],[6.5,5.5],[6.5,6.5],[5.5,6.5],[4.5,6.5],[3.5,6.5],[2.5,6.5],[1.5,6.5],[1.5,7.5],[1.5,8.5],[1.5,9.5],[2.5,9.5],[3.5,9.5],[4.5,9.5],[5.5,9.5],[6.5,9.5]],"frame":{"seq":1,"sceneEpoch":1789795414378817,"viewportRevision":0,"presentationVersion":2,"presentation":{"labels":{"logicalTileSize":45.25714141845703,"enemies":[{"id":618,"position":[6.500000335471809,6.4836965912379885],"size":[29.417142868041992,29.417142868041992],"hp":999999848
09-19 14:25:04.288 20549 20549 I flutter : RN_VALIDATION_CHUNK CONT .2666669,"maxHp":1000000000.0,"armor":0.0,"maxArmor":0.0,"shield":0.0,"maxShield":0.0,"effectTime":8.049999999999981,"enemyCount":3,"burning":true,"slowed":false,"poisoned":false,"riftMarked":false,"diamondCarrier":false},{"id":619,"position":[5.4999996678997665,6.4836965912379885],"size":[29.417142868041992,29.417142868041992],"hp":1000000000.0,"maxHp":1000000000.0,"armor":0.0,"maxArmor":0.0,"shield":0.0,"maxShield":0.0,"effectTime":8.049999999999981,"enemyCount":3,"burning":false,"slowed":false,"poisoned":false,"riftMarked":false,"diamondCarrier":false},{"id":620,"position":[4.500000011800516,6.4836965912379885],"size":[29.417142868041992,29.417142868041992],"hp":999999520.2666669,"maxHp":
09-19 14:25:04.288 20549 20549 I flutter : RN_VALIDATION_CHUNK CONT 1000000000.0,"armor":0.0,"maxArmor":0.0,"shield":0.0,"maxShield":0.0,"effectTime":8.049999999999981,"enemyCount":3,"burning":true,"slowed":false,"poisoned":false,"riftMarked":false,"diamondCarrier":false}],"core":null},"effects":{"shake":[0.0,0.0],"events":[],"clock":80.01666399999903,"generation":3,"squaredSteps":2.1969458924679994,"items":[]},"selection":{"logicalTileSize":45.25714141845703,"visualScale":0.9428571128845215,"time":80.01666399999903,"rewardTargeting":false,"rewardViewport":null,"turrets":[{"position":[5.4999996678997665,5.499999962912664],"color":4294925882,"range":2.25,"selected":false,"previewRange":null,"auraTier":0,"animationPhase":3.622500000000006,"gemColors":[],"aimTa
09-19 14:25:04.288 20549 20549 I flutter : RN_VALIDATION_CHUNK CONT rget":null,"aimProgress":0.0},{"position":[5.4999996678997665,7.4999999494263605],"color":4294925882,"range":2.25,"selected":false,"previewRange":null,"auraTier":0,"animationPhase":3.622500000000006,"gemColors":[],"aimTarget":null,"aimProgress":0.0},{"position":[4.500000011800516,5.499999962912664],"color":4294925882,"range":2.25,"selected":false,"previewRange":null,"auraTier":0,"animationPhase":3.622500000000006,"gemColors":[],"aimTarget":null,"aimProgress":0.0},{"position":[4.500000011800516,7.4999999494263605],"color":4294925882,"range":2.25,"selected":false,"previewRange":null,"auraTier":0,"animationPhase":3.622500000000006,"gemColors":[],"aimTarget":null,"aimProgress":0.0},{"position":[
09-19 14:25:04.288 20549 20549 I flutter : RN_VALIDATION_CHUNK CONT 6.500000335471809,7.4999999494263605],"color":4294925882,"range":2.25,"selected":false,"previewRange":null,"auraTier":0,"animationPhase":3.622500000000006,"gemColors":[],"aimTarget":null,"aimProgress":0.0},{"position":[7.500000328728658,6.499999956169512],"color":4294925882,"range":2.25,"selected":false,"previewRange":null,"auraTier":0,"animationPhase":3.622500000000006,"gemColors":[],"aimTarget":null,"aimProgress":0.0}],"tiles":[],"rewardTargets":[]}},"time":80.01666399999903,"map":{"theme":"chapterOne","columns":8,"rows":10,"tiles":["spawn","path","build","build","blocked","blocked","blocked","blocked","build","path","build","build","build","build","blocked","blocked","blocked","path","pat
09-19 14:25:04.288 20549 20549 I flutter : RN_VALIDATION_CHUNK CONT h","path","path","build","build","blocked","blocked","build","build","build","path","build","blocked","blocked","blocked","blocked","build","build","path","path","path","build","blocked","blocked","blocked","build","build","build","path","build","blocked","path","path","path","path","path","path","build","build","path","build","build","build","build","build","build","build","path","build","build","blocked","blocked","blocked","blocked","build","path","path","path","path","path","core","blocked"]},"turrets":[[621,5.4999996678997665,5.499999962912664,2.3561943216135166,5,0.0,"magic",1],[622,5.4999996678997665,7.4999999494263605,-2.3561943216135166,5,0.0,"magic",1],[623,4.500000011800516,5.4999
09-19 14:25:04.288 20549 20549 I flutter : RN_VALIDATION_CHUNK CONT 99962912664,1.5707963267948966,5,0.0,"magic",1],[624,4.500000011800516,7.4999999494263605,-1.5707963267948966,5,0.0,"magic",1],[625,6.500000335471809,7.4999999494263605,-2.677945112020498,5,0.0,"magic",1],[626,7.500000328728658,6.499999956169512,3.141592653589793,5,0.0,"magic",1]],"buildPreview":null,"enemies":[[618,6.500000335471809,6.4836965912379885,3.141592653589793,0.0,0.6500000209037711,0.0,"tank",true,false,false,false],[619,5.4999996678997665,6.4836965912379885,3.141592653589793,0.0,0.6500000209037711,0.0,"tank",false,false,false,false],[620,4.500000011800516,6.4836965912379885,3.141592653589793,0.0,0.6500000209037711,0.0,"tank",true,false,false,false]],"projectileEvents":{"generatio
09-19 14:25:04.288 20549 20549 I flutter : RN_VALIDATION_CHUNK CONT n":12,"clock":80.01666399999903,"through":423,"events":[{"event":364,"data":[627,5.074675358872738,5.925324271939693,-0.7071067690849304,0.7071067690849304,"magic",5.384034312299413,5.615965318513018,621,1,false,-1,null,null],"clock":72.03333099999948,"speed":8.75,"remaining":3.1458333333333326},{"event":365,"data":[628,5.074675358872738,7.074675640399332,-0.7071067690849304,-0.7071067690849304,"magic",5.384034312299413,7.384034593826007,622,1,false,-1,null,null],"clock":72.03333099999948,"speed":8.75,"remaining":3.1458333333333326},{"event":366,"data":[629,4.500000011800516,6.101499905585758,0.0,1.0,"magic",4.500000011800516,5.664000161404085,623,1,false,-1,null,null],"clock":72.03333099999
09-19 14:25:04.288 20549 20549 I flutter : RN_VALIDATION_CHUNK CONT 948,"speed":8.75,"remaining":3.1458333333333326},{"event":367,"data":[630,4.500000011800516,6.898500006753267,0.0,-1.0,"magic",4.500000011800516,7.335999750934939,624,1,false,-1,null,null],"clock":72.03333099999948,"speed":8.75,"remaining":3.1458333333333326},{"event":368,"data":[631,5.961999980363942,7.231006177866775,-0.894433319568634,-0.4472014009952545,"magic",6.353314528233479,7.426656708649598,625,1,false,-1,null,null],"clock":72.03333099999948,"speed":8.75,"remaining":3.1458333333333326},{"event":369,"data":[632,6.898500386055564,6.499999956169512,-1.0,0.0,"magic",7.336000130237236,6.499999956169512,626,1,false,-1,null,null],"clock":72.03333099999948,"speed":8.75,"remaining":3.145833
09-19 14:25:04.288 20549 20549 I flutter : RN_VALIDATION_CHUNK CONT 3333333326},{"event":370,"data":[629,4.500000011800516,6.143666857652959,0.0,1.0,"magic",4.500000011800516,5.664000161404085,623,1,false,72.04999699999948,4.500000011800516,6.499999956169512],"clock":72.04999699999948,"speed":0.0},{"event":371,"data":[630,4.500000011800516,6.856333054686066,0.0,-1.0,"magic",4.500000011800516,7.335999750934939,624,1,false,72.04999699999948,4.500000011800516,6.499999956169512],"clock":72.04999699999948,"speed":0.0},{"event":372,"data":[632,6.856333433988363,6.499999956169512,-1.0,0.0,"magic",7.336000130237236,6.499999956169512,626,1,false,72.04999699999948,6.500000335471809,6.499999956169512],"clock":72.04999699999948,"speed":0.0},{"event":373,"data":[627,4.75
09-19 14:25:04.288 20549 20549 I flutter : RN_VALIDATION_CHUNK CONT 1965301749542,6.248033991905291,-0.7071067690849304,0.7071067690849304,"magic",5.384034312299413,5.615965318513018,621,1,false,72.11666399999947,4.500000011800516,6.499999956169512],"clock":72.11666399999947,"speed":0.0},{"event":374,"data":[628,4.751965301749542,6.751965920433734,-0.7071067690849304,-0.7071067690849304,"magic",5.384034312299413,7.384034593826007,622,1,false,72.11666399999947,4.500000011800516,6.499999956169512],"clock":72.11666399999947,"speed":0.0},{"event":375,"data":[631,4.818703962352282,6.65937772400159,-0.894433319568634,-0.4472014009952545,"magic",6.353314528233479,7.426656708649598,625,1,false,72.19999699999947,4.500000011800516,6.499999956169512],"clock":72.1999969
09-19 14:25:04.288 20549 20549 I flutter : RN_VALIDATION_CHUNK CONT 9999947,"speed":0.0},{"event":376,"data":[655,5.280912638211604,5.719086992600827,-0.7071067690849304,0.7071067690849304,"magic",5.384034312299413,5.615965318513018,621,2,false,-1,null,null],"clock":73.66666399999939,"speed":8.75,"remaining":3.437497083333333},{"event":377,"data":[656,5.280912638211604,7.280912919738197,-0.7071067690849304,-0.7071067690849304,"magic",5.384034312299413,7.384034593826007,622,2,false,-1,null,null],"clock":73.66666399999939,"speed":8.75,"remaining":3.437497083333333},{"event":378,"data":[657,4.500000011800516,7.190163580841872,0.0,-1.0,"magic",4.500000011800516,7.335999750934939,624,2,false,-1,null,null],"clock":73.66666399999939,"speed":8.75,"remaining":3.43749
09-19 14:25:04.288 20549 20549 I flutter : RN_VALIDATION_CHUNK CONT 7083333333},{"event":379,"data":[658,6.2228736483495215,7.3614382916532035,-0.894433319568634,-0.4472014009952545,"magic",6.353314528233479,7.426656708649598,625,2,false,-1,null,null],"clock":73.66666399999939,"speed":8.75,"remaining":3.437497083333333},{"event":380,"data":[659,7.190163960144169,6.499999956169512,-1.0,0.0,"magic",7.336000130237236,6.499999956169512,626,2,false,-1,null,null],"clock":73.66666399999939,"speed":8.75,"remaining":3.437497083333333},{"event":381,"data":[657,4.500000011800516,6.856333054686066,0.0,-1.0,"magic",4.500000011800516,7.335999750934939,624,2,false,73.71666399999938,4.500000011800516,6.499999956169512],"clock":73.71666399999938,"speed":0.0},{"event":382,"da
09-19 14:25:04.288 20549 20549 I flutter : RN_VALIDATION_CHUNK CONT ta":[659,6.856333433988363,6.499999956169512,-1.0,0.0,"magic",7.336000130237236,6.499999956169512,626,2,false,73.71666399999938,6.500000335471809,6.499999956169512],"clock":73.71666399999938,"speed":0.0},{"event":383,"data":[655,4.75196563890714,6.248033991905291,-0.7071067690849304,0.7071067690849304,"magic",5.384034312299413,5.615965318513018,621,2,false,73.76666399999938,4.500000011800516,6.499999956169512],"clock":73.76666399999938,"speed":0.0},{"event":384,"data":[656,4.75196563890714,6.751965920433734,-0.7071067690849304,-0.7071067690849304,"magic",5.384034312299413,7.384034593826007,622,2,false,73.76666399999938,4.500000011800516,6.499999956169512],"clock":73.76666399999938,"speed":0.
09-19 14:25:04.288 20549 20549 I flutter : RN_VALIDATION_CHUNK CONT 0},{"event":385,"data":[668,4.500000011800516,5.809836331497153,0.0,1.0,"magic",4.500000011800516,5.664000161404085,623,2,false,-1,null,null],"clock":73.76666399999938,"speed":8.75,"remaining":3.437497083333333},{"event":386,"data":[668,4.500000011800516,6.143666857652959,0.0,1.0,"magic",4.500000011800516,5.664000161404085,623,2,false,73.81666399999938,4.500000011800516,6.499999956169512],"clock":73.81666399999938,"speed":0.0},{"event":387,"data":[658,4.818704636667476,6.659376375371202,-0.894433319568634,-0.4472014009952545,"magic",6.353314528233479,7.426656708649598,625,2,false,73.86666399999937,4.500000011800516,6.499999956169512],"clock":73.86666399999937,"speed":0.0},{"event":388,"data"
09-19 14:25:04.288 20549 20549 I flutter : RN_VALIDATION_CHUNK CONT :[685,4.500000011800516,7.044283580261151,0.0,-1.0,"magic",4.500000011800516,7.335999750934939,624,3,false,-1,null,null],"clock":75.3166749999993,"speed":8.75,"remaining":3.291617083333333},{"event":389,"data":[685,4.500000011800516,6.856333054686066,0.0,-1.0,"magic",4.500000011800516,7.335999750934939,624,3,false,75.35000299999929,4.500000011800516,6.499999956169512],"clock":75.35000299999929,"speed":0.0},{"event":390,"data":[688,5.1778280514595005,7.177828332986095,-0.7071067690849304,-0.7071067690849304,"magic",5.384034312299413,7.384034593826007,622,3,false,-1,null,null],"clock":75.35000299999929,"speed":8.75,"remaining":3.291713333333333},{"event":391,"data":[689,6.092479970529189,7.296
09-19 14:25:04.288 20549 20549 I flutter : RN_VALIDATION_CHUNK CONT 244150003815,-0.894433319568634,-0.4472014009952545,"magic",6.353314528233479,7.426656708649598,625,3,false,-1,null,null],"clock":75.35000299999929,"speed":8.75,"remaining":3.291713333333333},{"event":392,"data":[690,5.1778280514595005,5.82217157935293,-0.7071067690849304,0.7071067690849304,"magic",5.384034312299413,5.615965318513018,621,3,false,-1,null,null],"clock":75.38333099999929,"speed":8.75,"remaining":3.291713333333333},{"event":393,"data":[691,7.044380386636284,6.499999956169512,-1.0,0.0,"magic",7.336000130237236,6.499999956169512,626,3,false,-1,null,null],"clock":75.38333099999929,"speed":8.75,"remaining":3.291713333333333},{"event":394,"data":[691,6.856333433988363,6.4999999561695
09-19 14:25:04.288 20549 20549 I flutter : RN_VALIDATION_CHUNK CONT 12,-1.0,0.0,"magic",7.336000130237236,6.499999956169512,626,3,false,75.41667499999929,6.500000335471809,6.499999956169512],"clock":75.41667499999929,"speed":0.0},{"event":395,"data":[688,4.751965301749542,6.751965920433734,-0.7071067690849304,-0.7071067690849304,"magic",5.384034312299413,7.384034593826007,622,3,false,75.44999699999929,4.500000011800516,6.499999956169512],"clock":75.44999699999929,"speed":0.0},{"event":396,"data":[690,4.751965301749542,6.248033991905291,-0.7071067690849304,0.7071067690849304,"magic",5.384034312299413,5.615965318513018,621,3,false,75.46666399999928,4.500000011800516,6.499999956169512],"clock":75.46666399999928,"speed":0.0},{"event":397,"data":[698,4.5000000118
09-19 14:25:04.288 20549 20549 I flutter : RN_VALIDATION_CHUNK CONT 00516,5.809836331497153,0.0,1.0,"magic",4.500000011800516,5.664000161404085,623,3,false,-1,null,null],"clock":75.46666399999928,"speed":8.75,"remaining":3.437497083333333},{"event":398,"data":[689,4.818703962352282,6.65937772400159,-0.894433319568634,-0.4472014009952545,"magic",6.353314528233479,7.426656708649598,625,3,false,75.51666399999928,4.500000011800516,6.499999956169512],"clock":75.51666399999928,"speed":0.0},{"event":399,"data":[698,4.500000011800516,6.143666857652959,0.0,1.0,"magic",4.500000011800516,5.664000161404085,623,3,false,75.51666399999928,4.500000011800516,6.499999956169512],"clock":75.51666399999928,"speed":0.0},{"event":400,"data":[713,4.500000011800516,7.044336176846334
09-19 14:25:04.288 20549 20549 I flutter : RN_VALIDATION_CHUNK CONT ,0.0,-1.0,"magic",4.500000011800516,7.335999750934939,624,4,false,-1,null,null],"clock":76.9666639999992,"speed":8.75,"remaining":3.2916695833333334},{"event":401,"data":[713,4.500000011800516,6.856333054686066,0.0,-1.0,"magic",4.500000011800516,7.335999750934939,624,4,false,76.9999969999992,4.500000011800516,6.499999956169512],"clock":76.9999969999992,"speed":0.0},{"event":402,"data":[716,5.177797032960547,7.17779731448714,-0.7071067690849304,-0.7071067690849304,"magic",5.384034312299413,7.384034593826007,622,4,false,-1,null,null],"clock":76.9999969999992,"speed":8.75,"remaining":3.2916695833333334},{"event":403,"data":[717,7.0443365561486315,6.499999956169512,-1.0,0.0,"magic",7.33600013023
09-19 14:25:04.288 20549 20549 I flutter : RN_VALIDATION_CHUNK CONT 7236,6.499999956169512,626,4,false,-1,null,null],"clock":76.9999969999992,"speed":8.75,"remaining":3.2916695833333334},{"event":404,"data":[717,6.856333433988363,6.499999956169512,-1.0,0.0,"magic",7.336000130237236,6.499999956169512,626,4,false,77.0333309999992,6.500000335471809,6.499999956169512],"clock":77.0333309999992,"speed":0.0},{"event":405,"data":[722,6.222881740131857,7.361442337544371,-0.894433319568634,-0.4472014009952545,"magic",6.353314528233479,7.426656708649598,625,4,false,-1,null,null],"clock":77.0499969999992,"speed":8.75,"remaining":3.4375058333333333},{"event":406,"data":[716,4.751965301749542,6.751965920433734,-0.7071067690849304,-0.7071067690849304,"magic",5.384034312299
09-19 14:25:04.288 20549 20549 I flutter : RN_VALIDATION_CHUNK CONT 413,7.384034593826007,622,4,false,77.08333099999919,4.500000011800516,6.499999956169512],"clock":77.08333099999919,"speed":0.0},{"event":407,"data":[725,5.177797032960547,5.822202597851884,-0.7071067690849304,0.7071067690849304,"magic",5.384034312299413,5.615965318513018,621,4,false,-1,null,null],"clock":77.11666399999919,"speed":8.75,"remaining":3.2916695833333334},{"event":408,"data":[725,4.75196563890714,6.248033991905291,-0.7071067690849304,0.7071067690849304,"magic",5.384034312299413,5.615965318513018,621,4,false,77.19999699999919,4.500000011800516,6.499999956169512],"clock":77.19999699999919,"speed":0.0},{"event":409,"data":[728,4.500000011800516,5.95566373549269,0.0,1.0,"magic",4.5000
09-19 14:25:04.288 20549 20549 I flutter : RN_VALIDATION_CHUNK CONT 00011800516,5.664000161404085,623,4,false,-1,null,null],"clock":77.19999699999919,"speed":8.75,"remaining":3.2916695833333334},{"event":410,"data":[722,4.818703625194684,6.659378398316785,-0.894433319568634,-0.4472014009952545,"magic",6.353314528233479,7.426656708649598,625,4,false,77.23333099999918,4.500000011800516,6.499999956169512],"clock":77.23333099999918,"speed":0.0},{"event":411,"data":[728,4.500000011800516,6.143666857652959,0.0,1.0,"magic",4.500000011800516,5.664000161404085,623,4,false,77.23333099999918,4.500000011800516,6.499999956169512],"clock":77.23333099999918,"speed":0.0},{"event":412,"data":[743,4.500000011800516,7.044327410748804,0.0,-1.0,"magic",4.500000011800516,7.335999
09-19 14:25:04.288 20549 20549 I flutter : RN_VALIDATION_CHUNK CONT 750934939,624,5,false,-1,null,null],"clock":78.6166639999991,"speed":8.75,"remaining":3.291660833333333},{"event":413,"data":[743,4.500000011800516,6.856333054686066,0.0,-1.0,"magic",4.500000011800516,7.335999750934939,624,5,false,78.6499969999991,4.500000011800516,6.499999956169512],"clock":78.6499969999991,"speed":0.0},{"event":414,"data":[746,5.177797032960547,7.17779731448714,-0.7071067690849304,-0.7071067690849304,"magic",5.384034312299413,7.384034593826007,622,5,false,-1,null,null],"clock":78.6499969999991,"speed":8.75,"remaining":3.2916695833333334},{"event":415,"data":[746,4.75196563890714,6.751965920433734,-0.7071067690849304,-0.7071067690849304,"magic",5.384034312299413,7.384034593
09-19 14:25:04.288 20549 20549 I flutter : RN_VALIDATION_CHUNK CONT 826007,622,5,false,78.7333299999991,4.500000011800516,6.499999956169512],"clock":78.7333299999991,"speed":0.0},{"event":416,"data":[751,6.092440860247899,7.296224594863171,-0.894433319568634,-0.4472014009952545,"magic",6.353314528233479,7.426656708649598,625,5,false,-1,null,null],"clock":78.7333299999991,"speed":8.75,"remaining":3.2916695833333334},{"event":417,"data":[752,7.0443365561486315,6.499999956169512,-1.0,0.0,"magic",7.336000130237236,6.499999956169512,626,5,false,-1,null,null],"clock":78.7333299999991,"speed":8.75,"remaining":3.2916695833333334},{"event":418,"data":[752,6.856333433988363,6.499999956169512,-1.0,0.0,"magic",7.336000130237236,6.499999956169512,626,5,false,78.766663999
09-19 14:25:04.288 20549 20549 I flutter : RN_VALIDATION_CHUNK CONT 9991,6.500000335471809,6.499999956169512],"clock":78.7666639999991,"speed":0.0},{"event":419,"data":[755,5.280918707048356,5.719080923764075,-0.7071067690849304,0.7071067690849304,"magic",5.384034312299413,5.615965318513018,621,5,false,-1,null,null],"clock":78.88332999999909,"speed":8.75,"remaining":3.4375058333333333},{"event":420,"data":[751,4.818703288037087,6.65937907263198,-0.894433319568634,-0.4472014009952545,"magic",6.353314528233479,7.426656708649598,625,5,false,78.91666399999909,4.500000011800516,6.499999956169512],"clock":78.91666399999909,"speed":0.0},{"event":421,"data":[755,4.751965301749542,6.248033991905291,-0.7071067690849304,0.7071067690849304,"magic",5.384034312299413,5.61
09-19 14:25:04.288 20549 20549 I flutter : RN_VALIDATION_CHUNK CONT 5965318513018,621,5,false,78.98332999999909,4.500000011800516,6.499999956169512],"clock":78.98332999999909,"speed":0.0},{"event":422,"data":[760,4.500000011800516,5.95566373549269,0.0,1.0,"magic",4.500000011800516,5.664000161404085,623,5,false,-1,null,null],"clock":78.98332999999909,"speed":8.75,"remaining":3.2916695833333334},{"event":423,"data":[760,4.500000011800516,6.143666857652959,0.0,1.0,"magic",4.500000011800516,5.664000161404085,623,5,false,79.03332999999908,4.500000011800516,6.499999956169512],"clock":79.03332999999908,"speed":0.0}]},"projectiles":[],"impacts":[],"viewport":[411.4285583496094,923.4285888671875],"screenCenter":[205.7142791748047,347.21429443359375],"pixelsPerTile":4
09-19 14:25:04.288 20549 20549 I flutter : RN_VALIDATION_CHUNK CONT 5.25714141845703,"zoom":1.0,"nexusHpRatio":1.0,"nexusHit":0.0,"portalAlert":0.0}}
09-19 14:25:04.288 20549 20549 I flutter : RN_VALIDATION_END
09-19 14:25:04.327   491   588 W skia    : AGTM parsing failed flags.readFromStream(s) at 159
09-19 14:25:04.327   491   588 W skia    : AGTM parsing failed flags.readFromStream(s) at 159
09-19 14:25:04.330   892   892 D wpa_supplicant: nl80211: Drv Event 64 (NL80211_CMD_NOTIFY_CQM) received for wlan0
09-19 14:25:04.330   892   892 D wpa_supplicant: nl80211: Beacon loss event
09-19 14:25:04.330   892   892 D wpa_supplicant: wlan0: Event BEACON_LOSS (53) received
09-19 14:25:04.330   892   892 I wpa_supplicant: wlan0: CTRL-EVENT-BEACON-LOSS 
09-19 14:25:04.434   491   588 W skia    : AGTM parsing failed flags.readFromStream(s) at 159
09-19 14:25:04.434   491   588 W skia    : AGTM parsing failed flags.readFromStream(s) at 159
09-19 14:25:04.532   491   588 W skia    : AGTM parsing failed flags.readFromStream(s) at 159
09-19 14:25:04.533   491   588 W skia    : AGTM parsing failed flags.readFromStream(s) at 159
09-19 14:25:04.658   491   588 W skia    : AGTM parsing failed flags.readFromStream(s) at 159
09-19 14:25:04.658   491   588 W skia    : AGTM parsing failed flags.readFromStream(s) at 159
09-19 14:25:04.759   491   588 W skia    : AGTM parsing failed flags.readFromStream(s) at 159
09-19 14:25:04.760   491   588 W skia    : AGTM parsing failed flags.readFromStream(s) at 159
09-19 14:25:04.861   491   588 W skia    : AGTM parsing failed flags.readFromStream(s) at 159
09-19 14:25:04.861   491   588 W skia    : AGTM parsing failed flags.readFromStream(s) at 159
09-19 14:25:04.962   491   588 W skia    : AGTM parsing failed flags.readFromStream(s) at 159
09-19 14:25:04.962   491   588 W skia    : AGTM parsing failed flags.readFromStream(s) at 159
09-19 14:25:05.065   491   588 W skia    : AGTM parsing failed flags.readFromStream(s) at 159
09-19 14:25:05.066   491   588 W skia    : AGTM parsing failed flags.readFromStream(s) at 159
09-19 14:25:05.166   491   588 W skia    : AGTM parsing failed flags.readFromStream(s) at 159
09-19 14:25:05.167   491   588 W skia    : AGTM parsing failed flags.readFromStream(s) at 159
09-19 14:25:05.283   491   588 W skia    : AGTM parsing failed flags.readFromStream(s) at 159
09-19 14:25:05.283   491   588 W skia    : AGTM parsing failed flags.readFromStream(s) at 159
09-19 14:25:05.385   491   588 W skia    : AGTM parsing failed flags.readFromStream(s) at 159
09-19 14:25:05.385   491   588 W skia    : AGTM parsing failed flags.readFromStream(s) at 159
09-19 14:25:05.525   491   588 W skia    : AGTM parsing failed flags.readFromStream(s) at 159
09-19 14:25:05.525   491   588 W skia    : AGTM parsing failed flags.readFromStream(s) at 159
09-19 14:25:05.627   491   588 W skia    : AGTM parsing failed flags.readFromStream(s) at 159
09-19 14:25:05.627   491   588 W skia    : AGTM parsing failed flags.readFromStream(s) at 159
09-19 14:25:05.728   491   588 W skia    : AGTM parsing failed flags.readFromStream(s) at 159
09-19 14:25:05.729   491   588 W skia    : AGTM parsing failed flags.readFromStream(s) at 159
09-19 14:25:05.830   491   588 W skia    : AGTM parsing failed flags.readFromStream(s) at 159
09-19 14:25:05.830   491   588 W skia    : AGTM parsing failed flags.readFromStream(s) at 159
09-19 14:25:05.931   491   588 W skia    : AGTM parsing failed flags.readFromStream(s) at 159
09-19 14:25:05.931   491   588 W skia    : AGTM parsing failed flags.readFromStream(s) at 159
09-19 14:25:06.011  1012  1174 D SatelliteController: isInCarrierRoamingNbIotNtn: satellite is disabled
09-19 14:25:06.012  1012  1174 D SatelliteController: getCarrierRoamingNtnConnectType: Checking connect type from PLMN config for subId: 1
09-19 14:25:06.012  1012  1174 D TelephonyConfigUpdateInstallReceiver: getConfigParser: domain=satellite
09-19 14:25:06.012  1012  1174 V SatelliteController: satelliteConfigParser is not ready
09-19 14:25:06.012  1012  1174 D SatelliteController: isSatelliteAttachSupportedViaConfigupdater: return null (satelliteConfig is null)
09-19 14:25:06.015  1012  1174 D SatelliteController: getSatellitePerPlmnConfiguration: invalid subId or not supported via carrier.
09-19 14:25:06.016  1012  1174 D SatelliteController: getCarrierRoamingNtnConnectType: config: null
09-19 14:25:06.017  1012  1174 D TelephonyConfigUpdateInstallReceiver: getConfigParser: domain=satellite
09-19 14:25:06.017  1012  1174 V SatelliteController: satelliteConfigParser is not ready
09-19 14:25:06.017  1012  1174 D SatelliteController: getCarrierRoamingNtnConnectTypeViaConfigUpdater: return null (satelliteConfig is null)
09-19 14:25:06.019  1012  1174 D SatelliteController: getCarrierRoamingNtnConnectType: Falling back to global carrier config connect type: 0
09-19 14:25:06.019  1012  1174 D TelephonyConfigUpdateInstallReceiver: getConfigParser: domain=satellite
09-19 14:25:06.019  1012  1174 V SatelliteController: satelliteConfigParser is not ready
09-19 14:25:06.019  1012  1174 D SatelliteController: isSatelliteAttachSupportedViaConfigupdater: return null (satelliteConfig is null)
09-19 14:25:06.020  1012  1174 D SatelliteController: getCarrierRoamingNtnConnectType: Checking connect type from PLMN config for subId: 1
09-19 14:25:06.021  1012  1174 D TelephonyConfigUpdateInstallReceiver: getConfigParser: domain=satellite
09-19 14:25:06.023  1012  1174 V SatelliteController: satelliteConfigParser is not ready
09-19 14:25:06.023  1012  1174 D SatelliteController: isSatelliteAttachSupportedViaConfigupdater: return null (satelliteConfig is null)
09-19 14:25:06.023  1012  1174 D SatelliteController: getSatellitePerPlmnConfiguration: invalid subId or not supported via carrier.
09-19 14:25:06.024  1012  1174 D SatelliteController: getCarrierRoamingNtnConnectType: config: null
09-19 14:25:06.024  1012  1174 D TelephonyConfigUpdateInstallReceiver: getConfigParser: domain=satellite
09-19 14:25:06.024  1012  1174 V SatelliteController: satelliteConfigParser is not ready
09-19 14:25:06.024  1012  1174 D SatelliteController: getCarrierRoamingNtnConnectTypeViaConfigUpdater: return null (satelliteConfig is null)
09-19 14:25:06.024  1012  1174 D SatelliteController: getCarrierRoamingNtnConnectType: Falling back to global carrier config connect type: 0
09-19 14:25:06.024  1012  1174 D TelephonyConfigUpdateInstallReceiver: getConfigParser: domain=satellite
09-19 14:25:06.024  1012  1174 V SatelliteController: satelliteConfigParser is not ready
09-19 14:25:06.024  1012  1174 D SatelliteController: isSatelliteAttachSupportedViaConfigupdater: return null (satelliteConfig is null)
09-19 14:25:06.032   491   588 W skia    : AGTM parsing failed flags.readFromStream(s) at 159
09-19 14:25:06.032   491   588 W skia    : AGTM parsing failed flags.readFromStream(s) at 159
09-19 14:25:06.134   491   588 W skia    : AGTM parsing failed flags.readFromStream(s) at 159
09-19 14:25:06.135   491   588 W skia    : AGTM parsing failed flags.readFromStream(s) at 159
09-19 14:25:06.244   491   588 W skia    : AGTM parsing failed flags.readFromStream(s) at 159
09-19 14:25:06.244   491   588 W skia    : AGTM parsing failed flags.readFromStream(s) at 159
09-19 14:25:06.296 20549 20549 I flutter : RN_VALIDATION_CHUNK START {"schema":1,"runner":"flutter_flame_godot","event":"begin","scenario":"fire","speed":1,"duration_seconds":60,"fixture":"six_turrets_stationary_immortal_tanks","stress":false,"target_fps":60,"enemies":3,"burning":2,"turrets":6,"projectiles":0,"effects":0}
09-19 14:25:06.296 20549 20549 I flutter : RN_VALIDATION_END
09-19 14:25:06.336 16828 16828 I adbd    : adbd service requested 'shell,v2,TERM=dumb,raw:dumpsys SurfaceFlinger --timestats -clear -enable'
09-19 14:25:06.345   491   588 W skia    : AGTM parsing failed flags.readFromStream(s) at 159
09-19 14:25:06.346   491   588 W skia    : AGTM parsing failed flags.readFromStream(s) at 159
09-19 14:25:06.390   491   555 D surfaceflinger: Cleared global stats
09-19 14:25:06.391   491   555 D surfaceflinger: Cleared layer stats
09-19 14:25:06.391   491   555 D surfaceflinger: Enabled
09-19 14:25:06.446   491   588 W skia    : AGTM parsing failed flags.readFromStream(s) at 159
09-19 14:25:06.447   491   588 W skia    : AGTM parsing failed flags.readFromStream(s) at 159
09-19 14:25:06.547   491   588 W skia    : AGTM parsing failed flags.readFromStream(s) at 159
09-19 14:25:06.547   491   588 W skia    : AGTM parsing failed flags.readFromStream(s) at 159
09-19 14:25:06.664   491   588 W skia    : AGTM parsing failed flags.readFromStream(s) at 159
09-19 14:25:06.664   491   588 W skia    : AGTM parsing failed flags.readFromStream(s) at 159
09-19 14:25:06.777   491   588 W skia    : AGTM parsing failed flags.readFromStream(s) at 159
09-19 14:25:06.778   491   588 W skia    : AGTM parsing failed flags.readFromStream(s) at 159
09-19 14:25:06.888   491   588 W skia    : AGTM parsing failed flags.readFromStream(s) at 159
09-19 14:25:06.888   491   588 W skia    : AGTM parsing failed flags.readFromStream(s) at 159
09-19 14:25:06.914   645   800 D WifiClientModeImpl[3810:wlan0]: updateLinkLayerStatsRssiSpeedFrequencyCapabilities rssi=-50 TxLinkspeed=1 freq=2447 RxLinkSpeed=2
09-19 14:25:06.914   645   800 D WifiDataStall: tx tput in kbps: 11000
09-19 14:25:06.914   645   800 D WifiDataStall: rx tput in kbps: 11000
09-19 14:25:06.915   645   800 V WifiConfigManager: Updating scan detail cache freq=2447 BSSID=00:13:10:85:fe:01 RSSI=-50 for "AndroidWifi"NONE
09-19 14:25:06.915   645   800 D WifiThroughputPredictor:  utilization (LLS) 80 isBluetoothConnected: false final utilization: 80
09-19 14:25:06.915   645   800 D WifiThroughputPredictor:  BW: 0 RSSI: -50 Nss: 1 Mode: 1 symDur: 4000 snrDb 30 bitPerTone: 4500 rate: 54 throughput: 11
09-19 14:25:06.915   645   800 D WifiThroughputPredictor:  utilization (LLS) 80 isBluetoothConnected: false final utilization: 80
09-19 14:25:06.915   645   800 D WifiThroughputPredictor:  BW: 0 RSSI: -50 Nss: 1 Mode: 1 symDur: 4000 snrDb 30 bitPerTone: 4500 rate: 54 throughput: 11
09-19 14:25:06.916   645   800 D WifiThroughputPredictor:  utilization (LLS) 80 isBluetoothConnected: false final utilization: 80
09-19 14:25:06.916   645   800 D WifiThroughputPredictor:  BW: 0 RSSI: -50 Nss: 1 Mode: 1 symDur: 4000 snrDb 30 bitPerTone: 4500 rate: 54 throughput: 11
09-19 14:25:06.916   645   800 D WifiThroughputPredictor:  utilization (LLS) 80 isBluetoothConnected: false final utilization: 80
09-19 14:25:06.916   645   800 D WifiThroughputPredictor:  BW: 0 RSSI: -50 Nss: 1 Mode: 1 symDur: 4000 snrDb 30 bitPerTone: 4500 rate: 54 throughput: 11
09-19 14:25:06.917   645   800 I HalDevMgr: bestIfaceCreationProposal is null, requestIface=STA, existingIface=[name=wlan0 type=STA]
09-19 14:25:06.918   645   800 D WifiScoreCard: BSSID update SIGNAL_POLL ID: 760286919 SSID: "AndroidWifi", BSSID: 00:13:10:85:fe:01, MAC: 02:15:b2:00:00:00, IP: /10.0.2.16, Security type: 0, Supplicant state: COMPLETED, Wi-Fi standard: legacy, RSSI: -50, Link speed: 1Mbps, Tx Link speed: 1Mbps, Max Supported Tx Link speed: 11Mbps, Calculated Tx : 0Mbps, Rx Link speed: 2Mbps, Max Supported Rx Link speed: 11Mbps, Calculated Rx : 0Mbps, Frequency: 2447MHz, Net ID: 0, Metered hint: false, score: 100, isUsable: true, CarrierMerged: false, SubscriptionId: -1, IsPrimary: 1, Trusted: true, Restricted: false, Ephemeral: false, OEM paid: false, OEM private: false, OSU AP: false, FQDN: <none>, Provider friendly name: <none>, Requesting package name: <none>"AndroidWifi"openMLO Information: , Is TID-To-Link negotiation supported by the AP: false, AP MLD Address: <none>, AP MLO Link Id: <none>, AP MLO Affiliated links: <none>, Vendor Data: <none>
09-19 14:25:06.918   645   800 D WifiScoreCard: txRate: 1 txSpeed: 1
09-19 14:25:06.918   645   800 D WifiScoreCard: network update SIGNAL_POLL "AndroidWifi" ID: 673433585 RSSI -50 txSpeed -1
09-19 14:25:06.918   645   800 D WifiClientModeImpl[3810:wlan0]:  ClientModeImpl$L2ConnectedState screen=on 26 0 "AndroidWifi" 00:13:10:85:fe:01 rssi=-50 f=2447 sc=100 link=1 tx=0.0, 0.0, 0.0 rx=0.0 bcn=0 [on:0 tx:0 rx:0 period:3007] from screen [on:0 period:-1205855514] score=100
09-19 14:25:06.993   491   588 W skia    : AGTM parsing failed flags.readFromStream(s) at 159
09-19 14:25:06.994   491   588 W skia    : AGTM parsing failed flags.readFromStream(s) at 159
09-19 14:25:07.095   491   588 W skia    : AGTM parsing failed flags.readFromStream(s) at 159
09-19 14:25:07.095   491   588 W skia    : AGTM parsing failed flags.readFromStream(s) at 159
09-19 14:25:07.194   491   588 W skia    : AGTM parsing failed flags.readFromStream(s) at 159
09-19 14:25:07.194   491   588 W skia    : AGTM parsing failed flags.readFromStream(s) at 159
09-19 14:25:07.295   491   588 W skia    : AGTM parsing failed flags.readFromStream(s) at 159
09-19 14:25:07.296   491   588 W skia    : AGTM parsing failed flags.readFromStream(s) at 159
09-19 14:25:07.338 20549 20549 I flutter : RN_VALIDATION_CHUNK START {"schema":1,"runner":"flutter_flame_godot","event":"sample","scenario":"fire","sample":0,"elapsed_ms":1042,"rss_bytes":555229184,"enemies":3,"burning":2,"turrets":6,"projectiles":0,"effects":0,"metrics":{"authored_terrain":true,"draw_calls":176.0,"fps":46.8850579315481,"frame_ms":21.3287568389058,"max_frame_ms":28.5531111111111,"objects":198.0,"primitives":413351.0,"received_frames":2860,"renderer":"mobile","sequence":3589,"viewport":[880.0,1976.0]}}
09-19 14:25:07.338 20549 20549 I flutter : RN_VALIDATION_END
09-19 14:25:07.410   491   588 W skia    : AGTM parsing failed flags.readFromStream(s) at 159
09-19 14:25:07.410   491   588 W skia    : AGTM parsing failed flags.readFromStream(s) at 159
09-19 14:25:07.512   491   588 W skia    : AGTM parsing failed flags.readFromStream(s) at 159
09-19 14:25:07.513   491   588 W skia    : AGTM parsing failed flags.readFromStream(s) at 159
09-19 14:25:07.615   491   588 W skia    : AGTM parsing failed flags.readFromStream(s) at 159
09-19 14:25:07.615   491   588 W skia    : AGTM parsing failed flags.readFromStream(s) at 159
09-19 14:25:07.714   491   588 W skia    : AGTM parsing failed flags.readFromStream(s) at 159
09-19 14:25:07.714   491   588 W skia    : AGTM parsing failed flags.readFromStream(s) at 159
09-19 14:25:07.831   491   588 W skia    : AGTM parsing failed flags.readFromStream(s) at 159
09-19 14:25:07.831   491   588 W skia    : AGTM parsing failed flags.readFromStream(s) at 159
09-19 14:25:07.947   491   588 W skia    : AGTM parsing failed flags.readFromStream(s) at 159
09-19 14:25:07.947   491   588 W skia    : AGTM parsing failed flags.readFromStream(s) at 159
09-19 14:25:08.047   491   588 W skia    : AGTM parsing failed flags.readFromStream(s) at 159
09-19 14:25:08.047   491   588 W skia    : AGTM parsing failed flags.readFromStream(s) at 159
09-19 14:25:08.148   491   588 W skia    : AGTM parsing failed flags.readFromStream(s) at 159
09-19 14:25:08.148   491   588 W skia    : AGTM parsing failed flags.readFromStream(s) at 159
09-19 14:25:08.248   491   588 W skia    : AGTM parsing failed flags.readFromStream(s) at 159
09-19 14:25:08.248   491   588 W skia    : AGTM parsing failed flags.readFromStream(s) at 159
09-19 14:25:08.366   491   588 W skia    : AGTM parsing failed flags.readFromStream(s) at 159
09-19 14:25:08.366   491   588 W skia    : AGTM parsing failed flags.readFromStream(s) at 159
09-19 14:25:08.400 20549 20549 I flutter : RN_VALIDATION_CHUNK START {"schema":1,"runner":"flutter_flame_godot","event":"sample","scenario":"fire","sample":1,"elapsed_ms":2104,"rss_bytes":555220992,"enemies":3,"burning":2,"turrets":6,"projectiles":0,"effects":0,"metrics":{"authored_terrain":true,"draw_calls":156.0,"fps":49.4546284869399,"frame_ms":20.2205542857143,"max_frame_ms":23.7843333333315,"objects":166.0,"primitives":411345.0,"received_frames":2891,"renderer":"mobile","sequence":3623,"viewport":[880.0,1976.0]}}
09-19 14:25:08.401 20549 20549 I flutter : RN_VALIDATION_END
09-19 14:25:08.478   491   588 W skia    : AGTM parsing failed flags.readFromStream(s) at 159
09-19 14:25:08.478   491   588 W skia    : AGTM parsing failed flags.readFromStream(s) at 159
09-19 14:25:08.580   491   588 W skia    : AGTM parsing failed flags.readFromStream(s) at 159
09-19 14:25:08.580   491   588 W skia    : AGTM parsing failed flags.readFromStream(s) at 159
09-19 14:25:08.684   491   588 W skia    : AGTM parsing failed flags.readFromStream(s) at 159
09-19 14:25:08.684   491   588 W skia    : AGTM parsing failed flags.readFromStream(s) at 159
09-19 14:25:08.783   491   588 W skia    : AGTM parsing failed flags.readFromStream(s) at 159
09-19 14:25:08.783   491   588 W skia    : AGTM parsing failed flags.readFromStream(s) at 159
09-19 14:25:08.896   491   588 W skia    : AGTM parsing failed flags.readFromStream(s) at 159
09-19 14:25:08.896   491   588 W skia    : AGTM parsing failed flags.readFromStream(s) at 159
09-19 14:25:08.998   491   588 W skia    : AGTM parsing failed flags.readFromStream(s) at 159
09-19 14:25:08.998   491   588 W skia    : AGTM parsing failed flags.readFromStream(s) at 159
09-19 14:25:09.096   491   588 W skia    : AGTM parsing failed flags.readFromStream(s) at 159
09-19 14:25:09.096   491   588 W skia    : AGTM parsing failed flags.readFromStream(s) at 159
09-19 14:25:09.197   491   588 W skia    : AGTM parsing failed flags.readFromStream(s) at 159
09-19 14:25:09.197   491   588 W skia    : AGTM parsing failed flags.readFromStream(s) at 159
09-19 14:25:09.297   491   588 W skia    : AGTM parsing failed flags.readFromStream(s) at 159
09-19 14:25:09.298   491   588 W skia    : AGTM parsing failed flags.readFromStream(s) at 159
09-19 14:25:09.437   491   588 W skia    : AGTM parsing failed flags.readFromStream(s) at 159
09-19 14:25:09.438   491   588 W skia    : AGTM parsing failed flags.readFromStream(s) at 159
09-19 14:25:09.492 20549 20549 I flutter : RN_VALIDATION_CHUNK START {"schema":1,"runner":"flutter_flame_godot","event":"sample","scenario":"fire","sample":2,"elapsed_ms":3195,"rss_bytes":555311104,"enemies":3,"burning":2,"turrets":6,"projectiles":0,"effects":0,"metrics":{"authored_terrain":true,"draw_calls":167.0,"fps":46.804979253112,"frame_ms":21.3652482269504,"max_frame_ms":28.4653333333333,"objects":183.0,"primitives":410877.0,"received_frames":2921,"renderer":"mobile","sequence":3655,"viewport":[880.0,1976.0]}}
09-19 14:25:09.492 20549 20549 I flutter : RN_VALIDATION_END
09-19 14:25:09.546   491   588 W skia    : AGTM parsing failed flags.readFromStream(s) at 159
09-19 14:25:09.546   491   588 W skia    : AGTM parsing failed flags.readFromStream(s) at 159
09-19 14:25:09.648   491   588 W skia    : AGTM parsing failed flags.readFromStream(s) at 159
09-19 14:25:09.648   491   588 W skia    : AGTM parsing failed flags.readFromStream(s) at 159
09-19 14:25:09.749   491   588 W skia    : AGTM parsing failed flags.readFromStream(s) at 159
09-19 14:25:09.750   491   588 W skia    : AGTM parsing failed flags.readFromStream(s) at 159
09-19 14:25:09.864   491   588 W skia    : AGTM parsing failed flags.readFromStream(s) at 159
09-19 14:25:09.864   491   588 W skia    : AGTM parsing failed flags.readFromStream(s) at 159
09-19 14:25:09.927   645   800 D WifiClientModeImpl[3810:wlan0]: updateLinkLayerStatsRssiSpeedFrequencyCapabilities rssi=-50 TxLinkspeed=1 freq=2447 RxLinkSpeed=2
09-19 14:25:09.927   645   800 D WifiDataStall: tx tput in kbps: 11000
09-19 14:25:09.927   645   800 D WifiDataStall: rx tput in kbps: 11000
09-19 14:25:09.927   645   800 V WifiConfigManager: Updating scan detail cache freq=2447 BSSID=00:13:10:85:fe:01 RSSI=-50 for "AndroidWifi"NONE
09-19 14:25:09.927   645   800 D WifiThroughputPredictor:  utilization (LLS) 80 isBluetoothConnected: false final utilization: 80
09-19 14:25:09.927   645   800 D WifiThroughputPredictor:  BW: 0 RSSI: -50 Nss: 1 Mode: 1 symDur: 4000 snrDb 30 bitPerTone: 4500 rate: 54 throughput: 11
09-19 14:25:09.927   645   800 D WifiThroughputPredictor:  utilization (LLS) 80 isBluetoothConnected: false final utilization: 80
09-19 14:25:09.927   645   800 D WifiThroughputPredictor:  BW: 0 RSSI: -50 Nss: 1 Mode: 1 symDur: 4000 snrDb 30 bitPerTone: 4500 rate: 54 throughput: 11
09-19 14:25:09.928   645   800 D WifiThroughputPredictor:  utilization (LLS) 80 isBluetoothConnected: false final utilization: 80
09-19 14:25:09.928   645   800 D WifiThroughputPredictor:  BW: 0 RSSI: -50 Nss: 1 Mode: 1 symDur: 4000 snrDb 30 bitPerTone: 4500 rate: 54 throughput: 11
09-19 14:25:09.928   645   800 D WifiThroughputPredictor:  utilization (LLS) 80 isBluetoothConnected: false final utilization: 80
09-19 14:25:09.928   645   800 D WifiThroughputPredictor:  BW: 0 RSSI: -50 Nss: 1 Mode: 1 symDur: 4000 snrDb 30 bitPerTone: 4500 rate: 54 throughput: 11
09-19 14:25:09.934   645   800 I HalDevMgr: bestIfaceCreationProposal is null, requestIface=STA, existingIface=[name=wlan0 type=STA]
09-19 14:25:09.936   645   800 D WifiScoreCard: BSSID update SIGNAL_POLL ID: 760286919 SSID: "AndroidWifi", BSSID: 00:13:10:85:fe:01, MAC: 02:15:b2:00:00:00, IP: /10.0.2.16, Security type: 0, Supplicant state: COMPLETED, Wi-Fi standard: legacy, RSSI: -50, Link speed: 1Mbps, Tx Link speed: 1Mbps, Max Supported Tx Link speed: 11Mbps, Calculated Tx : 0Mbps, Rx Link speed: 2Mbps, Max Supported Rx Link speed: 11Mbps, Calculated Rx : 0Mbps, Frequency: 2447MHz, Net ID: 0, Metered hint: false, score: 100, isUsable: true, CarrierMerged: false, SubscriptionId: -1, IsPrimary: 1, Trusted: true, Restricted: false, Ephemeral: false, OEM paid: false, OEM private: false, OSU AP: false, FQDN: <none>, Provider friendly name: <none>, Requesting package name: <none>"AndroidWifi"openMLO Information: , Is TID-To-Link negotiation supported by the AP: false, AP MLD Address: <none>, AP MLO Link Id: <none>, AP MLO Affiliated links: <none>, Vendor Data: <none>
09-19 14:25:09.936   645   800 D WifiScoreCard: txRate: 1 txSpeed: 1
09-19 14:25:09.936   645   800 D WifiScoreCard: network update SIGNAL_POLL "AndroidWifi" ID: 673433585 RSSI -50 txSpeed -1
09-19 14:25:09.936   645   800 D WifiClientModeImpl[3810:wlan0]:  ClientModeImpl$L2ConnectedState screen=on 26 0 "AndroidWifi" 00:13:10:85:fe:01 rssi=-50 f=2447 sc=100 link=1 tx=0.0, 0.0, 0.0 rx=0.0 bcn=0 [on:0 tx:0 rx:0 period:3018] from screen [on:0 period:-1205852496] score=100
09-19 14:25:09.992   491   588 W skia    : AGTM parsing failed flags.readFromStream(s) at 159
09-19 14:25:09.992   491   588 W skia    : AGTM parsing failed flags.readFromStream(s) at 159
09-19 14:25:10.094   491   588 W skia    : AGTM parsing failed flags.readFromStream(s) at 159
09-19 14:25:10.094   491   588 W skia    : AGTM parsing failed flags.readFromStream(s) at 159
09-19 14:25:10.195   491   588 W skia    : AGTM parsing failed flags.readFromStream(s) at 159
09-19 14:25:10.195   491   588 W skia    : AGTM parsing failed flags.readFromStream(s) at 159
09-19 14:25:10.295   491   588 W skia    : AGTM parsing failed flags.readFromStream(s) at 159
09-19 14:25:10.295   491   588 W skia    : AGTM parsing failed flags.readFromStream(s) at 159
09-19 14:25:10.395   491   588 W skia    : AGTM parsing failed flags.readFromStream(s) at 159
09-19 14:25:10.395   491   588 W skia    : AGTM parsing failed flags.readFromStream(s) at 159
09-19 14:25:10.497   491   588 W skia    : AGTM parsing failed flags.readFromStream(s) at 159
09-19 14:25:10.498   491   588 W skia    : AGTM parsing failed flags.readFromStream(s) at 159
09-19 14:25:10.529 20549 20549 I flutter : RN_VALIDATION_CHUNK START {"schema":1,"runner":"flutter_flame_godot","event":"sample","scenario":"fire","sample":3,"elapsed_ms":4232,"rss_bytes":555302912,"enemies":3,"burning":2,"turrets":6,"projectiles":0,"effects":0,"metrics":{"authored_terrain":true,"draw_calls":183.0,"fps":44.5333183915017,"frame_ms":22.4550973544974,"max_frame_ms":37.311,"objects":250.0,"primitives":416325.0,"received_frames":2952,"renderer":"mobile","sequence":3688,"viewport":[880.0,1976.0]}}
09-19 14:25:10.529 20549 20549 I flutter : RN_VALIDATION_END
09-19 14:25:10.600   491   588 W skia    : AGTM parsing failed flags.readFromStream(s) at 159
09-19 14:25:10.601   491   588 W skia    : AGTM parsing failed flags.readFromStream(s) at 159
09-19 14:25:10.714   491   588 W skia    : AGTM parsing failed flags.readFromStream(s) at 159
09-19 14:25:10.714   491   588 W skia    : AGTM parsing failed flags.readFromStream(s) at 159
09-19 14:25:10.815   491   588 W skia    : AGTM parsing failed flags.readFromStream(s) at 159
09-19 14:25:10.815   491   588 W skia    : AGTM parsing failed flags.readFromStream(s) at 159
09-19 14:25:10.915   491   588 W skia    : AGTM parsing failed flags.readFromStream(s) at 159
09-19 14:25:10.915   491   588 W skia    : AGTM parsing failed flags.readFromStream(s) at 159
09-19 14:25:11.015   491   588 W skia    : AGTM parsing failed flags.readFromStream(s) at 159
09-19 14:25:11.015   491   588 W skia    : AGTM parsing failed flags.readFromStream(s) at 159
09-19 14:25:11.026 20549 20553 I us.godotpreview: NativeAlloc concurrent mark compact GC freed 140KB AllocSpace bytes, 0(0B) LOS objects, 49% free, 2295KB/4591KB, paused 204us,6.910ms total 14.873ms
09-19 14:25:11.117   491   588 W skia    : AGTM parsing failed flags.readFromStream(s) at 159
09-19 14:25:11.117   491   588 W skia    : AGTM parsing failed flags.readFromStream(s) at 159
09-19 14:25:11.242   491   588 W skia    : AGTM parsing failed flags.readFromStream(s) at 159
09-19 14:25:11.242   491   588 W skia    : AGTM parsing failed flags.readFromStream(s) at 159
09-19 14:25:11.362   491   588 W skia    : AGTM parsing failed flags.readFromStream(s) at 159
09-19 14:25:11.362   491   588 W skia    : AGTM parsing failed flags.readFromStream(s) at 159
09-19 14:25:11.462   487   531 D AudioFlinger: mixer(0xb400006ff95ca790) throttle end: throttle time(1)
09-19 14:25:11.469   491   588 W skia    : AGTM parsing failed flags.readFromStream(s) at 159
09-19 14:25:11.469   491   588 W skia    : AGTM parsing failed flags.readFromStream(s) at 159
09-19 14:25:11.572 20549 20549 I flutter : RN_VALIDATION_CHUNK START {"schema":1,"runner":"flutter_flame_godot","event":"sample","scenario":"fire","sample":4,"elapsed_ms":5275,"rss_bytes":555298816,"enemies":3,"burning":2,"turrets":6,"projectiles":0,"effects":0,"metrics":{"authored_terrain":true,"draw_calls":162.0,"fps":33.6577021886716,"frame_ms":29.7108814616755,"max_frame_ms":48.401,"objects":174.0,"primitives":411361.0,"received_frames":2980,"renderer":"mobile","sequence":3722,"viewport":[880.0,1976.0]}}
09-19 14:25:11.574 20549 20549 I flutter : RN_VALIDATION_END
09-19 14:25:11.588   491   588 W skia    : AGTM parsing failed flags.readFromStream(s) at 159
09-19 14:25:11.588   491   588 W skia    : AGTM parsing failed flags.readFromStream(s) at 159
09-19 14:25:11.700   491   588 W skia    : AGTM parsing failed flags.readFromStream(s) at 159
09-19 14:25:11.700   491   588 W skia    : AGTM parsing failed flags.readFromStream(s) at 159
09-19 14:25:11.798   491   588 W skia    : AGTM parsing failed flags.readFromStream(s) at 159
09-19 14:25:11.798   491   588 W skia    : AGTM parsing failed flags.readFromStream(s) at 159
09-19 14:25:11.910   491   588 W skia    : AGTM parsing failed flags.readFromStream(s) at 159
09-19 14:25:11.911   491   588 W skia    : AGTM parsing failed flags.readFromStream(s) at 159
09-19 14:25:12.013   491   588 W skia    : AGTM parsing failed flags.readFromStream(s) at 159
09-19 14:25:12.013   491   588 W skia    : AGTM parsing failed flags.readFromStream(s) at 159
09-19 14:25:12.112   491   588 W skia    : AGTM parsing failed flags.readFromStream(s) at 159
09-19 14:25:12.112   491   588 W skia    : AGTM parsing failed flags.readFromStream(s) at 159
09-19 14:25:12.212   491   588 W skia    : AGTM parsing failed flags.readFromStream(s) at 159
09-19 14:25:12.212   491   588 W skia    : AGTM parsing failed flags.readFromStream(s) at 159
09-19 14:25:12.316   491   588 W skia    : AGTM parsing failed flags.readFromStream(s) at 159
09-19 14:25:12.316   491   588 W skia    : AGTM parsing failed flags.readFromStream(s) at 159
09-19 14:25:12.414   491   588 W skia    : AGTM parsing failed flags.readFromStream(s) at 159
09-19 14:25:12.414   491   588 W skia    : AGTM parsing failed flags.readFromStream(s) at 159
09-19 14:25:12.514   491   588 W skia    : AGTM parsing failed flags.readFromStream(s) at 159
09-19 14:25:12.514   491   588 W skia    : AGTM parsing failed flags.readFromStream(s) at 159
09-19 14:25:12.522   892   892 D wpa_supplicant: nl80211: Drv Event 64 (NL80211_CMD_NOTIFY_CQM) received for wlan0
09-19 14:25:12.522   892   892 D wpa_supplicant: nl80211: Beacon loss event
09-19 14:25:12.522   892   892 D wpa_supplicant: wlan0: Event BEACON_LOSS (53) received
09-19 14:25:12.522   892   892 I wpa_supplicant: wlan0: CTRL-EVENT-BEACON-LOSS 
09-19 14:25:12.616   491   588 W skia    : AGTM parsing failed flags.readFromStream(s) at 159
09-19 14:25:12.616   491   588 W skia    : AGTM parsing failed flags.readFromStream(s) at 159
09-19 14:25:12.623 20549 20549 I flutter : RN_VALIDATION_CHUNK START {"schema":1,"runner":"flutter_flame_godot","event":"sample","scenario":"fire","sample":5,"elapsed_ms":6326,"rss_bytes":555225088,"enemies":3,"burning":2,"turrets":6,"projectiles":0,"effects":0,"metrics":{"authored_terrain":true,"draw_calls":179.0,"fps":43.5128433911032,"frame_ms":22.981720385675,"max_frame_ms":53.765,"objects":199.0,"primitives":414993.0,"received_frames":3009,"renderer":"mobile","sequence":3751,"viewport":[880.0,1976.0]}}
09-19 14:25:12.623 20549 20549 I flutter : RN_VALIDATION_END
09-19 14:25:12.716   491   588 W skia    : AGTM parsing failed flags.readFromStream(s) at 159
09-19 14:25:12.716   491   588 W skia    : AGTM parsing failed flags.readFromStream(s) at 159
09-19 14:25:12.830   491   588 W skia    : AGTM parsing failed flags.readFromStream(s) at 159
09-19 14:25:12.830   491   588 W skia    : AGTM parsing failed flags.readFromStream(s) at 159
09-19 14:25:12.938   645   800 D WifiClientModeImpl[3810:wlan0]: updateLinkLayerStatsRssiSpeedFrequencyCapabilities rssi=-50 TxLinkspeed=1 freq=2447 RxLinkSpeed=2
09-19 14:25:12.939   645   800 D WifiDataStall: tx tput in kbps: 11000
09-19 14:25:12.939   645   800 D WifiDataStall: rx tput in kbps: 11000
09-19 14:25:12.939   645   800 V WifiConfigManager: Updating scan detail cache freq=2447 BSSID=00:13:10:85:fe:01 RSSI=-50 for "AndroidWifi"NONE
09-19 14:25:12.939   645   800 D WifiThroughputPredictor:  utilization (LLS) 80 isBluetoothConnected: false final utilization: 80
09-19 14:25:12.939   645   800 D WifiThroughputPredictor:  BW: 0 RSSI: -50 Nss: 1 Mode: 1 symDur: 4000 snrDb 30 bitPerTone: 4500 rate: 54 throughput: 11
09-19 14:25:12.939   645   800 D WifiThroughputPredictor:  utilization (LLS) 80 isBluetoothConnected: false final utilization: 80
09-19 14:25:12.939   645   800 D WifiThroughputPredictor:  BW: 0 RSSI: -50 Nss: 1 Mode: 1 symDur: 4000 snrDb 30 bitPerTone: 4500 rate: 54 throughput: 11
09-19 14:25:12.939   645   800 D WifiThroughputPredictor:  utilization (LLS) 80 isBluetoothConnected: false final utilization: 80
09-19 14:25:12.939   645   800 D WifiThroughputPredictor:  BW: 0 RSSI: -50 Nss: 1 Mode: 1 symDur: 4000 snrDb 30 bitPerTone: 4500 rate: 54 throughput: 11
09-19 14:25:12.939   645   800 D WifiThroughputPredictor:  utilization (LLS) 80 isBluetoothConnected: false final utilization: 80
09-19 14:25:12.939   645   800 D WifiThroughputPredictor:  BW: 0 RSSI: -50 Nss: 1 Mode: 1 symDur: 4000 snrDb 30 bitPerTone: 4500 rate: 54 throughput: 11
09-19 14:25:12.942   645   800 I HalDevMgr: bestIfaceCreationProposal is null, requestIface=STA, existingIface=[name=wlan0 type=STA]
09-19 14:25:12.943   645   800 D WifiScoreCard: BSSID update SIGNAL_POLL ID: 760286919 SSID: "AndroidWifi", BSSID: 00:13:10:85:fe:01, MAC: 02:15:b2:00:00:00, IP: /10.0.2.16, Security type: 0, Supplicant state: COMPLETED, Wi-Fi standard: legacy, RSSI: -50, Link speed: 1Mbps, Tx Link speed: 1Mbps, Max Supported Tx Link speed: 11Mbps, Calculated Tx : 0Mbps, Rx Link speed: 2Mbps, Max Supported Rx Link speed: 11Mbps, Calculated Rx : 0Mbps, Frequency: 2447MHz, Net ID: 0, Metered hint: false, score: 100, isUsable: true, CarrierMerged: false, SubscriptionId: -1, IsPrimary: 1, Trusted: true, Restricted: false, Ephemeral: false, OEM paid: false, OEM private: false, OSU AP: false, FQDN: <none>, Provider friendly name: <none>, Requesting package name: <none>"AndroidWifi"openMLO Information: , Is TID-To-Link negotiation supported by the AP: false, AP MLD Address: <none>, AP MLO Link Id: <none>, AP MLO Affiliated links: <none>, Vendor Data: <none>
09-19 14:25:12.943   645   800 D WifiScoreCard: txRate: 1 txSpeed: 1
09-19 14:25:12.943   645   800 D WifiScoreCard: network update SIGNAL_POLL "AndroidWifi" ID: 673433585 RSSI -50 txSpeed -1
09-19 14:25:12.943   645   800 D WifiClientModeImpl[3810:wlan0]:  ClientModeImpl$L2ConnectedState screen=on 26 0 "AndroidWifi" 00:13:10:85:fe:01 rssi=-50 f=2447 sc=100 link=1 tx=0.0, 0.0, 0.0 rx=0.0 bcn=0 [on:0 tx:0 rx:0 period:3007] from screen [on:0 period:-1205849489] score=100
09-19 14:25:12.957   491   588 W skia    : AGTM parsing failed flags.readFromStream(s) at 159
09-19 14:25:12.957   491   588 W skia    : AGTM parsing failed flags.readFromStream(s) at 159
09-19 14:25:13.061   491   588 W skia    : AGTM parsing failed flags.readFromStream(s) at 159
09-19 14:25:13.061   491   588 W skia    : AGTM parsing failed flags.readFromStream(s) at 159
09-19 14:25:13.163   491   588 W skia    : AGTM parsing failed flags.readFromStream(s) at 159
09-19 14:25:13.163   491   588 W skia    : AGTM parsing failed flags.readFromStream(s) at 159
09-19 14:25:13.263   491   588 W skia    : AGTM parsing failed flags.readFromStream(s) at 159
09-19 14:25:13.263   491   588 W skia    : AGTM parsing failed flags.readFromStream(s) at 159
09-19 14:25:13.379   491   588 W skia    : AGTM parsing failed flags.readFromStream(s) at 159
09-19 14:25:13.379   491   588 W skia    : AGTM parsing failed flags.readFromStream(s) at 159
09-19 14:25:13.492   491   588 W skia    : AGTM parsing failed flags.readFromStream(s) at 159
09-19 14:25:13.492   491   588 W skia    : AGTM parsing failed flags.readFromStream(s) at 159
09-19 14:25:13.595   491   588 W skia    : AGTM parsing failed flags.readFromStream(s) at 159
09-19 14:25:13.595   491   588 W skia    : AGTM parsing failed flags.readFromStream(s) at 159
09-19 14:25:13.635 20549 20549 I flutter : RN_VALIDATION_CHUNK START {"schema":1,"runner":"flutter_flame_godot","event":"sample","scenario":"fire","sample":6,"elapsed_ms":7338,"rss_bytes":555249664,"enemies":3,"burning":2,"turrets":6,"projectiles":0,"effects":0,"metrics":{"authored_terrain":true,"draw_calls":160.0,"fps":46.955949627619,"frame_ms":21.2965557704707,"max_frame_ms":26.951,"objects":170.0,"primitives":411053.0,"received_frames":3039,"renderer":"mobile","sequence":3783,"viewport":[880.0,1976.0]}}
09-19 14:25:13.635 20549 20549 I flutter : RN_VALIDATION_END
09-19 14:25:13.698   491   588 W skia    : AGTM parsing failed flags.readFromStream(s) at 159
09-19 14:25:13.699   491   588 W skia    : AGTM parsing failed flags.readFromStream(s) at 159
09-19 14:25:13.800   491   588 W skia    : AGTM parsing failed flags.readFromStream(s) at 159
09-19 14:25:13.800   491   588 W skia    : AGTM parsing failed flags.readFromStream(s) at 159
09-19 14:25:13.902   491   588 W skia    : AGTM parsing failed flags.readFromStream(s) at 159
09-19 14:25:13.902   491   588 W skia    : AGTM parsing failed flags.readFromStream(s) at 159
09-19 14:25:14.009   491   588 W skia    : AGTM parsing failed flags.readFromStream(s) at 159
09-19 14:25:14.010   491   588 W skia    : AGTM parsing failed flags.readFromStream(s) at 159
09-19 14:25:14.128   491   588 W skia    : AGTM parsing failed flags.readFromStream(s) at 159
09-19 14:25:14.128   491   588 W skia    : AGTM parsing failed flags.readFromStream(s) at 159
09-19 14:25:14.229   491   588 W skia    : AGTM parsing failed flags.readFromStream(s) at 159
09-19 14:25:14.229   491   588 W skia    : AGTM parsing failed flags.readFromStream(s) at 159
09-19 14:25:14.290 20549 20553 I us.godotpreview: NativeAlloc concurrent mark compact GC freed 130KB AllocSpace bytes, 6(120KB) LOS objects, 49% free, 2283KB/4566KB, paused 1.126ms,5.217ms total 19.377ms
09-19 14:25:14.331   491   588 W skia    : AGTM parsing failed flags.readFromStream(s) at 159
09-19 14:25:14.331   491   588 W skia    : AGTM parsing failed flags.readFromStream(s) at 159
09-19 14:25:14.434   491   588 W skia    : AGTM parsing failed flags.readFromStream(s) at 159
09-19 14:25:14.434   491   588 W skia    : AGTM parsing failed flags.readFromStream(s) at 159
09-19 14:25:14.533   491   588 W skia    : AGTM parsing failed flags.readFromStream(s) at 159
09-19 14:25:14.533   491   588 W skia    : AGTM parsing failed flags.readFromStream(s) at 159
09-19 14:25:14.644   491   588 W skia    : AGTM parsing failed flags.readFromStream(s) at 159
09-19 14:25:14.645   491   588 W skia    : AGTM parsing failed flags.readFromStream(s) at 159
09-19 14:25:14.668 20549 20549 I flutter : RN_VALIDATION_CHUNK START {"schema":1,"runner":"flutter_flame_godot","event":"sample","scenario":"fire","sample":7,"elapsed_ms":8372,"rss_bytes":555405312,"enemies":3,"burning":2,"turrets":6,"projectiles":0,"effects":0,"metrics":{"authored_terrain":true,"draw_calls":186.0,"fps":42.7166544881053,"frame_ms":23.4100730027548,"max_frame_ms":38.619,"objects":257.0,"primitives":412699.0,"received_frames":3073,"renderer":"mobile","sequence":3820,"viewport":[880.0,1976.0]}}
09-19 14:25:14.668 20549 20549 I flutter : RN_VALIDATION_END
09-19 14:25:14.749   491   588 W skia    : AGTM parsing failed flags.readFromStream(s) at 159
09-19 14:25:14.749   491   588 W skia    : AGTM parsing failed flags.readFromStream(s) at 159
09-19 14:25:14.848   491   588 W skia    : AGTM parsing failed flags.readFromStream(s) at 159
09-19 14:25:14.848   491   588 W skia    : AGTM parsing failed flags.readFromStream(s) at 159
09-19 14:25:14.948   491   588 W skia    : AGTM parsing failed flags.readFromStream(s) at 159
09-19 14:25:14.949   491   588 W skia    : AGTM parsing failed flags.readFromStream(s) at 159
09-19 14:25:15.060   491   588 W skia    : AGTM parsing failed flags.readFromStream(s) at 159
09-19 14:25:15.060   491   588 W skia    : AGTM parsing failed flags.readFromStream(s) at 159
09-19 14:25:15.168   491   588 W skia    : AGTM parsing failed flags.readFromStream(s) at 159
09-19 14:25:15.168   491   588 W skia    : AGTM parsing failed flags.readFromStream(s) at 159
09-19 14:25:15.281   491   588 W skia    : AGTM parsing failed flags.readFromStream(s) at 159
09-19 14:25:15.281   491   588 W skia    : AGTM parsing failed flags.readFromStream(s) at 159
09-19 14:25:15.382   491   588 W skia    : AGTM parsing failed flags.readFromStream(s) at 159
09-19 14:25:15.382   491   588 W skia    : AGTM parsing failed flags.readFromStream(s) at 159
09-19 14:25:15.494   491   588 W skia    : AGTM parsing failed flags.readFromStream(s) at 159
09-19 14:25:15.494   491   588 W skia    : AGTM parsing failed flags.readFromStream(s) at 159
09-19 14:25:15.595   491   588 W skia    : AGTM parsing failed flags.readFromStream(s) at 159
09-19 14:25:15.595   491   588 W skia    : AGTM parsing failed flags.readFromStream(s) at 159
09-19 14:25:15.696   491   588 W skia    : AGTM parsing failed flags.readFromStream(s) at 159
09-19 14:25:15.696   491   588 W skia    : AGTM parsing failed flags.readFromStream(s) at 159
09-19 14:25:15.712 20549 20549 I flutter : RN_VALIDATION_CHUNK START {"schema":1,"runner":"flutter_flame_godot","event":"sample","scenario":"fire","sample":8,"elapsed_ms":9415,"rss_bytes":555401216,"enemies":3,"burning":2,"turrets":6,"projectiles":0,"effects":0,"metrics":{"authored_terrain":true,"draw_calls":169.0,"fps":36.4600052256355,"frame_ms":27.4273136773137,"max_frame_ms":47.8779259259278,"objects":183.0,"primitives":414819.0,"received_frames":3102,"renderer":"mobile","sequence":3855,"viewport":[880.0,1976.0]}}
09-19 14:25:15.712 20549 20549 I flutter : RN_VALIDATION_END
09-19 14:25:15.800   491   588 W skia    : AGTM parsing failed flags.readFromStream(s) at 159
09-19 14:25:15.800   491   588 W skia    : AGTM parsing failed flags.readFromStream(s) at 159
09-19 14:25:15.911   491   588 W skia    : AGTM parsing failed flags.readFromStream(s) at 159
09-19 14:25:15.911   491   588 W skia    : AGTM parsing failed flags.readFromStream(s) at 159
09-19 14:25:15.948   645   800 D WifiClientModeImpl[3810:wlan0]: updateLinkLayerStatsRssiSpeedFrequencyCapabilities rssi=-50 TxLinkspeed=1 freq=2447 RxLinkSpeed=2
09-19 14:25:15.948   645   800 D WifiDataStall: tx tput in kbps: 11000
09-19 14:25:15.948   645   800 D WifiDataStall: rx tput in kbps: 11000
09-19 14:25:15.948   645   800 V WifiConfigManager: Updating scan detail cache freq=2447 BSSID=00:13:10:85:fe:01 RSSI=-50 for "AndroidWifi"NONE
09-19 14:25:15.948   645   800 D WifiThroughputPredictor:  utilization (LLS) 80 isBluetoothConnected: false final utilization: 80
09-19 14:25:15.948   645   800 D WifiThroughputPredictor:  BW: 0 RSSI: -50 Nss: 1 Mode: 1 symDur: 4000 snrDb 30 bitPerTone: 4500 rate: 54 throughput: 11
09-19 14:25:15.948   645   800 D WifiThroughputPredictor:  utilization (LLS) 80 isBluetoothConnected: false final utilization: 80
09-19 14:25:15.948   645   800 D WifiThroughputPredictor:  BW: 0 RSSI: -50 Nss: 1 Mode: 1 symDur: 4000 snrDb 30 bitPerTone: 4500 rate: 54 throughput: 11
09-19 14:25:15.949   645   800 D WifiThroughputPredictor:  utilization (LLS) 80 isBluetoothConnected: false final utilization: 80
09-19 14:25:15.949   645   800 D WifiThroughputPredictor:  BW: 0 RSSI: -50 Nss: 1 Mode: 1 symDur: 4000 snrDb 30 bitPerTone: 4500 rate: 54 throughput: 11
09-19 14:25:15.949   645   800 D WifiThroughputPredictor:  utilization (LLS) 80 isBluetoothConnected: false final utilization: 80
09-19 14:25:15.949   645   800 D WifiThroughputPredictor:  BW: 0 RSSI: -50 Nss: 1 Mode: 1 symDur: 4000 snrDb 30 bitPerTone: 4500 rate: 54 throughput: 11
09-19 14:25:15.951   645   800 I HalDevMgr: bestIfaceCreationProposal is null, requestIface=STA, existingIface=[name=wlan0 type=STA]
09-19 14:25:15.951   645   800 D WifiScoreCard: BSSID update SIGNAL_POLL ID: 760286919 SSID: "AndroidWifi", BSSID: 00:13:10:85:fe:01, MAC: 02:15:b2:00:00:00, IP: /10.0.2.16, Security type: 0, Supplicant state: COMPLETED, Wi-Fi standard: legacy, RSSI: -50, Link speed: 1Mbps, Tx Link speed: 1Mbps, Max Supported Tx Link speed: 11Mbps, Calculated Tx : 0Mbps, Rx Link speed: 2Mbps, Max Supported Rx Link speed: 11Mbps, Calculated Rx : 0Mbps, Frequency: 2447MHz, Net ID: 0, Metered hint: false, score: 100, isUsable: true, CarrierMerged: false, SubscriptionId: -1, IsPrimary: 1, Trusted: true, Restricted: false, Ephemeral: false, OEM paid: false, OEM private: false, OSU AP: false, FQDN: <none>, Provider friendly name: <none>, Requesting package name: <none>"AndroidWifi"openMLO Information: , Is TID-To-Link negotiation supported by the AP: false, AP MLD Address: <none>, AP MLO Link Id: <none>, AP MLO Affiliated links: <none>, Vendor Data: <none>
09-19 14:25:15.951   645   800 D WifiScoreCard: txRate: 1 txSpeed: 1
09-19 14:25:15.952   645   800 D WifiScoreCard: network update SIGNAL_POLL "AndroidWifi" ID: 673433585 RSSI -50 txSpeed -1
09-19 14:25:15.952   645   800 D WifiClientModeImpl[3810:wlan0]:  ClientModeImpl$L2ConnectedState screen=on 26 0 "AndroidWifi" 00:13:10:85:fe:01 rssi=-50 f=2447 sc=100 link=1 tx=0.0, 0.0, 0.0 rx=0.0 bcn=0 [on:0 tx:0 rx:0 period:3009] from screen [on:0 period:-1205846480] score=100
09-19 14:25:15.999  1012  1174 D SatelliteController: isInCarrierRoamingNbIotNtn: satellite is disabled
09-19 14:25:16.000  1012  1174 D SatelliteController: getCarrierRoamingNtnConnectType: Checking connect type from PLMN config for subId: 1
09-19 14:25:16.000  1012  1174 D TelephonyConfigUpdateInstallReceiver: getConfigParser: domain=satellite
09-19 14:25:16.000  1012  1174 V SatelliteController: satelliteConfigParser is not ready
09-19 14:25:16.000  1012  1174 D SatelliteController: isSatelliteAttachSupportedViaConfigupdater: return null (satelliteConfig is null)
09-19 14:25:16.001  1012  1174 D SatelliteController: getSatellitePerPlmnConfiguration: invalid subId or not supported via carrier.
09-19 14:25:16.002  1012  1174 D SatelliteController: getCarrierRoamingNtnConnectType: config: null
09-19 14:25:16.002  1012  1174 D TelephonyConfigUpdateInstallReceiver: getConfigParser: domain=satellite
09-19 14:25:16.002  1012  1174 V SatelliteController: satelliteConfigParser is not ready
09-19 14:25:16.002  1012  1174 D SatelliteController: getCarrierRoamingNtnConnectTypeViaConfigUpdater: return null (satelliteConfig is null)
09-19 14:25:16.002  1012  1174 D SatelliteController: getCarrierRoamingNtnConnectType: Falling back to global carrier config connect type: 0
09-19 14:25:16.003  1012  1174 D TelephonyConfigUpdateInstallReceiver: getConfigParser: domain=satellite
09-19 14:25:16.003  1012  1174 V SatelliteController: satelliteConfigParser is not ready
09-19 14:25:16.003  1012  1174 D SatelliteController: isSatelliteAttachSupportedViaConfigupdater: return null (satelliteConfig is null)
09-19 14:25:16.004  1012  1174 D SatelliteController: getCarrierRoamingNtnConnectType: Checking connect type from PLMN config for subId: 1
09-19 14:25:16.004  1012  1174 D TelephonyConfigUpdateInstallReceiver: getConfigParser: domain=satellite
09-19 14:25:16.004  1012  1174 V SatelliteController: satelliteConfigParser is not ready
09-19 14:25:16.004  1012  1174 D SatelliteController: isSatelliteAttachSupportedViaConfigupdater: return null (satelliteConfig is null)
09-19 14:25:16.005  1012  1174 D SatelliteController: getSatellitePerPlmnConfiguration: invalid subId or not supported via carrier.
09-19 14:25:16.005  1012  1174 D SatelliteController: getCarrierRoamingNtnConnectType: config: null
09-19 14:25:16.005  1012  1174 D TelephonyConfigUpdateInstallReceiver: getConfigParser: domain=satellite
09-19 14:25:16.005  1012  1174 V SatelliteController: satelliteConfigParser is not ready
09-19 14:25:16.005  1012  1174 D SatelliteController: getCarrierRoamingNtnConnectTypeViaConfigUpdater: return null (satelliteConfig is null)
09-19 14:25:16.005  1012  1174 D SatelliteController: getCarrierRoamingNtnConnectType: Falling back to global carrier config connect type: 0
09-19 14:25:16.005  1012  1174 D TelephonyConfigUpdateInstallReceiver: getConfigParser: domain=satellite
09-19 14:25:16.005  1012  1174 V SatelliteController: satelliteConfigParser is not ready
09-19 14:25:16.006  1012  1174 D SatelliteController: isSatelliteAttachSupportedViaConfigupdater: return null (satelliteConfig is null)
09-19 14:25:16.015   491   588 W skia    : AGTM parsing failed flags.readFromStream(s) at 159
09-19 14:25:16.015   491   588 W skia    : AGTM parsing failed flags.readFromStream(s) at 159
09-19 14:25:16.114   491   588 W skia    : AGTM parsing failed flags.readFromStream(s) at 159
09-19 14:25:16.114   491   588 W skia    : AGTM parsing failed flags.readFromStream(s) at 159
09-19 14:25:16.215   491   588 W skia    : AGTM parsing failed flags.readFromStream(s) at 159
09-19 14:25:16.215   491   588 W skia    : AGTM parsing failed flags.readFromStream(s) at 159
09-19 14:25:16.316   491   588 W skia    : AGTM parsing failed flags.readFromStream(s) at 159
09-19 14:25:16.316   491   588 W skia    : AGTM parsing failed flags.readFromStream(s) at 159
09-19 14:25:16.428   491   588 W skia    : AGTM parsing failed flags.readFromStream(s) at 159
09-19 14:25:16.428   491   588 W skia    : AGTM parsing failed flags.readFromStream(s) at 159
09-19 14:25:16.527   491   588 W skia    : AGTM parsing failed flags.readFromStream(s) at 159
09-19 14:25:16.527   491   588 W skia    : AGTM parsing failed flags.readFromStream(s) at 159
09-19 14:25:16.630   491   588 W skia    : AGTM parsing failed flags.readFromStream(s) at 159
09-19 14:25:16.631   491   588 W skia    : AGTM parsing failed flags.readFromStream(s) at 159
09-19 14:25:16.726 20549 20549 I flutter : RN_VALIDATION_CHUNK START {"schema":1,"runner":"flutter_flame_godot","event":"sample","scenario":"fire","sample":9,"elapsed_ms":10430,"rss_bytes":555368448,"enemies":3,"burning":2,"turrets":6,"projectiles":0,"effects":0,"metrics":{"authored_terrain":true,"draw_calls":162.0,"fps":46.3424899440382,"frame_ms":21.578469374597,"max_frame_ms":30.194,"objects":174.0,"primitives":411361.0,"received_frames":3131,"renderer":"mobile","sequence":3888,"viewport":[880.0,1976.0]}}
09-19 14:25:16.726 20549 20549 I flutter : RN_VALIDATION_END
09-19 14:25:16.734   491   588 W skia    : AGTM parsing failed flags.readFromStream(s) at 159
09-19 14:25:16.734   491   588 W skia    : AGTM parsing failed flags.readFromStream(s) at 159
09-19 14:25:16.847   491   588 W skia    : AGTM parsing failed flags.readFromStream(s) at 159
09-19 14:25:16.847   491   588 W skia    : AGTM parsing failed flags.readFromStream(s) at 159
09-19 14:25:16.948   491   588 W skia    : AGTM parsing failed flags.readFromStream(s) at 159
09-19 14:25:16.948   491   588 W skia    : AGTM parsing failed flags.readFromStream(s) at 159
09-19 14:25:17.048   491   588 W skia    : AGTM parsing failed flags.readFromStream(s) at 159
09-19 14:25:17.048   491   588 W skia    : AGTM parsing failed flags.readFromStream(s) at 159
09-19 14:25:17.161   491   588 W skia    : AGTM parsing failed flags.readFromStream(s) at 159
09-19 14:25:17.162   491   588 W skia    : AGTM parsing failed flags.readFromStream(s) at 159
09-19 14:25:17.262   491   588 W skia    : AGTM parsing failed flags.readFromStream(s) at 159
09-19 14:25:17.262   491   588 W skia    : AGTM parsing failed flags.readFromStream(s) at 159
09-19 14:25:17.367   491   588 W skia    : AGTM parsing failed flags.readFromStream(s) at 159
09-19 14:25:17.367   491   588 W skia    : AGTM parsing failed flags.readFromStream(s) at 159
09-19 14:25:17.478   491   588 W skia    : AGTM parsing failed flags.readFromStream(s) at 159
09-19 14:25:17.478   491   588 W skia    : AGTM parsing failed flags.readFromStream(s) at 159
09-19 14:25:17.578   491   588 W skia    : AGTM parsing failed flags.readFromStream(s) at 159
09-19 14:25:17.578   491   588 W skia    : AGTM parsing failed flags.readFromStream(s) at 159
09-19 14:25:17.678   491   588 W skia    : AGTM parsing failed flags.readFromStream(s) at 159
09-19 14:25:17.678   491   588 W skia    : AGTM parsing failed flags.readFromStream(s) at 159
09-19 14:25:17.776 20549 20549 I flutter : RN_VALIDATION_CHUNK START {"schema":1,"runner":"flutter_flame_godot","event":"sample","scenario":"fire","sample":10,"elapsed_ms":11480,"rss_bytes":555298816,"enemies":3,"burning":2,"turrets":6,"projectiles":0,"effects":0,"metrics":{"authored_terrain":true,"draw_calls":193.0,"fps":38.8671778973986,"frame_ms":25.7286495726496,"max_frame_ms":43.114,"objects":264.0,"primitives":415799.0,"received_frames":3162,"renderer":"mobile","sequence":3925,"viewport":[880.0,1976.0]}}
09-19 14:25:17.777 20549 20549 I flutter : RN_VALIDATION_END
09-19 14:25:17.781   491   588 W skia    : AGTM parsing failed flags.readFromStream(s) at 159
09-19 14:25:17.781   491   588 W skia    : AGTM parsing failed flags.readFromStream(s) at 159
09-19 14:25:17.880   491   588 W skia    : AGTM parsing failed flags.readFromStream(s) at 159
09-19 14:25:17.880   491   588 W skia    : AGTM parsing failed flags.readFromStream(s) at 159
09-19 14:25:17.983   491   588 W skia    : AGTM parsing failed flags.readFromStream(s) at 159
09-19 14:25:17.984   491   588 W skia    : AGTM parsing failed flags.readFromStream(s) at 159
09-19 14:25:18.085   491   588 W skia    : AGTM parsing failed flags.readFromStream(s) at 159
09-19 14:25:18.085   491   588 W skia    : AGTM parsing failed flags.readFromStream(s) at 159
09-19 14:25:18.194   491   588 W skia    : AGTM parsing failed flags.readFromStream(s) at 159
09-19 14:25:18.194   491   588 W skia    : AGTM parsing failed flags.readFromStream(s) at 159
09-19 14:25:18.298   491   588 W skia    : AGTM parsing failed flags.readFromStream(s) at 159
09-19 14:25:18.298   491   588 W skia    : AGTM parsing failed flags.readFromStream(s) at 159
09-19 14:25:18.399   491   588 W skia    : AGTM parsing failed flags.readFromStream(s) at 159
09-19 14:25:18.399   491   588 W skia    : AGTM parsing failed flags.readFromStream(s) at 159
09-19 14:25:18.530   491   588 W skia    : AGTM parsing failed flags.readFromStream(s) at 159
09-19 14:25:18.530   491   588 W skia    : AGTM parsing failed flags.readFromStream(s) at 159
09-19 14:25:18.632   491   588 W skia    : AGTM parsing failed flags.readFromStream(s) at 159
09-19 14:25:18.632   491   588 W skia    : AGTM parsing failed flags.readFromStream(s) at 159
09-19 14:25:18.743   491   588 W skia    : AGTM parsing failed flags.readFromStream(s) at 159
09-19 14:25:18.743   491   588 W skia    : AGTM parsing failed flags.readFromStream(s) at 159
09-19 14:25:18.818 20549 20549 I flutter : RN_VALIDATION_CHUNK START {"schema":1,"runner":"flutter_flame_godot","event":"sample","scenario":"fire","sample":11,"elapsed_ms":12522,"rss_bytes":555401216,"enemies":3,"burning":2,"turrets":6,"projectiles":0,"effects":0,"metrics":{"authored_terrain":true,"draw_calls":160.0,"fps":39.8830319302446,"frame_ms":25.0733194444445,"max_frame_ms":39.216,"objects":170.0,"primitives":411353.0,"received_frames":3192,"renderer":"mobile","sequence":3961,"viewport":[880.0,1976.0]}}
09-19 14:25:18.819 20549 20549 I flutter : RN_VALIDATION_END
09-19 14:25:18.845   491   588 W skia    : AGTM parsing failed flags.readFromStream(s) at 159
09-19 14:25:18.846   491   588 W skia    : AGTM parsing failed flags.readFromStream(s) at 159
09-19 14:25:18.945   491   588 W skia    : AGTM parsing failed flags.readFromStream(s) at 159
09-19 14:25:18.945   491   588 W skia    : AGTM parsing failed flags.readFromStream(s) at 159
09-19 14:25:18.955   645   800 D WifiClientModeImpl[3810:wlan0]: updateLinkLayerStatsRssiSpeedFrequencyCapabilities rssi=-50 TxLinkspeed=1 freq=2447 RxLinkSpeed=2
09-19 14:25:18.955   645   800 D WifiDataStall: tx tput in kbps: 11000
09-19 14:25:18.955   645   800 D WifiDataStall: rx tput in kbps: 11000
09-19 14:25:18.955   645   800 V WifiConfigManager: Updating scan detail cache freq=2447 BSSID=00:13:10:85:fe:01 RSSI=-50 for "AndroidWifi"NONE
09-19 14:25:18.955   645   800 D WifiThroughputPredictor:  utilization (LLS) 80 isBluetoothConnected: false final utilization: 80
09-19 14:25:18.955   645   800 D WifiThroughputPredictor:  BW: 0 RSSI: -50 Nss: 1 Mode: 1 symDur: 4000 snrDb 30 bitPerTone: 4500 rate: 54 throughput: 11
09-19 14:25:18.955   645   800 D WifiThroughputPredictor:  utilization (LLS) 80 isBluetoothConnected: false final utilization: 80
09-19 14:25:18.955   645   800 D WifiThroughputPredictor:  BW: 0 RSSI: -50 Nss: 1 Mode: 1 symDur: 4000 snrDb 30 bitPerTone: 4500 rate: 54 throughput: 11
09-19 14:25:18.955   645   800 D WifiThroughputPredictor:  utilization (LLS) 80 isBluetoothConnected: false final utilization: 80
09-19 14:25:18.955   645   800 D WifiThroughputPredictor:  BW: 0 RSSI: -50 Nss: 1 Mode: 1 symDur: 4000 snrDb 30 bitPerTone: 4500 rate: 54 throughput: 11
09-19 14:25:18.955   645   800 D WifiThroughputPredictor:  utilization (LLS) 80 isBluetoothConnected: false final utilization: 80
09-19 14:25:18.955   645   800 D WifiThroughputPredictor:  BW: 0 RSSI: -50 Nss: 1 Mode: 1 symDur: 4000 snrDb 30 bitPerTone: 4500 rate: 54 throughput: 11
09-19 14:25:18.958   645   800 I HalDevMgr: bestIfaceCreationProposal is null, requestIface=STA, existingIface=[name=wlan0 type=STA]
09-19 14:25:18.959   645   800 D WifiScoreCard: BSSID update SIGNAL_POLL ID: 760286919 SSID: "AndroidWifi", BSSID: 00:13:10:85:fe:01, MAC: 02:15:b2:00:00:00, IP: /10.0.2.16, Security type: 0, Supplicant state: COMPLETED, Wi-Fi standard: legacy, RSSI: -50, Link speed: 1Mbps, Tx Link speed: 1Mbps, Max Supported Tx Link speed: 11Mbps, Calculated Tx : 0Mbps, Rx Link speed: 2Mbps, Max Supported Rx Link speed: 11Mbps, Calculated Rx : 0Mbps, Frequency: 2447MHz, Net ID: 0, Metered hint: false, score: 100, isUsable: true, CarrierMerged: false, SubscriptionId: -1, IsPrimary: 1, Trusted: true, Restricted: false, Ephemeral: false, OEM paid: false, OEM private: false, OSU AP: false, FQDN: <none>, Provider friendly name: <none>, Requesting package name: <none>"AndroidWifi"openMLO Information: , Is TID-To-Link negotiation supported by the AP: false, AP MLD Address: <none>, AP MLO Link Id: <none>, AP MLO Affiliated links: <none>, Vendor Data: <none>
09-19 14:25:18.959   645   800 D WifiScoreCard: txRate: 1 txSpeed: 1
09-19 14:25:18.959   645   800 D WifiScoreCard: network update SIGNAL_POLL "AndroidWifi" ID: 673433585 RSSI -50 txSpeed -1
09-19 14:25:18.959   645   800 D WifiClientModeImpl[3810:wlan0]:  ClientModeImpl$L2ConnectedState screen=on 26 0 "AndroidWifi" 00:13:10:85:fe:01 rssi=-50 f=2447 sc=100 link=1 tx=0.0, 0.0, 0.0 rx=0.0 bcn=0 [on:0 tx:0 rx:0 period:3007] from screen [on:0 period:-1205843473] score=100
09-19 14:25:19.050   491   588 W skia    : AGTM parsing failed flags.readFromStream(s) at 159
09-19 14:25:19.051   491   588 W skia    : AGTM parsing failed flags.readFromStream(s) at 159
09-19 14:25:19.150   491   588 W skia    : AGTM parsing failed flags.readFromStream(s) at 159
09-19 14:25:19.150   491   588 W skia    : AGTM parsing failed flags.readFromStream(s) at 159
09-19 14:25:19.262   491   588 W skia    : AGTM parsing failed flags.readFromStream(s) at 159
09-19 14:25:19.262   491   588 W skia    : AGTM parsing failed flags.readFromStream(s) at 159
09-19 14:25:19.363   491   588 W skia    : AGTM parsing failed flags.readFromStream(s) at 159
09-19 14:25:19.363   491   588 W skia    : AGTM parsing failed flags.readFromStream(s) at 159
09-19 14:25:19.494   491   588 W skia    : AGTM parsing failed flags.readFromStream(s) at 159
09-19 14:25:19.494   491   588 W skia    : AGTM parsing failed flags.readFromStream(s) at 159
09-19 14:25:19.595   491   588 W skia    : AGTM parsing failed flags.readFromStream(s) at 159
09-19 14:25:19.595   491   588 W skia    : AGTM parsing failed flags.readFromStream(s) at 159
09-19 14:25:19.707   491   588 W skia    : AGTM parsing failed flags.readFromStream(s) at 159
09-19 14:25:19.707   491   588 W skia    : AGTM parsing failed flags.readFromStream(s) at 159
09-19 14:25:19.744 20549 20553 I us.godotpreview: NativeAlloc concurrent mark compact GC freed 130KB AllocSpace bytes, 7(196KB) LOS objects, 49% free, 2323KB/4646KB, paused 720us,5.845ms total 27.185ms
09-19 14:25:19.811   491   588 W skia    : AGTM parsing failed flags.readFromStream(s) at 159
09-19 14:25:19.811   491   588 W skia    : AGTM parsing failed flags.readFromStream(s) at 159
09-19 14:25:19.871 20549 20549 I flutter : RN_VALIDATION_CHUNK START {"schema":1,"runner":"flutter_flame_godot","event":"sample","scenario":"fire","sample":12,"elapsed_ms":13574,"rss_bytes":555409408,"enemies":3,"burning":2,"turrets":6,"projectiles":0,"effects":0,"metrics":{"authored_terrain":true,"draw_calls":169.0,"fps":46.3816043758796,"frame_ms":21.5602718676123,"max_frame_ms":24.7118787878788,"objects":189.0,"primitives":412785.0,"received_frames":3224,"renderer":"mobile","sequence":3994,"viewport":[880.0,1976.0]}}
09-19 14:25:19.872 20549 20549 I flutter : RN_VALIDATION_END
09-19 14:25:19.913   491   588 W skia    : AGTM parsing failed flags.readFromStream(s) at 159
09-19 14:25:19.914   491   588 W skia    : AGTM parsing failed flags.readFromStream(s) at 159
09-19 14:25:20.014   491   588 W skia    : AGTM parsing failed flags.readFromStream(s) at 159
09-19 14:25:20.014   491   588 W skia    : AGTM parsing failed flags.readFromStream(s) at 159
09-19 14:25:20.097   487   531 D AudioFlinger: mixer(0xb400006ff95ca790) throttle end: throttle time(5)
09-19 14:25:20.115   491   588 W skia    : AGTM parsing failed flags.readFromStream(s) at 159
09-19 14:25:20.115   491   588 W skia    : AGTM parsing failed flags.readFromStream(s) at 159
09-19 14:25:20.228   491   588 W skia    : AGTM parsing failed flags.readFromStream(s) at 159
09-19 14:25:20.228   491   588 W skia    : AGTM parsing failed flags.readFromStream(s) at 159
09-19 14:25:20.331   491   588 W skia    : AGTM parsing failed flags.readFromStream(s) at 159
09-19 14:25:20.331   491   588 W skia    : AGTM parsing failed flags.readFromStream(s) at 159
09-19 14:25:20.447   491   588 W skia    : AGTM parsing failed flags.readFromStream(s) at 159
09-19 14:25:20.447   491   588 W skia    : AGTM parsing failed flags.readFromStream(s) at 159
09-19 14:25:20.463   892   892 D wpa_supplicant: nl80211: Drv Event 64 (NL80211_CMD_NOTIFY_CQM) received for wlan0
09-19 14:25:20.463   892   892 D wpa_supplicant: nl80211: Beacon loss event
09-19 14:25:20.463   892   892 D wpa_supplicant: wlan0: Event BEACON_LOSS (53) received
09-19 14:25:20.463   892   892 I wpa_supplicant: wlan0: CTRL-EVENT-BEACON-LOSS 
09-19 14:25:20.548   491   588 W skia    : AGTM parsing failed flags.readFromStream(s) at 159
09-19 14:25:20.548   491   588 W skia    : AGTM parsing failed flags.readFromStream(s) at 159
09-19 14:25:20.648   491   588 W skia    : AGTM parsing failed flags.readFromStream(s) at 159
09-19 14:25:20.648   491   588 W skia    : AGTM parsing failed flags.readFromStream(s) at 159
09-19 14:25:20.749   491   588 W skia    : AGTM parsing failed flags.readFromStream(s) at 159
09-19 14:25:20.749   491   588 W skia    : AGTM parsing failed flags.readFromStream(s) at 159
09-19 14:25:20.877   491   588 W skia    : AGTM parsing failed flags.readFromStream(s) at 159
09-19 14:25:20.877   491   588 W skia    : AGTM parsing failed flags.readFromStream(s) at 159
09-19 14:25:20.914 20549 20549 I flutter : RN_VALIDATION_CHUNK START {"schema":1,"runner":"flutter_flame_godot","event":"sample","scenario":"fire","sample":13,"elapsed_ms":14618,"rss_bytes":555556864,"enemies":3,"burning":2,"turrets":6,"projectiles":0,"effects":0,"metrics":{"authored_terrain":true,"draw_calls":164.0,"fps":45.1628907653669,"frame_ms":22.1420724637682,"max_frame_ms":30.72,"objects":176.0,"primitives":413311.0,"received_frames":3257,"renderer":"mobile","sequence":4027,"viewport":[880.0,1976.0]}}
09-19 14:25:20.915 20549 20549 I flutter : RN_VALIDATION_END
09-19 14:25:20.977   491   588 W skia    : AGTM parsing failed flags.readFromStream(s) at 159
09-19 14:25:20.977   491   588 W skia    : AGTM parsing failed flags.readFromStream(s) at 159
09-19 14:25:21.083   491   588 W skia    : AGTM parsing failed flags.readFromStream(s) at 159
09-19 14:25:21.083   491   588 W skia    : AGTM parsing failed flags.readFromStream(s) at 159
09-19 14:25:21.180   491   588 W skia    : AGTM parsing failed flags.readFromStream(s) at 159
09-19 14:25:21.181   491   588 W skia    : AGTM parsing failed flags.readFromStream(s) at 159
09-19 14:25:21.281   491   588 W skia    : AGTM parsing failed flags.readFromStream(s) at 159
09-19 14:25:21.281   491   588 W skia    : AGTM parsing failed flags.readFromStream(s) at 159
09-19 14:25:21.396   491   588 W skia    : AGTM parsing failed flags.readFromStream(s) at 159
09-19 14:25:21.396   491   588 W skia    : AGTM parsing failed flags.readFromStream(s) at 159
09-19 14:25:21.508   491   588 W skia    : AGTM parsing failed flags.readFromStream(s) at 159
09-19 14:25:21.508   491   588 W skia    : AGTM parsing failed flags.readFromStream(s) at 159
09-19 14:25:21.548   487   531 D AudioFlinger: mixer(0xb400006ff95ca790) throttle end: throttle time(10)
09-19 14:25:21.612   491   588 W skia    : AGTM parsing failed flags.readFromStream(s) at 159
09-19 14:25:21.612   491   588 W skia    : AGTM parsing failed flags.readFromStream(s) at 159
09-19 14:25:21.747   491   588 W skia    : AGTM parsing failed flags.readFromStream(s) at 159
09-19 14:25:21.747   491   588 W skia    : AGTM parsing failed flags.readFromStream(s) at 159
09-19 14:25:21.846   491   588 W skia    : AGTM parsing failed flags.readFromStream(s) at 159
09-19 14:25:21.846   491   588 W skia    : AGTM parsing failed flags.readFromStream(s) at 159
09-19 14:25:21.942 20549 20549 I flutter : RN_VALIDATION_CHUNK START {"schema":1,"runner":"flutter_flame_godot","event":"sample","scenario":"fire","sample":14,"elapsed_ms":15646,"rss_bytes":555548672,"enemies":3,"burning":2,"turrets":6,"projectiles":0,"effects":0,"metrics":{"authored_terrain":true,"draw_calls":182.0,"fps":34.4417753587138,"frame_ms":29.0345079365079,"max_frame_ms":45.962,"objects":249.0,"primitives":412983.0,"received_frames":3285,"renderer":"mobile","sequence":4058,"viewport":[880.0,1976.0]}}
09-19 14:25:21.942 20549 20549 I flutter : RN_VALIDATION_END
09-19 14:25:21.958   491   588 W skia    : AGTM parsing failed flags.readFromStream(s) at 159
09-19 14:25:21.958   491   588 W skia    : AGTM parsing failed flags.readFromStream(s) at 159
09-19 14:25:21.963   645   800 D WifiClientModeImpl[3810:wlan0]: updateLinkLayerStatsRssiSpeedFrequencyCapabilities rssi=-50 TxLinkspeed=1 freq=2447 RxLinkSpeed=2
09-19 14:25:21.963   645   800 D WifiDataStall: tx tput in kbps: 11000
09-19 14:25:21.963   645   800 D WifiDataStall: rx tput in kbps: 11000
09-19 14:25:21.964   645   800 V WifiConfigManager: Updating scan detail cache freq=2447 BSSID=00:13:10:85:fe:01 RSSI=-50 for "AndroidWifi"NONE
09-19 14:25:21.964   645   800 D WifiThroughputPredictor:  utilization (LLS) 80 isBluetoothConnected: false final utilization: 80
09-19 14:25:21.964   645   800 D WifiThroughputPredictor:  BW: 0 RSSI: -50 Nss: 1 Mode: 1 symDur: 4000 snrDb 30 bitPerTone: 4500 rate: 54 throughput: 11
09-19 14:25:21.964   645   800 D WifiThroughputPredictor:  utilization (LLS) 80 isBluetoothConnected: false final utilization: 80
09-19 14:25:21.964   645   800 D WifiThroughputPredictor:  BW: 0 RSSI: -50 Nss: 1 Mode: 1 symDur: 4000 snrDb 30 bitPerTone: 4500 rate: 54 throughput: 11
09-19 14:25:21.965   645   800 D WifiThroughputPredictor:  utilization (LLS) 80 isBluetoothConnected: false final utilization: 80
09-19 14:25:21.965   645   800 D WifiThroughputPredictor:  BW: 0 RSSI: -50 Nss: 1 Mode: 1 symDur: 4000 snrDb 30 bitPerTone: 4500 rate: 54 throughput: 11
09-19 14:25:21.965   645   800 D WifiThroughputPredictor:  utilization (LLS) 80 isBluetoothConnected: false final utilization: 80
09-19 14:25:21.965   645   800 D WifiThroughputPredictor:  BW: 0 RSSI: -50 Nss: 1 Mode: 1 symDur: 4000 snrDb 30 bitPerTone: 4500 rate: 54 throughput: 11
09-19 14:25:21.967   645   800 I HalDevMgr: bestIfaceCreationProposal is null, requestIface=STA, existingIface=[name=wlan0 type=STA]
09-19 14:25:21.968   645   800 D WifiScoreCard: BSSID update SIGNAL_POLL ID: 760286919 SSID: "AndroidWifi", BSSID: 00:13:10:85:fe:01, MAC: 02:15:b2:00:00:00, IP: /10.0.2.16, Security type: 0, Supplicant state: COMPLETED, Wi-Fi standard: legacy, RSSI: -50, Link speed: 1Mbps, Tx Link speed: 1Mbps, Max Supported Tx Link speed: 11Mbps, Calculated Tx : 0Mbps, Rx Link speed: 2Mbps, Max Supported Rx Link speed: 11Mbps, Calculated Rx : 0Mbps, Frequency: 2447MHz, Net ID: 0, Metered hint: false, score: 100, isUsable: true, CarrierMerged: false, SubscriptionId: -1, IsPrimary: 1, Trusted: true, Restricted: false, Ephemeral: false, OEM paid: false, OEM private: false, OSU AP: false, FQDN: <none>, Provider friendly name: <none>, Requesting package name: <none>"AndroidWifi"openMLO Information: , Is TID-To-Link negotiation supported by the AP: false, AP MLD Address: <none>, AP MLO Link Id: <none>, AP MLO Affiliated links: <none>, Vendor Data: <none>
09-19 14:25:21.968   645   800 D WifiScoreCard: txRate: 1 txSpeed: 1
09-19 14:25:21.968   645   800 D WifiScoreCard: network update SIGNAL_POLL "AndroidWifi" ID: 673433585 RSSI -50 txSpeed -1
09-19 14:25:21.968   645   800 D WifiClientModeImpl[3810:wlan0]:  ClientModeImpl$L2ConnectedState screen=on 26 0 "AndroidWifi" 00:13:10:85:fe:01 rssi=-50 f=2447 sc=100 link=1 tx=0.0, 0.0, 0.0 rx=0.0 bcn=0 [on:0 tx:0 rx:0 period:3009] from screen [on:0 period:-1205840464] score=100
09-19 14:25:22.060   491   588 W skia    : AGTM parsing failed flags.readFromStream(s) at 159
09-19 14:25:22.060   491   588 W skia    : AGTM parsing failed flags.readFromStream(s) at 159
09-19 14:25:22.164   491   588 W skia    : AGTM parsing failed flags.readFromStream(s) at 159
09-19 14:25:22.164   491   588 W skia    : AGTM parsing failed flags.readFromStream(s) at 159
09-19 14:25:22.264   491   588 W skia    : AGTM parsing failed flags.readFromStream(s) at 159
09-19 14:25:22.264   491   588 W skia    : AGTM parsing failed flags.readFromStream(s) at 159
09-19 14:25:22.366   491   588 W skia    : AGTM parsing failed flags.readFromStream(s) at 159
09-19 14:25:22.366   491   588 W skia    : AGTM parsing failed flags.readFromStream(s) at 159
09-19 14:25:22.411   558 14567 D AudioAnalytics: gc(1700, 2000): log size:1700 item map size:4, item map items:1700
09-19 14:25:22.432   487   531 D AudioFlinger: mixer(0xb400006ff95ca790) throttle end: throttle time(1)
09-19 14:25:22.464   491   588 W skia    : AGTM parsing failed flags.readFromStream(s) at 159
09-19 14:25:22.464   491   588 W skia    : AGTM parsing failed flags.readFromStream(s) at 159
09-19 14:25:22.579   491   588 W skia    : AGTM parsing failed flags.readFromStream(s) at 159
09-19 14:25:22.579   491   588 W skia    : AGTM parsing failed flags.readFromStream(s) at 159
09-19 14:25:22.679   491   588 W skia    : AGTM parsing failed flags.readFromStream(s) at 159
09-19 14:25:22.680   491   588 W skia    : AGTM parsing failed flags.readFromStream(s) at 159
09-19 14:25:22.782   491   588 W skia    : AGTM parsing failed flags.readFromStream(s) at 159
09-19 14:25:22.782   491   588 W skia    : AGTM parsing failed flags.readFromStream(s) at 159
09-19 14:25:22.882   491   588 W skia    : AGTM parsing failed flags.readFromStream(s) at 159
09-19 14:25:22.882   491   588 W skia    : AGTM parsing failed flags.readFromStream(s) at 159
09-19 14:25:22.956 20549 20549 I flutter : RN_VALIDATION_CHUNK START {"schema":1,"runner":"flutter_flame_godot","event":"sample","scenario":"fire","sample":15,"elapsed_ms":16659,"rss_bytes":555814912,"enemies":3,"burning":2,"turrets":6,"projectiles":0,"effects":0,"metrics":{"authored_terrain":true,"draw_calls":174.0,"fps":37.1952774178589,"frame_ms":26.8851335282651,"max_frame_ms":45.614,"objects":192.0,"primitives":414385.0,"received_frames":3311,"renderer":"mobile","sequence":4089,"viewport":[880.0,1976.0]}}
09-19 14:25:22.956 20549 20549 I flutter : RN_VALIDATION_END
09-19 14:25:22.995   491   588 W skia    : AGTM parsing failed flags.readFromStream(s) at 159
09-19 14:25:22.995   491   588 W skia    : AGTM parsing failed flags.readFromStream(s) at 159
09-19 14:25:23.096   491   588 W skia    : AGTM parsing failed flags.readFromStream(s) at 159
09-19 14:25:23.096   491   588 W skia    : AGTM parsing failed flags.readFromStream(s) at 159
09-19 14:25:23.202   491   588 W skia    : AGTM parsing failed flags.readFromStream(s) at 159
09-19 14:25:23.202   491   588 W skia    : AGTM parsing failed flags.readFromStream(s) at 159
09-19 14:25:23.310   491   588 W skia    : AGTM parsing failed flags.readFromStream(s) at 159
09-19 14:25:23.310   491   588 W skia    : AGTM parsing failed flags.readFromStream(s) at 159
09-19 14:25:23.415   491   588 W skia    : AGTM parsing failed flags.readFromStream(s) at 159
09-19 14:25:23.415   491   588 W skia    : AGTM parsing failed flags.readFromStream(s) at 159
09-19 14:25:23.515   491   588 W skia    : AGTM parsing failed flags.readFromStream(s) at 159
09-19 14:25:23.515   491   588 W skia    : AGTM parsing failed flags.readFromStream(s) at 159
09-19 14:25:23.644   491   588 W skia    : AGTM parsing failed flags.readFromStream(s) at 159
09-19 14:25:23.644   491   588 W skia    : AGTM parsing failed flags.readFromStream(s) at 159
09-19 14:25:23.745   491   588 W skia    : AGTM parsing failed flags.readFromStream(s) at 159
09-19 14:25:23.745   491   588 W skia    : AGTM parsing failed flags.readFromStream(s) at 159
09-19 14:25:23.846   491   588 W skia    : AGTM parsing failed flags.readFromStream(s) at 159
09-19 14:25:23.847   491   588 W skia    : AGTM parsing failed flags.readFromStream(s) at 159
09-19 14:25:23.948   491   588 W skia    : AGTM parsing failed flags.readFromStream(s) at 159
09-19 14:25:23.948   491   588 W skia    : AGTM parsing failed flags.readFromStream(s) at 159
09-19 14:25:23.982 20549 20549 I flutter : RN_VALIDATION_CHUNK START {"schema":1,"runner":"flutter_flame_godot","event":"sample","scenario":"fire","sample":16,"elapsed_ms":17685,"rss_bytes":555778048,"enemies":3,"burning":2,"turrets":6,"projectiles":0,"effects":0,"metrics":{"authored_terrain":true,"draw_calls":158.0,"fps":50.0516910020145,"frame_ms":19.9793449527959,"max_frame_ms":25.0,"objects":170.0,"primitives":411953.0,"received_frames":3343,"renderer":"mobile","sequence":4123,"viewport":[880.0,1976.0]}}
09-19 14:25:23.982 20549 20549 I flutter : RN_VALIDATION_END
09-19 14:25:24.048   491   588 W skia    : AGTM parsing failed flags.readFromStream(s) at 159
09-19 14:25:24.048   491   588 W skia    : AGTM parsing failed flags.readFromStream(s) at 159
09-19 14:25:24.159   491   588 W skia    : AGTM parsing failed flags.readFromStream(s) at 159
09-19 14:25:24.159   491   588 W skia    : AGTM parsing failed flags.readFromStream(s) at 159
09-19 14:25:24.260   491   588 W skia    : AGTM parsing failed flags.readFromStream(s) at 159
09-19 14:25:24.261   491   588 W skia    : AGTM parsing failed flags.readFromStream(s) at 159
09-19 14:25:24.362   491   588 W skia    : AGTM parsing failed flags.readFromStream(s) at 159
09-19 14:25:24.362   491   588 W skia    : AGTM parsing failed flags.readFromStream(s) at 159
09-19 14:25:24.464   491   588 W skia    : AGTM parsing failed flags.readFromStream(s) at 159
09-19 14:25:24.464   491   588 W skia    : AGTM parsing failed flags.readFromStream(s) at 159
09-19 14:25:24.566   491   588 W skia    : AGTM parsing failed flags.readFromStream(s) at 159
09-19 14:25:24.566   491   588 W skia    : AGTM parsing failed flags.readFromStream(s) at 159
09-19 14:25:24.667   491   588 W skia    : AGTM parsing failed flags.readFromStream(s) at 159
09-19 14:25:24.667   491   588 W skia    : AGTM parsing failed flags.readFromStream(s) at 159
09-19 14:25:24.775   491   588 W skia    : AGTM parsing failed flags.readFromStream(s) at 159
09-19 14:25:24.775   491   588 W skia    : AGTM parsing failed flags.readFromStream(s) at 159
09-19 14:25:24.883   491   588 W skia    : AGTM parsing failed flags.readFromStream(s) at 159
09-19 14:25:24.883   491   588 W skia    : AGTM parsing failed flags.readFromStream(s) at 159
09-19 14:25:24.971   645   800 D WifiClientModeImpl[3810:wlan0]: updateLinkLayerStatsRssiSpeedFrequencyCapabilities rssi=-50 TxLinkspeed=1 freq=2447 RxLinkSpeed=2
09-19 14:25:24.972   645   800 D WifiDataStall: tx tput in kbps: 11000
09-19 14:25:24.972   645   800 D WifiDataStall: rx tput in kbps: 11000
09-19 14:25:24.972   645   800 V WifiConfigManager: Updating scan detail cache freq=2447 BSSID=00:13:10:85:fe:01 RSSI=-50 for "AndroidWifi"NONE
09-19 14:25:24.972   645   800 D WifiThroughputPredictor:  utilization (LLS) 80 isBluetoothConnected: false final utilization: 80
09-19 14:25:24.972   645   800 D WifiThroughputPredictor:  BW: 0 RSSI: -50 Nss: 1 Mode: 1 symDur: 4000 snrDb 30 bitPerTone: 4500 rate: 54 throughput: 11
09-19 14:25:24.972   645   800 D WifiThroughputPredictor:  utilization (LLS) 80 isBluetoothConnected: false final utilization: 80
09-19 14:25:24.972   645   800 D WifiThroughputPredictor:  BW: 0 RSSI: -50 Nss: 1 Mode: 1 symDur: 4000 snrDb 30 bitPerTone: 4500 rate: 54 throughput: 11
09-19 14:25:24.972   645   800 D WifiThroughputPredictor:  utilization (LLS) 80 isBluetoothConnected: false final utilization: 80
09-19 14:25:24.972   645   800 D WifiThroughputPredictor:  BW: 0 RSSI: -50 Nss: 1 Mode: 1 symDur: 4000 snrDb 30 bitPerTone: 4500 rate: 54 throughput: 11
09-19 14:25:24.972   645   800 D WifiThroughputPredictor:  utilization (LLS) 80 isBluetoothConnected: false final utilization: 80
09-19 14:25:24.972   645   800 D WifiThroughputPredictor:  BW: 0 RSSI: -50 Nss: 1 Mode: 1 symDur: 4000 snrDb 30 bitPerTone: 4500 rate: 54 throughput: 11
09-19 14:25:24.973   645   800 I HalDevMgr: bestIfaceCreationProposal is null, requestIface=STA, existingIface=[name=wlan0 type=STA]
09-19 14:25:24.975   645   800 D WifiScoreCard: BSSID update SIGNAL_POLL ID: 760286919 SSID: "AndroidWifi", BSSID: 00:13:10:85:fe:01, MAC: 02:15:b2:00:00:00, IP: /10.0.2.16, Security type: 0, Supplicant state: COMPLETED, Wi-Fi standard: legacy, RSSI: -50, Link speed: 1Mbps, Tx Link speed: 1Mbps, Max Supported Tx Link speed: 11Mbps, Calculated Tx : 0Mbps, Rx Link speed: 2Mbps, Max Supported Rx Link speed: 11Mbps, Calculated Rx : 0Mbps, Frequency: 2447MHz, Net ID: 0, Metered hint: false, score: 100, isUsable: true, CarrierMerged: false, SubscriptionId: -1, IsPrimary: 1, Trusted: true, Restricted: false, Ephemeral: false, OEM paid: false, OEM private: false, OSU AP: false, FQDN: <none>, Provider friendly name: <none>, Requesting package name: <none>"AndroidWifi"openMLO Information: , Is TID-To-Link negotiation supported by the AP: false, AP MLD Address: <none>, AP MLO Link Id: <none>, AP MLO Affiliated links: <none>, Vendor Data: <none>
09-19 14:25:24.975   645   800 D WifiScoreCard: txRate: 1 txSpeed: 1
09-19 14:25:24.975   645   800 D WifiScoreCard: network update SIGNAL_POLL "AndroidWifi" ID: 673433585 RSSI -50 txSpeed -1
09-19 14:25:24.975   645   800 D WifiClientModeImpl[3810:wlan0]:  ClientModeImpl$L2ConnectedState screen=on 26 0 "AndroidWifi" 00:13:10:85:fe:01 rssi=-50 f=2447 sc=100 link=1 tx=0.0, 0.0, 0.0 rx=0.0 bcn=0 [on:0 tx:0 rx:0 period:3007] from screen [on:0 period:-1205837457] score=100
09-19 14:25:24.984   491   588 W skia    : AGTM parsing failed flags.readFromStream(s) at 159
09-19 14:25:24.984   491   588 W skia    : AGTM parsing failed flags.readFromStream(s) at 159
09-19 14:25:25.024 20549 20549 I flutter : RN_VALIDATION_CHUNK START {"schema":1,"runner":"flutter_flame_godot","event":"sample","scenario":"fire","sample":17,"elapsed_ms":18727,"rss_bytes":555470848,"enemies":3,"burning":2,"turrets":6,"projectiles":0,"effects":0,"metrics":{"authored_terrain":true,"draw_calls":175.0,"fps":43.2147307231199,"frame_ms":23.1402575757576,"max_frame_ms":34.972,"objects":195.0,"primitives":413393.0,"received_frames":3374,"renderer":"mobile","sequence":4154,"viewport":[880.0,1976.0]}}
09-19 14:25:25.024 20549 20549 I flutter : RN_VALIDATION_END
09-19 14:25:25.097   491   588 W skia    : AGTM parsing failed flags.readFromStream(s) at 159
09-19 14:25:25.097   491   588 W skia    : AGTM parsing failed flags.readFromStream(s) at 159
09-19 14:25:25.209   491   588 W skia    : AGTM parsing failed flags.readFromStream(s) at 159
09-19 14:25:25.210   491   588 W skia    : AGTM parsing failed flags.readFromStream(s) at 159
09-19 14:25:25.314   491   588 W skia    : AGTM parsing failed flags.readFromStream(s) at 159
09-19 14:25:25.315   491   588 W skia    : AGTM parsing failed flags.readFromStream(s) at 159
09-19 14:25:25.415   491   588 W skia    : AGTM parsing failed flags.readFromStream(s) at 159
09-19 14:25:25.415   491   588 W skia    : AGTM parsing failed flags.readFromStream(s) at 159
09-19 14:25:25.518   491   588 W skia    : AGTM parsing failed flags.readFromStream(s) at 159
09-19 14:25:25.518   491   588 W skia    : AGTM parsing failed flags.readFromStream(s) at 159
09-19 14:25:25.630   491   588 W skia    : AGTM parsing failed flags.readFromStream(s) at 159
09-19 14:25:25.630   491   588 W skia    : AGTM parsing failed flags.readFromStream(s) at 159
09-19 14:25:25.729   491   588 W skia    : AGTM parsing failed flags.readFromStream(s) at 159
09-19 14:25:25.729   491   588 W skia    : AGTM parsing failed flags.readFromStream(s) at 159
09-19 14:25:25.830   491   588 W skia    : AGTM parsing failed flags.readFromStream(s) at 159
09-19 14:25:25.830   491   588 W skia    : AGTM parsing failed flags.readFromStream(s) at 159
09-19 14:25:25.931   491   588 W skia    : AGTM parsing failed flags.readFromStream(s) at 159
09-19 14:25:25.931   491   588 W skia    : AGTM parsing failed flags.readFromStream(s) at 159
09-19 14:25:26.000  1012  1174 D SatelliteController: isInCarrierRoamingNbIotNtn: satellite is disabled
09-19 14:25:26.000  1012  1174 D SatelliteController: getCarrierRoamingNtnConnectType: Checking connect type from PLMN config for subId: 1
09-19 14:25:26.000  1012  1174 D TelephonyConfigUpdateInstallReceiver: getConfigParser: domain=satellite
09-19 14:25:26.000  1012  1174 V SatelliteController: satelliteConfigParser is not ready
09-19 14:25:26.000  1012  1174 D SatelliteController: isSatelliteAttachSupportedViaConfigupdater: return null (satelliteConfig is null)
09-19 14:25:26.001  1012  1174 D SatelliteController: getSatellitePerPlmnConfiguration: invalid subId or not supported via carrier.
09-19 14:25:26.001  1012  1174 D SatelliteController: getCarrierRoamingNtnConnectType: config: null
09-19 14:25:26.001  1012  1174 D TelephonyConfigUpdateInstallReceiver: getConfigParser: domain=satellite
09-19 14:25:26.001  1012  1174 V SatelliteController: satelliteConfigParser is not ready
09-19 14:25:26.001  1012  1174 D SatelliteController: getCarrierRoamingNtnConnectTypeViaConfigUpdater: return null (satelliteConfig is null)
09-19 14:25:26.001  1012  1174 D SatelliteController: getCarrierRoamingNtnConnectType: Falling back to global carrier config connect type: 0
09-19 14:25:26.001  1012  1174 D TelephonyConfigUpdateInstallReceiver: getConfigParser: domain=satellite
09-19 14:25:26.001  1012  1174 V SatelliteController: satelliteConfigParser is not ready
09-19 14:25:26.001  1012  1174 D SatelliteController: isSatelliteAttachSupportedViaConfigupdater: return null (satelliteConfig is null)
09-19 14:25:26.003  1012  1174 D SatelliteController: getCarrierRoamingNtnConnectType: Checking connect type from PLMN config for subId: 1
09-19 14:25:26.004  1012  1174 D TelephonyConfigUpdateInstallReceiver: getConfigParser: domain=satellite
09-19 14:25:26.004  1012  1174 V SatelliteController: satelliteConfigParser is not ready
09-19 14:25:26.004  1012  1174 D SatelliteController: isSatelliteAttachSupportedViaConfigupdater: return null (satelliteConfig is null)
09-19 14:25:26.004  1012  1174 D SatelliteController: getSatellitePerPlmnConfiguration: invalid subId or not supported via carrier.
09-19 14:25:26.004  1012  1174 D SatelliteController: getCarrierRoamingNtnConnectType: config: null
09-19 14:25:26.004  1012  1174 D TelephonyConfigUpdateInstallReceiver: getConfigParser: domain=satellite
09-19 14:25:26.004  1012  1174 V SatelliteController: satelliteConfigParser is not ready
09-19 14:25:26.004  1012  1174 D SatelliteController: getCarrierRoamingNtnConnectTypeViaConfigUpdater: return null (satelliteConfig is null)
09-19 14:25:26.004  1012  1174 D SatelliteController: getCarrierRoamingNtnConnectType: Falling back to global carrier config connect type: 0
09-19 14:25:26.004  1012  1174 D TelephonyConfigUpdateInstallReceiver: getConfigParser: domain=satellite
09-19 14:25:26.004  1012  1174 V SatelliteController: satelliteConfigParser is not ready
09-19 14:25:26.004  1012  1174 D SatelliteController: isSatelliteAttachSupportedViaConfigupdater: return null (satelliteConfig is null)
09-19 14:25:26.032   491   588 W skia    : AGTM parsing failed flags.readFromStream(s) at 159
09-19 14:25:26.033   491   588 W skia    : AGTM parsing failed flags.readFromStream(s) at 159
09-19 14:25:26.071 20549 20549 I flutter : RN_VALIDATION_CHUNK START {"schema":1,"runner":"flutter_flame_godot","event":"sample","scenario":"fire","sample":18,"elapsed_ms":19775,"rss_bytes":556052480,"enemies":3,"burning":2,"turrets":6,"projectiles":0,"effects":0,"metrics":{"authored_terrain":true,"draw_calls":161.0,"fps":44.4797500172153,"frame_ms":22.4821407407408,"max_frame_ms":33.1192222222222,"objects":173.0,"primitives":412253.0,"received_frames":3405,"renderer":"mobile","sequence":4186,"viewport":[880.0,1976.0]}}
09-19 14:25:26.072 20549 20549 I flutter : RN_VALIDATION_END
09-19 14:25:26.132   491   588 W skia    : AGTM parsing failed flags.readFromStream(s) at 159
09-19 14:25:26.132   491   588 W skia    : AGTM parsing failed flags.readFromStream(s) at 159
09-19 14:25:26.247   491   588 W skia    : AGTM parsing failed flags.readFromStream(s) at 159
09-19 14:25:26.247   491   588 W skia    : AGTM parsing failed flags.readFromStream(s) at 159
09-19 14:25:26.349   491   588 W skia    : AGTM parsing failed flags.readFromStream(s) at 159
09-19 14:25:26.349   491   588 W skia    : AGTM parsing failed flags.readFromStream(s) at 159
09-19 14:25:26.450   491   588 W skia    : AGTM parsing failed flags.readFromStream(s) at 159
09-19 14:25:26.450   491   588 W skia    : AGTM parsing failed flags.readFromStream(s) at 159
09-19 14:25:26.561   491   588 W skia    : AGTM parsing failed flags.readFromStream(s) at 159
09-19 14:25:26.561   491   588 W skia    : AGTM parsing failed flags.readFromStream(s) at 159
09-19 14:25:26.603   487   531 D AF::Track: interceptBuffer: took 516us to intercept 0 tracks
09-19 14:25:26.664   491   588 W skia    : AGTM parsing failed flags.readFromStream(s) at 159
09-19 14:25:26.664   491   588 W skia    : AGTM parsing failed flags.readFromStream(s) at 159
09-19 14:25:26.764   491   588 W skia    : AGTM parsing failed flags.readFromStream(s) at 159
09-19 14:25:26.764   491   588 W skia    : AGTM parsing failed flags.readFromStream(s) at 159
09-19 14:25:26.865   491   588 W skia    : AGTM parsing failed flags.readFromStream(s) at 159
09-19 14:25:26.865   491   588 W skia    : AGTM parsing failed flags.readFromStream(s) at 159
09-19 14:25:26.965   491   588 W skia    : AGTM parsing failed flags.readFromStream(s) at 159
09-19 14:25:26.965   491   588 W skia    : AGTM parsing failed flags.readFromStream(s) at 159
09-19 14:25:27.076   491   588 W skia    : AGTM parsing failed flags.readFromStream(s) at 159
09-19 14:25:27.076   491   588 W skia    : AGTM parsing failed flags.readFromStream(s) at 159
09-19 14:25:27.116 20549 20549 I flutter : RN_VALIDATION_CHUNK START {"schema":1,"runner":"flutter_flame_godot","event":"sample","scenario":"fire","sample":19,"elapsed_ms":20819,"rss_bytes":555782144,"enemies":3,"burning":2,"turrets":6,"projectiles":0,"effects":0,"metrics":{"authored_terrain":true,"draw_calls":167.0,"fps":29.1033923884281,"frame_ms":34.3602555555556,"max_frame_ms":48.8433333333354,"objects":183.0,"primitives":412377.0,"received_frames":3432,"renderer":"mobile","sequence":4220,"viewport":[880.0,1976.0]}}
09-19 14:25:27.116 20549 20549 I flutter : RN_VALIDATION_END
09-19 14:25:27.177   491   588 W skia    : AGTM parsing failed flags.readFromStream(s) at 159
09-19 14:25:27.177   491   588 W skia    : AGTM parsing failed flags.readFromStream(s) at 159
09-19 14:25:27.280   491   588 W skia    : AGTM parsing failed flags.readFromStream(s) at 159
09-19 14:25:27.280   491   588 W skia    : AGTM parsing failed flags.readFromStream(s) at 159
09-19 14:25:27.380   491   588 W skia    : AGTM parsing failed flags.readFromStream(s) at 159
09-19 14:25:27.380   491   588 W skia    : AGTM parsing failed flags.readFromStream(s) at 159
09-19 14:25:27.481   491   588 W skia    : AGTM parsing failed flags.readFromStream(s) at 159
09-19 14:25:27.481   491   588 W skia    : AGTM parsing failed flags.readFromStream(s) at 159
09-19 14:25:27.581   491   588 W skia    : AGTM parsing failed flags.readFromStream(s) at 159
09-19 14:25:27.581   491   588 W skia    : AGTM parsing failed flags.readFromStream(s) at 159
09-19 14:25:27.683   491   588 W skia    : AGTM parsing failed flags.readFromStream(s) at 159
09-19 14:25:27.683   491   588 W skia    : AGTM parsing failed flags.readFromStream(s) at 159
09-19 14:25:27.798   491   588 W skia    : AGTM parsing failed flags.readFromStream(s) at 159
09-19 14:25:27.798   491   588 W skia    : AGTM parsing failed flags.readFromStream(s) at 159
09-19 14:25:27.899   491   588 W skia    : AGTM parsing failed flags.readFromStream(s) at 159
09-19 14:25:27.899   491   588 W skia    : AGTM parsing failed flags.readFromStream(s) at 159
09-19 14:25:27.982   645   800 D WifiClientModeImpl[3810:wlan0]: updateLinkLayerStatsRssiSpeedFrequencyCapabilities rssi=-50 TxLinkspeed=1 freq=2447 RxLinkSpeed=2
09-19 14:25:27.982   645   800 D WifiDataStall: tx tput in kbps: 11000
09-19 14:25:27.982   645   800 D WifiDataStall: rx tput in kbps: 11000
09-19 14:25:27.982   645   800 V WifiConfigManager: Updating scan detail cache freq=2447 BSSID=00:13:10:85:fe:01 RSSI=-50 for "AndroidWifi"NONE
09-19 14:25:27.982   645   800 D WifiThroughputPredictor:  utilization (LLS) 80 isBluetoothConnected: false final utilization: 80
09-19 14:25:27.982   645   800 D WifiThroughputPredictor:  BW: 0 RSSI: -50 Nss: 1 Mode: 1 symDur: 4000 snrDb 30 bitPerTone: 4500 rate: 54 throughput: 11
09-19 14:25:27.982   645   800 D WifiThroughputPredictor:  utilization (LLS) 80 isBluetoothConnected: false final utilization: 80
09-19 14:25:27.982   645   800 D WifiThroughputPredictor:  BW: 0 RSSI: -50 Nss: 1 Mode: 1 symDur: 4000 snrDb 30 bitPerTone: 4500 rate: 54 throughput: 11
09-19 14:25:27.982   645   800 D WifiThroughputPredictor:  utilization (LLS) 80 isBluetoothConnected: false final utilization: 80
09-19 14:25:27.985   645   800 D WifiThroughputPredictor:  BW: 0 RSSI: -50 Nss: 1 Mode: 1 symDur: 4000 snrDb 30 bitPerTone: 4500 rate: 54 throughput: 11
09-19 14:25:27.985   645   800 D WifiThroughputPredictor:  utilization (LLS) 80 isBluetoothConnected: false final utilization: 80
09-19 14:25:27.985   645   800 D WifiThroughputPredictor:  BW: 0 RSSI: -50 Nss: 1 Mode: 1 symDur: 4000 snrDb 30 bitPerTone: 4500 rate: 54 throughput: 11
09-19 14:25:27.988   645   800 I HalDevMgr: bestIfaceCreationProposal is null, requestIface=STA, existingIface=[name=wlan0 type=STA]
09-19 14:25:27.990   645   800 D WifiScoreCard: BSSID update SIGNAL_POLL ID: 760286919 SSID: "AndroidWifi", BSSID: 00:13:10:85:fe:01, MAC: 02:15:b2:00:00:00, IP: /10.0.2.16, Security type: 0, Supplicant state: COMPLETED, Wi-Fi standard: legacy, RSSI: -50, Link speed: 1Mbps, Tx Link speed: 1Mbps, Max Supported Tx Link speed: 11Mbps, Calculated Tx : 0Mbps, Rx Link speed: 2Mbps, Max Supported Rx Link speed: 11Mbps, Calculated Rx : 0Mbps, Frequency: 2447MHz, Net ID: 0, Metered hint: false, score: 100, isUsable: true, CarrierMerged: false, SubscriptionId: -1, IsPrimary: 1, Trusted: true, Restricted: false, Ephemeral: false, OEM paid: false, OEM private: false, OSU AP: false, FQDN: <none>, Provider friendly name: <none>, Requesting package name: <none>"AndroidWifi"openMLO Information: , Is TID-To-Link negotiation supported by the AP: false, AP MLD Address: <none>, AP MLO Link Id: <none>, AP MLO Affiliated links: <none>, Vendor Data: <none>
09-19 14:25:27.990   645   800 D WifiScoreCard: txRate: 1 txSpeed: 1
09-19 14:25:27.990   645   800 D WifiScoreCard: network update SIGNAL_POLL "AndroidWifi" ID: 673433585 RSSI -50 txSpeed -1
09-19 14:25:27.990   645   800 D WifiClientModeImpl[3810:wlan0]:  ClientModeImpl$L2ConnectedState screen=on 26 0 "AndroidWifi" 00:13:10:85:fe:01 rssi=-50 f=2447 sc=100 link=1 tx=0.0, 0.0, 0.0 rx=0.0 bcn=0 [on:0 tx:0 rx:0 period:3015] from screen [on:0 period:-1205834442] score=100
09-19 14:25:27.999   491   588 W skia    : AGTM parsing failed flags.readFromStream(s) at 159
09-19 14:25:27.999   491   588 W skia    : AGTM parsing failed flags.readFromStream(s) at 159
09-19 14:25:28.110   491   588 W skia    : AGTM parsing failed flags.readFromStream(s) at 159
09-19 14:25:28.110   491   588 W skia    : AGTM parsing failed flags.readFromStream(s) at 159
09-19 14:25:28.142 20549 20549 I flutter : RN_VALIDATION_CHUNK START {"schema":1,"runner":"flutter_flame_godot","event":"sample","scenario":"fire","sample":20,"elapsed_ms":21846,"rss_bytes":555577344,"enemies":3,"burning":2,"turrets":6,"projectiles":0,"effects":0,"metrics":{"authored_terrain":true,"draw_calls":170.0,"fps":52.4639236283654,"frame_ms":19.0607169811321,"max_frame_ms":29.1666666666667,"objects":186.0,"primitives":414777.0,"received_frames":3469,"renderer":"mobile","sequence":4257,"viewport":[880.0,1976.0]}}
09-19 14:25:28.142 20549 20549 I flutter : RN_VALIDATION_END
09-19 14:25:28.210   491   588 W skia    : AGTM parsing failed flags.readFromStream(s) at 159
09-19 14:25:28.211   491   588 W skia    : AGTM parsing failed flags.readFromStream(s) at 159
09-19 14:25:28.311   491   588 W skia    : AGTM parsing failed flags.readFromStream(s) at 159
09-19 14:25:28.311   491   588 W skia    : AGTM parsing failed flags.readFromStream(s) at 159
09-19 14:25:28.402   892   892 D wpa_supplicant: nl80211: Drv Event 64 (NL80211_CMD_NOTIFY_CQM) received for wlan0
09-19 14:25:28.402   892   892 D wpa_supplicant: nl80211: Beacon loss event
09-19 14:25:28.402   892   892 D wpa_supplicant: wlan0: Event BEACON_LOSS (53) received
09-19 14:25:28.402   892   892 I wpa_supplicant: wlan0: CTRL-EVENT-BEACON-LOSS 
09-19 14:25:28.416   491   588 W skia    : AGTM parsing failed flags.readFromStream(s) at 159
09-19 14:25:28.416   491   588 W skia    : AGTM parsing failed flags.readFromStream(s) at 159
09-19 14:25:28.438   487   531 D AudioFlinger: mixer(0xb400006ff95ca790) throttle end: throttle time(2)
09-19 14:25:28.526   491   588 W skia    : AGTM parsing failed flags.readFromStream(s) at 159
09-19 14:25:28.526   491   588 W skia    : AGTM parsing failed flags.readFromStream(s) at 159
09-19 14:25:28.629   491   588 W skia    : AGTM parsing failed flags.readFromStream(s) at 159
09-19 14:25:28.629   491   588 W skia    : AGTM parsing failed flags.readFromStream(s) at 159
09-19 14:25:28.729   491   588 W skia    : AGTM parsing failed flags.readFromStream(s) at 159
09-19 14:25:28.729   491   588 W skia    : AGTM parsing failed flags.readFromStream(s) at 159
09-19 14:25:28.832   491   588 W skia    : AGTM parsing failed flags.readFromStream(s) at 159
09-19 14:25:28.832   491   588 W skia    : AGTM parsing failed flags.readFromStream(s) at 159
09-19 14:25:28.943   491   588 W skia    : AGTM parsing failed flags.readFromStream(s) at 159
09-19 14:25:28.943   491   588 W skia    : AGTM parsing failed flags.readFromStream(s) at 159
09-19 14:25:29.048   491   588 W skia    : AGTM parsing failed flags.readFromStream(s) at 159
09-19 14:25:29.048   491   588 W skia    : AGTM parsing failed flags.readFromStream(s) at 159
09-19 14:25:29.162   491   588 W skia    : AGTM parsing failed flags.readFromStream(s) at 159
09-19 14:25:29.163   491   588 W skia    : AGTM parsing failed flags.readFromStream(s) at 159
09-19 14:25:29.187 20549 20549 I flutter : RN_VALIDATION_CHUNK START {"schema":1,"runner":"flutter_flame_godot","event":"sample","scenario":"fire","sample":21,"elapsed_ms":22890,"rss_bytes":555749376,"enemies":3,"burning":2,"turrets":6,"projectiles":0,"effects":0,"metrics":{"authored_terrain":true,"draw_calls":162.0,"fps":52.9377337879007,"frame_ms":18.8901172839506,"max_frame_ms":27.1972222222243,"objects":174.0,"primitives":411061.0,"received_frames":3510,"renderer":"mobile","sequence":4298,"viewport":[880.0,1976.0]}}
09-19 14:25:29.187 20549 20549 I flutter : RN_VALIDATION_END
09-19 14:25:29.262   491   588 W skia    : AGTM parsing failed flags.readFromStream(s) at 159
09-19 14:25:29.263   491   588 W skia    : AGTM parsing failed flags.readFromStream(s) at 159
09-19 14:25:29.362   491   588 W skia    : AGTM parsing failed flags.readFromStream(s) at 159
09-19 14:25:29.362   491   588 W skia    : AGTM parsing failed flags.readFromStream(s) at 159
09-19 14:25:29.470   491   588 W skia    : AGTM parsing failed flags.readFromStream(s) at 159
09-19 14:25:29.471   491   588 W skia    : AGTM parsing failed flags.readFromStream(s) at 159
09-19 14:25:29.573   491   588 W skia    : AGTM parsing failed flags.readFromStream(s) at 159
09-19 14:25:29.573   491   588 W skia    : AGTM parsing failed flags.readFromStream(s) at 159
09-19 14:25:29.679   491   588 W skia    : AGTM parsing failed flags.readFromStream(s) at 159
09-19 14:25:29.679   491   588 W skia    : AGTM parsing failed flags.readFromStream(s) at 159
09-19 14:25:29.782   491   588 W skia    : AGTM parsing failed flags.readFromStream(s) at 159
09-19 14:25:29.783   491   588 W skia    : AGTM parsing failed flags.readFromStream(s) at 159
09-19 14:25:29.893   491   588 W skia    : AGTM parsing failed flags.readFromStream(s) at 159
09-19 14:25:29.893   491   588 W skia    : AGTM parsing failed flags.readFromStream(s) at 159
09-19 14:25:29.993 20549 20553 I us.godotpreview: NativeAlloc concurrent mark compact GC freed 131KB AllocSpace bytes, 10(440KB) LOS objects, 49% free, 2295KB/4590KB, paused 100us,6.331ms total 19.650ms
09-19 14:25:29.995   491   588 W skia    : AGTM parsing failed flags.readFromStream(s) at 159
09-19 14:25:29.995   491   588 W skia    : AGTM parsing failed flags.readFromStream(s) at 159
09-19 14:25:30.095   491   588 W skia    : AGTM parsing failed flags.readFromStream(s) at 159
09-19 14:25:30.096   491   588 W skia    : AGTM parsing failed flags.readFromStream(s) at 159
09-19 14:25:30.196   491   588 W skia    : AGTM parsing failed flags.readFromStream(s) at 159
09-19 14:25:30.196   491   588 W skia    : AGTM parsing failed flags.readFromStream(s) at 159
09-19 14:25:30.210 20549 20549 I flutter : RN_VALIDATION_CHUNK START {"schema":1,"runner":"flutter_flame_godot","event":"sample","scenario":"fire","sample":22,"elapsed_ms":23914,"rss_bytes":555814912,"enemies":3,"burning":2,"turrets":6,"projectiles":0,"effects":0,"metrics":{"authored_terrain":true,"draw_calls":189.0,"fps":37.5639452027712,"frame_ms":26.6212719298246,"max_frame_ms":46.501,"objects":260.0,"primitives":414199.0,"received_frames":3540,"renderer":"mobile","sequence":4331,"viewport":[880.0,1976.0]}}
09-19 14:25:30.210 20549 20549 I flutter : RN_VALIDATION_END
09-19 14:25:30.296   491   588 W skia    : AGTM parsing failed flags.readFromStream(s) at 159
09-19 14:25:30.296   491   588 W skia    : AGTM parsing failed flags.readFromStream(s) at 159
09-19 14:25:30.399   491   588 W skia    : AGTM parsing failed flags.readFromStream(s) at 159
09-19 14:25:30.399   491   588 W skia    : AGTM parsing failed flags.readFromStream(s) at 159
09-19 14:25:30.499   491   588 W skia    : AGTM parsing failed flags.readFromStream(s) at 159
09-19 14:25:30.500   491   588 W skia    : AGTM parsing failed flags.readFromStream(s) at 159
09-19 14:25:30.544 20549 20553 I us.godotpreview: NativeAlloc concurrent mark compact GC freed 130KB AllocSpace bytes, 7(332KB) LOS objects, 49% free, 2391KB/4783KB, paused 199us,8.119ms total 17.411ms
09-19 14:25:30.611   491   588 W skia    : AGTM parsing failed flags.readFromStream(s) at 159
09-19 14:25:30.611   491   588 W skia    : AGTM parsing failed flags.readFromStream(s) at 159
09-19 14:25:30.714   491   588 W skia    : AGTM parsing failed flags.readFromStream(s) at 159
09-19 14:25:30.714   491   588 W skia    : AGTM parsing failed flags.readFromStream(s) at 159
09-19 14:25:30.831   491   588 W skia    : AGTM parsing failed flags.readFromStream(s) at 159
09-19 14:25:30.831   491   588 W skia    : AGTM parsing failed flags.readFromStream(s) at 159
09-19 14:25:30.931   491   588 W skia    : AGTM parsing failed flags.readFromStream(s) at 159
09-19 14:25:30.932   491   588 W skia    : AGTM parsing failed flags.readFromStream(s) at 159
09-19 14:25:30.933   487   531 D AudioFlinger: mixer(0xb400006ff95ca790) throttle end: throttle time(1)
09-19 14:25:30.993   645   800 D WifiClientModeImpl[3810:wlan0]: updateLinkLayerStatsRssiSpeedFrequencyCapabilities rssi=-50 TxLinkspeed=1 freq=2447 RxLinkSpeed=2
09-19 14:25:30.994   645   800 D WifiDataStall: tx tput in kbps: 11000
09-19 14:25:30.994   645   800 D WifiDataStall: rx tput in kbps: 11000
09-19 14:25:30.994   645   800 V WifiConfigManager: Updating scan detail cache freq=2447 BSSID=00:13:10:85:fe:01 RSSI=-50 for "AndroidWifi"NONE
09-19 14:25:30.994   645   800 D WifiThroughputPredictor:  utilization (LLS) 80 isBluetoothConnected: false final utilization: 80
09-19 14:25:30.994   645   800 D WifiThroughputPredictor:  BW: 0 RSSI: -50 Nss: 1 Mode: 1 symDur: 4000 snrDb 30 bitPerTone: 4500 rate: 54 throughput: 11
09-19 14:25:30.994   645   800 D WifiThroughputPredictor:  utilization (LLS) 80 isBluetoothConnected: false final utilization: 80
09-19 14:25:30.994   645   800 D WifiThroughputPredictor:  BW: 0 RSSI: -50 Nss: 1 Mode: 1 symDur: 4000 snrDb 30 bitPerTone: 4500 rate: 54 throughput: 11
09-19 14:25:30.994   645   800 D WifiThroughputPredictor:  utilization (LLS) 80 isBluetoothConnected: false final utilization: 80
09-19 14:25:30.994   645   800 D WifiThroughputPredictor:  BW: 0 RSSI: -50 Nss: 1 Mode: 1 symDur: 4000 snrDb 30 bitPerTone: 4500 rate: 54 throughput: 11
09-19 14:25:30.994   645   800 D WifiThroughputPredictor:  utilization (LLS) 80 isBluetoothConnected: false final utilization: 80
09-19 14:25:30.994   645   800 D WifiThroughputPredictor:  BW: 0 RSSI: -50 Nss: 1 Mode: 1 symDur: 4000 snrDb 30 bitPerTone: 4500 rate: 54 throughput: 11
09-19 14:25:30.997   645   800 I HalDevMgr: bestIfaceCreationProposal is null, requestIface=STA, existingIface=[name=wlan0 type=STA]
09-19 14:25:30.998   645   800 D WifiScoreCard: BSSID update SIGNAL_POLL ID: 760286919 SSID: "AndroidWifi", BSSID: 00:13:10:85:fe:01, MAC: 02:15:b2:00:00:00, IP: /10.0.2.16, Security type: 0, Supplicant state: COMPLETED, Wi-Fi standard: legacy, RSSI: -50, Link speed: 1Mbps, Tx Link speed: 1Mbps, Max Supported Tx Link speed: 11Mbps, Calculated Tx : 0Mbps, Rx Link speed: 2Mbps, Max Supported Rx Link speed: 11Mbps, Calculated Rx : 0Mbps, Frequency: 2447MHz, Net ID: 0, Metered hint: false, score: 100, isUsable: true, CarrierMerged: false, SubscriptionId: -1, IsPrimary: 1, Trusted: true, Restricted: false, Ephemeral: false, OEM paid: false, OEM private: false, OSU AP: false, FQDN: <none>, Provider friendly name: <none>, Requesting package name: <none>"AndroidWifi"openMLO Information: , Is TID-To-Link negotiation supported by the AP: false, AP MLD Address: <none>, AP MLO Link Id: <none>, AP MLO Affiliated links: <none>, Vendor Data: <none>
09-19 14:25:30.998   645   800 D WifiScoreCard: txRate: 1 txSpeed: 1
09-19 14:25:30.998   645   800 D WifiScoreCard: network update SIGNAL_POLL "AndroidWifi" ID: 673433585 RSSI -50 txSpeed -1
09-19 14:25:30.999   645   800 D WifiClientModeImpl[3810:wlan0]:  ClientModeImpl$L2ConnectedState screen=on 26 0 "AndroidWifi" 00:13:10:85:fe:01 rssi=-50 f=2447 sc=100 link=1 tx=0.0, 0.0, 0.0 rx=0.0 bcn=0 [on:0 tx:0 rx:0 period:3008] from screen [on:0 period:-1205831434] score=100
09-19 14:25:31.033   491   588 W skia    : AGTM parsing failed flags.readFromStream(s) at 159
09-19 14:25:31.034   491   588 W skia    : AGTM parsing failed flags.readFromStream(s) at 159
09-19 14:25:31.144   491   588 W skia    : AGTM parsing failed flags.readFromStream(s) at 159
09-19 14:25:31.145   491   588 W skia    : AGTM parsing failed flags.readFromStream(s) at 159
09-19 14:25:31.244 20549 20549 I flutter : RN_VALIDATION_CHUNK START {"schema":1,"runner":"flutter_flame_godot","event":"sample","scenario":"fire","sample":23,"elapsed_ms":24947,"rss_bytes":555888640,"enemies":3,"burning":2,"turrets":6,"projectiles":0,"effects":0,"metrics":{"authored_terrain":true,"draw_calls":169.0,"fps":43.7037468678982,"frame_ms":22.8813333333333,"max_frame_ms":30.1584444444445,"objects":187.0,"primitives":412285.0,"received_frames":3598,"renderer":"mobile","sequence":4396,"viewport":[880.0,1976.0]}}
09-19 14:25:31.244 20549 20549 I flutter : RN_VALIDATION_END
09-19 14:25:31.245   491   588 W skia    : AGTM parsing failed flags.readFromStream(s) at 159
09-19 14:25:31.247   491   588 W skia    : AGTM parsing failed flags.readFromStream(s) at 159
09-19 14:25:31.347   491   588 W skia    : AGTM parsing failed flags.readFromStream(s) at 159
09-19 14:25:31.347   491   588 W skia    : AGTM parsing failed flags.readFromStream(s) at 159
09-19 14:25:31.447   491   588 W skia    : AGTM parsing failed flags.readFromStream(s) at 159
09-19 14:25:31.448   491   588 W skia    : AGTM parsing failed flags.readFromStream(s) at 159
09-19 14:25:31.547   491   588 W skia    : AGTM parsing failed flags.readFromStream(s) at 159
09-19 14:25:31.547   491   588 W skia    : AGTM parsing failed flags.readFromStream(s) at 159
09-19 14:25:31.648   491   588 W skia    : AGTM parsing failed flags.readFromStream(s) at 159
09-19 14:25:31.648   491   588 W skia    : AGTM parsing failed flags.readFromStream(s) at 159
09-19 14:25:31.750   491   588 W skia    : AGTM parsing failed flags.readFromStream(s) at 159
09-19 14:25:31.750   491   588 W skia    : AGTM parsing failed flags.readFromStream(s) at 159
09-19 14:25:31.865   491   588 W skia    : AGTM parsing failed flags.readFromStream(s) at 159
09-19 14:25:31.865   491   588 W skia    : AGTM parsing failed flags.readFromStream(s) at 159
09-19 14:25:31.965   491   588 W skia    : AGTM parsing failed flags.readFromStream(s) at 159
09-19 14:25:31.965   491   588 W skia    : AGTM parsing failed flags.readFromStream(s) at 159
09-19 14:25:32.076   491   588 W skia    : AGTM parsing failed flags.readFromStream(s) at 159
09-19 14:25:32.076   491   588 W skia    : AGTM parsing failed flags.readFromStream(s) at 159
09-19 14:25:32.178   491   588 W skia    : AGTM parsing failed flags.readFromStream(s) at 159
09-19 14:25:32.179   491   588 W skia    : AGTM parsing failed flags.readFromStream(s) at 159
09-19 14:25:32.258 20549 20549 I flutter : RN_VALIDATION_CHUNK START {"schema":1,"runner":"flutter_flame_godot","event":"sample","scenario":"fire","sample":24,"elapsed_ms":25961,"rss_bytes":555671552,"enemies":3,"burning":2,"turrets":6,"projectiles":0,"effects":0,"metrics":{"authored_terrain":true,"draw_calls":173.0,"fps":45.0,"frame_ms":22.2222222222222,"max_frame_ms":38.393,"objects":189.0,"primitives":415627.0,"received_frames":3628,"renderer":"mobile","sequence":4427,"viewport":[880.0,1976.0]}}
09-19 14:25:32.258 20549 20549 I flutter : RN_VALIDATION_END
09-19 14:25:32.280   491   588 W skia    : AGTM parsing failed flags.readFromStream(s) at 159
09-19 14:25:32.280   491   588 W skia    : AGTM parsing failed flags.readFromStream(s) at 159
09-19 14:25:32.396   491   588 W skia    : AGTM parsing failed flags.readFromStream(s) at 159
09-19 14:25:32.396   491   588 W skia    : AGTM parsing failed flags.readFromStream(s) at 159
09-19 14:25:32.497   491   588 W skia    : AGTM parsing failed flags.readFromStream(s) at 159
09-19 14:25:32.497   491   588 W skia    : AGTM parsing failed flags.readFromStream(s) at 159
09-19 14:25:32.598   491   588 W skia    : AGTM parsing failed flags.readFromStream(s) at 159
09-19 14:25:32.598   491   588 W skia    : AGTM parsing failed flags.readFromStream(s) at 159
09-19 14:25:32.699   491   588 W skia    : AGTM parsing failed flags.readFromStream(s) at 159
09-19 14:25:32.699   491   588 W skia    : AGTM parsing failed flags.readFromStream(s) at 159
09-19 14:25:32.808   491   588 W skia    : AGTM parsing failed flags.readFromStream(s) at 159
09-19 14:25:32.808   491   588 W skia    : AGTM parsing failed flags.readFromStream(s) at 159
09-19 14:25:32.913   491   588 W skia    : AGTM parsing failed flags.readFromStream(s) at 159
09-19 14:25:32.913   491   588 W skia    : AGTM parsing failed flags.readFromStream(s) at 159
09-19 14:25:33.018   491   588 W skia    : AGTM parsing failed flags.readFromStream(s) at 159
09-19 14:25:33.018   491   588 W skia    : AGTM parsing failed flags.readFromStream(s) at 159
09-19 14:25:33.115   491   588 W skia    : AGTM parsing failed flags.readFromStream(s) at 159
09-19 14:25:33.115   491   588 W skia    : AGTM parsing failed flags.readFromStream(s) at 159
09-19 14:25:33.216   491   588 W skia    : AGTM parsing failed flags.readFromStream(s) at 159
09-19 14:25:33.216   491   588 W skia    : AGTM parsing failed flags.readFromStream(s) at 159
09-19 14:25:33.289 20549 20549 I flutter : RN_VALIDATION_CHUNK START {"schema":1,"runner":"flutter_flame_godot","event":"sample","scenario":"fire","sample":25,"elapsed_ms":26993,"rss_bytes":555835392,"enemies":3,"burning":2,"turrets":6,"projectiles":0,"effects":0,"metrics":{"authored_terrain":true,"draw_calls":163.0,"fps":41.0218076487438,"frame_ms":24.3772777777778,"max_frame_ms":33.771,"objects":175.0,"primitives":411761.0,"received_frames":3659,"renderer":"mobile","sequence":4460,"viewport":[880.0,1976.0]}}
09-19 14:25:33.289 20549 20549 I flutter : RN_VALIDATION_END
09-19 14:25:33.325   491   588 W skia    : AGTM parsing failed flags.readFromStream(s) at 159
09-19 14:25:33.325   491   588 W skia    : AGTM parsing failed flags.readFromStream(s) at 159
09-19 14:25:33.428   491   588 W skia    : AGTM parsing failed flags.readFromStream(s) at 159
09-19 14:25:33.428   491   588 W skia    : AGTM parsing failed flags.readFromStream(s) at 159
09-19 14:25:33.529   491   588 W skia    : AGTM parsing failed flags.readFromStream(s) at 159
09-19 14:25:33.529   491   588 W skia    : AGTM parsing failed flags.readFromStream(s) at 159
09-19 14:25:33.630   491   588 W skia    : AGTM parsing failed flags.readFromStream(s) at 159
09-19 14:25:33.630   491   588 W skia    : AGTM parsing failed flags.readFromStream(s) at 159
09-19 14:25:33.733   491   588 W skia    : AGTM parsing failed flags.readFromStream(s) at 159
09-19 14:25:33.733   491   588 W skia    : AGTM parsing failed flags.readFromStream(s) at 159
09-19 14:25:33.833   487   531 D AudioFlinger: mixer(0xb400006ff95ca790) throttle end: throttle time(3)
09-19 14:25:33.878   491   588 W skia    : AGTM parsing failed flags.readFromStream(s) at 159
09-19 14:25:33.878   491   588 W skia    : AGTM parsing failed flags.readFromStream(s) at 159
09-19 14:25:33.977   491   588 W skia    : AGTM parsing failed flags.readFromStream(s) at 159
09-19 14:25:33.978   491   588 W skia    : AGTM parsing failed flags.readFromStream(s) at 159
09-19 14:25:34.006   645   800 D WifiClientModeImpl[3810:wlan0]: updateLinkLayerStatsRssiSpeedFrequencyCapabilities rssi=-50 TxLinkspeed=1 freq=2447 RxLinkSpeed=2
09-19 14:25:34.006   645   800 D WifiDataStall: tx tput in kbps: 11000
09-19 14:25:34.006   645   800 D WifiDataStall: rx tput in kbps: 11000
09-19 14:25:34.006   645   800 V WifiConfigManager: Updating scan detail cache freq=2447 BSSID=00:13:10:85:fe:01 RSSI=-50 for "AndroidWifi"NONE
09-19 14:25:34.006   645   800 D WifiThroughputPredictor:  utilization (LLS) 80 isBluetoothConnected: false final utilization: 80
09-19 14:25:34.006   645   800 D WifiThroughputPredictor:  BW: 0 RSSI: -50 Nss: 1 Mode: 1 symDur: 4000 snrDb 30 bitPerTone: 4500 rate: 54 throughput: 11
09-19 14:25:34.006   645   800 D WifiThroughputPredictor:  utilization (LLS) 80 isBluetoothConnected: false final utilization: 80
09-19 14:25:34.006   645   800 D WifiThroughputPredictor:  BW: 0 RSSI: -50 Nss: 1 Mode: 1 symDur: 4000 snrDb 30 bitPerTone: 4500 rate: 54 throughput: 11
09-19 14:25:34.006   645   800 D WifiThroughputPredictor:  utilization (LLS) 80 isBluetoothConnected: false final utilization: 80
09-19 14:25:34.006   645   800 D WifiThroughputPredictor:  BW: 0 RSSI: -50 Nss: 1 Mode: 1 symDur: 4000 snrDb 30 bitPerTone: 4500 rate: 54 throughput: 11
09-19 14:25:34.006   645   800 D WifiThroughputPredictor:  utilization (LLS) 80 isBluetoothConnected: false final utilization: 80
09-19 14:25:34.006   645   800 D WifiThroughputPredictor:  BW: 0 RSSI: -50 Nss: 1 Mode: 1 symDur: 4000 snrDb 30 bitPerTone: 4500 rate: 54 throughput: 11
09-19 14:25:34.008   645   800 I HalDevMgr: bestIfaceCreationProposal is null, requestIface=STA, existingIface=[name=wlan0 type=STA]
09-19 14:25:34.008   645   800 D WifiScoreCard: BSSID update SIGNAL_POLL ID: 760286919 SSID: "AndroidWifi", BSSID: 00:13:10:85:fe:01, MAC: 02:15:b2:00:00:00, IP: /10.0.2.16, Security type: 0, Supplicant state: COMPLETED, Wi-Fi standard: legacy, RSSI: -50, Link speed: 1Mbps, Tx Link speed: 1Mbps, Max Supported Tx Link speed: 11Mbps, Calculated Tx : 0Mbps, Rx Link speed: 2Mbps, Max Supported Rx Link speed: 11Mbps, Calculated Rx : 0Mbps, Frequency: 2447MHz, Net ID: 0, Metered hint: false, score: 100, isUsable: true, CarrierMerged: false, SubscriptionId: -1, IsPrimary: 1, Trusted: true, Restricted: false, Ephemeral: false, OEM paid: false, OEM private: false, OSU AP: false, FQDN: <none>, Provider friendly name: <none>, Requesting package name: <none>"AndroidWifi"openMLO Information: , Is TID-To-Link negotiation supported by the AP: false, AP MLD Address: <none>, AP MLO Link Id: <none>, AP MLO Affiliated links: <none>, Vendor Data: <none>
09-19 14:25:34.008   645   800 D WifiScoreCard: txRate: 1 txSpeed: 1
09-19 14:25:34.009   645   800 D WifiScoreCard: network update SIGNAL_POLL "AndroidWifi" ID: 673433585 RSSI -50 txSpeed -1
09-19 14:25:34.009   645   800 D WifiClientModeImpl[3810:wlan0]:  ClientModeImpl$L2ConnectedState screen=on 26 0 "AndroidWifi" 00:13:10:85:fe:01 rssi=-50 f=2447 sc=100 link=1 tx=0.0, 0.0, 0.0 rx=0.0 bcn=0 [on:0 tx:0 rx:0 period:3010] from screen [on:0 period:-1205828423] score=100
09-19 14:25:34.077   491   588 W skia    : AGTM parsing failed flags.readFromStream(s) at 159
09-19 14:25:34.078   491   588 W skia    : AGTM parsing failed flags.readFromStream(s) at 159
09-19 14:25:34.194   491   588 W skia    : AGTM parsing failed flags.readFromStream(s) at 159
09-19 14:25:34.194   491   588 W skia    : AGTM parsing failed flags.readFromStream(s) at 159
09-19 14:25:34.298   491   588 W skia    : AGTM parsing failed flags.readFromStream(s) at 159
09-19 14:25:34.298   491   588 W skia    : AGTM parsing failed flags.readFromStream(s) at 159
09-19 14:25:34.320 20549 20549 I flutter : RN_VALIDATION_CHUNK START {"schema":1,"runner":"flutter_flame_godot","event":"sample","scenario":"fire","sample":26,"elapsed_ms":28024,"rss_bytes":556134400,"enemies":3,"burning":2,"turrets":6,"projectiles":0,"effects":0,"metrics":{"authored_terrain":true,"draw_calls":175.0,"fps":43.0921750952598,"frame_ms":23.2060692640693,"max_frame_ms":29.629,"objects":195.0,"primitives":413093.0,"received_frames":3689,"renderer":"mobile","sequence":4491,"viewport":[880.0,1976.0]}}
09-19 14:25:34.320 20549 20549 I flutter : RN_VALIDATION_END
09-19 14:25:34.415   491   588 W skia    : AGTM parsing failed flags.readFromStream(s) at 159
09-19 14:25:34.415   491   588 W skia    : AGTM parsing failed flags.readFromStream(s) at 159
09-19 14:25:34.515   491   588 W skia    : AGTM parsing failed flags.readFromStream(s) at 159
09-19 14:25:34.515   491   588 W skia    : AGTM parsing failed flags.readFromStream(s) at 159
09-19 14:25:34.631   491   588 W skia    : AGTM parsing failed flags.readFromStream(s) at 159
09-19 14:25:34.631   491   588 W skia    : AGTM parsing failed flags.readFromStream(s) at 159
09-19 14:25:34.732   491   588 W skia    : AGTM parsing failed flags.readFromStream(s) at 159
09-19 14:25:34.732   491   588 W skia    : AGTM parsing failed flags.readFromStream(s) at 159
09-19 14:25:34.844   491   588 W skia    : AGTM parsing failed flags.readFromStream(s) at 159
09-19 14:25:34.844   491   588 W skia    : AGTM parsing failed flags.readFromStream(s) at 159
09-19 14:25:34.944   491   588 W skia    : AGTM parsing failed flags.readFromStream(s) at 159
09-19 14:25:34.944   491   588 W skia    : AGTM parsing failed flags.readFromStream(s) at 159
09-19 14:25:35.052   491   588 W skia    : AGTM parsing failed flags.readFromStream(s) at 159
09-19 14:25:35.052   491   588 W skia    : AGTM parsing failed flags.readFromStream(s) at 159
09-19 14:25:35.162   491   588 W skia    : AGTM parsing failed flags.readFromStream(s) at 159
09-19 14:25:35.162   491   588 W skia    : AGTM parsing failed flags.readFromStream(s) at 159
09-19 14:25:35.265   491   588 W skia    : AGTM parsing failed flags.readFromStream(s) at 159
09-19 14:25:35.265   491   588 W skia    : AGTM parsing failed flags.readFromStream(s) at 159
09-19 14:25:35.340 20549 20549 I flutter : RN_VALIDATION_CHUNK START {"schema":1,"runner":"flutter_flame_godot","event":"sample","scenario":"fire","sample":27,"elapsed_ms":29044,"rss_bytes":555921408,"enemies":3,"burning":2,"turrets":6,"projectiles":0,"effects":0,"metrics":{"authored_terrain":true,"draw_calls":163.0,"fps":45.4194955897011,"frame_ms":22.0169772256729,"max_frame_ms":28.862,"objects":175.0,"primitives":412311.0,"received_frames":3717,"renderer":"mobile","sequence":4521,"viewport":[880.0,1976.0]}}
09-19 14:25:35.340 20549 20549 I flutter : RN_VALIDATION_END
09-19 14:25:35.364   491   588 W skia    : AGTM parsing failed flags.readFromStream(s) at 159
09-19 14:25:35.364   491   588 W skia    : AGTM parsing failed flags.readFromStream(s) at 159
09-19 14:25:35.481   491   588 W skia    : AGTM parsing failed flags.readFromStream(s) at 159
09-19 14:25:35.481   491   588 W skia    : AGTM parsing failed flags.readFromStream(s) at 159
09-19 14:25:35.582   491   588 W skia    : AGTM parsing failed flags.readFromStream(s) at 159
09-19 14:25:35.583   491   588 W skia    : AGTM parsing failed flags.readFromStream(s) at 159
09-19 14:25:35.691   491   588 W skia    : AGTM parsing failed flags.readFromStream(s) at 159
09-19 14:25:35.691   491   588 W skia    : AGTM parsing failed flags.readFromStream(s) at 159
09-19 14:25:35.714   487   531 D AudioFlinger: mixer(0xb400006ff95ca790) throttle end: throttle time(5)
09-19 14:25:35.795   491   588 W skia    : AGTM parsing failed flags.readFromStream(s) at 159
09-19 14:25:35.795   491   588 W skia    : AGTM parsing failed flags.readFromStream(s) at 159
09-19 14:25:35.909   491   588 W skia    : AGTM parsing failed flags.readFromStream(s) at 159
09-19 14:25:35.909   491   588 W skia    : AGTM parsing failed flags.readFromStream(s) at 159
09-19 14:25:35.999  1012  1174 D SatelliteController: isInCarrierRoamingNbIotNtn: satellite is disabled
09-19 14:25:36.000  1012  1174 D SatelliteController: getCarrierRoamingNtnConnectType: Checking connect type from PLMN config for subId: 1
09-19 14:25:36.000  1012  1174 D TelephonyConfigUpdateInstallReceiver: getConfigParser: domain=satellite
09-19 14:25:36.000  1012  1174 V SatelliteController: satelliteConfigParser is not ready
09-19 14:25:36.000  1012  1174 D SatelliteController: isSatelliteAttachSupportedViaConfigupdater: return null (satelliteConfig is null)
09-19 14:25:36.001  1012  1174 D SatelliteController: getSatellitePerPlmnConfiguration: invalid subId or not supported via carrier.
09-19 14:25:36.001  1012  1174 D SatelliteController: getCarrierRoamingNtnConnectType: config: null
09-19 14:25:36.001  1012  1174 D TelephonyConfigUpdateInstallReceiver: getConfigParser: domain=satellite
09-19 14:25:36.001  1012  1174 V SatelliteController: satelliteConfigParser is not ready
09-19 14:25:36.001  1012  1174 D SatelliteController: getCarrierRoamingNtnConnectTypeViaConfigUpdater: return null (satelliteConfig is null)
09-19 14:25:36.001  1012  1174 D SatelliteController: getCarrierRoamingNtnConnectType: Falling back to global carrier config connect type: 0
09-19 14:25:36.001  1012  1174 D TelephonyConfigUpdateInstallReceiver: getConfigParser: domain=satellite
09-19 14:25:36.001  1012  1174 V SatelliteController: satelliteConfigParser is not ready
09-19 14:25:36.001  1012  1174 D SatelliteController: isSatelliteAttachSupportedViaConfigupdater: return null (satelliteConfig is null)
09-19 14:25:36.002  1012  1174 D SatelliteController: getCarrierRoamingNtnConnectType: Checking connect type from PLMN config for subId: 1
09-19 14:25:36.002  1012  1174 D TelephonyConfigUpdateInstallReceiver: getConfigParser: domain=satellite
09-19 14:25:36.002  1012  1174 V SatelliteController: satelliteConfigParser is not ready
09-19 14:25:36.003  1012  1174 D SatelliteController: isSatelliteAttachSupportedViaConfigupdater: return null (satelliteConfig is null)
09-19 14:25:36.006  1012  1174 D SatelliteController: getSatellitePerPlmnConfiguration: invalid subId or not supported via carrier.
09-19 14:25:36.006  1012  1174 D SatelliteController: getCarrierRoamingNtnConnectType: config: null
09-19 14:25:36.006  1012  1174 D TelephonyConfigUpdateInstallReceiver: getConfigParser: domain=satellite
09-19 14:25:36.006  1012  1174 V SatelliteController: satelliteConfigParser is not ready
09-19 14:25:36.006  1012  1174 D SatelliteController: getCarrierRoamingNtnConnectTypeViaConfigUpdater: return null (satelliteConfig is null)
09-19 14:25:36.010  1012  1174 D SatelliteController: getCarrierRoamingNtnConnectType: Falling back to global carrier config connect type: 0
09-19 14:25:36.010  1012  1174 D TelephonyConfigUpdateInstallReceiver: getConfigParser: domain=satellite
09-19 14:25:36.010  1012  1174 V SatelliteController: satelliteConfigParser is not ready
09-19 14:25:36.010  1012  1174 D SatelliteController: isSatelliteAttachSupportedViaConfigupdater: return null (satelliteConfig is null)
09-19 14:25:36.010   491   588 W skia    : AGTM parsing failed flags.readFromStream(s) at 159
09-19 14:25:36.010   491   588 W skia    : AGTM parsing failed flags.readFromStream(s) at 159
09-19 14:25:36.125   491   588 W skia    : AGTM parsing failed flags.readFromStream(s) at 159
09-19 14:25:36.125   491   588 W skia    : AGTM parsing failed flags.readFromStream(s) at 159
09-19 14:25:36.229   491   588 W skia    : AGTM parsing failed flags.readFromStream(s) at 159
09-19 14:25:36.229   491   588 W skia    : AGTM parsing failed flags.readFromStream(s) at 159
09-19 14:25:36.328   491   588 W skia    : AGTM parsing failed flags.readFromStream(s) at 159
09-19 14:25:36.329   491   588 W skia    : AGTM parsing failed flags.readFromStream(s) at 159
09-19 14:25:36.330   892   892 D wpa_supplicant: nl80211: Drv Event 64 (NL80211_CMD_NOTIFY_CQM) received for wlan0
09-19 14:25:36.330   892   892 D wpa_supplicant: nl80211: Beacon loss event
09-19 14:25:36.330   892   892 D wpa_supplicant: wlan0: Event BEACON_LOSS (53) received
09-19 14:25:36.330   892   892 I wpa_supplicant: wlan0: CTRL-EVENT-BEACON-LOSS 
09-19 14:25:36.352 20549 20549 I flutter : RN_VALIDATION_CHUNK START {"schema":1,"runner":"flutter_flame_godot","event":"sample","scenario":"fire","sample":28,"elapsed_ms":30056,"rss_bytes":556007424,"enemies":3,"burning":2,"turrets":6,"projectiles":0,"effects":0,"metrics":{"authored_terrain":true,"draw_calls":169.0,"fps":41.7484470516484,"frame_ms":23.9529867724868,"max_frame_ms":31.558,"objects":187.0,"primitives":411785.0,"received_frames":3749,"renderer":"mobile","sequence":4554,"viewport":[880.0,1976.0]}}
09-19 14:25:36.353 20549 20549 I flutter : RN_VALIDATION_END
09-19 14:25:36.442   491   588 W skia    : AGTM parsing failed flags.readFromStream(s) at 159
09-19 14:25:36.443   491   588 W skia    : AGTM parsing failed flags.readFromStream(s) at 159
09-19 14:25:36.546   491   588 W skia    : AGTM parsing failed flags.readFromStream(s) at 159
09-19 14:25:36.546   491   588 W skia    : AGTM parsing failed flags.readFromStream(s) at 159
09-19 14:25:36.647   491   588 W skia    : AGTM parsing failed flags.readFromStream(s) at 159
09-19 14:25:36.647   491   588 W skia    : AGTM parsing failed flags.readFromStream(s) at 159
09-19 14:25:36.664 20549 20553 I us.godotpreview: NativeAlloc concurrent mark compact GC freed 129KB AllocSpace bytes, 3(168KB) LOS objects, 49% free, 2407KB/4814KB, paused 397us,7.405ms total 38.635ms
09-19 14:25:36.747   491   588 W skia    : AGTM parsing failed flags.readFromStream(s) at 159
09-19 14:25:36.747   491   588 W skia    : AGTM parsing failed flags.readFromStream(s) at 159
09-19 14:25:36.851   491   588 W skia    : AGTM parsing failed flags.readFromStream(s) at 159
09-19 14:25:36.851   491   588 W skia    : AGTM parsing failed flags.readFromStream(s) at 159
09-19 14:25:36.950   491   588 W skia    : AGTM parsing failed flags.readFromStream(s) at 159
09-19 14:25:36.951   491   588 W skia    : AGTM parsing failed flags.readFromStream(s) at 159
09-19 14:25:37.011   645   800 D WifiClientModeImpl[3810:wlan0]: updateLinkLayerStatsRssiSpeedFrequencyCapabilities rssi=-50 TxLinkspeed=1 freq=2447 RxLinkSpeed=2
09-19 14:25:37.011   645   800 D WifiDataStall: tx tput in kbps: 11000
09-19 14:25:37.011   645   800 D WifiDataStall: rx tput in kbps: 11000
09-19 14:25:37.011   645   800 V WifiConfigManager: Updating scan detail cache freq=2447 BSSID=00:13:10:85:fe:01 RSSI=-50 for "AndroidWifi"NONE
09-19 14:25:37.011   645   800 D WifiThroughputPredictor:  utilization (LLS) 80 isBluetoothConnected: false final utilization: 80
09-19 14:25:37.011   645   800 D WifiThroughputPredictor:  BW: 0 RSSI: -50 Nss: 1 Mode: 1 symDur: 4000 snrDb 30 bitPerTone: 4500 rate: 54 throughput: 11
09-19 14:25:37.011   645   800 D WifiThroughputPredictor:  utilization (LLS) 80 isBluetoothConnected: false final utilization: 80
09-19 14:25:37.011   645   800 D WifiThroughputPredictor:  BW: 0 RSSI: -50 Nss: 1 Mode: 1 symDur: 4000 snrDb 30 bitPerTone: 4500 rate: 54 throughput: 11
09-19 14:25:37.011   645   800 D WifiThroughputPredictor:  utilization (LLS) 80 isBluetoothConnected: false final utilization: 80
09-19 14:25:37.011   645   800 D WifiThroughputPredictor:  BW: 0 RSSI: -50 Nss: 1 Mode: 1 symDur: 4000 snrDb 30 bitPerTone: 4500 rate: 54 throughput: 11
09-19 14:25:37.011   645   800 D WifiThroughputPredictor:  utilization (LLS) 80 isBluetoothConnected: false final utilization: 80
09-19 14:25:37.011   645   800 D WifiThroughputPredictor:  BW: 0 RSSI: -50 Nss: 1 Mode: 1 symDur: 4000 snrDb 30 bitPerTone: 4500 rate: 54 throughput: 11
09-19 14:25:37.020   645   800 I HalDevMgr: bestIfaceCreationProposal is null, requestIface=STA, existingIface=[name=wlan0 type=STA]
09-19 14:25:37.020   645   800 D WifiScoreCard: BSSID update SIGNAL_POLL ID: 760286919 SSID: "AndroidWifi", BSSID: 00:13:10:85:fe:01, MAC: 02:15:b2:00:00:00, IP: /10.0.2.16, Security type: 0, Supplicant state: COMPLETED, Wi-Fi standard: legacy, RSSI: -50, Link speed: 1Mbps, Tx Link speed: 1Mbps, Max Supported Tx Link speed: 11Mbps, Calculated Tx : 0Mbps, Rx Link speed: 2Mbps, Max Supported Rx Link speed: 11Mbps, Calculated Rx : 0Mbps, Frequency: 2447MHz, Net ID: 0, Metered hint: false, score: 100, isUsable: true, CarrierMerged: false, SubscriptionId: -1, IsPrimary: 1, Trusted: true, Restricted: false, Ephemeral: false, OEM paid: false, OEM private: false, OSU AP: false, FQDN: <none>, Provider friendly name: <none>, Requesting package name: <none>"AndroidWifi"openMLO Information: , Is TID-To-Link negotiation supported by the AP: false, AP MLD Address: <none>, AP MLO Link Id: <none>, AP MLO Affiliated links: <none>, Vendor Data: <none>
09-19 14:25:37.021   645   800 D WifiScoreCard: txRate: 1 txSpeed: 1
09-19 14:25:37.021   645   800 D WifiScoreCard: network update SIGNAL_POLL "AndroidWifi" ID: 673433585 RSSI -50 txSpeed -1
09-19 14:25:37.021   645   800 D WifiClientModeImpl[3810:wlan0]:  ClientModeImpl$L2ConnectedState screen=on 26 0 "AndroidWifi" 00:13:10:85:fe:01 rssi=-50 f=2447 sc=100 link=1 tx=0.0, 0.0, 0.0 rx=0.0 bcn=0 [on:0 tx:0 rx:0 period:3012] from screen [on:0 period:-1205825411] score=100
09-19 14:25:37.048   491   588 W skia    : AGTM parsing failed flags.readFromStream(s) at 159
09-19 14:25:37.048   491   588 W skia    : AGTM parsing failed flags.readFromStream(s) at 159
09-19 14:25:37.164   491   588 W skia    : AGTM parsing failed flags.readFromStream(s) at 159
09-19 14:25:37.164   491   588 W skia    : AGTM parsing failed flags.readFromStream(s) at 159
09-19 14:25:37.268   491   588 W skia    : AGTM parsing failed flags.readFromStream(s) at 159
09-19 14:25:37.268   491   588 W skia    : AGTM parsing failed flags.readFromStream(s) at 159
09-19 14:25:37.366   491   588 W skia    : AGTM parsing failed flags.readFromStream(s) at 159
09-19 14:25:37.366   491   588 W skia    : AGTM parsing failed flags.readFromStream(s) at 159
09-19 14:25:37.387 20549 20549 I flutter : RN_VALIDATION_CHUNK START {"schema":1,"runner":"flutter_flame_godot","event":"sample","scenario":"fire","sample":29,"elapsed_ms":31091,"rss_bytes":556240896,"enemies":3,"burning":2,"turrets":6,"projectiles":0,"effects":0,"metrics":{"authored_terrain":true,"draw_calls":176.0,"fps":38.3892077984122,"frame_ms":26.0489876543209,"max_frame_ms":54.8136666666689,"objects":190.0,"primitives":414969.0,"received_frames":3777,"renderer":"mobile","sequence":4583,"viewport":[880.0,1976.0]}}
09-19 14:25:37.387 20549 20549 I flutter : RN_VALIDATION_END
09-19 14:25:37.481   491   588 W skia    : AGTM parsing failed flags.readFromStream(s) at 159
09-19 14:25:37.482   491   588 W skia    : AGTM parsing failed flags.readFromStream(s) at 159
09-19 14:25:37.599   491   588 W skia    : AGTM parsing failed flags.readFromStream(s) at 159
09-19 14:25:37.600   491   588 W skia    : AGTM parsing failed flags.readFromStream(s) at 159
09-19 14:25:37.712   491   588 W skia    : AGTM parsing failed flags.readFromStream(s) at 159
09-19 14:25:37.713   491   588 W skia    : AGTM parsing failed flags.readFromStream(s) at 159
09-19 14:25:37.813   491   588 W skia    : AGTM parsing failed flags.readFromStream(s) at 159
09-19 14:25:37.813   491   588 W skia    : AGTM parsing failed flags.readFromStream(s) at 159
09-19 14:25:37.914   491   588 W skia    : AGTM parsing failed flags.readFromStream(s) at 159
09-19 14:25:37.914   491   588 W skia    : AGTM parsing failed flags.readFromStream(s) at 159
09-19 14:25:38.013   491   588 W skia    : AGTM parsing failed flags.readFromStream(s) at 159
09-19 14:25:38.013   491   588 W skia    : AGTM parsing failed flags.readFromStream(s) at 159
09-19 14:25:38.115   491   588 W skia    : AGTM parsing failed flags.readFromStream(s) at 159
09-19 14:25:38.115   491   588 W skia    : AGTM parsing failed flags.readFromStream(s) at 159
09-19 14:25:38.214   491   588 W skia    : AGTM parsing failed flags.readFromStream(s) at 159
09-19 14:25:38.214   491   588 W skia    : AGTM parsing failed flags.readFromStream(s) at 159
09-19 14:25:38.315   491   588 W skia    : AGTM parsing failed flags.readFromStream(s) at 159
09-19 14:25:38.316   491   588 W skia    : AGTM parsing failed flags.readFromStream(s) at 159
09-19 14:25:38.417   491   588 W skia    : AGTM parsing failed flags.readFromStream(s) at 159
09-19 14:25:38.417   491   588 W skia    : AGTM parsing failed flags.readFromStream(s) at 159
09-19 14:25:38.421 20549 20549 I flutter : RN_VALIDATION_CHUNK START {"schema":1,"runner":"flutter_flame_godot","event":"sample","scenario":"fire","sample":30,"elapsed_ms":32124,"rss_bytes":556163072,"enemies":3,"burning":2,"turrets":6,"projectiles":0,"effects":0,"metrics":{"authored_terrain":true,"draw_calls":163.0,"fps":43.8437053097753,"frame_ms":22.8082912457912,"max_frame_ms":31.0155454545455,"objects":179.0,"primitives":412219.0,"received_frames":3805,"renderer":"mobile","sequence":4614,"viewport":[880.0,1976.0]}}
09-19 14:25:38.421 20549 20549 I flutter : RN_VALIDATION_END
09-19 14:25:38.529   491   588 W skia    : AGTM parsing failed flags.readFromStream(s) at 159
09-19 14:25:38.529   491   588 W skia    : AGTM parsing failed flags.readFromStream(s) at 159
09-19 14:25:38.643   491   588 W skia    : AGTM parsing failed flags.readFromStream(s) at 159
09-19 14:25:38.643   491   588 W skia    : AGTM parsing failed flags.readFromStream(s) at 159
09-19 14:25:38.661   487   531 D AudioFlinger: mixer(0xb400006ff95ca790) throttle end: throttle time(5)
09-19 14:25:38.744   491   588 W skia    : AGTM parsing failed flags.readFromStream(s) at 159
09-19 14:25:38.744   491   588 W skia    : AGTM parsing failed flags.readFromStream(s) at 159
09-19 14:25:38.846   491   588 W skia    : AGTM parsing failed flags.readFromStream(s) at 159
09-19 14:25:38.846   491   588 W skia    : AGTM parsing failed flags.readFromStream(s) at 159
09-19 14:25:38.947   491   588 W skia    : AGTM parsing failed flags.readFromStream(s) at 159
09-19 14:25:38.947   491   588 W skia    : AGTM parsing failed flags.readFromStream(s) at 159
09-19 14:25:39.047   491   588 W skia    : AGTM parsing failed flags.readFromStream(s) at 159
09-19 14:25:39.047   491   588 W skia    : AGTM parsing failed flags.readFromStream(s) at 159
09-19 14:25:39.149   491   588 W skia    : AGTM parsing failed flags.readFromStream(s) at 159
09-19 14:25:39.150   491   588 W skia    : AGTM parsing failed flags.readFromStream(s) at 159
09-19 14:25:39.250   491   588 W skia    : AGTM parsing failed flags.readFromStream(s) at 159
09-19 14:25:39.253   491   588 W skia    : AGTM parsing failed flags.readFromStream(s) at 159
09-19 14:25:39.350   491   588 W skia    : AGTM parsing failed flags.readFromStream(s) at 159
09-19 14:25:39.351   491   588 W skia    : AGTM parsing failed flags.readFromStream(s) at 159
09-19 14:25:39.466   491   588 W skia    : AGTM parsing failed flags.readFromStream(s) at 159
09-19 14:25:39.467   491   588 W skia    : AGTM parsing failed flags.readFromStream(s) at 159
09-19 14:25:39.484 20549 20549 I flutter : RN_VALIDATION_CHUNK START {"schema":1,"runner":"flutter_flame_godot","event":"sample","scenario":"fire","sample":31,"elapsed_ms":33188,"rss_bytes":555958272,"enemies":3,"burning":2,"turrets":6,"projectiles":0,"effects":0,"metrics":{"authored_terrain":true,"draw_calls":179.0,"fps":43.2328664110977,"frame_ms":23.1305505050506,"max_frame_ms":33.398,"objects":197.0,"primitives":415085.0,"received_frames":3839,"renderer":"mobile","sequence":4651,"viewport":[880.0,1976.0]}}
09-19 14:25:39.484 20549 20549 I flutter : RN_VALIDATION_END
09-19 14:25:39.545   487   531 W AudioTrackShared: releaseBuffer: dropped wake
09-19 14:25:39.545 20549 20592 D AudioTrackShared: obtainBuffer: benign status 'Try again' (recheck)
09-19 14:25:39.575   491   588 W skia    : AGTM parsing failed flags.readFromStream(s) at 159
09-19 14:25:39.576   491   588 W skia    : AGTM parsing failed flags.readFromStream(s) at 159
09-19 14:25:39.681   491   588 W skia    : AGTM parsing failed flags.readFromStream(s) at 159
09-19 14:25:39.681   491   588 W skia    : AGTM parsing failed flags.readFromStream(s) at 159
09-19 14:25:39.784   491   588 W skia    : AGTM parsing failed flags.readFromStream(s) at 159
09-19 14:25:39.785   491   588 W skia    : AGTM parsing failed flags.readFromStream(s) at 159
09-19 14:25:39.896   491   588 W skia    : AGTM parsing failed flags.readFromStream(s) at 159
09-19 14:25:39.896   491   588 W skia    : AGTM parsing failed flags.readFromStream(s) at 159
09-19 14:25:39.997   491   588 W skia    : AGTM parsing failed flags.readFromStream(s) at 159
09-19 14:25:39.998   491   588 W skia    : AGTM parsing failed flags.readFromStream(s) at 159
09-19 14:25:40.023   645   800 D WifiClientModeImpl[3810:wlan0]: updateLinkLayerStatsRssiSpeedFrequencyCapabilities rssi=-50 TxLinkspeed=1 freq=2447 RxLinkSpeed=2
09-19 14:25:40.023   645   800 D WifiDataStall: tx tput in kbps: 11000
09-19 14:25:40.023   645   800 D WifiDataStall: rx tput in kbps: 11000
09-19 14:25:40.023   645   800 V WifiConfigManager: Updating scan detail cache freq=2447 BSSID=00:13:10:85:fe:01 RSSI=-50 for "AndroidWifi"NONE
09-19 14:25:40.024   645   800 D WifiThroughputPredictor:  utilization (LLS) 80 isBluetoothConnected: false final utilization: 80
09-19 14:25:40.024   645   800 D WifiThroughputPredictor:  BW: 0 RSSI: -50 Nss: 1 Mode: 1 symDur: 4000 snrDb 30 bitPerTone: 4500 rate: 54 throughput: 11
09-19 14:25:40.024   645   800 D WifiThroughputPredictor:  utilization (LLS) 80 isBluetoothConnected: false final utilization: 80
09-19 14:25:40.024   645   800 D WifiThroughputPredictor:  BW: 0 RSSI: -50 Nss: 1 Mode: 1 symDur: 4000 snrDb 30 bitPerTone: 4500 rate: 54 throughput: 11
09-19 14:25:40.024   645   800 D WifiThroughputPredictor:  utilization (LLS) 80 isBluetoothConnected: false final utilization: 80
09-19 14:25:40.024   645   800 D WifiThroughputPredictor:  BW: 0 RSSI: -50 Nss: 1 Mode: 1 symDur: 4000 snrDb 30 bitPerTone: 4500 rate: 54 throughput: 11
09-19 14:25:40.024   645   800 D WifiThroughputPredictor:  utilization (LLS) 80 isBluetoothConnected: false final utilization: 80
09-19 14:25:40.024   645   800 D WifiThroughputPredictor:  BW: 0 RSSI: -50 Nss: 1 Mode: 1 symDur: 4000 snrDb 30 bitPerTone: 4500 rate: 54 throughput: 11
09-19 14:25:40.025   645   800 I HalDevMgr: bestIfaceCreationProposal is null, requestIface=STA, existingIface=[name=wlan0 type=STA]
09-19 14:25:40.026   645   800 D WifiScoreCard: BSSID update SIGNAL_POLL ID: 760286919 SSID: "AndroidWifi", BSSID: 00:13:10:85:fe:01, MAC: 02:15:b2:00:00:00, IP: /10.0.2.16, Security type: 0, Supplicant state: COMPLETED, Wi-Fi standard: legacy, RSSI: -50, Link speed: 1Mbps, Tx Link speed: 1Mbps, Max Supported Tx Link speed: 11Mbps, Calculated Tx : 0Mbps, Rx Link speed: 2Mbps, Max Supported Rx Link speed: 11Mbps, Calculated Rx : 0Mbps, Frequency: 2447MHz, Net ID: 0, Metered hint: false, score: 100, isUsable: true, CarrierMerged: false, SubscriptionId: -1, IsPrimary: 1, Trusted: true, Restricted: false, Ephemeral: false, OEM paid: false, OEM private: false, OSU AP: false, FQDN: <none>, Provider friendly name: <none>, Requesting package name: <none>"AndroidWifi"openMLO Information: , Is TID-To-Link negotiation supported by the AP: false, AP MLD Address: <none>, AP MLO Link Id: <none>, AP MLO Affiliated links: <none>, Vendor Data: <none>
09-19 14:25:40.026   645   800 D WifiScoreCard: txRate: 1 txSpeed: 1
09-19 14:25:40.027   645   800 D WifiScoreCard: network update SIGNAL_POLL "AndroidWifi" ID: 673433585 RSSI -50 txSpeed -1
09-19 14:25:40.027   645   800 D WifiClientModeImpl[3810:wlan0]:  ClientModeImpl$L2ConnectedState screen=on 26 0 "AndroidWifi" 00:13:10:85:fe:01 rssi=-50 f=2447 sc=100 link=1 tx=0.0, 0.0, 0.0 rx=0.0 bcn=0 [on:0 tx:0 rx:0 period:3005] from screen [on:0 period:-1205822405] score=100
09-19 14:25:40.098   491   588 W skia    : AGTM parsing failed flags.readFromStream(s) at 159
09-19 14:25:40.098   491   588 W skia    : AGTM parsing failed flags.readFromStream(s) at 159
09-19 14:25:40.198   491   588 W skia    : AGTM parsing failed flags.readFromStream(s) at 159
09-19 14:25:40.198   491   588 W skia    : AGTM parsing failed flags.readFromStream(s) at 159
09-19 14:25:40.299   491   588 W skia    : AGTM parsing failed flags.readFromStream(s) at 159
09-19 14:25:40.299   491   588 W skia    : AGTM parsing failed flags.readFromStream(s) at 159
09-19 14:25:40.409   491   588 W skia    : AGTM parsing failed flags.readFromStream(s) at 159
09-19 14:25:40.409   491   588 W skia    : AGTM parsing failed flags.readFromStream(s) at 159
09-19 14:25:40.507 20549 20549 I flutter : RN_VALIDATION_CHUNK START {"schema":1,"runner":"flutter_flame_godot","event":"sample","scenario":"fire","sample":32,"elapsed_ms":34211,"rss_bytes":555855872,"enemies":3,"burning":2,"turrets":6,"projectiles":0,"effects":0,"metrics":{"authored_terrain":true,"draw_calls":159.0,"fps":42.334168202511,"frame_ms":23.6215813953488,"max_frame_ms":31.076333333331,"objects":171.0,"primitives":410853.0,"received_frames":3870,"renderer":"mobile","sequence":4684,"viewport":[880.0,1976.0]}}
09-19 14:25:40.507 20549 20549 I flutter : RN_VALIDATION_END
09-19 14:25:40.512   491   588 W skia    : AGTM parsing failed flags.readFromStream(s) at 159
09-19 14:25:40.513   491   588 W skia    : AGTM parsing failed flags.readFromStream(s) at 159
09-19 14:25:40.618   491   588 W skia    : AGTM parsing failed flags.readFromStream(s) at 159
09-19 14:25:40.618   491   588 W skia    : AGTM parsing failed flags.readFromStream(s) at 159
09-19 14:25:40.713   491   588 W skia    : AGTM parsing failed flags.readFromStream(s) at 159
09-19 14:25:40.713   491   588 W skia    : AGTM parsing failed flags.readFromStream(s) at 159
09-19 14:25:40.828   491   588 W skia    : AGTM parsing failed flags.readFromStream(s) at 159
09-19 14:25:40.828   491   588 W skia    : AGTM parsing failed flags.readFromStream(s) at 159
09-19 14:25:40.932   491   588 W skia    : AGTM parsing failed flags.readFromStream(s) at 159
09-19 14:25:40.932   491   588 W skia    : AGTM parsing failed flags.readFromStream(s) at 159
09-19 14:25:41.041   491   588 W skia    : AGTM parsing failed flags.readFromStream(s) at 159
09-19 14:25:41.041   491   588 W skia    : AGTM parsing failed flags.readFromStream(s) at 159
09-19 14:25:41.145   491   588 W skia    : AGTM parsing failed flags.readFromStream(s) at 159
09-19 14:25:41.145   491   588 W skia    : AGTM parsing failed flags.readFromStream(s) at 159
09-19 14:25:41.245   491   588 W skia    : AGTM parsing failed flags.readFromStream(s) at 159
09-19 14:25:41.246   491   588 W skia    : AGTM parsing failed flags.readFromStream(s) at 159
09-19 14:25:41.347   491   588 W skia    : AGTM parsing failed flags.readFromStream(s) at 159
09-19 14:25:41.347   491   588 W skia    : AGTM parsing failed flags.readFromStream(s) at 159
09-19 14:25:41.449   491   588 W skia    : AGTM parsing failed flags.readFromStream(s) at 159
09-19 14:25:41.449   491   588 W skia    : AGTM parsing failed flags.readFromStream(s) at 159
09-19 14:25:41.517   487   531 D AudioFlinger: mixer(0xb400006ff95ca790) throttle end: throttle time(9)
09-19 14:25:41.539 20549 20549 I flutter : RN_VALIDATION_CHUNK START {"schema":1,"runner":"flutter_flame_godot","event":"sample","scenario":"fire","sample":33,"elapsed_ms":35242,"rss_bytes":556093440,"enemies":3,"burning":2,"turrets":6,"projectiles":0,"effects":0,"metrics":{"authored_terrain":true,"draw_calls":170.0,"fps":28.5948052551335,"frame_ms":34.9713869731802,"max_frame_ms":55.827,"objects":188.0,"primitives":412185.0,"received_frames":3893,"renderer":"mobile","sequence":4717,"viewport":[880.0,1976.0]}}
09-19 14:25:41.539 20549 20549 I flutter : RN_VALIDATION_END
09-19 14:25:41.549   491   588 W skia    : AGTM parsing failed flags.readFromStream(s) at 159
09-19 14:25:41.550   491   588 W skia    : AGTM parsing failed flags.readFromStream(s) at 159
09-19 14:25:41.661   491   588 W skia    : AGTM parsing failed flags.readFromStream(s) at 159
09-19 14:25:41.661   491   588 W skia    : AGTM parsing failed flags.readFromStream(s) at 159
09-19 14:25:41.762   491   588 W skia    : AGTM parsing failed flags.readFromStream(s) at 159
09-19 14:25:41.762   491   588 W skia    : AGTM parsing failed flags.readFromStream(s) at 159
09-19 14:25:41.882   491   588 W skia    : AGTM parsing failed flags.readFromStream(s) at 159
09-19 14:25:41.882   491   588 W skia    : AGTM parsing failed flags.readFromStream(s) at 159
09-19 14:25:41.983   491   588 W skia    : AGTM parsing failed flags.readFromStream(s) at 159
09-19 14:25:41.983   491   588 W skia    : AGTM parsing failed flags.readFromStream(s) at 159
09-19 14:25:42.095   491   588 W skia    : AGTM parsing failed flags.readFromStream(s) at 159
09-19 14:25:42.095   491   588 W skia    : AGTM parsing failed flags.readFromStream(s) at 159
09-19 14:25:42.196   491   588 W skia    : AGTM parsing failed flags.readFromStream(s) at 159
09-19 14:25:42.196   491   588 W skia    : AGTM parsing failed flags.readFromStream(s) at 159
09-19 14:25:42.296   491   588 W skia    : AGTM parsing failed flags.readFromStream(s) at 159
09-19 14:25:42.296   491   588 W skia    : AGTM parsing failed flags.readFromStream(s) at 159
09-19 14:25:42.397   491   588 W skia    : AGTM parsing failed flags.readFromStream(s) at 159
09-19 14:25:42.397   491   588 W skia    : AGTM parsing failed flags.readFromStream(s) at 159
09-19 14:25:42.497   491   588 W skia    : AGTM parsing failed flags.readFromStream(s) at 159
09-19 14:25:42.497   491   588 W skia    : AGTM parsing failed flags.readFromStream(s) at 159
09-19 14:25:42.568 20549 20549 I flutter : RN_VALIDATION_CHUNK START {"schema":1,"runner":"flutter_flame_godot","event":"sample","scenario":"fire","sample":34,"elapsed_ms":36272,"rss_bytes":556228608,"enemies":3,"burning":2,"turrets":6,"projectiles":0,"effects":0,"metrics":{"authored_terrain":true,"draw_calls":163.0,"fps":40.8757488615617,"frame_ms":24.4643835978836,"max_frame_ms":30.413,"objects":177.0,"primitives":412561.0,"received_frames":3925,"renderer":"mobile","sequence":4750,"viewport":[880.0,1976.0]}}
09-19 14:25:42.568 20549 20549 I flutter : RN_VALIDATION_END
09-19 14:25:42.597   491   588 W skia    : AGTM parsing failed flags.readFromStream(s) at 159
09-19 14:25:42.597   491   588 W skia    : AGTM parsing failed flags.readFromStream(s) at 159
09-19 14:25:42.698   491   588 W skia    : AGTM parsing failed flags.readFromStream(s) at 159
09-19 14:25:42.698   491   588 W skia    : AGTM parsing failed flags.readFromStream(s) at 159
09-19 14:25:42.804   491   588 W skia    : AGTM parsing failed flags.readFromStream(s) at 159
09-19 14:25:42.804   491   588 W skia    : AGTM parsing failed flags.readFromStream(s) at 159
09-19 14:25:42.913   491   588 W skia    : AGTM parsing failed flags.readFromStream(s) at 159
09-19 14:25:42.913   491   588 W skia    : AGTM parsing failed flags.readFromStream(s) at 159
09-19 14:25:43.013   491   588 W skia    : AGTM parsing failed flags.readFromStream(s) at 159
09-19 14:25:43.014   491   588 W skia    : AGTM parsing failed flags.readFromStream(s) at 159
09-19 14:25:43.032   645   800 D WifiClientModeImpl[3810:wlan0]: updateLinkLayerStatsRssiSpeedFrequencyCapabilities rssi=-50 TxLinkspeed=1 freq=2447 RxLinkSpeed=2
09-19 14:25:43.032   645   800 D WifiDataStall: tx tput in kbps: 11000
09-19 14:25:43.032   645   800 D WifiDataStall: rx tput in kbps: 11000
09-19 14:25:43.032   645   800 V WifiConfigManager: Updating scan detail cache freq=2447 BSSID=00:13:10:85:fe:01 RSSI=-50 for "AndroidWifi"NONE
09-19 14:25:43.032   645   800 D WifiThroughputPredictor:  utilization (LLS) 80 isBluetoothConnected: false final utilization: 80
09-19 14:25:43.032   645   800 D WifiThroughputPredictor:  BW: 0 RSSI: -50 Nss: 1 Mode: 1 symDur: 4000 snrDb 30 bitPerTone: 4500 rate: 54 throughput: 11
09-19 14:25:43.032   645   800 D WifiThroughputPredictor:  utilization (LLS) 80 isBluetoothConnected: false final utilization: 80
09-19 14:25:43.032   645   800 D WifiThroughputPredictor:  BW: 0 RSSI: -50 Nss: 1 Mode: 1 symDur: 4000 snrDb 30 bitPerTone: 4500 rate: 54 throughput: 11
09-19 14:25:43.032   645   800 D WifiThroughputPredictor:  utilization (LLS) 80 isBluetoothConnected: false final utilization: 80
09-19 14:25:43.032   645   800 D WifiThroughputPredictor:  BW: 0 RSSI: -50 Nss: 1 Mode: 1 symDur: 4000 snrDb 30 bitPerTone: 4500 rate: 54 throughput: 11
09-19 14:25:43.032   645   800 D WifiThroughputPredictor:  utilization (LLS) 80 isBluetoothConnected: false final utilization: 80
09-19 14:25:43.032   645   800 D WifiThroughputPredictor:  BW: 0 RSSI: -50 Nss: 1 Mode: 1 symDur: 4000 snrDb 30 bitPerTone: 4500 rate: 54 throughput: 11
09-19 14:25:43.035   645   800 I HalDevMgr: bestIfaceCreationProposal is null, requestIface=STA, existingIface=[name=wlan0 type=STA]
09-19 14:25:43.035   645   800 D WifiScoreCard: BSSID update SIGNAL_POLL ID: 760286919 SSID: "AndroidWifi", BSSID: 00:13:10:85:fe:01, MAC: 02:15:b2:00:00:00, IP: /10.0.2.16, Security type: 0, Supplicant state: COMPLETED, Wi-Fi standard: legacy, RSSI: -50, Link speed: 1Mbps, Tx Link speed: 1Mbps, Max Supported Tx Link speed: 11Mbps, Calculated Tx : 0Mbps, Rx Link speed: 2Mbps, Max Supported Rx Link speed: 11Mbps, Calculated Rx : 0Mbps, Frequency: 2447MHz, Net ID: 0, Metered hint: false, score: 100, isUsable: true, CarrierMerged: false, SubscriptionId: -1, IsPrimary: 1, Trusted: true, Restricted: false, Ephemeral: false, OEM paid: false, OEM private: false, OSU AP: false, FQDN: <none>, Provider friendly name: <none>, Requesting package name: <none>"AndroidWifi"openMLO Information: , Is TID-To-Link negotiation supported by the AP: false, AP MLD Address: <none>, AP MLO Link Id: <none>, AP MLO Affiliated links: <none>, Vendor Data: <none>
09-19 14:25:43.045   645   800 D WifiScoreCard: txRate: 1 txSpeed: 1
09-19 14:25:43.045   645   800 D WifiScoreCard: network update SIGNAL_POLL "AndroidWifi" ID: 673433585 RSSI -50 txSpeed -1
09-19 14:25:43.046   645   800 D WifiClientModeImpl[3810:wlan0]:  ClientModeImpl$L2ConnectedState screen=on 26 0 "AndroidWifi" 00:13:10:85:fe:01 rssi=-50 f=2447 sc=100 link=1 tx=0.0, 0.0, 0.0 rx=0.0 bcn=0 [on:0 tx:0 rx:0 period:3019] from screen [on:0 period:-1205819386] score=100
09-19 14:25:43.115   491   588 W skia    : AGTM parsing failed flags.readFromStream(s) at 159
09-19 14:25:43.115   491   588 W skia    : AGTM parsing failed flags.readFromStream(s) at 159
09-19 14:25:43.231   491   588 W skia    : AGTM parsing failed flags.readFromStream(s) at 159
09-19 14:25:43.231   491   588 W skia    : AGTM parsing failed flags.readFromStream(s) at 159
09-19 14:25:43.330   491   588 W skia    : AGTM parsing failed flags.readFromStream(s) at 159
09-19 14:25:43.330   491   588 W skia    : AGTM parsing failed flags.readFromStream(s) at 159
09-19 14:25:43.431   491   588 W skia    : AGTM parsing failed flags.readFromStream(s) at 159
09-19 14:25:43.431   491   588 W skia    : AGTM parsing failed flags.readFromStream(s) at 159
09-19 14:25:43.533   491   588 W skia    : AGTM parsing failed flags.readFromStream(s) at 159
09-19 14:25:43.533   491   588 W skia    : AGTM parsing failed flags.readFromStream(s) at 159
09-19 14:25:43.605 20549 20549 I flutter : RN_VALIDATION_CHUNK START {"schema":1,"runner":"flutter_flame_godot","event":"sample","scenario":"fire","sample":35,"elapsed_ms":37309,"rss_bytes":556085248,"enemies":3,"burning":2,"turrets":6,"projectiles":0,"effects":0,"metrics":{"authored_terrain":true,"draw_calls":167.0,"fps":39.8167896784263,"frame_ms":25.1150333333333,"max_frame_ms":28.266,"objects":183.0,"primitives":411177.0,"received_frames":3955,"renderer":"mobile","sequence":4782,"viewport":[880.0,1976.0]}}
09-19 14:25:43.605 20549 20549 I flutter : RN_VALIDATION_END
09-19 14:25:43.665   491   588 W skia    : AGTM parsing failed flags.readFromStream(s) at 159
09-19 14:25:43.665   491   588 W skia    : AGTM parsing failed flags.readFromStream(s) at 159
09-19 14:25:43.765   491   588 W skia    : AGTM parsing failed flags.readFromStream(s) at 159
09-19 14:25:43.766   491   588 W skia    : AGTM parsing failed flags.readFromStream(s) at 159
09-19 14:25:43.866   491   588 W skia    : AGTM parsing failed flags.readFromStream(s) at 159
09-19 14:25:43.866   491   588 W skia    : AGTM parsing failed flags.readFromStream(s) at 159
09-19 14:25:43.977   491   588 W skia    : AGTM parsing failed flags.readFromStream(s) at 159
09-19 14:25:43.977   491   588 W skia    : AGTM parsing failed flags.readFromStream(s) at 159
09-19 14:25:44.077   491   588 W skia    : AGTM parsing failed flags.readFromStream(s) at 159
09-19 14:25:44.077   491   588 W skia    : AGTM parsing failed flags.readFromStream(s) at 159
09-19 14:25:44.177   491   588 W skia    : AGTM parsing failed flags.readFromStream(s) at 159
09-19 14:25:44.178   491   588 W skia    : AGTM parsing failed flags.readFromStream(s) at 159
09-19 14:25:44.277   491   588 W skia    : AGTM parsing failed flags.readFromStream(s) at 159
09-19 14:25:44.277   491   588 W skia    : AGTM parsing failed flags.readFromStream(s) at 159
09-19 14:25:44.379   491   588 W skia    : AGTM parsing failed flags.readFromStream(s) at 159
09-19 14:25:44.380   491   588 W skia    : AGTM parsing failed flags.readFromStream(s) at 159
09-19 14:25:44.480   491   588 W skia    : AGTM parsing failed flags.readFromStream(s) at 159
09-19 14:25:44.480   491   588 W skia    : AGTM parsing failed flags.readFromStream(s) at 159
09-19 14:25:44.526   892   892 D wpa_supplicant: nl80211: Drv Event 64 (NL80211_CMD_NOTIFY_CQM) received for wlan0
09-19 14:25:44.526   892   892 D wpa_supplicant: nl80211: Beacon loss event
09-19 14:25:44.526   892   892 D wpa_supplicant: wlan0: Event BEACON_LOSS (53) received
09-19 14:25:44.526   892   892 I wpa_supplicant: wlan0: CTRL-EVENT-BEACON-LOSS 
09-19 14:25:44.582   491   588 W skia    : AGTM parsing failed flags.readFromStream(s) at 159
09-19 14:25:44.582   491   588 W skia    : AGTM parsing failed flags.readFromStream(s) at 159
09-19 14:25:44.651 20549 20549 I flutter : RN_VALIDATION_CHUNK START {"schema":1,"runner":"flutter_flame_godot","event":"sample","scenario":"fire","sample":36,"elapsed_ms":38355,"rss_bytes":556191744,"enemies":3,"burning":2,"turrets":6,"projectiles":0,"effects":0,"metrics":{"authored_terrain":true,"draw_calls":176.0,"fps":42.0699182473868,"frame_ms":23.7699534883721,"max_frame_ms":32.7416666666667,"objects":194.0,"primitives":415777.0,"received_frames":3983,"renderer":"mobile","sequence":4811,"viewport":[880.0,1976.0]}}
09-19 14:25:44.651 20549 20549 I flutter : RN_VALIDATION_END
09-19 14:25:44.682   491   588 W skia    : AGTM parsing failed flags.readFromStream(s) at 159
09-19 14:25:44.682   491   588 W skia    : AGTM parsing failed flags.readFromStream(s) at 159
09-19 14:25:44.783   491   588 W skia    : AGTM parsing failed flags.readFromStream(s) at 159
09-19 14:25:44.783   491   588 W skia    : AGTM parsing failed flags.readFromStream(s) at 159
09-19 14:25:44.896   491   588 W skia    : AGTM parsing failed flags.readFromStream(s) at 159
09-19 14:25:44.896   491   588 W skia    : AGTM parsing failed flags.readFromStream(s) at 159
09-19 14:25:45.001   491   588 W skia    : AGTM parsing failed flags.readFromStream(s) at 159
09-19 14:25:45.002   491   588 W skia    : AGTM parsing failed flags.readFromStream(s) at 159
09-19 14:25:45.112   491   588 W skia    : AGTM parsing failed flags.readFromStream(s) at 159
09-19 14:25:45.112   491   588 W skia    : AGTM parsing failed flags.readFromStream(s) at 159
09-19 14:25:45.245   491   588 W skia    : AGTM parsing failed flags.readFromStream(s) at 159
09-19 14:25:45.246   491   588 W skia    : AGTM parsing failed flags.readFromStream(s) at 159
09-19 14:25:45.361   491   588 W skia    : AGTM parsing failed flags.readFromStream(s) at 159
09-19 14:25:45.361   491   588 W skia    : AGTM parsing failed flags.readFromStream(s) at 159
09-19 14:25:45.463   491   588 W skia    : AGTM parsing failed flags.readFromStream(s) at 159
09-19 14:25:45.463   491   588 W skia    : AGTM parsing failed flags.readFromStream(s) at 159
09-19 14:25:45.564   491   588 W skia    : AGTM parsing failed flags.readFromStream(s) at 159
09-19 14:25:45.564   491   588 W skia    : AGTM parsing failed flags.readFromStream(s) at 159
09-19 14:25:45.666   491   588 W skia    : AGTM parsing failed flags.readFromStream(s) at 159
09-19 14:25:45.667   491   588 W skia    : AGTM parsing failed flags.readFromStream(s) at 159
09-19 14:25:45.699 20549 20549 I flutter : RN_VALIDATION_CHUNK START {"schema":1,"runner":"flutter_flame_godot","event":"sample","scenario":"fire","sample":37,"elapsed_ms":39402,"rss_bytes":556810240,"enemies":3,"burning":2,"turrets":6,"projectiles":0,"effects":0,"metrics":{"authored_terrain":true,"draw_calls":163.0,"fps":39.8141343494785,"frame_ms":25.1167083333333,"max_frame_ms":33.525,"objects":175.0,"primitives":411461.0,"received_frames":4015,"renderer":"mobile","sequence":4843,"viewport":[880.0,1976.0]}}
09-19 14:25:45.699 20549 20549 I flutter : RN_VALIDATION_END
09-19 14:25:45.764   491   588 W skia    : AGTM parsing failed flags.readFromStream(s) at 159
09-19 14:25:45.764   491   588 W skia    : AGTM parsing failed flags.readFromStream(s) at 159
09-19 14:25:45.865   491   588 W skia    : AGTM parsing failed flags.readFromStream(s) at 159
09-19 14:25:45.866   491   588 W skia    : AGTM parsing failed flags.readFromStream(s) at 159
09-19 14:25:45.977   491   588 W skia    : AGTM parsing failed flags.readFromStream(s) at 159
09-19 14:25:45.977   491   588 W skia    : AGTM parsing failed flags.readFromStream(s) at 159
09-19 14:25:46.007  1012  1174 D SatelliteController: isInCarrierRoamingNbIotNtn: satellite is disabled
09-19 14:25:46.007  1012  1174 D SatelliteController: getCarrierRoamingNtnConnectType: Checking connect type from PLMN config for subId: 1
09-19 14:25:46.007  1012  1174 D TelephonyConfigUpdateInstallReceiver: getConfigParser: domain=satellite
09-19 14:25:46.007  1012  1174 V SatelliteController: satelliteConfigParser is not ready
09-19 14:25:46.007  1012  1174 D SatelliteController: isSatelliteAttachSupportedViaConfigupdater: return null (satelliteConfig is null)
09-19 14:25:46.007  1012  1174 D SatelliteController: getSatellitePerPlmnConfiguration: invalid subId or not supported via carrier.
09-19 14:25:46.007  1012  1174 D SatelliteController: getCarrierRoamingNtnConnectType: config: null
09-19 14:25:46.007  1012  1174 D TelephonyConfigUpdateInstallReceiver: getConfigParser: domain=satellite
09-19 14:25:46.007  1012  1174 V SatelliteController: satelliteConfigParser is not ready
09-19 14:25:46.007  1012  1174 D SatelliteController: getCarrierRoamingNtnConnectTypeViaConfigUpdater: return null (satelliteConfig is null)
09-19 14:25:46.008  1012  1174 D SatelliteController: getCarrierRoamingNtnConnectType: Falling back to global carrier config connect type: 0
09-19 14:25:46.008  1012  1174 D TelephonyConfigUpdateInstallReceiver: getConfigParser: domain=satellite
09-19 14:25:46.008  1012  1174 V SatelliteController: satelliteConfigParser is not ready
09-19 14:25:46.008  1012  1174 D SatelliteController: isSatelliteAttachSupportedViaConfigupdater: return null (satelliteConfig is null)
09-19 14:25:46.008  1012  1174 D SatelliteController: getCarrierRoamingNtnConnectType: Checking connect type from PLMN config for subId: 1
09-19 14:25:46.008  1012  1174 D TelephonyConfigUpdateInstallReceiver: getConfigParser: domain=satellite
09-19 14:25:46.008  1012  1174 V SatelliteController: satelliteConfigParser is not ready
09-19 14:25:46.008  1012  1174 D SatelliteController: isSatelliteAttachSupportedViaConfigupdater: return null (satelliteConfig is null)
09-19 14:25:46.008  1012  1174 D SatelliteController: getSatellitePerPlmnConfiguration: invalid subId or not supported via carrier.
09-19 14:25:46.008  1012  1174 D SatelliteController: getCarrierRoamingNtnConnectType: config: null
09-19 14:25:46.008  1012  1174 D TelephonyConfigUpdateInstallReceiver: getConfigParser: domain=satellite
09-19 14:25:46.008  1012  1174 V SatelliteController: satelliteConfigParser is not ready
09-19 14:25:46.008  1012  1174 D SatelliteController: getCarrierRoamingNtnConnectTypeViaConfigUpdater: return null (satelliteConfig is null)
09-19 14:25:46.008  1012  1174 D SatelliteController: getCarrierRoamingNtnConnectType: Falling back to global carrier config connect type: 0
09-19 14:25:46.008  1012  1174 D TelephonyConfigUpdateInstallReceiver: getConfigParser: domain=satellite
09-19 14:25:46.008  1012  1174 V SatelliteController: satelliteConfigParser is not ready
09-19 14:25:46.008  1012  1174 D SatelliteController: isSatelliteAttachSupportedViaConfigupdater: return null (satelliteConfig is null)
09-19 14:25:46.047   645   800 D WifiClientModeImpl[3810:wlan0]: updateLinkLayerStatsRssiSpeedFrequencyCapabilities rssi=-50 TxLinkspeed=1 freq=2447 RxLinkSpeed=2
09-19 14:25:46.047   645   800 D WifiDataStall: tx tput in kbps: 11000
09-19 14:25:46.047   645   800 D WifiDataStall: rx tput in kbps: 11000
09-19 14:25:46.047   645   800 V WifiConfigManager: Updating scan detail cache freq=2447 BSSID=00:13:10:85:fe:01 RSSI=-50 for "AndroidWifi"NONE
09-19 14:25:46.047   645   800 D WifiThroughputPredictor:  utilization (LLS) 80 isBluetoothConnected: false final utilization: 80
09-19 14:25:46.047   645   800 D WifiThroughputPredictor:  BW: 0 RSSI: -50 Nss: 1 Mode: 1 symDur: 4000 snrDb 30 bitPerTone: 4500 rate: 54 throughput: 11
09-19 14:25:46.047   645   800 D WifiThroughputPredictor:  utilization (LLS) 80 isBluetoothConnected: false final utilization: 80
09-19 14:25:46.047   645   800 D WifiThroughputPredictor:  BW: 0 RSSI: -50 Nss: 1 Mode: 1 symDur: 4000 snrDb 30 bitPerTone: 4500 rate: 54 throughput: 11
09-19 14:25:46.048   645   800 D WifiThroughputPredictor:  utilization (LLS) 80 isBluetoothConnected: false final utilization: 80
09-19 14:25:46.048   645   800 D WifiThroughputPredictor:  BW: 0 RSSI: -50 Nss: 1 Mode: 1 symDur: 4000 snrDb 30 bitPerTone: 4500 rate: 54 throughput: 11
09-19 14:25:46.048   645   800 D WifiThroughputPredictor:  utilization (LLS) 80 isBluetoothConnected: false final utilization: 80
09-19 14:25:46.048   645   800 D WifiThroughputPredictor:  BW: 0 RSSI: -50 Nss: 1 Mode: 1 symDur: 4000 snrDb 30 bitPerTone: 4500 rate: 54 throughput: 11
09-19 14:25:46.048   645   800 I HalDevMgr: bestIfaceCreationProposal is null, requestIface=STA, existingIface=[name=wlan0 type=STA]
09-19 14:25:46.049   645   800 D WifiScoreCard: BSSID update SIGNAL_POLL ID: 760286919 SSID: "AndroidWifi", BSSID: 00:13:10:85:fe:01, MAC: 02:15:b2:00:00:00, IP: /10.0.2.16, Security type: 0, Supplicant state: COMPLETED, Wi-Fi standard: legacy, RSSI: -50, Link speed: 1Mbps, Tx Link speed: 1Mbps, Max Supported Tx Link speed: 11Mbps, Calculated Tx : 0Mbps, Rx Link speed: 2Mbps, Max Supported Rx Link speed: 11Mbps, Calculated Rx : 0Mbps, Frequency: 2447MHz, Net ID: 0, Metered hint: false, score: 100, isUsable: true, CarrierMerged: false, SubscriptionId: -1, IsPrimary: 1, Trusted: true, Restricted: false, Ephemeral: false, OEM paid: false, OEM private: false, OSU AP: false, FQDN: <none>, Provider friendly name: <none>, Requesting package name: <none>"AndroidWifi"openMLO Information: , Is TID-To-Link negotiation supported by the AP: false, AP MLD Address: <none>, AP MLO Link Id: <none>, AP MLO Affiliated links: <none>, Vendor Data: <none>
09-19 14:25:46.049   645   800 D WifiScoreCard: txRate: 1 txSpeed: 1
09-19 14:25:46.049   645   800 D WifiScoreCard: network update SIGNAL_POLL "AndroidWifi" ID: 673433585 RSSI -50 txSpeed -1
09-19 14:25:46.049   645   800 D WifiClientModeImpl[3810:wlan0]:  ClientModeImpl$L2ConnectedState screen=on 26 0 "AndroidWifi" 00:13:10:85:fe:01 rssi=-50 f=2447 sc=100 link=1 tx=0.0, 0.0, 0.0 rx=0.0 bcn=0 [on:0 tx:0 rx:0 period:3003] from screen [on:0 period:-1205816383] score=100
09-19 14:25:46.096   491   588 W skia    : AGTM parsing failed flags.readFromStream(s) at 159
09-19 14:25:46.096   491   588 W skia    : AGTM parsing failed flags.readFromStream(s) at 159
09-19 14:25:46.197   491   588 W skia    : AGTM parsing failed flags.readFromStream(s) at 159
09-19 14:25:46.197   491   588 W skia    : AGTM parsing failed flags.readFromStream(s) at 159
09-19 14:25:46.297   491   588 W skia    : AGTM parsing failed flags.readFromStream(s) at 159
09-19 14:25:46.297   491   588 W skia    : AGTM parsing failed flags.readFromStream(s) at 159
09-19 14:25:46.410   491   588 W skia    : AGTM parsing failed flags.readFromStream(s) at 159
09-19 14:25:46.411   491   588 W skia    : AGTM parsing failed flags.readFromStream(s) at 159
09-19 14:25:46.512   491   588 W skia    : AGTM parsing failed flags.readFromStream(s) at 159
09-19 14:25:46.512   491   588 W skia    : AGTM parsing failed flags.readFromStream(s) at 159
09-19 14:25:46.613   491   588 W skia    : AGTM parsing failed flags.readFromStream(s) at 159
09-19 14:25:46.613   491   588 W skia    : AGTM parsing failed flags.readFromStream(s) at 159
09-19 14:25:46.713   491   588 W skia    : AGTM parsing failed flags.readFromStream(s) at 159
09-19 14:25:46.713   491   588 W skia    : AGTM parsing failed flags.readFromStream(s) at 159
09-19 14:25:46.720 20549 20549 I flutter : RN_VALIDATION_CHUNK START {"schema":1,"runner":"flutter_flame_godot","event":"sample","scenario":"fire","sample":38,"elapsed_ms":40424,"rss_bytes":557539328,"enemies":3,"burning":2,"turrets":6,"projectiles":0,"effects":0,"metrics":{"authored_terrain":true,"draw_calls":169.0,"fps":40.9359488853108,"frame_ms":24.428406504065,"max_frame_ms":30.344,"objects":189.0,"primitives":412585.0,"received_frames":4045,"renderer":"mobile","sequence":4873,"viewport":[880.0,1976.0]}}
09-19 14:25:46.720 20549 20549 I flutter : RN_VALIDATION_END
09-19 14:25:46.827   491   588 W skia    : AGTM parsing failed flags.readFromStream(s) at 159
09-19 14:25:46.828   491   588 W skia    : AGTM parsing failed flags.readFromStream(s) at 159
09-19 14:25:46.927   491   588 W skia    : AGTM parsing failed flags.readFromStream(s) at 159
09-19 14:25:46.927   491   588 W skia    : AGTM parsing failed flags.readFromStream(s) at 159
09-19 14:25:47.028   491   588 W skia    : AGTM parsing failed flags.readFromStream(s) at 159
09-19 14:25:47.028   491   588 W skia    : AGTM parsing failed flags.readFromStream(s) at 159
09-19 14:25:47.129   491   588 W skia    : AGTM parsing failed flags.readFromStream(s) at 159
09-19 14:25:47.130   491   588 W skia    : AGTM parsing failed flags.readFromStream(s) at 159
09-19 14:25:47.229   491   588 W skia    : AGTM parsing failed flags.readFromStream(s) at 159
09-19 14:25:47.229   491   588 W skia    : AGTM parsing failed flags.readFromStream(s) at 159
09-19 14:25:47.329   491   588 W skia    : AGTM parsing failed flags.readFromStream(s) at 159
09-19 14:25:47.329   491   588 W skia    : AGTM parsing failed flags.readFromStream(s) at 159
09-19 14:25:47.431   491   588 W skia    : AGTM parsing failed flags.readFromStream(s) at 159
09-19 14:25:47.431   491   588 W skia    : AGTM parsing failed flags.readFromStream(s) at 159
09-19 14:25:47.532   491   588 W skia    : AGTM parsing failed flags.readFromStream(s) at 159
09-19 14:25:47.532   491   588 W skia    : AGTM parsing failed flags.readFromStream(s) at 159
09-19 14:25:47.646   491   588 W skia    : AGTM parsing failed flags.readFromStream(s) at 159
09-19 14:25:47.646   491   588 W skia    : AGTM parsing failed flags.readFromStream(s) at 159
09-19 14:25:47.749   491   588 W skia    : AGTM parsing failed flags.readFromStream(s) at 159
09-19 14:25:47.749   491   588 W skia    : AGTM parsing failed flags.readFromStream(s) at 159
09-19 14:25:47.763 20549 20549 I flutter : RN_VALIDATION_CHUNK START {"schema":1,"runner":"flutter_flame_godot","event":"sample","scenario":"fire","sample":39,"elapsed_ms":41467,"rss_bytes":557850624,"enemies":3,"burning":2,"turrets":6,"projectiles":0,"effects":0,"metrics":{"authored_terrain":true,"draw_calls":170.0,"fps":42.295123568974,"frame_ms":23.6433875968992,"max_frame_ms":33.788,"objects":182.0,"primitives":413811.0,"received_frames":4077,"renderer":"mobile","sequence":4907,"viewport":[880.0,1976.0]}}
09-19 14:25:47.763 20549 20549 I flutter : RN_VALIDATION_END
09-19 14:25:47.763 20549 20553 I us.godotpreview: NativeAlloc concurrent mark compact GC freed 129KB AllocSpace bytes, 4(288KB) LOS objects, 49% free, 2295KB/4590KB, paused 162us,13.442ms total 32.453ms
09-19 14:25:47.858   491   588 W skia    : AGTM parsing failed flags.readFromStream(s) at 159
09-19 14:25:47.858   491   588 W skia    : AGTM parsing failed flags.readFromStream(s) at 159
09-19 14:25:47.886   487   531 D AudioFlinger: mixer(0xb400006ff95ca790) throttle end: throttle time(1)
09-19 14:25:47.965   491   588 W skia    : AGTM parsing failed flags.readFromStream(s) at 159
09-19 14:25:47.965   491   588 W skia    : AGTM parsing failed flags.readFromStream(s) at 159
09-19 14:25:48.080   491   588 W skia    : AGTM parsing failed flags.readFromStream(s) at 159
09-19 14:25:48.080   491   588 W skia    : AGTM parsing failed flags.readFromStream(s) at 159
09-19 14:25:48.181   491   588 W skia    : AGTM parsing failed flags.readFromStream(s) at 159
09-19 14:25:48.181   491   588 W skia    : AGTM parsing failed flags.readFromStream(s) at 159
09-19 14:25:48.286   491   588 W skia    : AGTM parsing failed flags.readFromStream(s) at 159
09-19 14:25:48.288   491   588 W skia    : AGTM parsing failed flags.readFromStream(s) at 159
09-19 14:25:48.393   491   588 W skia    : AGTM parsing failed flags.readFromStream(s) at 159
09-19 14:25:48.393   491   588 W skia    : AGTM parsing failed flags.readFromStream(s) at 159
09-19 14:25:48.495   491   588 W skia    : AGTM parsing failed flags.readFromStream(s) at 159
09-19 14:25:48.495   491   588 W skia    : AGTM parsing failed flags.readFromStream(s) at 159
09-19 14:25:48.596   491   588 W skia    : AGTM parsing failed flags.readFromStream(s) at 159
09-19 14:25:48.596   491   588 W skia    : AGTM parsing failed flags.readFromStream(s) at 159
09-19 14:25:48.699   491   588 W skia    : AGTM parsing failed flags.readFromStream(s) at 159
09-19 14:25:48.699   491   588 W skia    : AGTM parsing failed flags.readFromStream(s) at 159
09-19 14:25:48.797   491   588 W skia    : AGTM parsing failed flags.readFromStream(s) at 159
09-19 14:25:48.797   491   588 W skia    : AGTM parsing failed flags.readFromStream(s) at 159
09-19 14:25:48.798 20549 20549 I flutter : RN_VALIDATION_CHUNK START {"schema":1,"runner":"flutter_flame_godot","event":"sample","scenario":"fire","sample":40,"elapsed_ms":42502,"rss_bytes":556883968,"enemies":3,"burning":2,"turrets":6,"projectiles":0,"effects":0,"metrics":{"authored_terrain":true,"draw_calls":169.0,"fps":41.6370223184354,"frame_ms":24.0170873015873,"max_frame_ms":36.371,"objects":187.0,"primitives":412935.0,"received_frames":4104,"renderer":"mobile","sequence":4936,"viewport":[880.0,1976.0]}}
09-19 14:25:48.799 20549 20549 I flutter : RN_VALIDATION_END
09-19 14:25:48.897   491   588 W skia    : AGTM parsing failed flags.readFromStream(s) at 159
09-19 14:25:48.898   491   588 W skia    : AGTM parsing failed flags.readFromStream(s) at 159
09-19 14:25:48.998   491   588 W skia    : AGTM parsing failed flags.readFromStream(s) at 159
09-19 14:25:48.998   491   588 W skia    : AGTM parsing failed flags.readFromStream(s) at 159
09-19 14:25:49.055   645   800 D WifiClientModeImpl[3810:wlan0]: updateLinkLayerStatsRssiSpeedFrequencyCapabilities rssi=-50 TxLinkspeed=1 freq=2447 RxLinkSpeed=2
09-19 14:25:49.055   645   800 D WifiDataStall: tx tput in kbps: 11000
09-19 14:25:49.055   645   800 D WifiDataStall: rx tput in kbps: 11000
09-19 14:25:49.055   645   800 V WifiConfigManager: Updating scan detail cache freq=2447 BSSID=00:13:10:85:fe:01 RSSI=-50 for "AndroidWifi"NONE
09-19 14:25:49.056   645   800 D WifiThroughputPredictor:  utilization (LLS) 80 isBluetoothConnected: false final utilization: 80
09-19 14:25:49.056   645   800 D WifiThroughputPredictor:  BW: 0 RSSI: -50 Nss: 1 Mode: 1 symDur: 4000 snrDb 30 bitPerTone: 4500 rate: 54 throughput: 11
09-19 14:25:49.056   645   800 D WifiThroughputPredictor:  utilization (LLS) 80 isBluetoothConnected: false final utilization: 80
09-19 14:25:49.056   645   800 D WifiThroughputPredictor:  BW: 0 RSSI: -50 Nss: 1 Mode: 1 symDur: 4000 snrDb 30 bitPerTone: 4500 rate: 54 throughput: 11
09-19 14:25:49.056   645   800 D WifiThroughputPredictor:  utilization (LLS) 80 isBluetoothConnected: false final utilization: 80
09-19 14:25:49.056   645   800 D WifiThroughputPredictor:  BW: 0 RSSI: -50 Nss: 1 Mode: 1 symDur: 4000 snrDb 30 bitPerTone: 4500 rate: 54 throughput: 11
09-19 14:25:49.056   645   800 D WifiThroughputPredictor:  utilization (LLS) 80 isBluetoothConnected: false final utilization: 80
09-19 14:25:49.056   645   800 D WifiThroughputPredictor:  BW: 0 RSSI: -50 Nss: 1 Mode: 1 symDur: 4000 snrDb 30 bitPerTone: 4500 rate: 54 throughput: 11
09-19 14:25:49.063   645   800 I HalDevMgr: bestIfaceCreationProposal is null, requestIface=STA, existingIface=[name=wlan0 type=STA]
09-19 14:25:49.064   645   800 D WifiScoreCard: BSSID update SIGNAL_POLL ID: 760286919 SSID: "AndroidWifi", BSSID: 00:13:10:85:fe:01, MAC: 02:15:b2:00:00:00, IP: /10.0.2.16, Security type: 0, Supplicant state: COMPLETED, Wi-Fi standard: legacy, RSSI: -50, Link speed: 1Mbps, Tx Link speed: 1Mbps, Max Supported Tx Link speed: 11Mbps, Calculated Tx : 0Mbps, Rx Link speed: 2Mbps, Max Supported Rx Link speed: 11Mbps, Calculated Rx : 0Mbps, Frequency: 2447MHz, Net ID: 0, Metered hint: false, score: 100, isUsable: true, CarrierMerged: false, SubscriptionId: -1, IsPrimary: 1, Trusted: true, Restricted: false, Ephemeral: false, OEM paid: false, OEM private: false, OSU AP: false, FQDN: <none>, Provider friendly name: <none>, Requesting package name: <none>"AndroidWifi"openMLO Information: , Is TID-To-Link negotiation supported by the AP: false, AP MLD Address: <none>, AP MLO Link Id: <none>, AP MLO Affiliated links: <none>, Vendor Data: <none>
09-19 14:25:49.064   645   800 D WifiScoreCard: txRate: 1 txSpeed: 1
09-19 14:25:49.064   645   800 D WifiScoreCard: network update SIGNAL_POLL "AndroidWifi" ID: 673433585 RSSI -50 txSpeed -1
09-19 14:25:49.064   645   800 D WifiClientModeImpl[3810:wlan0]:  ClientModeImpl$L2ConnectedState screen=on 26 0 "AndroidWifi" 00:13:10:85:fe:01 rssi=-50 f=2447 sc=100 link=1 tx=0.0, 0.0, 0.0 rx=0.0 bcn=0 [on:0 tx:0 rx:0 period:3015] from screen [on:0 period:-1205813368] score=100
09-19 14:25:49.145   491   588 W skia    : AGTM parsing failed flags.readFromStream(s) at 159
09-19 14:25:49.145   491   588 W skia    : AGTM parsing failed flags.readFromStream(s) at 159
09-19 14:25:49.247   491   588 W skia    : AGTM parsing failed flags.readFromStream(s) at 159
09-19 14:25:49.247   491   588 W skia    : AGTM parsing failed flags.readFromStream(s) at 159
09-19 14:25:49.347   491   588 W skia    : AGTM parsing failed flags.readFromStream(s) at 159
09-19 14:25:49.347   491   588 W skia    : AGTM parsing failed flags.readFromStream(s) at 159
09-19 14:25:49.448   491   588 W skia    : AGTM parsing failed flags.readFromStream(s) at 159
09-19 14:25:49.448   491   588 W skia    : AGTM parsing failed flags.readFromStream(s) at 159
09-19 14:25:49.451   487   531 D AudioFlinger: mixer(0xb400006ff95ca790) throttle end: throttle time(4)
09-19 14:25:49.551   491   588 W skia    : AGTM parsing failed flags.readFromStream(s) at 159
09-19 14:25:49.551   491   588 W skia    : AGTM parsing failed flags.readFromStream(s) at 159
09-19 14:25:49.652   491   588 W skia    : AGTM parsing failed flags.readFromStream(s) at 159
09-19 14:25:49.652   491   588 W skia    : AGTM parsing failed flags.readFromStream(s) at 159
09-19 14:25:49.763   491   588 W skia    : AGTM parsing failed flags.readFromStream(s) at 159
09-19 14:25:49.763   491   588 W skia    : AGTM parsing failed flags.readFromStream(s) at 159
09-19 14:25:49.840 20549 20549 I flutter : RN_VALIDATION_CHUNK START {"schema":1,"runner":"flutter_flame_godot","event":"sample","scenario":"fire","sample":41,"elapsed_ms":43541,"rss_bytes":557273088,"enemies":3,"burning":2,"turrets":6,"projectiles":0,"effects":0,"metrics":{"authored_terrain":true,"draw_calls":191.0,"fps":41.5491045013837,"frame_ms":24.0679074074075,"max_frame_ms":44.441,"objects":258.0,"primitives":418625.0,"received_frames":4134,"renderer":"mobile","sequence":4967,"viewport":[880.0,1976.0]}}
09-19 14:25:49.840 20549 20549 I flutter : RN_VALIDATION_END
09-19 14:25:49.863   491   588 W skia    : AGTM parsing failed flags.readFromStream(s) at 159
09-19 14:25:49.863   491   588 W skia    : AGTM parsing failed flags.readFromStream(s) at 159
09-19 14:25:49.964   491   588 W skia    : AGTM parsing failed flags.readFromStream(s) at 159
09-19 14:25:49.964   491   588 W skia    : AGTM parsing failed flags.readFromStream(s) at 159
09-19 14:25:50.064   491   588 W skia    : AGTM parsing failed flags.readFromStream(s) at 159
09-19 14:25:50.064   491   588 W skia    : AGTM parsing failed flags.readFromStream(s) at 159
09-19 14:25:50.165   491   588 W skia    : AGTM parsing failed flags.readFromStream(s) at 159
09-19 14:25:50.165   491   588 W skia    : AGTM parsing failed flags.readFromStream(s) at 159
09-19 14:25:50.277   491   588 W skia    : AGTM parsing failed flags.readFromStream(s) at 159
09-19 14:25:50.277   491   588 W skia    : AGTM parsing failed flags.readFromStream(s) at 159
09-19 14:25:50.381   487   531 D AudioFlinger: mixer(0xb400006ff95ca790) throttle end: throttle time(5)
09-19 14:25:50.384   491   588 W skia    : AGTM parsing failed flags.readFromStream(s) at 159
09-19 14:25:50.385   491   588 W skia    : AGTM parsing failed flags.readFromStream(s) at 159
09-19 14:25:50.497   491   588 W skia    : AGTM parsing failed flags.readFromStream(s) at 159
09-19 14:25:50.497   491   588 W skia    : AGTM parsing failed flags.readFromStream(s) at 159
09-19 14:25:50.597   491   588 W skia    : AGTM parsing failed flags.readFromStream(s) at 159
09-19 14:25:50.597   491   588 W skia    : AGTM parsing failed flags.readFromStream(s) at 159
09-19 14:25:50.698   491   588 W skia    : AGTM parsing failed flags.readFromStream(s) at 159
09-19 14:25:50.698   491   588 W skia    : AGTM parsing failed flags.readFromStream(s) at 159
09-19 14:25:50.810   491   588 W skia    : AGTM parsing failed flags.readFromStream(s) at 159
09-19 14:25:50.810   491   588 W skia    : AGTM parsing failed flags.readFromStream(s) at 159
09-19 14:25:50.861 20549 20549 I flutter : RN_VALIDATION_CHUNK START {"schema":1,"runner":"flutter_flame_godot","event":"sample","scenario":"fire","sample":42,"elapsed_ms":44564,"rss_bytes":556965888,"enemies":3,"burning":2,"turrets":6,"projectiles":0,"effects":0,"metrics":{"authored_terrain":true,"draw_calls":163.0,"fps":27.744861337899,"frame_ms":36.0427103174603,"max_frame_ms":68.8773333333333,"objects":175.0,"primitives":411461.0,"received_frames":4158,"renderer":"mobile","sequence":4997,"viewport":[880.0,1976.0]}}
09-19 14:25:50.861 20549 20549 I flutter : RN_VALIDATION_END
09-19 14:25:50.911   491   588 W skia    : AGTM parsing failed flags.readFromStream(s) at 159
09-19 14:25:50.911   491   588 W skia    : AGTM parsing failed flags.readFromStream(s) at 159
09-19 14:25:51.011   491   588 W skia    : AGTM parsing failed flags.readFromStream(s) at 159
09-19 14:25:51.012   491   588 W skia    : AGTM parsing failed flags.readFromStream(s) at 159
09-19 14:25:51.097 20549 20553 I us.godotpreview: NativeAlloc concurrent mark compact GC freed 129KB AllocSpace bytes, 6(472KB) LOS objects, 49% free, 2447KB/4895KB, paused 365us,10.049ms total 17.286ms
09-19 14:25:51.116   491   588 W skia    : AGTM parsing failed flags.readFromStream(s) at 159
09-19 14:25:51.116   491   588 W skia    : AGTM parsing failed flags.readFromStream(s) at 159
09-19 14:25:51.227   491   588 W skia    : AGTM parsing failed flags.readFromStream(s) at 159
09-19 14:25:51.228   491   588 W skia    : AGTM parsing failed flags.readFromStream(s) at 159
09-19 14:25:51.328   491   588 W skia    : AGTM parsing failed flags.readFromStream(s) at 159
09-19 14:25:51.328   491   588 W skia    : AGTM parsing failed flags.readFromStream(s) at 159
09-19 14:25:51.443   491   588 W skia    : AGTM parsing failed flags.readFromStream(s) at 159
09-19 14:25:51.443   491   588 W skia    : AGTM parsing failed flags.readFromStream(s) at 159
09-19 14:25:51.546   491   588 W skia    : AGTM parsing failed flags.readFromStream(s) at 159
09-19 14:25:51.546   491   588 W skia    : AGTM parsing failed flags.readFromStream(s) at 159
09-19 14:25:51.678   491   588 W skia    : AGTM parsing failed flags.readFromStream(s) at 159
09-19 14:25:51.678   491   588 W skia    : AGTM parsing failed flags.readFromStream(s) at 159
09-19 14:25:51.789   491   588 W skia    : AGTM parsing failed flags.readFromStream(s) at 159
09-19 14:25:51.789   491   588 W skia    : AGTM parsing failed flags.readFromStream(s) at 159
09-19 14:25:51.826 20549 20553 I us.godotpreview: NativeAlloc concurrent mark compact GC freed 130KB AllocSpace bytes, 6(480KB) LOS objects, 49% free, 2455KB/4910KB, paused 74us,5.607ms total 27.926ms
09-19 14:25:51.874 20549 20549 I flutter : RN_VALIDATION_CHUNK START {"schema":1,"runner":"flutter_flame_godot","event":"sample","scenario":"fire","sample":43,"elapsed_ms":45577,"rss_bytes":557461504,"enemies":3,"burning":2,"turrets":6,"projectiles":0,"effects":0,"metrics":{"authored_terrain":true,"draw_calls":169.0,"fps":38.5997718324599,"frame_ms":25.9068888888888,"max_frame_ms":34.656,"objects":189.0,"primitives":413185.0,"received_frames":4188,"renderer":"mobile","sequence":5029,"viewport":[880.0,1976.0]}}
09-19 14:25:51.874 20549 20549 I flutter : RN_VALIDATION_END
09-19 14:25:51.891   491   588 W skia    : AGTM parsing failed flags.readFromStream(s) at 159
09-19 14:25:51.891   491   588 W skia    : AGTM parsing failed flags.readFromStream(s) at 159
09-19 14:25:51.998   491   588 W skia    : AGTM parsing failed flags.readFromStream(s) at 159
09-19 14:25:51.998   491   588 W skia    : AGTM parsing failed flags.readFromStream(s) at 159
09-19 14:25:52.068   645   800 D WifiClientModeImpl[3810:wlan0]: updateLinkLayerStatsRssiSpeedFrequencyCapabilities rssi=-50 TxLinkspeed=1 freq=2447 RxLinkSpeed=2
09-19 14:25:52.068   645   800 D WifiDataStall: tx tput in kbps: 11000
09-19 14:25:52.068   645   800 D WifiDataStall: rx tput in kbps: 11000
09-19 14:25:52.068   645   800 V WifiConfigManager: Updating scan detail cache freq=2447 BSSID=00:13:10:85:fe:01 RSSI=-50 for "AndroidWifi"NONE
09-19 14:25:52.068   645   800 D WifiThroughputPredictor:  utilization (LLS) 80 isBluetoothConnected: false final utilization: 80
09-19 14:25:52.068   645   800 D WifiThroughputPredictor:  BW: 0 RSSI: -50 Nss: 1 Mode: 1 symDur: 4000 snrDb 30 bitPerTone: 4500 rate: 54 throughput: 11
09-19 14:25:52.068   645   800 D WifiThroughputPredictor:  utilization (LLS) 80 isBluetoothConnected: false final utilization: 80
09-19 14:25:52.068   645   800 D WifiThroughputPredictor:  BW: 0 RSSI: -50 Nss: 1 Mode: 1 symDur: 4000 snrDb 30 bitPerTone: 4500 rate: 54 throughput: 11
09-19 14:25:52.068   645   800 D WifiThroughputPredictor:  utilization (LLS) 80 isBluetoothConnected: false final utilization: 80
09-19 14:25:52.068   645   800 D WifiThroughputPredictor:  BW: 0 RSSI: -50 Nss: 1 Mode: 1 symDur: 4000 snrDb 30 bitPerTone: 4500 rate: 54 throughput: 11
09-19 14:25:52.068   645   800 D WifiThroughputPredictor:  utilization (LLS) 80 isBluetoothConnected: false final utilization: 80
09-19 14:25:52.068   645   800 D WifiThroughputPredictor:  BW: 0 RSSI: -50 Nss: 1 Mode: 1 symDur: 4000 snrDb 30 bitPerTone: 4500 rate: 54 throughput: 11
09-19 14:25:52.071   645   800 I HalDevMgr: bestIfaceCreationProposal is null, requestIface=STA, existingIface=[name=wlan0 type=STA]
09-19 14:25:52.072   645   800 D WifiScoreCard: BSSID update SIGNAL_POLL ID: 760286919 SSID: "AndroidWifi", BSSID: 00:13:10:85:fe:01, MAC: 02:15:b2:00:00:00, IP: /10.0.2.16, Security type: 0, Supplicant state: COMPLETED, Wi-Fi standard: legacy, RSSI: -50, Link speed: 1Mbps, Tx Link speed: 1Mbps, Max Supported Tx Link speed: 11Mbps, Calculated Tx : 0Mbps, Rx Link speed: 2Mbps, Max Supported Rx Link speed: 11Mbps, Calculated Rx : 0Mbps, Frequency: 2447MHz, Net ID: 0, Metered hint: false, score: 100, isUsable: true, CarrierMerged: false, SubscriptionId: -1, IsPrimary: 1, Trusted: true, Restricted: false, Ephemeral: false, OEM paid: false, OEM private: false, OSU AP: false, FQDN: <none>, Provider friendly name: <none>, Requesting package name: <none>"AndroidWifi"openMLO Information: , Is TID-To-Link negotiation supported by the AP: false, AP MLD Address: <none>, AP MLO Link Id: <none>, AP MLO Affiliated links: <none>, Vendor Data: <none>
09-19 14:25:52.072   645   800 D WifiScoreCard: txRate: 1 txSpeed: 1
09-19 14:25:52.072   645   800 D WifiScoreCard: network update SIGNAL_POLL "AndroidWifi" ID: 673433585 RSSI -50 txSpeed -1
09-19 14:25:52.072   645   800 D WifiClientModeImpl[3810:wlan0]:  ClientModeImpl$L2ConnectedState screen=on 26 0 "AndroidWifi" 00:13:10:85:fe:01 rssi=-50 f=2447 sc=100 link=1 tx=0.0, 0.0, 0.0 rx=0.0 bcn=0 [on:0 tx:0 rx:0 period:3008] from screen [on:0 period:-1205810360] score=100
09-19 14:25:52.111   491   588 W skia    : AGTM parsing failed flags.readFromStream(s) at 159
09-19 14:25:52.111   491   588 W skia    : AGTM parsing failed flags.readFromStream(s) at 159
09-19 14:25:52.211   491   588 W skia    : AGTM parsing failed flags.readFromStream(s) at 159
09-19 14:25:52.211   491   588 W skia    : AGTM parsing failed flags.readFromStream(s) at 159
09-19 14:25:52.314   491   588 W skia    : AGTM parsing failed flags.readFromStream(s) at 159
09-19 14:25:52.315   491   588 W skia    : AGTM parsing failed flags.readFromStream(s) at 159
09-19 14:25:52.415   491   588 W skia    : AGTM parsing failed flags.readFromStream(s) at 159
09-19 14:25:52.415   491   588 W skia    : AGTM parsing failed flags.readFromStream(s) at 159
09-19 14:25:52.463   892   892 D wpa_supplicant: nl80211: Drv Event 64 (NL80211_CMD_NOTIFY_CQM) received for wlan0
09-19 14:25:52.463   892   892 D wpa_supplicant: nl80211: Beacon loss event
09-19 14:25:52.463   892   892 D wpa_supplicant: wlan0: Event BEACON_LOSS (53) received
09-19 14:25:52.463   892   892 I wpa_supplicant: wlan0: CTRL-EVENT-BEACON-LOSS 
09-19 14:25:52.525   491   588 W skia    : AGTM parsing failed flags.readFromStream(s) at 159
09-19 14:25:52.525   491   588 W skia    : AGTM parsing failed flags.readFromStream(s) at 159
09-19 14:25:52.630   491   588 W skia    : AGTM parsing failed flags.readFromStream(s) at 159
09-19 14:25:52.630   491   588 W skia    : AGTM parsing failed flags.readFromStream(s) at 159
09-19 14:25:52.678  2432 20517 I NetworkScheduler.Stats: Task com.google.android.gms/com.google.android.gms.clearcut.uploader.QosUploaderService started execution. cause:4 exec_start_elapsed_seconds: 663136 [CONTEXT service_id=218 ]
09-19 14:25:52.703  2432 20631 I NetworkScheduler.Stats: Task com.google.android.gms/com.google.android.gms.auth.account.be.accountstate.GcmTaskService started execution. cause:4 exec_start_elapsed_seconds: 663136 [CONTEXT service_id=218 ]
09-19 14:25:52.721  2432 20630 I NetworkScheduler.Stats: Task com.google.android.gms/com.google.android.gms.clearcut.uploader.QosUploaderService finished executing. cause:4 result: 1 elapsed_millis: 65 uptime_millis: 65 exec_start_elapsed_seconds: 663136 [CONTEXT service_id=218 ]
09-19 14:25:52.730   491   588 W skia    : AGTM parsing failed flags.readFromStream(s) at 159
09-19 14:25:52.730   491   588 W skia    : AGTM parsing failed flags.readFromStream(s) at 159
09-19 14:25:52.756  2432 20630 I NetworkScheduler.Stats: Task com.google.android.gms/com.google.android.gms.auth.account.be.accountstate.GcmTaskService finished executing. cause:4 result: 1 elapsed_millis: 50 uptime_millis: 50 exec_start_elapsed_seconds: 663136 [CONTEXT service_id=218 ]
09-19 14:25:52.790   645  2007 D ActivityManager: sync unfroze 1651 com.google.android.gms for 4
09-19 14:25:52.834  1651  1651 D BoundBrokerSvc: onBind: Intent { act=com.google.android.gms.semanticlocationhistory.deidentifieddata.storevisits.StoreVisitsProcessingService.ACTION_TASK_READY dat=chimera-action:/... xflg=0x4 cmp=com.google.android.gms/.chimera.GmsInternalBoundBrokerService }
09-19 14:25:52.834  1651  1651 D BoundBrokerSvc: Loading bound service for intent: Intent { act=com.google.android.gms.semanticlocationhistory.deidentifieddata.storevisits.StoreVisitsProcessingService.ACTION_TASK_READY dat=chimera-action:/... xflg=0x4 cmp=com.google.android.gms/.chimera.GmsInternalBoundBrokerService }
09-19 14:25:52.848   491   588 W skia    : AGTM parsing failed flags.readFromStream(s) at 159
09-19 14:25:52.848   491   588 W skia    : AGTM parsing failed flags.readFromStream(s) at 159
09-19 14:25:52.861  1651  1651 D BoundBrokerSvc: onUnbind: Intent { act=com.google.android.gms.common.BIND_SHARED_PREFS xflg=0x4 pkg=com.google.android.gms }
09-19 14:25:52.863  1651  1651 D BoundBrokerSvc: onBind: Intent { act=com.google.android.gms.semanticlocationhistory.federated.regionfetcher.RegionMddDownloadScheduleService.ACTION_TASK_READY dat=chimera-action:/... xflg=0x4 cmp=com.google.android.gms/.chimera.GmsInternalBoundBrokerService }
09-19 14:25:52.863  1651  1651 D BoundBrokerSvc: Loading bound service for intent: Intent { act=com.google.android.gms.semanticlocationhistory.federated.regionfetcher.RegionMddDownloadScheduleService.ACTION_TASK_READY dat=chimera-action:/... xflg=0x4 cmp=com.google.android.gms/.chimera.GmsInternalBoundBrokerService }
09-19 14:25:52.871  2432 20630 I NetworkScheduler.Stats: Task com.google.android.gms/com.google.android.gms.semanticlocationhistory.deidentifieddata.storevisits.StoreVisitsProcessingService started execution. cause:5 exec_start_elapsed_seconds: 663136 [CONTEXT service_id=218 ]
09-19 14:25:52.898  2432 20393 I NetworkScheduler.Stats: Task com.google.android.gms/com.google.android.gms.semanticlocationhistory.federated.regionfetcher.RegionMddDownloadScheduleService started execution. cause:5 exec_start_elapsed_seconds: 663136 [CONTEXT service_id=218 ]
09-19 14:25:52.901 20549 20549 I flutter : RN_VALIDATION_CHUNK START {"schema":1,"runner":"flutter_flame_godot","event":"sample","scenario":"fire","sample":44,"elapsed_ms":46604,"rss_bytes":556982272,"enemies":3,"burning":2,"turrets":6,"projectiles":0,"effects":0,"metrics":{"authored_terrain":true,"draw_calls":162.0,"fps":36.9388997018113,"frame_ms":27.0717321867323,"max_frame_ms":38.5446666666667,"objects":174.0,"primitives":411361.0,"received_frames":4217,"renderer":"mobile","sequence":5060,"viewport":[880.0,1976.0]}}
09-19 14:25:52.901 20549 20549 I flutter : RN_VALIDATION_END
09-19 14:25:52.927   645  1630 W ProcessStats: Tracking association SourceState{5d478f1 com.google.android.gms.persistent/10222 ImpBg #79208} whose proc state 6 is better than process ProcessState{524b33c com.google.android.gms/10222 pkg=com.google.android.gms} proc state 14 (1 skipped)
09-19 14:25:52.948  2432  2432 D BoundBrokerSvc: onRebind: Intent { act=com.google.android.gms.auth.aang.events.services.START dat=chimera-action:/... xflg=0x4 cmp=com.google.android.gms/.chimera.PersistentApiService }
09-19 14:25:52.951   491   588 W skia    : AGTM parsing failed flags.readFromStream(s) at 159
09-19 14:25:52.951   491   588 W skia    : AGTM parsing failed flags.readFromStream(s) at 159
09-19 14:25:52.968  1651 19186 I LocationHistory: Account-level location setting is turned off. [CONTEXT service_id=314 ]
09-19 14:25:52.970  1651  1651 D BoundBrokerSvc: onUnbind: Intent { act=com.google.android.gms.semanticlocationhistory.deidentifieddata.storevisits.StoreVisitsProcessingService.ACTION_TASK_READY dat=chimera-action:/... xflg=0x4 cmp=com.google.android.gms/.chimera.GmsInternalBoundBrokerService }
09-19 14:25:52.971  2432 20630 I NetworkScheduler.Stats: Task com.google.android.gms/com.google.android.gms.semanticlocationhistory.deidentifieddata.storevisits.StoreVisitsProcessingService finished executing. cause:5 result: 1 elapsed_millis: 191 uptime_millis: 191 exec_start_elapsed_seconds: 663136 [CONTEXT service_id=218 ]
09-19 14:25:52.974  1651  1651 D BoundBrokerSvc: onUnbind: Intent { act=com.google.android.gms.semanticlocationhistory.federated.regionfetcher.RegionMddDownloadScheduleService.ACTION_TASK_READY dat=chimera-action:/... xflg=0x4 cmp=com.google.android.gms/.chimera.GmsInternalBoundBrokerService }
09-19 14:25:53.001  2432 20630 I NetworkScheduler.Stats: Task com.google.android.gms/com.google.android.gms.semanticlocationhistory.federated.regionfetcher.RegionMddDownloadScheduleService finished executing. cause:5 result: 2 elapsed_millis: 140 uptime_millis: 140 exec_start_elapsed_seconds: 663136 [CONTEXT service_id=218 ]
09-19 14:25:53.036  1651  1651 D BoundBrokerSvc: onBind: Intent { act=com.google.android.gms.semanticlocationhistory.deidentifieddata.uploads.BatchDeidentifiedDataUploadService.ACTION_TASK_READY dat=chimera-action:/... xflg=0x4 cmp=com.google.android.gms/.chimera.GmsInternalBoundBrokerService }
09-19 14:25:53.036  1651  1651 D BoundBrokerSvc: Loading bound service for intent: Intent { act=com.google.android.gms.semanticlocationhistory.deidentifieddata.uploads.BatchDeidentifiedDataUploadService.ACTION_TASK_READY dat=chimera-action:/... xflg=0x4 cmp=com.google.android.gms/.chimera.GmsInternalBoundBrokerService }
09-19 14:25:53.049  2432 20630 I NetworkScheduler.Stats: Task com.google.android.gms/com.google.android.gms.semanticlocationhistory.deidentifieddata.uploads.BatchDeidentifiedDataUploadService started execution. cause:5 exec_start_elapsed_seconds: 663136 [CONTEXT service_id=218 ]
09-19 14:25:53.062   491   588 W skia    : AGTM parsing failed flags.readFromStream(s) at 159
09-19 14:25:53.062   491   588 W skia    : AGTM parsing failed flags.readFromStream(s) at 159
09-19 14:25:53.094  2432 20393 I NetworkScheduler.Stats: Task com.google.android.gms/com.google.android.gms.clearcut.uploader.QosUploaderService started execution. cause:5 exec_start_elapsed_seconds: 663136 [CONTEXT service_id=218 ]
09-19 14:25:53.139  2432 20630 I NetworkScheduler.Stats: Task com.google.android.gms/com.google.android.gms.semanticlocationhistory.deidentifieddata.uploads.BatchDeidentifiedDataUploadService finished executing. cause:5 result: 1 elapsed_millis: 116 uptime_millis: 116 exec_start_elapsed_seconds: 663136 [CONTEXT service_id=218 ]
09-19 14:25:53.146  1651  1651 D BoundBrokerSvc: onUnbind: Intent { act=com.google.android.gms.semanticlocationhistory.deidentifieddata.uploads.BatchDeidentifiedDataUploadService.ACTION_TASK_READY dat=chimera-action:/... xflg=0x4 cmp=com.google.android.gms/.chimera.GmsInternalBoundBrokerService }
09-19 14:25:53.159  2432  2432 D BoundBrokerSvc: onRebind: Intent { act=com.google.android.gms.common.telemetry.service.START dat=chimera-action:/... xflg=0x4 cmp=com.google.android.gms/.chimera.PersistentApiService }
09-19 14:25:53.166   491   588 W skia    : AGTM parsing failed flags.readFromStream(s) at 159
09-19 14:25:53.166   491   588 W skia    : AGTM parsing failed flags.readFromStream(s) at 159
09-19 14:25:53.173   645  1630 W AppOps  : Noting op not finished: uid 10222 pkg com.google.android.gms code 113 startTime of in progress event=1789652922538
09-19 14:25:53.189   645  1630 W AppOps  : Noting op not finished: uid 10222 pkg com.google.android.gms code 79 startTime of in progress event=1789652922700
09-19 14:25:53.249  2432 20393 I NetworkScheduler.Stats: Task com.google.android.gms/com.google.android.gms.gcm.HeartbeatAlarm$ConnectionInfoPersistService started execution. cause:5 exec_start_elapsed_seconds: 663136 [CONTEXT service_id=218 ]
09-19 14:25:53.257  2432  2533 I ActivityScheduler: nextTriggerTime: 663374863, in 238100ms, detectorType: 39, FULL_TYPE alarmWindowMillis: 80000
09-19 14:25:53.268   491   588 W skia    : AGTM parsing failed flags.readFromStream(s) at 159
09-19 14:25:53.268   491   588 W skia    : AGTM parsing failed flags.readFromStream(s) at 159
09-19 14:25:53.274  2432 20393 I NetworkScheduler.Stats: Task com.google.android.gms/com.google.android.gms.gcm.HeartbeatAlarm$ConnectionInfoPersistService finished executing. cause:5 result: 1 elapsed_millis: 49 uptime_millis: 49 exec_start_elapsed_seconds: 663136 [CONTEXT service_id=218 ]
09-19 14:25:53.297   431 20634 I resolv  : GetAddrInfoHandler::run: {126 786558 126 983166 10222 0}
09-19 14:25:53.302   431 20636 I resolv  : res_nmkquery: (QUERY, IN, A)
09-19 14:25:53.312   431 20635 I resolv  : res_nmkquery: (QUERY, IN, AAAA)
09-19 14:25:53.320   645   685 I WifiService: isFeatureSupported uid=1000 returns [WIFI_FEATURE_INFRA, WIFI_FEATURE_P2P, WIFI_FEATURE_MOBILE_HOTSPOT, WIFI_FEATURE_WPA3_SAE, WIFI_FEATURE_WPA3_SUITE_B, WIFI_FEATURE_OWE, WIFI_FEATURE_DPP, WIFI_FEATURE_AP_RAND_MAC, WIFI_FEATURE_MBO, WIFI_FEATURE_FILS_SHA256, WIFI_FEATURE_FILS_SHA384, WIFI_FEATURE_SAE_PK, WIFI_FEATURE_DPP_ENROLLEE_RESPONDER, WIFI_FEATURE_PASSPOINT_TERMS_AND_CONDITIONS, WIFI_FEATURE_WFD_R2, WIFI_FEATURE_DECORATED_IDENTITY, WIFI_FEATURE_TRUST_ON_FIRST_USE, WIFI_FEATURE_SET_TLS_MINIMUM_VERSION, WIFI_FEATURE_TLS_V1_3, WIFI_FEATURE_WEP, WIFI_FEATURE_WPA_PERSONAL]
09-19 14:25:53.376   491   588 W skia    : AGTM parsing failed flags.readFromStream(s) at 159
09-19 14:25:53.376   491   588 W skia    : AGTM parsing failed flags.readFromStream(s) at 159
09-19 14:25:53.421   431 20636 I resolv  : res_nsend: used send_dg 165 terrno: 0
09-19 14:25:53.421   431 20636 I resolv  : doQuery: rcode=0, ancount=8, return value=165
09-19 14:25:53.426   431 20635 I resolv  : res_nsend: used send_dg 261 terrno: 0
09-19 14:25:53.427   431 20635 I resolv  : doQuery: rcode=0, ancount=8, return value=261
09-19 14:25:53.477   491   588 W skia    : AGTM parsing failed flags.readFromStream(s) at 159
09-19 14:25:53.477   491   588 W skia    : AGTM parsing failed flags.readFromStream(s) at 159
09-19 14:25:53.578   491   588 W skia    : AGTM parsing failed flags.readFromStream(s) at 159
09-19 14:25:53.578   491   588 W skia    : AGTM parsing failed flags.readFromStream(s) at 159
09-19 14:25:53.682   491   588 W skia    : AGTM parsing failed flags.readFromStream(s) at 159
09-19 14:25:53.683   491   588 W skia    : AGTM parsing failed flags.readFromStream(s) at 159
09-19 14:25:53.793   491   588 W skia    : AGTM parsing failed flags.readFromStream(s) at 159
09-19 14:25:53.793   491   588 W skia    : AGTM parsing failed flags.readFromStream(s) at 159
09-19 14:25:53.897   491   588 W skia    : AGTM parsing failed flags.readFromStream(s) at 159
09-19 14:25:53.897   491   588 W skia    : AGTM parsing failed flags.readFromStream(s) at 159
09-19 14:25:53.902  2432  2432 D BoundBrokerSvc: onRebind: Intent { act=com.google.android.gms.libs.gmscorelogger.service.START dat=chimera-action:/... xflg=0x4 cmp=com.google.android.gms/.chimera.PersistentDirectBootAwareApiService }
09-19 14:25:53.958 20549 20549 I flutter : RN_VALIDATION_CHUNK START {"schema":1,"runner":"flutter_flame_godot","event":"sample","scenario":"fire","sample":45,"elapsed_ms":47661,"rss_bytes":557051904,"enemies":3,"burning":2,"turrets":6,"projectiles":0,"effects":0,"metrics":{"authored_terrain":true,"draw_calls":165.0,"fps":28.2051622874051,"frame_ms":35.4545026123302,"max_frame_ms":72.6243333333309,"objects":183.0,"primitives":412077.0,"received_frames":4243,"renderer":"mobile","sequence":5087,"viewport":[880.0,1976.0]}}
09-19 14:25:53.958 20549 20549 I flutter : RN_VALIDATION_END
09-19 14:25:53.997   491   588 W skia    : AGTM parsing failed flags.readFromStream(s) at 159
09-19 14:25:53.997   491   588 W skia    : AGTM parsing failed flags.readFromStream(s) at 159
09-19 14:25:54.097   491   588 W skia    : AGTM parsing failed flags.readFromStream(s) at 159
09-19 14:25:54.097   491   588 W skia    : AGTM parsing failed flags.readFromStream(s) at 159
09-19 14:25:54.174   645   988 W AppOps  : Noting op not finished: uid 10222 pkg com.google.android.gms code 113 startTime of in progress event=1789652922538
09-19 14:25:54.198   491   588 W skia    : AGTM parsing failed flags.readFromStream(s) at 159
09-19 14:25:54.199   491   588 W skia    : AGTM parsing failed flags.readFromStream(s) at 159
09-19 14:25:54.297   491   588 W skia    : AGTM parsing failed flags.readFromStream(s) at 159
09-19 14:25:54.297   491   588 W skia    : AGTM parsing failed flags.readFromStream(s) at 159
09-19 14:25:54.302   487   531 D AudioFlinger: mixer(0xb400006ff95ca790) throttle end: throttle time(1)
09-19 14:25:54.399   491   588 W skia    : AGTM parsing failed flags.readFromStream(s) at 159
09-19 14:25:54.399   491   588 W skia    : AGTM parsing failed flags.readFromStream(s) at 159
09-19 14:25:54.499   491   588 W skia    : AGTM parsing failed flags.readFromStream(s) at 159
09-19 14:25:54.499   491   588 W skia    : AGTM parsing failed flags.readFromStream(s) at 159
09-19 14:25:54.520 20549 20553 I us.godotpreview: NativeAlloc concurrent mark compact GC freed 129KB AllocSpace bytes, 4(336KB) LOS objects, 49% free, 2463KB/4926KB, paused 1.257ms,9.606ms total 25.226ms
09-19 14:25:54.610   491   588 W skia    : AGTM parsing failed flags.readFromStream(s) at 159
09-19 14:25:54.610   491   588 W skia    : AGTM parsing failed flags.readFromStream(s) at 159
09-19 14:25:54.710   491   588 W skia    : AGTM parsing failed flags.readFromStream(s) at 159
09-19 14:25:54.710   491   588 W skia    : AGTM parsing failed flags.readFromStream(s) at 159
09-19 14:25:54.811   491   588 W skia    : AGTM parsing failed flags.readFromStream(s) at 159
09-19 14:25:54.811   491   588 W skia    : AGTM parsing failed flags.readFromStream(s) at 159
09-19 14:25:54.911   491   588 W skia    : AGTM parsing failed flags.readFromStream(s) at 159
09-19 14:25:54.912   491   588 W skia    : AGTM parsing failed flags.readFromStream(s) at 159
09-19 14:25:54.999 20549 20549 I flutter : RN_VALIDATION_CHUNK START {"schema":1,"runner":"flutter_flame_godot","event":"sample","scenario":"fire","sample":46,"elapsed_ms":48702,"rss_bytes":557436928,"enemies":3,"burning":2,"turrets":6,"projectiles":0,"effects":0,"metrics":{"authored_terrain":true,"draw_calls":173.0,"fps":36.6746348643617,"frame_ms":27.2668018018018,"max_frame_ms":39.041,"objects":185.0,"primitives":415111.0,"received_frames":4268,"renderer":"mobile","sequence":5113,"viewport":[880.0,1976.0]}}
09-19 14:25:54.999 20549 20549 I flutter : RN_VALIDATION_END
09-19 14:25:55.012   491   588 W skia    : AGTM parsing failed flags.readFromStream(s) at 159
09-19 14:25:55.013   491   588 W skia    : AGTM parsing failed flags.readFromStream(s) at 159
09-19 14:25:55.024  2432 20631 I NetworkScheduler.Stats: Task com.google.android.gms/com.google.android.gms.clearcut.uploader.QosUploaderService finished executing. cause:5 result: 1 elapsed_millis: 1955 uptime_millis: 1955 exec_start_elapsed_seconds: 663136 [CONTEXT service_id=218 ]
09-19 14:25:55.077   645   800 D WifiClientModeImpl[3810:wlan0]: updateLinkLayerStatsRssiSpeedFrequencyCapabilities rssi=-50 TxLinkspeed=2 freq=2447 RxLinkSpeed=2
09-19 14:25:55.080   645   800 D WifiClientModeImpl[3810:wlan0]: reported txKbps 12000 rxKbps 30000
09-19 14:25:55.081   645   800 D WifiDataStall: tx tput in kbps: 11000
09-19 14:25:55.081   645   800 D WifiDataStall: rx tput in kbps: 11000
09-19 14:25:55.081   645   800 V WifiConfigManager: Updating scan detail cache freq=2447 BSSID=00:13:10:85:fe:01 RSSI=-50 for "AndroidWifi"NONE
09-19 14:25:55.081   645   800 D WifiThroughputPredictor:  utilization (LLS) 80 isBluetoothConnected: false final utilization: 80
09-19 14:25:55.081   645   800 D WifiThroughputPredictor:  BW: 0 RSSI: -50 Nss: 1 Mode: 1 symDur: 4000 snrDb 30 bitPerTone: 4500 rate: 54 throughput: 11
09-19 14:25:55.081   645   800 D WifiThroughputPredictor:  utilization (LLS) 80 isBluetoothConnected: false final utilization: 80
09-19 14:25:55.081   645   800 D WifiThroughputPredictor:  BW: 0 RSSI: -50 Nss: 1 Mode: 1 symDur: 4000 snrDb 30 bitPerTone: 4500 rate: 54 throughput: 11
09-19 14:25:55.083   645   830 I AdbWifiNetworkMonitor: Wi-Fi network available
09-19 14:25:55.083   645   830 I AdbWifiNetworkMonitor: Received the same Wi-Fi SSID. Ignoring.
09-19 14:25:55.089   645   800 D WifiThroughputPredictor:  utilization (LLS) 80 isBluetoothConnected: false final utilization: 80
09-19 14:25:55.089   645   800 D WifiThroughputPredictor:  BW: 0 RSSI: -50 Nss: 1 Mode: 1 symDur: 4000 snrDb 30 bitPerTone: 4500 rate: 54 throughput: 11
09-19 14:25:55.089   645   800 D WifiThroughputPredictor:  utilization (LLS) 80 isBluetoothConnected: false final utilization: 80
09-19 14:25:55.089   645   800 D WifiThroughputPredictor:  BW: 0 RSSI: -50 Nss: 1 Mode: 1 symDur: 4000 snrDb 30 bitPerTone: 4500 rate: 54 throughput: 11
09-19 14:25:55.098   645   806 W libbinder.IPCThreadState: Sending oneway calls to frozen process.
09-19 14:25:55.099   645   806 W libbinder.IPCThreadState: Sending oneway calls to frozen process.
09-19 14:25:55.099   645   806 W libbinder.IPCThreadState: Sending oneway calls to frozen process.
09-19 14:25:55.099   645   806 W libbinder.IPCThreadState: Sending oneway calls to frozen process.
09-19 14:25:55.099   645   806 W libbinder.IPCThreadState: Sending oneway calls to frozen process.
09-19 14:25:55.099   645   806 W libbinder.IPCThreadState: Sending oneway calls to frozen process.
09-19 14:25:55.100   645   806 W libbinder.IPCThreadState: Sending oneway calls to frozen process.
09-19 14:25:55.100   645   806 W libbinder.IPCThreadState: Sending oneway calls to frozen process.
09-19 14:25:55.101   645   806 W libbinder.IPCThreadState: Sending oneway calls to frozen process.
09-19 14:25:55.097   806   806 I binder_alloc: 14175: pid 645 spamming oneway? 453 buffers allocated for a total size of 474280
09-19 14:25:55.098   806   806 I binder_alloc: 14175: pid 645 spamming oneway? 454 buffers allocated for a total size of 475440
09-19 14:25:55.098   806   806 I binder_alloc: 14175: pid 645 spamming oneway? 455 buffers allocated for a total size of 476584
09-19 14:25:55.104   645   800 I HalDevMgr: bestIfaceCreationProposal is null, requestIface=STA, existingIface=[name=wlan0 type=STA]
09-19 14:25:55.104   645  2005 I WifiService: getWifiEnabledState uid=10194 state=3
09-19 14:25:55.104   645   800 D WifiScoreCard: BSSID update SIGNAL_POLL ID: 760286919 SSID: "AndroidWifi", BSSID: 00:13:10:85:fe:01, MAC: 02:15:b2:00:00:00, IP: /10.0.2.16, Security type: 0, Supplicant state: COMPLETED, Wi-Fi standard: legacy, RSSI: -50, Link speed: 2Mbps, Tx Link speed: 2Mbps, Max Supported Tx Link speed: 11Mbps, Calculated Tx : 0Mbps, Rx Link speed: 2Mbps, Max Supported Rx Link speed: 11Mbps, Calculated Rx : 0Mbps, Frequency: 2447MHz, Net ID: 0, Metered hint: false, score: 100, isUsable: true, CarrierMerged: false, SubscriptionId: -1, IsPrimary: 1, Trusted: true, Restricted: false, Ephemeral: false, OEM paid: false, OEM private: false, OSU AP: false, FQDN: <none>, Provider friendly name: <none>, Requesting package name: <none>"AndroidWifi"openMLO Information: , Is TID-To-Link negotiation supported by the AP: false, AP MLD Address: <none>, AP MLO Link Id: <none>, AP MLO Affiliated links: <none>, Vendor Data: <none>
09-19 14:25:55.104   645   800 D WifiScoreCard: txRate: 9 txSpeed: 2
09-19 14:25:55.105   645   800 D WifiScoreCard: network update SIGNAL_POLL "AndroidWifi" ID: 673433585 RSSI -50 txSpeed 2
09-19 14:25:55.105   645   800 D WifiClientModeImpl[3810:wlan0]:  ClientModeImpl$L2ConnectedState screen=on 26 0 "AndroidWifi" 00:13:10:85:fe:01 rssi=-50 f=2447 sc=100 link=2 tx=8.6, 0.0, 0.0 rx=8.6 bcn=0 [on:0 tx:0 rx:0 period:3033] from screen [on:0 period:-1205807327] score=100
09-19 14:25:55.107   645   888 I WifiService: getConnectionInfo uid=10222
09-19 14:25:55.107   645   888 V WifiService: Clearing REDACT_FOR_LOCAL_MAC_ADDRESS for com.google.android.gms(uid=10222)
09-19 14:25:55.109   431   475 I netd    : setProcSysNet(4, 2, wlan0, retrans_time_ms, 750) <0.76ms>
09-19 14:25:55.111   645   888 V WifiPermissionsUtil: checkCallersLocationPermission(com.google.android.gms): ok because uid 10222 has app-op android:fine_location
09-19 14:25:55.111   431   475 I netd    : setProcSysNet(4, 2, wlan0, ucast_solicit, 5) <0.05ms>
09-19 14:25:55.112   431  4981 I netd    : setProcSysNet(6, 2, wlan0, retrans_time_ms, 750) <0.21ms>
09-19 14:25:55.112   431  4981 I netd    : setProcSysNet(6, 2, wlan0, ucast_solicit, 5) <0.15ms>
09-19 14:25:55.113   645   888 V WifiService: Clearing REDACT_FOR_ACCESS_FINE_LOCATION for com.google.android.gms(uid=10222)
09-19 14:25:55.114   491   588 W skia    : AGTM parsing failed flags.readFromStream(s) at 159
09-19 14:25:55.115   491   588 W skia    : AGTM parsing failed flags.readFromStream(s) at 159
09-19 14:25:55.127   645   806 W AppOps  : Noting op not finished: uid 1000 pkg com.android.inputdevices code 169 startTime of in progress event=1789749014247
09-19 14:25:55.129   993  1141 D IpClient/wlan0: interfaceLinkStateChanged: ifindex 16 up
09-19 14:25:55.146   431  4981 I netd    : setProcSysNet(4, 2, wlan0, retrans_time_ms, 750) <0.19ms>
09-19 14:25:55.147   431  4981 I netd    : setProcSysNet(4, 2, wlan0, ucast_solicit, 10) <0.05ms>
09-19 14:25:55.147   431  4981 I netd    : setProcSysNet(6, 2, wlan0, retrans_time_ms, 750) <0.07ms>
09-19 14:25:55.160   431  4981 I netd    : setProcSysNet(6, 2, wlan0, ucast_solicit, 10) <0.23ms>
09-19 14:25:55.160   993  1141 D IpClient/wlan0: interfaceLinkStateChanged: ifindex 16 up
09-19 14:25:55.216   491   588 W skia    : AGTM parsing failed flags.readFromStream(s) at 159
09-19 14:25:55.216   491   588 W skia    : AGTM parsing failed flags.readFromStream(s) at 159
09-19 14:25:55.324   491   588 W skia    : AGTM parsing failed flags.readFromStream(s) at 159
09-19 14:25:55.324   491   588 W skia    : AGTM parsing failed flags.readFromStream(s) at 159
09-19 14:25:55.428   491   588 W skia    : AGTM parsing failed flags.readFromStream(s) at 159
09-19 14:25:55.428   491   588 W skia    : AGTM parsing failed flags.readFromStream(s) at 159
09-19 14:25:55.529   491   588 W skia    : AGTM parsing failed flags.readFromStream(s) at 159
09-19 14:25:55.530   491   588 W skia    : AGTM parsing failed flags.readFromStream(s) at 159
09-19 14:25:55.630   491   588 W skia    : AGTM parsing failed flags.readFromStream(s) at 159
09-19 14:25:55.630   491   588 W skia    : AGTM parsing failed flags.readFromStream(s) at 159
09-19 14:25:55.748   491   588 W skia    : AGTM parsing failed flags.readFromStream(s) at 159
09-19 14:25:55.748   491   588 W skia    : AGTM parsing failed flags.readFromStream(s) at 159
09-19 14:25:55.755 20549 20553 I us.godotpreview: NativeAlloc concurrent mark compact GC freed 129KB AllocSpace bytes, 5(420KB) LOS objects, 49% free, 2463KB/4927KB, paused 15.108ms,1.973ms total 47.661ms
09-19 14:25:55.850   491   588 W skia    : AGTM parsing failed flags.readFromStream(s) at 159
09-19 14:25:55.850   491   588 W skia    : AGTM parsing failed flags.readFromStream(s) at 159
09-19 14:25:55.962   491   588 W skia    : AGTM parsing failed flags.readFromStream(s) at 159
09-19 14:25:55.962   491   588 W skia    : AGTM parsing failed flags.readFromStream(s) at 159
09-19 14:25:55.999  1012  1174 D SatelliteController: isInCarrierRoamingNbIotNtn: satellite is disabled
09-19 14:25:56.000  1012  1174 D SatelliteController: getCarrierRoamingNtnConnectType: Checking connect type from PLMN config for subId: 1
09-19 14:25:56.001  1012  1174 D TelephonyConfigUpdateInstallReceiver: getConfigParser: domain=satellite
09-19 14:25:56.002  1012  1174 V SatelliteController: satelliteConfigParser is not ready
09-19 14:25:56.011  1012  1174 D SatelliteController: isSatelliteAttachSupportedViaConfigupdater: return null (satelliteConfig is null)
09-19 14:25:56.011  1012  1174 D SatelliteController: getSatellitePerPlmnConfiguration: invalid subId or not supported via carrier.
09-19 14:25:56.011  1012  1174 D SatelliteController: getCarrierRoamingNtnConnectType: config: null
09-19 14:25:56.011  1012  1174 D TelephonyConfigUpdateInstallReceiver: getConfigParser: domain=satellite
09-19 14:25:56.011  1012  1174 V SatelliteController: satelliteConfigParser is not ready
09-19 14:25:56.011  1012  1174 D SatelliteController: getCarrierRoamingNtnConnectTypeViaConfigUpdater: return null (satelliteConfig is null)
09-19 14:25:56.012  1012  1174 D SatelliteController: getCarrierRoamingNtnConnectType: Falling back to global carrier config connect type: 0
09-19 14:25:56.012  1012  1174 D TelephonyConfigUpdateInstallReceiver: getConfigParser: domain=satellite
09-19 14:25:56.012  1012  1174 V SatelliteController: satelliteConfigParser is not ready
09-19 14:25:56.012  1012  1174 D SatelliteController: isSatelliteAttachSupportedViaConfigupdater: return null (satelliteConfig is null)
09-19 14:25:56.012  1012  1174 D SatelliteController: getCarrierRoamingNtnConnectType: Checking connect type from PLMN config for subId: 1
09-19 14:25:56.012  1012  1174 D TelephonyConfigUpdateInstallReceiver: getConfigParser: domain=satellite
09-19 14:25:56.012  1012  1174 V SatelliteController: satelliteConfigParser is not ready
09-19 14:25:56.012  1012  1174 D SatelliteController: isSatelliteAttachSupportedViaConfigupdater: return null (satelliteConfig is null)
09-19 14:25:56.012  1012  1174 D SatelliteController: getSatellitePerPlmnConfiguration: invalid subId or not supported via carrier.
09-19 14:25:56.012  1012  1174 D SatelliteController: getCarrierRoamingNtnConnectType: config: null
09-19 14:25:56.012  1012  1174 D TelephonyConfigUpdateInstallReceiver: getConfigParser: domain=satellite
09-19 14:25:56.012  1012  1174 V SatelliteController: satelliteConfigParser is not ready
09-19 14:25:56.012  1012  1174 D SatelliteController: getCarrierRoamingNtnConnectTypeViaConfigUpdater: return null (satelliteConfig is null)
09-19 14:25:56.012  1012  1174 D SatelliteController: getCarrierRoamingNtnConnectType: Falling back to global carrier config connect type: 0
09-19 14:25:56.012  1012  1174 D TelephonyConfigUpdateInstallReceiver: getConfigParser: domain=satellite
09-19 14:25:56.012  1012  1174 V SatelliteController: satelliteConfigParser is not ready
09-19 14:25:56.012  1012  1174 D SatelliteController: isSatelliteAttachSupportedViaConfigupdater: return null (satelliteConfig is null)
09-19 14:25:56.050 20549 20549 I flutter : RN_VALIDATION_CHUNK START {"schema":1,"runner":"flutter_flame_godot","event":"sample","scenario":"fire","sample":47,"elapsed_ms":49754,"rss_bytes":557006848,"enemies":3,"burning":2,"turrets":6,"projectiles":0,"effects":0,"metrics":{"authored_terrain":true,"draw_calls":159.0,"fps":36.5018962821245,"frame_ms":27.395836979837,"max_frame_ms":92.3069999999976,"objects":171.0,"primitives":411753.0,"received_frames":4296,"renderer":"mobile","sequence":5144,"viewport":[880.0,1976.0]}}
09-19 14:25:56.050 20549 20549 I flutter : RN_VALIDATION_END
09-19 14:25:56.076   491   588 W skia    : AGTM parsing failed flags.readFromStream(s) at 159
09-19 14:25:56.076   491   588 W skia    : AGTM parsing failed flags.readFromStream(s) at 159
09-19 14:25:56.178   491   588 W skia    : AGTM parsing failed flags.readFromStream(s) at 159
09-19 14:25:56.178   491   588 W skia    : AGTM parsing failed flags.readFromStream(s) at 159
09-19 14:25:56.297   491   588 W skia    : AGTM parsing failed flags.readFromStream(s) at 159
09-19 14:25:56.297   491   588 W skia    : AGTM parsing failed flags.readFromStream(s) at 159
09-19 14:25:56.408   491   588 W skia    : AGTM parsing failed flags.readFromStream(s) at 159
09-19 14:25:56.408   491   588 W skia    : AGTM parsing failed flags.readFromStream(s) at 159
09-19 14:25:56.527   491   588 W skia    : AGTM parsing failed flags.readFromStream(s) at 159
09-19 14:25:56.527   491   588 W skia    : AGTM parsing failed flags.readFromStream(s) at 159
09-19 14:25:56.629   491   588 W skia    : AGTM parsing failed flags.readFromStream(s) at 159
09-19 14:25:56.630   491   588 W skia    : AGTM parsing failed flags.readFromStream(s) at 159
09-19 14:25:56.730   491   588 W skia    : AGTM parsing failed flags.readFromStream(s) at 159
09-19 14:25:56.730   491   588 W skia    : AGTM parsing failed flags.readFromStream(s) at 159
09-19 14:25:56.833   491   588 W skia    : AGTM parsing failed flags.readFromStream(s) at 159
09-19 14:25:56.833   491   588 W skia    : AGTM parsing failed flags.readFromStream(s) at 159
09-19 14:25:56.932   491   588 W skia    : AGTM parsing failed flags.readFromStream(s) at 159
09-19 14:25:56.933   491   588 W skia    : AGTM parsing failed flags.readFromStream(s) at 159
09-19 14:25:57.050   491   588 W skia    : AGTM parsing failed flags.readFromStream(s) at 159
09-19 14:25:57.050   491   588 W skia    : AGTM parsing failed flags.readFromStream(s) at 159
09-19 14:25:57.095 20549 20549 I flutter : RN_VALIDATION_CHUNK START {"schema":1,"runner":"flutter_flame_godot","event":"sample","scenario":"fire","sample":48,"elapsed_ms":50799,"rss_bytes":557232128,"enemies":3,"burning":2,"turrets":6,"projectiles":0,"effects":0,"metrics":{"authored_terrain":true,"draw_calls":179.0,"fps":34.9802583637124,"frame_ms":28.5875532879818,"max_frame_ms":35.678,"objects":197.0,"primitives":414685.0,"received_frames":4324,"renderer":"mobile","sequence":5175,"viewport":[880.0,1976.0]}}
09-19 14:25:57.095 20549 20549 I flutter : RN_VALIDATION_END
09-19 14:25:57.147   491   588 W skia    : AGTM parsing failed flags.readFromStream(s) at 159
09-19 14:25:57.148   491   588 W skia    : AGTM parsing failed flags.readFromStream(s) at 159
09-19 14:25:57.248   491   588 W skia    : AGTM parsing failed flags.readFromStream(s) at 159
09-19 14:25:57.248   491   588 W skia    : AGTM parsing failed flags.readFromStream(s) at 159
09-19 14:25:57.350   491   588 W skia    : AGTM parsing failed flags.readFromStream(s) at 159
09-19 14:25:57.351   491   588 W skia    : AGTM parsing failed flags.readFromStream(s) at 159
09-19 14:25:57.464   491   588 W skia    : AGTM parsing failed flags.readFromStream(s) at 159
09-19 14:25:57.464   491   588 W skia    : AGTM parsing failed flags.readFromStream(s) at 159
09-19 14:25:57.567   491   588 W skia    : AGTM parsing failed flags.readFromStream(s) at 159
09-19 14:25:57.567   491   588 W skia    : AGTM parsing failed flags.readFromStream(s) at 159
09-19 14:25:57.680   491   588 W skia    : AGTM parsing failed flags.readFromStream(s) at 159
09-19 14:25:57.680   491   588 W skia    : AGTM parsing failed flags.readFromStream(s) at 159
09-19 14:25:57.786   491   588 W skia    : AGTM parsing failed flags.readFromStream(s) at 159
09-19 14:25:57.786   491   588 W skia    : AGTM parsing failed flags.readFromStream(s) at 159
09-19 14:25:57.895   491   588 W skia    : AGTM parsing failed flags.readFromStream(s) at 159
09-19 14:25:57.895   491   588 W skia    : AGTM parsing failed flags.readFromStream(s) at 159
09-19 14:25:57.928   487   531 D AudioFlinger: mixer(0xb400006ff95ca790) throttle end: throttle time(1)
09-19 14:25:57.994   491   588 W skia    : AGTM parsing failed flags.readFromStream(s) at 159
09-19 14:25:57.994   491   588 W skia    : AGTM parsing failed flags.readFromStream(s) at 159
09-19 14:25:58.095   491   588 W skia    : AGTM parsing failed flags.readFromStream(s) at 159
09-19 14:25:58.095   491   588 W skia    : AGTM parsing failed flags.readFromStream(s) at 159
09-19 14:25:58.107   645   800 D WifiClientModeImpl[3810:wlan0]: updateLinkLayerStatsRssiSpeedFrequencyCapabilities rssi=-50 TxLinkspeed=1 freq=2447 RxLinkSpeed=2
09-19 14:25:58.107   645   800 D WifiClientModeImpl[3810:wlan0]: reported txKbps 12000 rxKbps 30000
09-19 14:25:58.107   645   800 D WifiDataStall: tx tput in kbps: 11000
09-19 14:25:58.107   645   800 D WifiDataStall: rx tput in kbps: 11000
09-19 14:25:58.107   645   800 V WifiConfigManager: Updating scan detail cache freq=2447 BSSID=00:13:10:85:fe:01 RSSI=-50 for "AndroidWifi"NONE
09-19 14:25:58.107   645   800 D WifiThroughputPredictor:  utilization (LLS) 80 isBluetoothConnected: false final utilization: 80
09-19 14:25:58.107   645   800 D WifiThroughputPredictor:  BW: 0 RSSI: -50 Nss: 1 Mode: 1 symDur: 4000 snrDb 30 bitPerTone: 4500 rate: 54 throughput: 11
09-19 14:25:58.107   645   800 D WifiThroughputPredictor:  utilization (LLS) 80 isBluetoothConnected: false final utilization: 80
09-19 14:25:58.107   645   800 D WifiThroughputPredictor:  BW: 0 RSSI: -50 Nss: 1 Mode: 1 symDur: 4000 snrDb 30 bitPerTone: 4500 rate: 54 throughput: 11
09-19 14:25:58.108   645   800 D WifiThroughputPredictor:  utilization (LLS) 80 isBluetoothConnected: false final utilization: 80
09-19 14:25:58.108   645   800 D WifiThroughputPredictor:  BW: 0 RSSI: -50 Nss: 1 Mode: 1 symDur: 4000 snrDb 30 bitPerTone: 4500 rate: 54 throughput: 11
09-19 14:25:58.108   645   800 D WifiThroughputPredictor:  utilization (LLS) 80 isBluetoothConnected: false final utilization: 80
09-19 14:25:58.108   645   800 D WifiThroughputPredictor:  BW: 0 RSSI: -50 Nss: 1 Mode: 1 symDur: 4000 snrDb 30 bitPerTone: 4500 rate: 54 throughput: 11
09-19 14:25:58.109   645   800 I HalDevMgr: bestIfaceCreationProposal is null, requestIface=STA, existingIface=[name=wlan0 type=STA]
09-19 14:25:58.109   645   800 D WifiScoreCard: BSSID update SIGNAL_POLL ID: 760286919 SSID: "AndroidWifi", BSSID: 00:13:10:85:fe:01, MAC: 02:15:b2:00:00:00, IP: /10.0.2.16, Security type: 0, Supplicant state: COMPLETED, Wi-Fi standard: legacy, RSSI: -50, Link speed: 1Mbps, Tx Link speed: 1Mbps, Max Supported Tx Link speed: 11Mbps, Calculated Tx : 0Mbps, Rx Link speed: 2Mbps, Max Supported Rx Link speed: 11Mbps, Calculated Rx : 0Mbps, Frequency: 2447MHz, Net ID: 0, Metered hint: false, score: 100, isUsable: true, CarrierMerged: false, SubscriptionId: -1, IsPrimary: 1, Trusted: true, Restricted: false, Ephemeral: false, OEM paid: false, OEM private: false, OSU AP: false, FQDN: <none>, Provider friendly name: <none>, Requesting package name: <none>"AndroidWifi"openMLO Information: , Is TID-To-Link negotiation supported by the AP: false, AP MLD Address: <none>, AP MLO Link Id: <none>, AP MLO Affiliated links: <none>, Vendor Data: <none>
09-19 14:25:58.109   645   800 D WifiScoreCard: txRate: 4 txSpeed: 1
09-19 14:25:58.109   645   800 D WifiScoreCard: network update SIGNAL_POLL "AndroidWifi" ID: 673433585 RSSI -50 txSpeed 1
09-19 14:25:58.110 20549 20549 I flutter : RN_VALIDATION_CHUNK START {"schema":1,"runner":"flutter_flame_godot","event":"sample","scenario":"fire","sample":49,"elapsed_ms":51813,"rss_bytes":558497792,"enemies":3,"burning":2,"turrets":6,"projectiles":0,"effects":0,"metrics":{"authored_terrain":true,"draw_calls":158.0,"fps":37.6121932131766,"frame_ms":26.5871228070176,"max_frame_ms":31.05,"objects":170.0,"primitives":411353.0,"received_frames":4353,"renderer":"mobile","sequence":5205,"viewport":[880.0,1976.0]}}
09-19 14:25:58.110 20549 20549 I flutter : RN_VALIDATION_END
09-19 14:25:58.110   645   800 D WifiClientModeImpl[3810:wlan0]:  ClientModeImpl$L2ConnectedState screen=on 26 0 "AndroidWifi" 00:13:10:85:fe:01 rssi=-50 f=2447 sc=100 link=1 tx=3.3, 0.0, 0.0 rx=3.3 bcn=0 [on:0 tx:0 rx:0 period:3005] from screen [on:0 period:-1205804322] score=100
09-19 14:25:58.111   645   830 I AdbWifiNetworkMonitor: Wi-Fi network available
09-19 14:25:58.111   645   830 I AdbWifiNetworkMonitor: Received the same Wi-Fi SSID. Ignoring.
09-19 14:25:58.128   645   888 I WifiService: getWifiEnabledState uid=10194 state=3
09-19 14:25:58.134   645  2005 I WifiService: getConnectionInfo uid=10222
09-19 14:25:58.136   645   806 W libbinder.IPCThreadState: Sending oneway calls to frozen process.
09-19 14:25:58.136   645   806 W libbinder.IPCThreadState: Sending oneway calls to frozen process.
09-19 14:25:58.136   645   806 W libbinder.IPCThreadState: Sending oneway calls to frozen process.
09-19 14:25:58.136   645   806 W libbinder.IPCThreadState: Sending oneway calls to frozen process.
09-19 14:25:58.136   645   806 W libbinder.IPCThreadState: Sending oneway calls to frozen process.
09-19 14:25:58.136   645   806 W libbinder.IPCThreadState: Sending oneway calls to frozen process.
09-19 14:25:58.136   645  2005 V WifiService: Clearing REDACT_FOR_LOCAL_MAC_ADDRESS for com.google.android.gms(uid=10222)
09-19 14:25:58.136   645   806 W libbinder.IPCThreadState: Sending oneway calls to frozen process.
09-19 14:25:58.137   645   806 W libbinder.IPCThreadState: Sending oneway calls to frozen process.
09-19 14:25:58.137   645   806 W libbinder.IPCThreadState: Sending oneway calls to frozen process.
09-19 14:25:58.134   806   806 I binder_alloc: 14175: pid 645 spamming oneway? 456 buffers allocated for a total size of 477744
09-19 14:25:58.134   806   806 I binder_alloc: 14175: pid 645 spamming oneway? 457 buffers allocated for a total size of 478904
09-19 14:25:58.134   806   806 I binder_alloc: 14175: pid 645 spamming oneway? 458 buffers allocated for a total size of 480048
09-19 14:25:58.143   645  2005 V WifiPermissionsUtil: checkCallersLocationPermission(com.google.android.gms): ok because uid 10222 has app-op android:fine_location
09-19 14:25:58.144   645  2005 V WifiService: Clearing REDACT_FOR_ACCESS_FINE_LOCATION for com.google.android.gms(uid=10222)
09-19 14:25:58.196   491   588 W skia    : AGTM parsing failed flags.readFromStream(s) at 159
09-19 14:25:58.196   491   588 W skia    : AGTM parsing failed flags.readFromStream(s) at 159
09-19 14:25:58.199  2432  2432 D BoundBrokerSvc: onUnbind: Intent { act=com.google.android.gms.common.telemetry.service.START dat=chimera-action:/... xflg=0x4 cmp=com.google.android.gms/.chimera.PersistentApiService }
09-19 14:25:58.296   491   588 W skia    : AGTM parsing failed flags.readFromStream(s) at 159
09-19 14:25:58.297   491   588 W skia    : AGTM parsing failed flags.readFromStream(s) at 159
09-19 14:25:58.400   491   588 W skia    : AGTM parsing failed flags.readFromStream(s) at 159
09-19 14:25:58.400   491   588 W skia    : AGTM parsing failed flags.readFromStream(s) at 159
09-19 14:25:58.511   491   588 W skia    : AGTM parsing failed flags.readFromStream(s) at 159
09-19 14:25:58.511   491   588 W skia    : AGTM parsing failed flags.readFromStream(s) at 159
09-19 14:25:58.610   491   588 W skia    : AGTM parsing failed flags.readFromStream(s) at 159
09-19 14:25:58.610   491   588 W skia    : AGTM parsing failed flags.readFromStream(s) at 159
09-19 14:25:58.714   491   588 W skia    : AGTM parsing failed flags.readFromStream(s) at 159
09-19 14:25:58.714   491   588 W skia    : AGTM parsing failed flags.readFromStream(s) at 159
09-19 14:25:58.815   491   588 W skia    : AGTM parsing failed flags.readFromStream(s) at 159
09-19 14:25:58.815   491   588 W skia    : AGTM parsing failed flags.readFromStream(s) at 159
09-19 14:25:58.918   491   588 W skia    : AGTM parsing failed flags.readFromStream(s) at 159
09-19 14:25:58.918   491   588 W skia    : AGTM parsing failed flags.readFromStream(s) at 159
09-19 14:25:59.026   491   588 W skia    : AGTM parsing failed flags.readFromStream(s) at 159
09-19 14:25:59.027   491   588 W skia    : AGTM parsing failed flags.readFromStream(s) at 159
09-19 14:25:59.129   491   588 W skia    : AGTM parsing failed flags.readFromStream(s) at 159
09-19 14:25:59.129   491   588 W skia    : AGTM parsing failed flags.readFromStream(s) at 159
09-19 14:25:59.151 20549 20549 I flutter : RN_VALIDATION_CHUNK START {"schema":1,"runner":"flutter_flame_godot","event":"sample","scenario":"fire","sample":50,"elapsed_ms":52854,"rss_bytes":556994560,"enemies":3,"burning":2,"turrets":6,"projectiles":0,"effects":0,"metrics":{"authored_terrain":true,"draw_calls":171.0,"fps":36.4643628197531,"frame_ms":27.424036036036,"max_frame_ms":36.9338888888914,"objects":191.0,"primitives":411793.0,"received_frames":4384,"renderer":"mobile","sequence":5237,"viewport":[880.0,1976.0]}}
09-19 14:25:59.151 20549 20549 I flutter : RN_VALIDATION_END
09-19 14:25:59.227   491   588 W skia    : AGTM parsing failed flags.readFromStream(s) at 159
09-19 14:25:59.227   491   588 W skia    : AGTM parsing failed flags.readFromStream(s) at 159
09-19 14:25:59.328   491   588 W skia    : AGTM parsing failed flags.readFromStream(s) at 159
09-19 14:25:59.328   491   588 W skia    : AGTM parsing failed flags.readFromStream(s) at 159
09-19 14:25:59.439   491   588 W skia    : AGTM parsing failed flags.readFromStream(s) at 159
09-19 14:25:59.439   491   588 W skia    : AGTM parsing failed flags.readFromStream(s) at 159
09-19 14:25:59.471   487   531 D AudioFlinger: mixer(0xb400006ff95ca790) throttle end: throttle time(4)
09-19 14:25:59.548   491   588 W skia    : AGTM parsing failed flags.readFromStream(s) at 159
09-19 14:25:59.548   491   588 W skia    : AGTM parsing failed flags.readFromStream(s) at 159
09-19 14:25:59.649   491   588 W skia    : AGTM parsing failed flags.readFromStream(s) at 159
09-19 14:25:59.649   491   588 W skia    : AGTM parsing failed flags.readFromStream(s) at 159
09-19 14:25:59.749   491   588 W skia    : AGTM parsing failed flags.readFromStream(s) at 159
09-19 14:25:59.749   491   588 W skia    : AGTM parsing failed flags.readFromStream(s) at 159
09-19 14:25:59.860   491   588 W skia    : AGTM parsing failed flags.readFromStream(s) at 159
09-19 14:25:59.860   491   588 W skia    : AGTM parsing failed flags.readFromStream(s) at 159
09-19 14:25:59.963   491   588 W skia    : AGTM parsing failed flags.readFromStream(s) at 159
09-19 14:25:59.963   491   588 W skia    : AGTM parsing failed flags.readFromStream(s) at 159
09-19 14:26:00.076 20549 20553 I us.godotpreview: NativeAlloc concurrent mark compact GC freed 128KB AllocSpace bytes, 4(368KB) LOS objects, 49% free, 2415KB/4831KB, paused 141us,5.485ms total 22.837ms
09-19 14:26:00.081   491   588 W skia    : AGTM parsing failed flags.readFromStream(s) at 159
09-19 14:26:00.082   491   588 W skia    : AGTM parsing failed flags.readFromStream(s) at 159
09-19 14:26:00.188 20549 20549 I flutter : RN_VALIDATION_CHUNK START {"schema":1,"runner":"flutter_flame_godot","event":"sample","scenario":"fire","sample":51,"elapsed_ms":53891,"rss_bytes":558149632,"enemies":3,"burning":2,"turrets":6,"projectiles":0,"effects":0,"metrics":{"authored_terrain":true,"draw_calls":170.0,"fps":38.0542008910537,"frame_ms":26.2783076923078,"max_frame_ms":44.5136666666667,"objects":182.0,"primitives":415853.0,"received_frames":4414,"renderer":"mobile","sequence":5267,"viewport":[880.0,1976.0]}}
09-19 14:26:00.188 20549 20549 I flutter : RN_VALIDATION_END
09-19 14:26:00.195   491   588 W skia    : AGTM parsing failed flags.readFromStream(s) at 159
09-19 14:26:00.195   491   588 W skia    : AGTM parsing failed flags.readFromStream(s) at 159
09-19 14:26:00.297   491   588 W skia    : AGTM parsing failed flags.readFromStream(s) at 159
09-19 14:26:00.297   491   588 W skia    : AGTM parsing failed flags.readFromStream(s) at 159
09-19 14:26:00.400   892   892 D wpa_supplicant: nl80211: Drv Event 64 (NL80211_CMD_NOTIFY_CQM) received for wlan0
09-19 14:26:00.400   892   892 D wpa_supplicant: nl80211: Beacon loss event
09-19 14:26:00.400   892   892 D wpa_supplicant: wlan0: Event BEACON_LOSS (53) received
09-19 14:26:00.400   892   892 I wpa_supplicant: wlan0: CTRL-EVENT-BEACON-LOSS 
09-19 14:26:00.410   491   588 W skia    : AGTM parsing failed flags.readFromStream(s) at 159
09-19 14:26:00.411   491   588 W skia    : AGTM parsing failed flags.readFromStream(s) at 159
09-19 14:26:00.512   491   588 W skia    : AGTM parsing failed flags.readFromStream(s) at 159
09-19 14:26:00.512   491   588 W skia    : AGTM parsing failed flags.readFromStream(s) at 159
09-19 14:26:00.618   491   588 W skia    : AGTM parsing failed flags.readFromStream(s) at 159
09-19 14:26:00.618   491   588 W skia    : AGTM parsing failed flags.readFromStream(s) at 159
09-19 14:26:00.728   491   588 W skia    : AGTM parsing failed flags.readFromStream(s) at 159
09-19 14:26:00.728   491   588 W skia    : AGTM parsing failed flags.readFromStream(s) at 159
09-19 14:26:00.829   491   588 W skia    : AGTM parsing failed flags.readFromStream(s) at 159
09-19 14:26:00.829   491   588 W skia    : AGTM parsing failed flags.readFromStream(s) at 159
09-19 14:26:00.930   491   588 W skia    : AGTM parsing failed flags.readFromStream(s) at 159
09-19 14:26:00.930   491   588 W skia    : AGTM parsing failed flags.readFromStream(s) at 159
09-19 14:26:01.032   491   588 W skia    : AGTM parsing failed flags.readFromStream(s) at 159
09-19 14:26:01.032   491   588 W skia    : AGTM parsing failed flags.readFromStream(s) at 159
09-19 14:26:01.113   645   800 D WifiClientModeImpl[3810:wlan0]: updateLinkLayerStatsRssiSpeedFrequencyCapabilities rssi=-50 TxLinkspeed=1 freq=2447 RxLinkSpeed=2
09-19 14:26:01.114   645   800 D WifiDataStall: tx tput in kbps: 11000
09-19 14:26:01.114   645   800 D WifiDataStall: rx tput in kbps: 11000
09-19 14:26:01.114   645   800 V WifiConfigManager: Updating scan detail cache freq=2447 BSSID=00:13:10:85:fe:01 RSSI=-50 for "AndroidWifi"NONE
09-19 14:26:01.114   645   800 D WifiThroughputPredictor:  utilization (LLS) 80 isBluetoothConnected: false final utilization: 80
09-19 14:26:01.114   645   800 D WifiThroughputPredictor:  BW: 0 RSSI: -50 Nss: 1 Mode: 1 symDur: 4000 snrDb 30 bitPerTone: 4500 rate: 54 throughput: 11
09-19 14:26:01.114   645   800 D WifiThroughputPredictor:  utilization (LLS) 80 isBluetoothConnected: false final utilization: 80
09-19 14:26:01.114   645   800 D WifiThroughputPredictor:  BW: 0 RSSI: -50 Nss: 1 Mode: 1 symDur: 4000 snrDb 30 bitPerTone: 4500 rate: 54 throughput: 11
09-19 14:26:01.115   645   800 D WifiThroughputPredictor:  utilization (LLS) 80 isBluetoothConnected: false final utilization: 80
09-19 14:26:01.116   645   800 D WifiThroughputPredictor:  BW: 0 RSSI: -50 Nss: 1 Mode: 1 symDur: 4000 snrDb 30 bitPerTone: 4500 rate: 54 throughput: 11
09-19 14:26:01.116   645   800 D WifiThroughputPredictor:  utilization (LLS) 80 isBluetoothConnected: false final utilization: 80
09-19 14:26:01.116   645   800 D WifiThroughputPredictor:  BW: 0 RSSI: -50 Nss: 1 Mode: 1 symDur: 4000 snrDb 30 bitPerTone: 4500 rate: 54 throughput: 11
09-19 14:26:01.117   645   800 I HalDevMgr: bestIfaceCreationProposal is null, requestIface=STA, existingIface=[name=wlan0 type=STA]
09-19 14:26:01.117   645   800 D WifiScoreCard: BSSID update SIGNAL_POLL ID: 760286919 SSID: "AndroidWifi", BSSID: 00:13:10:85:fe:01, MAC: 02:15:b2:00:00:00, IP: /10.0.2.16, Security type: 0, Supplicant state: COMPLETED, Wi-Fi standard: legacy, RSSI: -50, Link speed: 1Mbps, Tx Link speed: 1Mbps, Max Supported Tx Link speed: 11Mbps, Calculated Tx : 0Mbps, Rx Link speed: 2Mbps, Max Supported Rx Link speed: 11Mbps, Calculated Rx : 0Mbps, Frequency: 2447MHz, Net ID: 0, Metered hint: false, score: 100, isUsable: true, CarrierMerged: false, SubscriptionId: -1, IsPrimary: 1, Trusted: true, Restricted: false, Ephemeral: false, OEM paid: false, OEM private: false, OSU AP: false, FQDN: <none>, Provider friendly name: <none>, Requesting package name: <none>"AndroidWifi"openMLO Information: , Is TID-To-Link negotiation supported by the AP: false, AP MLD Address: <none>, AP MLO Link Id: <none>, AP MLO Affiliated links: <none>, Vendor Data: <none>
09-19 14:26:01.118   645   800 D WifiScoreCard: txRate: 2 txSpeed: 1
09-19 14:26:01.118   645   800 D WifiScoreCard: network update SIGNAL_POLL "AndroidWifi" ID: 673433585 RSSI -50 txSpeed -1
09-19 14:26:01.118   431  4981 I netd    : setProcSysNet(4, 2, wlan0, retrans_time_ms, 750) <0.06ms>
09-19 14:26:01.118   431  4981 I netd    : setProcSysNet(4, 2, wlan0, ucast_solicit, 5) <0.03ms>
09-19 14:26:01.123   645   800 D WifiClientModeImpl[3810:wlan0]:  ClientModeImpl$L2ConnectedState screen=on 26 0 "AndroidWifi" 00:13:10:85:fe:01 rssi=-50 f=2447 sc=100 link=1 tx=1.2, 0.0, 0.0 rx=1.2 bcn=0 [on:0 tx:0 rx:0 period:3008] from screen [on:0 period:-1205801314] score=100
09-19 14:26:01.124   431  4981 I netd    : setProcSysNet(6, 2, wlan0, retrans_time_ms, 750) <5.88ms>
09-19 14:26:01.124   431   475 I netd    : setProcSysNet(6, 2, wlan0, ucast_solicit, 5) <0.26ms>
09-19 14:26:01.129   993  1141 D IpClient/wlan0: interfaceLinkStateChanged: ifindex 16 up
09-19 14:26:01.140   431   475 I netd    : setProcSysNet(4, 2, wlan0, retrans_time_ms, 750) <0.67ms>
09-19 14:26:01.140   431   475 I netd    : setProcSysNet(4, 2, wlan0, ucast_solicit, 10) <0.25ms>
09-19 14:26:01.141   431   475 I netd    : setProcSysNet(6, 2, wlan0, retrans_time_ms, 750) <0.06ms>
09-19 14:26:01.141   431   475 I netd    : setProcSysNet(6, 2, wlan0, ucast_solicit, 10) <0.02ms>
09-19 14:26:01.141   993  1141 D IpClient/wlan0: interfaceLinkStateChanged: ifindex 16 up
09-19 14:26:01.195   491   588 W skia    : AGTM parsing failed flags.readFromStream(s) at 159
09-19 14:26:01.195   491   588 W skia    : AGTM parsing failed flags.readFromStream(s) at 159
09-19 14:26:01.232 20549 20549 I flutter : RN_VALIDATION_CHUNK START {"schema":1,"runner":"flutter_flame_godot","event":"sample","scenario":"fire","sample":52,"elapsed_ms":54935,"rss_bytes":557625344,"enemies":3,"burning":2,"turrets":6,"projectiles":0,"effects":0,"metrics":{"authored_terrain":true,"draw_calls":165.0,"fps":37.9705590780791,"frame_ms":26.3361937321937,"max_frame_ms":34.641,"objects":179.0,"primitives":411769.0,"received_frames":4441,"renderer":"mobile","sequence":5296,"viewport":[880.0,1976.0]}}
09-19 14:26:01.232 20549 20549 I flutter : RN_VALIDATION_END
09-19 14:26:01.295   491   588 W skia    : AGTM parsing failed flags.readFromStream(s) at 159
09-19 14:26:01.295   491   588 W skia    : AGTM parsing failed flags.readFromStream(s) at 159
09-19 14:26:01.394   491   588 W skia    : AGTM parsing failed flags.readFromStream(s) at 159
09-19 14:26:01.394   491   588 W skia    : AGTM parsing failed flags.readFromStream(s) at 159
09-19 14:26:01.514   491   588 W skia    : AGTM parsing failed flags.readFromStream(s) at 159
09-19 14:26:01.514   491   588 W skia    : AGTM parsing failed flags.readFromStream(s) at 159
09-19 14:26:01.617   491   588 W skia    : AGTM parsing failed flags.readFromStream(s) at 159
09-19 14:26:01.618   491   588 W skia    : AGTM parsing failed flags.readFromStream(s) at 159
09-19 14:26:01.719   491   588 W skia    : AGTM parsing failed flags.readFromStream(s) at 159
09-19 14:26:01.719   491   588 W skia    : AGTM parsing failed flags.readFromStream(s) at 159
09-19 14:26:01.827   491   588 W skia    : AGTM parsing failed flags.readFromStream(s) at 159
09-19 14:26:01.827   491   588 W skia    : AGTM parsing failed flags.readFromStream(s) at 159
09-19 14:26:01.928   491   588 W skia    : AGTM parsing failed flags.readFromStream(s) at 159
09-19 14:26:01.928   491   588 W skia    : AGTM parsing failed flags.readFromStream(s) at 159
09-19 14:26:02.029   491   588 W skia    : AGTM parsing failed flags.readFromStream(s) at 159
09-19 14:26:02.029   491   588 W skia    : AGTM parsing failed flags.readFromStream(s) at 159
09-19 14:26:02.098   487   531 D AudioFlinger: mixer(0xb400006ff95ca790) throttle end: throttle time(2)
09-19 14:26:02.130   491   588 W skia    : AGTM parsing failed flags.readFromStream(s) at 159
09-19 14:26:02.130   491   588 W skia    : AGTM parsing failed flags.readFromStream(s) at 159
09-19 14:26:02.244   491   588 W skia    : AGTM parsing failed flags.readFromStream(s) at 159
09-19 14:26:02.244   491   588 W skia    : AGTM parsing failed flags.readFromStream(s) at 159
09-19 14:26:02.295 20549 20549 I flutter : RN_VALIDATION_CHUNK START {"schema":1,"runner":"flutter_flame_godot","event":"sample","scenario":"fire","sample":53,"elapsed_ms":55999,"rss_bytes":557502464,"enemies":3,"burning":2,"turrets":6,"projectiles":0,"effects":0,"metrics":{"authored_terrain":true,"draw_calls":183.0,"fps":35.9019933800174,"frame_ms":27.8536066066066,"max_frame_ms":49.6233333333333,"objects":252.0,"primitives":414733.0,"received_frames":4468,"renderer":"mobile","sequence":5328,"viewport":[880.0,1976.0]}}
09-19 14:26:02.295 20549 20549 I flutter : RN_VALIDATION_END
09-19 14:26:02.347   491   588 W skia    : AGTM parsing failed flags.readFromStream(s) at 159
09-19 14:26:02.347   491   588 W skia    : AGTM parsing failed flags.readFromStream(s) at 159
09-19 14:26:02.447   491   588 W skia    : AGTM parsing failed flags.readFromStream(s) at 159
09-19 14:26:02.447   491   588 W skia    : AGTM parsing failed flags.readFromStream(s) at 159
09-19 14:26:02.548   491   588 W skia    : AGTM parsing failed flags.readFromStream(s) at 159
09-19 14:26:02.548   491   588 W skia    : AGTM parsing failed flags.readFromStream(s) at 159
09-19 14:26:02.651   491   588 W skia    : AGTM parsing failed flags.readFromStream(s) at 159
09-19 14:26:02.651   491   588 W skia    : AGTM parsing failed flags.readFromStream(s) at 159
09-19 14:26:02.781   491   588 W skia    : AGTM parsing failed flags.readFromStream(s) at 159
09-19 14:26:02.781   491   588 W skia    : AGTM parsing failed flags.readFromStream(s) at 159
09-19 14:26:02.880   491   588 W skia    : AGTM parsing failed flags.readFromStream(s) at 159
09-19 14:26:02.880   491   588 W skia    : AGTM parsing failed flags.readFromStream(s) at 159
09-19 14:26:02.964   487   531 D AF::Track: interceptBuffer: took 860us to intercept 0 tracks
09-19 14:26:02.980   491   588 W skia    : AGTM parsing failed flags.readFromStream(s) at 159
09-19 14:26:02.981   491   588 W skia    : AGTM parsing failed flags.readFromStream(s) at 159
09-19 14:26:03.081   491   588 W skia    : AGTM parsing failed flags.readFromStream(s) at 159
09-19 14:26:03.081   491   588 W skia    : AGTM parsing failed flags.readFromStream(s) at 159
09-19 14:26:03.156   645   740 D ActivityManager: freezing 1651 com.google.android.gms
09-19 14:26:03.182   491   588 W skia    : AGTM parsing failed flags.readFromStream(s) at 159
09-19 14:26:03.182   491   588 W skia    : AGTM parsing failed flags.readFromStream(s) at 159
09-19 14:26:03.282   491   588 W skia    : AGTM parsing failed flags.readFromStream(s) at 159
09-19 14:26:03.282   491   588 W skia    : AGTM parsing failed flags.readFromStream(s) at 159
09-19 14:26:03.299 20549 20549 I flutter : RN_VALIDATION_CHUNK START {"schema":1,"runner":"flutter_flame_godot","event":"sample","scenario":"fire","sample":54,"elapsed_ms":57002,"rss_bytes":558260224,"enemies":3,"burning":2,"turrets":6,"projectiles":0,"effects":0,"metrics":{"authored_terrain":true,"draw_calls":162.0,"fps":30.1631241212558,"frame_ms":33.153064516129,"max_frame_ms":55.6460000000025,"objects":174.0,"primitives":411061.0,"received_frames":4495,"renderer":"mobile","sequence":5360,"viewport":[880.0,1976.0]}}
09-19 14:26:03.299 20549 20549 I flutter : RN_VALIDATION_END
09-19 14:26:03.383   491   588 W skia    : AGTM parsing failed flags.readFromStream(s) at 159
09-19 14:26:03.384   491   588 W skia    : AGTM parsing failed flags.readFromStream(s) at 159
09-19 14:26:03.494   491   588 W skia    : AGTM parsing failed flags.readFromStream(s) at 159
09-19 14:26:03.494   491   588 W skia    : AGTM parsing failed flags.readFromStream(s) at 159
09-19 14:26:03.609   491   588 W skia    : AGTM parsing failed flags.readFromStream(s) at 159
09-19 14:26:03.609   491   588 W skia    : AGTM parsing failed flags.readFromStream(s) at 159
09-19 14:26:03.644   487   531 D AudioFlinger: mixer(0xb400006ff95ca790) throttle end: throttle time(5)
09-19 14:26:03.713   491   588 W skia    : AGTM parsing failed flags.readFromStream(s) at 159
09-19 14:26:03.713   491   588 W skia    : AGTM parsing failed flags.readFromStream(s) at 159
09-19 14:26:03.825   491   588 W skia    : AGTM parsing failed flags.readFromStream(s) at 159
09-19 14:26:03.826   491   588 W skia    : AGTM parsing failed flags.readFromStream(s) at 159
09-19 14:26:03.931   491   588 W skia    : AGTM parsing failed flags.readFromStream(s) at 159
09-19 14:26:03.931   491   588 W skia    : AGTM parsing failed flags.readFromStream(s) at 159
09-19 14:26:04.031   491   588 W skia    : AGTM parsing failed flags.readFromStream(s) at 159
09-19 14:26:04.031   491   588 W skia    : AGTM parsing failed flags.readFromStream(s) at 159
09-19 14:26:04.121   645   800 D WifiClientModeImpl[3810:wlan0]: updateLinkLayerStatsRssiSpeedFrequencyCapabilities rssi=-50 TxLinkspeed=1 freq=2447 RxLinkSpeed=2
09-19 14:26:04.123   645   800 D WifiDataStall: tx tput in kbps: 11000
09-19 14:26:04.123   645   800 D WifiDataStall: rx tput in kbps: 11000
09-19 14:26:04.123   645   800 V WifiConfigManager: Updating scan detail cache freq=2447 BSSID=00:13:10:85:fe:01 RSSI=-50 for "AndroidWifi"NONE
09-19 14:26:04.124   645   800 D WifiThroughputPredictor:  utilization (LLS) 80 isBluetoothConnected: false final utilization: 80
09-19 14:26:04.124   645   800 D WifiThroughputPredictor:  BW: 0 RSSI: -50 Nss: 1 Mode: 1 symDur: 4000 snrDb 30 bitPerTone: 4500 rate: 54 throughput: 11
09-19 14:26:04.124   645   800 D WifiThroughputPredictor:  utilization (LLS) 80 isBluetoothConnected: false final utilization: 80
09-19 14:26:04.124   645   800 D WifiThroughputPredictor:  BW: 0 RSSI: -50 Nss: 1 Mode: 1 symDur: 4000 snrDb 30 bitPerTone: 4500 rate: 54 throughput: 11
09-19 14:26:04.124   645   800 D WifiThroughputPredictor:  utilization (LLS) 80 isBluetoothConnected: false final utilization: 80
09-19 14:26:04.124   645   800 D WifiThroughputPredictor:  BW: 0 RSSI: -50 Nss: 1 Mode: 1 symDur: 4000 snrDb 30 bitPerTone: 4500 rate: 54 throughput: 11
09-19 14:26:04.124   645   800 D WifiThroughputPredictor:  utilization (LLS) 80 isBluetoothConnected: false final utilization: 80
09-19 14:26:04.124   645   800 D WifiThroughputPredictor:  BW: 0 RSSI: -50 Nss: 1 Mode: 1 symDur: 4000 snrDb 30 bitPerTone: 4500 rate: 54 throughput: 11
09-19 14:26:04.130   491   588 W skia    : AGTM parsing failed flags.readFromStream(s) at 159
09-19 14:26:04.130   491   588 W skia    : AGTM parsing failed flags.readFromStream(s) at 159
09-19 14:26:04.135   645   800 I HalDevMgr: bestIfaceCreationProposal is null, requestIface=STA, existingIface=[name=wlan0 type=STA]
09-19 14:26:04.135   645   800 D WifiScoreCard: BSSID update SIGNAL_POLL ID: 760286919 SSID: "AndroidWifi", BSSID: 00:13:10:85:fe:01, MAC: 02:15:b2:00:00:00, IP: /10.0.2.16, Security type: 0, Supplicant state: COMPLETED, Wi-Fi standard: legacy, RSSI: -50, Link speed: 1Mbps, Tx Link speed: 1Mbps, Max Supported Tx Link speed: 11Mbps, Calculated Tx : 0Mbps, Rx Link speed: 2Mbps, Max Supported Rx Link speed: 11Mbps, Calculated Rx : 0Mbps, Frequency: 2447MHz, Net ID: 0, Metered hint: false, score: 100, isUsable: true, CarrierMerged: false, SubscriptionId: -1, IsPrimary: 1, Trusted: true, Restricted: false, Ephemeral: false, OEM paid: false, OEM private: false, OSU AP: false, FQDN: <none>, Provider friendly name: <none>, Requesting package name: <none>"AndroidWifi"openMLO Information: , Is TID-To-Link negotiation supported by the AP: false, AP MLD Address: <none>, AP MLO Link Id: <none>, AP MLO Affiliated links: <none>, Vendor Data: <none>
09-19 14:26:04.135   645   800 D WifiScoreCard: txRate: 1 txSpeed: 1
09-19 14:26:04.135   645   800 D WifiScoreCard: network update SIGNAL_POLL "AndroidWifi" ID: 673433585 RSSI -50 txSpeed -1
09-19 14:26:04.137   645   800 D WifiClientModeImpl[3810:wlan0]:  ClientModeImpl$L2ConnectedState screen=on 26 0 "AndroidWifi" 00:13:10:85:fe:01 rssi=-50 f=2447 sc=100 link=1 tx=0.6, 0.0, 0.0 rx=0.6 bcn=0 [on:0 tx:0 rx:0 period:3013] from screen [on:0 period:-1205798295] score=100
09-19 14:26:04.231   491   588 W skia    : AGTM parsing failed flags.readFromStream(s) at 159
09-19 14:26:04.231   491   588 W skia    : AGTM parsing failed flags.readFromStream(s) at 159
09-19 14:26:04.332   491   588 W skia    : AGTM parsing failed flags.readFromStream(s) at 159
09-19 14:26:04.332   491   588 W skia    : AGTM parsing failed flags.readFromStream(s) at 159
09-19 14:26:04.332 20549 20549 I flutter : RN_VALIDATION_CHUNK START {"schema":1,"runner":"flutter_flame_godot","event":"sample","scenario":"fire","sample":55,"elapsed_ms":58036,"rss_bytes":557608960,"enemies":3,"burning":2,"turrets":6,"projectiles":0,"effects":0,"metrics":{"authored_terrain":true,"draw_calls":186.0,"fps":28.9954843752006,"frame_ms":34.4881288086115,"max_frame_ms":48.5333333333333,"objects":257.0,"primitives":412999.0,"received_frames":4519,"renderer":"mobile","sequence":5391,"viewport":[880.0,1976.0]}}
09-19 14:26:04.332 20549 20549 I flutter : RN_VALIDATION_END
09-19 14:26:04.436   491   588 W skia    : AGTM parsing failed flags.readFromStream(s) at 159
09-19 14:26:04.436   491   588 W skia    : AGTM parsing failed flags.readFromStream(s) at 159
09-19 14:26:04.546   491   588 W skia    : AGTM parsing failed flags.readFromStream(s) at 159
09-19 14:26:04.546   491   588 W skia    : AGTM parsing failed flags.readFromStream(s) at 159
09-19 14:26:04.646   491   588 W skia    : AGTM parsing failed flags.readFromStream(s) at 159
09-19 14:26:04.646   491   588 W skia    : AGTM parsing failed flags.readFromStream(s) at 159
09-19 14:26:04.749   491   588 W skia    : AGTM parsing failed flags.readFromStream(s) at 159
09-19 14:26:04.749   491   588 W skia    : AGTM parsing failed flags.readFromStream(s) at 159
09-19 14:26:04.860   491   588 W skia    : AGTM parsing failed flags.readFromStream(s) at 159
09-19 14:26:04.860   491   588 W skia    : AGTM parsing failed flags.readFromStream(s) at 159
09-19 14:26:04.962   491   588 W skia    : AGTM parsing failed flags.readFromStream(s) at 159
09-19 14:26:04.962   491   588 W skia    : AGTM parsing failed flags.readFromStream(s) at 159
09-19 14:26:05.074   491   588 W skia    : AGTM parsing failed flags.readFromStream(s) at 159
09-19 14:26:05.074   491   588 W skia    : AGTM parsing failed flags.readFromStream(s) at 159
09-19 14:26:05.180   491   588 W skia    : AGTM parsing failed flags.readFromStream(s) at 159
09-19 14:26:05.180   491   588 W skia    : AGTM parsing failed flags.readFromStream(s) at 159
09-19 14:26:05.280   491   588 W skia    : AGTM parsing failed flags.readFromStream(s) at 159
09-19 14:26:05.280   491   588 W skia    : AGTM parsing failed flags.readFromStream(s) at 159
09-19 14:26:05.372 20549 20549 I flutter : RN_VALIDATION_CHUNK START {"schema":1,"runner":"flutter_flame_godot","event":"sample","scenario":"fire","sample":56,"elapsed_ms":59075,"rss_bytes":559083520,"enemies":3,"burning":2,"turrets":6,"projectiles":0,"effects":0,"metrics":{"authored_terrain":true,"draw_calls":167.0,"fps":31.8022873668989,"frame_ms":31.4442791005291,"max_frame_ms":42.5925925925926,"objects":181.0,"primitives":415211.0,"received_frames":4547,"renderer":"mobile","sequence":5422,"viewport":[880.0,1976.0]}}
09-19 14:26:05.372 20549 20549 I flutter : RN_VALIDATION_END
09-19 14:26:05.415   491   588 W skia    : AGTM parsing failed flags.readFromStream(s) at 159
09-19 14:26:05.415   491   588 W skia    : AGTM parsing failed flags.readFromStream(s) at 159
09-19 14:26:05.526   491   588 W skia    : AGTM parsing failed flags.readFromStream(s) at 159
09-19 14:26:05.526   491   588 W skia    : AGTM parsing failed flags.readFromStream(s) at 159
09-19 14:26:05.630   491   588 W skia    : AGTM parsing failed flags.readFromStream(s) at 159
09-19 14:26:05.630   491   588 W skia    : AGTM parsing failed flags.readFromStream(s) at 159
09-19 14:26:05.744   491   588 W skia    : AGTM parsing failed flags.readFromStream(s) at 159
09-19 14:26:05.744   491   588 W skia    : AGTM parsing failed flags.readFromStream(s) at 159
09-19 14:26:05.823   487   531 D AudioFlinger: mixer(0xb400006ff95ca790) throttle end: throttle time(1)
09-19 14:26:05.845   491   588 W skia    : AGTM parsing failed flags.readFromStream(s) at 159
09-19 14:26:05.845   491   588 W skia    : AGTM parsing failed flags.readFromStream(s) at 159
09-19 14:26:05.964   491   588 W skia    : AGTM parsing failed flags.readFromStream(s) at 159
09-19 14:26:05.964   491   588 W skia    : AGTM parsing failed flags.readFromStream(s) at 159
09-19 14:26:06.001  1012  1174 D SatelliteController: isInCarrierRoamingNbIotNtn: satellite is disabled
09-19 14:26:06.003  1012  1174 D SatelliteController: getCarrierRoamingNtnConnectType: Checking connect type from PLMN config for subId: 1
09-19 14:26:06.005  1012  1174 D TelephonyConfigUpdateInstallReceiver: getConfigParser: domain=satellite
09-19 14:26:06.005  1012  1174 V SatelliteController: satelliteConfigParser is not ready
09-19 14:26:06.005  1012  1174 D SatelliteController: isSatelliteAttachSupportedViaConfigupdater: return null (satelliteConfig is null)
09-19 14:26:06.007  1012  1174 D SatelliteController: getSatellitePerPlmnConfiguration: invalid subId or not supported via carrier.
09-19 14:26:06.009  1012  1174 D SatelliteController: getCarrierRoamingNtnConnectType: config: null
09-19 14:26:06.012  1012  1174 D TelephonyConfigUpdateInstallReceiver: getConfigParser: domain=satellite
09-19 14:26:06.012  1012  1174 V SatelliteController: satelliteConfigParser is not ready
09-19 14:26:06.012  1012  1174 D SatelliteController: getCarrierRoamingNtnConnectTypeViaConfigUpdater: return null (satelliteConfig is null)
09-19 14:26:06.013  1012  1174 D SatelliteController: getCarrierRoamingNtnConnectType: Falling back to global carrier config connect type: 0
09-19 14:26:06.013  1012  1174 D TelephonyConfigUpdateInstallReceiver: getConfigParser: domain=satellite
09-19 14:26:06.014  1012  1174 V SatelliteController: satelliteConfigParser is not ready
09-19 14:26:06.014  1012  1174 D SatelliteController: isSatelliteAttachSupportedViaConfigupdater: return null (satelliteConfig is null)
09-19 14:26:06.015  1012  1174 D SatelliteController: getCarrierRoamingNtnConnectType: Checking connect type from PLMN config for subId: 1
09-19 14:26:06.015  1012  1174 D TelephonyConfigUpdateInstallReceiver: getConfigParser: domain=satellite
09-19 14:26:06.016  1012  1174 V SatelliteController: satelliteConfigParser is not ready
09-19 14:26:06.016  1012  1174 D SatelliteController: isSatelliteAttachSupportedViaConfigupdater: return null (satelliteConfig is null)
09-19 14:26:06.016  1012  1174 D SatelliteController: getSatellitePerPlmnConfiguration: invalid subId or not supported via carrier.
09-19 14:26:06.018  1012  1174 D SatelliteController: getCarrierRoamingNtnConnectType: config: null
09-19 14:26:06.018  1012  1174 D TelephonyConfigUpdateInstallReceiver: getConfigParser: domain=satellite
09-19 14:26:06.018  1012  1174 V SatelliteController: satelliteConfigParser is not ready
09-19 14:26:06.018  1012  1174 D SatelliteController: getCarrierRoamingNtnConnectTypeViaConfigUpdater: return null (satelliteConfig is null)
09-19 14:26:06.019  1012  1174 D SatelliteController: getCarrierRoamingNtnConnectType: Falling back to global carrier config connect type: 0
09-19 14:26:06.020  1012  1174 D TelephonyConfigUpdateInstallReceiver: getConfigParser: domain=satellite
09-19 14:26:06.021  1012  1174 V SatelliteController: satelliteConfigParser is not ready
09-19 14:26:06.021  1012  1174 D SatelliteController: isSatelliteAttachSupportedViaConfigupdater: return null (satelliteConfig is null)
09-19 14:26:06.065   491   588 W skia    : AGTM parsing failed flags.readFromStream(s) at 159
09-19 14:26:06.065   491   588 W skia    : AGTM parsing failed flags.readFromStream(s) at 159
09-19 14:26:06.167   491   588 W skia    : AGTM parsing failed flags.readFromStream(s) at 159
09-19 14:26:06.167   491   588 W skia    : AGTM parsing failed flags.readFromStream(s) at 159
09-19 14:26:06.281   491   588 W skia    : AGTM parsing failed flags.readFromStream(s) at 159
09-19 14:26:06.281   491   588 W skia    : AGTM parsing failed flags.readFromStream(s) at 159
09-19 14:26:06.396   491   588 W skia    : AGTM parsing failed flags.readFromStream(s) at 159
09-19 14:26:06.396   491   588 W skia    : AGTM parsing failed flags.readFromStream(s) at 159
09-19 14:26:06.449 20549 20549 I flutter : RN_VALIDATION_CHUNK START {"schema":1,"runner":"flutter_flame_godot","event":"sample","scenario":"fire","sample":57,"elapsed_ms":60153,"rss_bytes":557248512,"enemies":3,"burning":2,"turrets":6,"projectiles":0,"effects":0,"metrics":{"authored_terrain":true,"draw_calls":167.0,"fps":36.0507204406285,"frame_ms":27.7386966966968,"max_frame_ms":36.355,"objects":183.0,"primitives":411477.0,"received_frames":4579,"renderer":"mobile","sequence":5455,"viewport":[880.0,1976.0]}}
09-19 14:26:06.449 20549 20549 I flutter : RN_VALIDATION_END
09-19 14:26:06.500   491   588 W skia    : AGTM parsing failed flags.readFromStream(s) at 159
09-19 14:26:06.501   491   588 W skia    : AGTM parsing failed flags.readFromStream(s) at 159
09-19 14:26:06.604   491   588 W skia    : AGTM parsing failed flags.readFromStream(s) at 159
09-19 14:26:06.604   491   588 W skia    : AGTM parsing failed flags.readFromStream(s) at 159
09-19 14:26:06.702   491   588 W skia    : AGTM parsing failed flags.readFromStream(s) at 159
09-19 14:26:06.702   491   588 W skia    : AGTM parsing failed flags.readFromStream(s) at 159
09-19 14:26:06.805   491   588 W skia    : AGTM parsing failed flags.readFromStream(s) at 159
09-19 14:26:06.805   491   588 W skia    : AGTM parsing failed flags.readFromStream(s) at 159
09-19 14:26:06.916   491   588 W skia    : AGTM parsing failed flags.readFromStream(s) at 159
09-19 14:26:06.916   491   588 W skia    : AGTM parsing failed flags.readFromStream(s) at 159
09-19 14:26:07.017   491   588 W skia    : AGTM parsing failed flags.readFromStream(s) at 159
09-19 14:26:07.018   491   588 W skia    : AGTM parsing failed flags.readFromStream(s) at 159
09-19 14:26:07.117   491   588 W skia    : AGTM parsing failed flags.readFromStream(s) at 159
09-19 14:26:07.117   491   588 W skia    : AGTM parsing failed flags.readFromStream(s) at 159
09-19 14:26:07.144   645   800 D WifiClientModeImpl[3810:wlan0]: updateLinkLayerStatsRssiSpeedFrequencyCapabilities rssi=-50 TxLinkspeed=1 freq=2447 RxLinkSpeed=2
09-19 14:26:07.146   645   800 D WifiDataStall: tx tput in kbps: 11000
09-19 14:26:07.146   645   800 D WifiDataStall: rx tput in kbps: 11000
09-19 14:26:07.147   645   800 V WifiConfigManager: Updating scan detail cache freq=2447 BSSID=00:13:10:85:fe:01 RSSI=-50 for "AndroidWifi"NONE
09-19 14:26:07.147   645   800 D WifiThroughputPredictor:  utilization (LLS) 80 isBluetoothConnected: false final utilization: 80
09-19 14:26:07.147   645   800 D WifiThroughputPredictor:  BW: 0 RSSI: -50 Nss: 1 Mode: 1 symDur: 4000 snrDb 30 bitPerTone: 4500 rate: 54 throughput: 11
09-19 14:26:07.147   645   800 D WifiThroughputPredictor:  utilization (LLS) 80 isBluetoothConnected: false final utilization: 80
09-19 14:26:07.147   645   800 D WifiThroughputPredictor:  BW: 0 RSSI: -50 Nss: 1 Mode: 1 symDur: 4000 snrDb 30 bitPerTone: 4500 rate: 54 throughput: 11
09-19 14:26:07.151   645   800 D WifiThroughputPredictor:  utilization (LLS) 80 isBluetoothConnected: false final utilization: 80
09-19 14:26:07.151   645   800 D WifiThroughputPredictor:  BW: 0 RSSI: -50 Nss: 1 Mode: 1 symDur: 4000 snrDb 30 bitPerTone: 4500 rate: 54 throughput: 11
09-19 14:26:07.151   645   800 D WifiThroughputPredictor:  utilization (LLS) 80 isBluetoothConnected: false final utilization: 80
09-19 14:26:07.151   645   800 D WifiThroughputPredictor:  BW: 0 RSSI: -50 Nss: 1 Mode: 1 symDur: 4000 snrDb 30 bitPerTone: 4500 rate: 54 throughput: 11
09-19 14:26:07.154   645   800 I HalDevMgr: bestIfaceCreationProposal is null, requestIface=STA, existingIface=[name=wlan0 type=STA]
09-19 14:26:07.156   645   800 D WifiScoreCard: BSSID update SIGNAL_POLL ID: 760286919 SSID: "AndroidWifi", BSSID: 00:13:10:85:fe:01, MAC: 02:15:b2:00:00:00, IP: /10.0.2.16, Security type: 0, Supplicant state: COMPLETED, Wi-Fi standard: legacy, RSSI: -50, Link speed: 1Mbps, Tx Link speed: 1Mbps, Max Supported Tx Link speed: 11Mbps, Calculated Tx : 0Mbps, Rx Link speed: 2Mbps, Max Supported Rx Link speed: 11Mbps, Calculated Rx : 0Mbps, Frequency: 2447MHz, Net ID: 0, Metered hint: false, score: 100, isUsable: true, CarrierMerged: false, SubscriptionId: -1, IsPrimary: 1, Trusted: true, Restricted: false, Ephemeral: false, OEM paid: false, OEM private: false, OSU AP: false, FQDN: <none>, Provider friendly name: <none>, Requesting package name: <none>"AndroidWifi"openMLO Information: , Is TID-To-Link negotiation supported by the AP: false, AP MLD Address: <none>, AP MLO Link Id: <none>, AP MLO Affiliated links: <none>, Vendor Data: <none>
09-19 14:26:07.156   645   800 D WifiScoreCard: txRate: 1 txSpeed: 1
09-19 14:26:07.156   645   800 D WifiScoreCard: network update SIGNAL_POLL "AndroidWifi" ID: 673433585 RSSI -50 txSpeed -1
09-19 14:26:07.157   645   800 D WifiClientModeImpl[3810:wlan0]:  ClientModeImpl$L2ConnectedState screen=on 26 0 "AndroidWifi" 00:13:10:85:fe:01 rssi=-50 f=2447 sc=100 link=1 tx=0.2, 0.0, 0.0 rx=0.2 bcn=0 [on:0 tx:0 rx:0 period:3017] from screen [on:0 period:-1205795276] score=100
09-19 14:26:07.161   431   475 I netd    : setProcSysNet(4, 2, wlan0, retrans_time_ms, 750) <0.12ms>
09-19 14:26:07.162   431   475 I netd    : setProcSysNet(4, 2, wlan0, ucast_solicit, 5) <0.06ms>
09-19 14:26:07.164   431  4981 I netd    : setProcSysNet(6, 2, wlan0, retrans_time_ms, 750) <0.10ms>
09-19 14:26:07.164   431  4981 I netd    : setProcSysNet(6, 2, wlan0, ucast_solicit, 5) <0.03ms>
09-19 14:26:07.167   993  1141 D IpClient/wlan0: interfaceLinkStateChanged: ifindex 16 up
09-19 14:26:07.180 20549 20553 I us.godotpreview: NativeAlloc concurrent mark compact GC freed 129KB AllocSpace bytes, 4(416KB) LOS objects, 49% free, 2263KB/4526KB, paused 157us,7.268ms total 28.394ms
09-19 14:26:07.184   431  4981 I netd    : setProcSysNet(4, 2, wlan0, retrans_time_ms, 750) <0.21ms>
09-19 14:26:07.184   431  4981 I netd    : setProcSysNet(4, 2, wlan0, ucast_solicit, 10) <0.05ms>
09-19 14:26:07.184   431   475 I netd    : setProcSysNet(6, 2, wlan0, retrans_time_ms, 750) <0.07ms>
09-19 14:26:07.184   431  4981 I netd    : setProcSysNet(6, 2, wlan0, ucast_solicit, 10) <0.02ms>
09-19 14:26:07.185   993  1141 D IpClient/wlan0: interfaceLinkStateChanged: ifindex 16 up
09-19 14:26:07.216   491   588 W skia    : AGTM parsing failed flags.readFromStream(s) at 159
09-19 14:26:07.216   491   588 W skia    : AGTM parsing failed flags.readFromStream(s) at 159
09-19 14:26:07.327   491   588 W skia    : AGTM parsing failed flags.readFromStream(s) at 159
09-19 14:26:07.327   491   588 W skia    : AGTM parsing failed flags.readFromStream(s) at 159
09-19 14:26:07.433   491   588 W skia    : AGTM parsing failed flags.readFromStream(s) at 159
09-19 14:26:07.434   491   588 W skia    : AGTM parsing failed flags.readFromStream(s) at 159
09-19 14:26:07.511 20549 20549 I flutter : RN_VALIDATION_CHUNK START {"schema":1,"runner":"flutter_flame_godot","event":"sample","scenario":"fire","sample":58,"elapsed_ms":61215,"rss_bytes":557506560,"enemies":3,"burning":2,"turrets":6,"projectiles":0,"effects":0,"metrics":{"authored_terrain":true,"draw_calls":168.0,"fps":30.9649511158869,"frame_ms":32.2945770609319,"max_frame_ms":81.1283333333333,"objects":186.0,"primitives":413427.0,"received_frames":4603,"renderer":"mobile","sequence":5479,"viewport":[880.0,1976.0]}}
09-19 14:26:07.512 20549 20549 I flutter : RN_VALIDATION_END
09-19 14:26:07.535   491   588 W skia    : AGTM parsing failed flags.readFromStream(s) at 159
09-19 14:26:07.535   491   588 W skia    : AGTM parsing failed flags.readFromStream(s) at 159
09-19 14:26:07.643   491   588 W skia    : AGTM parsing failed flags.readFromStream(s) at 159
09-19 14:26:07.644   491   588 W skia    : AGTM parsing failed flags.readFromStream(s) at 159
09-19 14:26:07.745   491   588 W skia    : AGTM parsing failed flags.readFromStream(s) at 159
09-19 14:26:07.745   491   588 W skia    : AGTM parsing failed flags.readFromStream(s) at 159
09-19 14:26:07.845   491   588 W skia    : AGTM parsing failed flags.readFromStream(s) at 159
09-19 14:26:07.846   491   588 W skia    : AGTM parsing failed flags.readFromStream(s) at 159
09-19 14:26:07.945   491   588 W skia    : AGTM parsing failed flags.readFromStream(s) at 159
09-19 14:26:07.946   491   588 W skia    : AGTM parsing failed flags.readFromStream(s) at 159
09-19 14:26:08.046   491   588 W skia    : AGTM parsing failed flags.readFromStream(s) at 159
09-19 14:26:08.046   491   588 W skia    : AGTM parsing failed flags.readFromStream(s) at 159
09-19 14:26:08.147   491   588 W skia    : AGTM parsing failed flags.readFromStream(s) at 159
09-19 14:26:08.147   491   588 W skia    : AGTM parsing failed flags.readFromStream(s) at 159
09-19 14:26:08.179   487   531 D AudioFlinger: mixer(0xb400006ff95ca790) throttle end: throttle time(2)
09-19 14:26:08.247   491   588 W skia    : AGTM parsing failed flags.readFromStream(s) at 159
09-19 14:26:08.248   491   588 W skia    : AGTM parsing failed flags.readFromStream(s) at 159
09-19 14:26:08.330   892   892 D wpa_supplicant: nl80211: Drv Event 64 (NL80211_CMD_NOTIFY_CQM) received for wlan0
09-19 14:26:08.330   892   892 D wpa_supplicant: nl80211: Beacon loss event
09-19 14:26:08.331   892   892 D wpa_supplicant: wlan0: Event BEACON_LOSS (53) received
09-19 14:26:08.331   892   892 I wpa_supplicant: wlan0: CTRL-EVENT-BEACON-LOSS 
09-19 14:26:08.349   491   588 W skia    : AGTM parsing failed flags.readFromStream(s) at 159
09-19 14:26:08.349   491   588 W skia    : AGTM parsing failed flags.readFromStream(s) at 159
09-19 14:26:08.464   491   588 W skia    : AGTM parsing failed flags.readFromStream(s) at 159
09-19 14:26:08.464   491   588 W skia    : AGTM parsing failed flags.readFromStream(s) at 159
09-19 14:26:08.550 20549 20549 I flutter : RN_VALIDATION_CHUNK START {"schema":1,"runner":"flutter_flame_godot","event":"sample","scenario":"fire","sample":59,"elapsed_ms":62254,"rss_bytes":558510080,"enemies":3,"burning":2,"turrets":6,"projectiles":0,"effects":0,"metrics":{"authored_terrain":true,"draw_calls":164.0,"fps":30.1861021887196,"frame_ms":33.1278279569893,"max_frame_ms":49.275,"objects":178.0,"primitives":411369.0,"received_frames":4627,"renderer":"mobile","sequence":5504,"viewport":[880.0,1976.0]}}
09-19 14:26:08.551 20549 20549 I flutter : RN_VALIDATION_END
09-19 14:26:08.561 20549 20549 I flutter : RN_VALIDATION_CHUNK START {"schema":1,"runner":"flutter_flame_godot","event":"end","scenario":"fire","enemies":3,"burning":2,"turrets":6,"projectiles":0,"effects":0,"elapsed_ms":62254,"flutter_update_fps":31.467857487069104,"game_update_us":{"samples":1959,"mean":437.7080142930066,"p50":305,"p95":1112,"p99":2734,"max":6187,"over_16_667_ms_ratio":0.0,"over_33_334_ms_ratio":0.0},"flutter_update_gap_us":{"samples":1958,"mean":31761.974974463737,"p50":30933,"p95":44584,"p99":55072,"max":80483,"over_16_667_ms_ratio":0.9964249233912156,"over_33_334_ms_ratio":0.3738508682328907},"flutter_build_us":{"samples":1959,"mean":6843.459418070444,"p50":6213,"p95":12392,"p99":17277,"max":53020,"over_16_667_ms_ratio":0.012761613067891
09-19 14:26:08.561 20549 20549 I flutter : RN_VALIDATION_CHUNK CONT 782,"over_33_334_ms_ratio":0.0005104645227156713},"flutter_raster_us":{"samples":1959,"mean":17028.61102603369,"p50":16489,"p95":26276,"p99":32676,"max":48713,"over_16_667_ms_ratio":0.4869831546707504,"over_33_334_ms_ratio":0.0071465033180193975},"flutter_total_span_us":{"samples":1959,"mean":41479.35936702399,"p50":41192,"p95":60677,"p99":71596,"max":102279,"over_16_667_ms_ratio":0.9989790709545686,"over_33_334_ms_ratio":0.7687595712098009},"rss_bytes":558514176}
09-19 14:26:08.561 20549 20549 I flutter : RN_VALIDATION_END
